Date,XLE,XLF,XLK,XLV,XLI,XLU,SPY
1999-01-04,5.677112579345703,11.144688606262207,12.249007225036621,17.255306243896484,14.936266899108887,5.73792839050293,76.0832748413086
1999-01-05,5.6466898918151855,11.248708724975586,12.562195777893066,17.52557373046875,15.244622230529785,5.807240009307861,76.95284271240234
1999-01-06,5.833014011383057,11.605340957641602,12.933375358581543,17.816635131835938,15.572266578674316,5.867513179779053,78.80809783935547
1999-01-07,5.806395053863525,11.78365707397461,12.892777442932129,17.73346710205078,15.437355995178223,5.846417427062988,78.42163848876953
1999-01-08,5.833014011383057,11.857954978942871,12.944972038269043,17.951763153076172,15.552996635437012,5.8795695304870605,79.0013656616211
1999-01-11,5.72274112701416,11.679635047912598,13.072569847106934,17.99333381652832,15.408447265625,5.722860813140869,78.2476806640625
1999-01-12,5.635282039642334,11.352731704711914,12.718783378601074,17.920581817626953,15.225350379943848,5.725870609283447,76.83694458007812
1999-01-13,5.551631927490234,11.204130172729492,12.71298599243164,17.754268646240234,14.839902877807617,5.765050411224365,76.29580688476562
1999-01-14,5.445158958435059,10.921793937683105,12.538993835449219,17.608728408813477,14.772454261779785,5.668614387512207,74.96241760253906
1999-01-15,5.528811931610107,11.233847618103027,12.910174369812012,17.847797393798828,15.022990226745605,5.695739269256592,76.91423797607422
1999-01-19,5.528811931610107,11.174407005310059,13.356758117675781,18.35715675354004,14.994089126586914,5.888609409332275,77.41668701171875
1999-01-20,5.483184337615967,11.256136894226074,13.478546142578125,18.46110725402832,14.926634788513184,5.864500522613525,78.03511810302734
1999-01-21,5.528811931610107,11.055533409118652,13.130563735961914,17.816635131835938,14.801358222961426,5.843405246734619,75.96730041503906
1999-01-22,5.498392581939697,10.981237411499023,12.898569107055664,17.743865966796875,14.5122652053833,5.882580757141113,75.7933578491211
1999-01-25,5.490787506103516,11.070390701293945,13.12475872039795,17.889392852783203,14.75317096710205,5.662587642669678,76.56639862060547
1999-01-26,5.437551498413086,11.077827453613281,13.65254020690918,17.972549438476562,14.75317096710205,5.774090766906738,77.9577865600586
1999-01-27,5.338688373565674,10.936652183532715,13.362549781799316,17.79583168029785,14.868815422058105,5.686698913574219,77.04956817626953
1999-01-28,5.308269500732422,11.100111961364746,13.83232307434082,18.12846565246582,14.88808822631836,5.695739269256592,78.34429168701172
1999-01-29,5.308269500732422,11.337862968444824,14.035324096679688,18.12846565246582,14.984444618225098,5.686698913574219,78.94336700439453
1999-02-01,5.255033493041992,11.144688606262207,14.04692268371582,18.232418060302734,15.003721237182617,5.674642086029053,78.47957611083984
1999-02-02,5.262636661529541,11.025816917419434,13.809127807617188,17.962142944335938,14.88808822631836,5.599299430847168,77.99646759033203
1999-02-03,5.3843159675598145,11.107542991638184,13.907723426818848,18.3051815032959,15.032632827758789,5.629435062408447,78.78876495361328
1999-02-04,5.414738178253174,10.847496032714844,13.432147979736328,18.170045852661133,15.051900863647461,5.545055389404297,77.60994720458984
1999-02-05,5.56683874130249,10.758339881896973,13.107362747192383,17.962142944335938,15.003721237182617,5.548072338104248,76.72099304199219
1999-02-08,5.642885208129883,10.728620529174805,13.32774829864502,17.951763153076172,15.051900863647461,5.548072338104248,76.8755874633789
1999-02-09,5.536416530609131,10.580026626586914,12.80577564239502,17.62952423095703,14.849538803100586,5.572178363800049,75.15564727783203
1999-02-10,5.551631927490234,10.669182777404785,12.898569107055664,17.671096801757812,14.907353401184082,5.533004283905029,75.6388168334961
1999-02-11,5.505998611450195,11.100111961364746,13.443747520446777,18.149261474609375,15.109721183776855,5.557112693786621,77.37800598144531
1999-02-12,5.39192533493042,10.936652183532715,12.910174369812012,17.87900733947754,15.022990226745605,5.466701507568359,76.4504165649414
1999-02-16,5.353896141052246,11.100111961364746,12.852180480957031,18.045318603515625,15.100082397460938,5.566153049468994,75.98663330078125
1999-02-17,5.300663471221924,11.144688606262207,12.562195777893066,17.858213424682617,15.100082397460938,5.526972770690918,75.90934753417969
1999-02-18,5.3158745765686035,11.256136894226074,12.631786346435547,18.086891174316406,15.100082397460938,5.626424312591553,76.50840759277344
1999-02-19,5.285450458526611,11.293289184570312,12.747780799865723,18.138858795166016,15.196443557739258,5.566153049468994,76.83694458007812
1999-02-22,5.338688373565674,11.620199203491211,13.200159072875977,18.523475646972656,15.427717208862305,5.746968746185303,78.88540649414062
1999-02-23,5.293059349060059,11.768793106079102,13.37414836883545,18.492284774780273,15.418081283569336,5.566153049468994,78.84676361083984
1999-02-24,5.270240783691406,11.382442474365234,13.002975463867188,18.273996353149414,15.379532814025879,5.6173834800720215,77.45536804199219
1999-02-25,5.296862602233887,11.308144569396973,13.037766456604004,18.097288131713867,15.071182250976562,5.496838092803955,76.72099304199219
1999-02-26,5.262636661529541,11.516181945800781,12.643389701843262,18.149261474609375,15.11936092376709,5.529987812042236,76.41178131103516
1999-03-01,5.209404468536377,11.56075668334961,12.585387229919434,18.118078231811523,15.109721183776855,5.448622703552246,76.62433624267578
1999-03-02,5.1561689376831055,11.590483665466309,12.249007225036621,18.10767936706543,14.984444618225098,5.367253303527832,75.94799041748047
1999-03-03,5.270240783691406,11.479028701782227,12.45779037475586,17.99333381652832,14.897727966308594,5.37026834487915,76.35379791259766
1999-03-04,5.460367679595947,11.739069938659668,12.585387229919434,18.315576553344727,15.186806678771973,5.454648971557617,77.32009887695312
1999-03-05,5.563034534454346,12.036266326904297,12.875375747680664,18.73137092590332,15.524078369140625,5.548072338104248,78.87577819824219
1999-03-08,5.642885208129883,11.954537391662598,13.24655818939209,18.75215721130371,15.61081314086914,5.484785079956055,79.38785552978516
1999-03-09,5.58204984664917,12.051127433776855,13.107362747192383,18.606630325317383,15.687902450561523,5.469716548919678,79.19457244873047
1999-03-10,5.901455879211426,12.274018287658691,13.107362747192383,18.772947311401367,15.658990859985352,5.451633930206299,79.89031982421875
1999-03-11,5.985113143920898,12.333460807800293,13.08416748046875,18.897676467895508,15.678268432617188,5.493825435638428,80.77926635742188
1999-03-12,5.962294578552246,12.355753898620605,12.968168258666992,18.793731689453125,15.726434707641602,5.554098129272461,80.00626373291016
1999-03-15,5.916665077209473,12.39289665222168,13.176959991455078,18.85610580444336,15.687902450561523,5.569167613983154,81.14643859863281
1999-03-16,5.886246204376221,12.214585304260254,13.403149604797363,18.814529418945312,15.58189868927002,5.548072338104248,80.83724975585938
1999-03-17,6.038346767425537,12.110566139221191,13.316162109375,18.7105712890625,15.552996635437012,5.496838092803955,80.48939514160156
1999-03-18,6.11439847946167,12.39289665222168,13.50174617767334,18.970441818237305,15.591540336608887,5.578207015991211,81.78414916992188
1999-03-19,6.052419662475586,12.157614707946777,13.176959991455078,18.88728904724121,15.688406944274902,5.4753642082214355,80.39405059814453
1999-03-22,6.09058141708374,12.187408447265625,13.176959991455078,18.83531379699707,15.572339057922363,5.493563175201416,80.54903411865234
1999-03-23,5.983727931976318,11.770235061645508,12.794183731079102,18.315576553344727,15.204801559448242,5.320655345916748,78.22441101074219
1999-03-24,5.953199863433838,11.740436553955078,13.043572425842285,18.39873695373535,15.166109085083008,5.393458366394043,78.6699447631836
1999-03-25,5.968465805053711,12.008620262145996,13.350954055786133,18.7105712890625,15.330535888671875,5.375258922576904,80.27783203125
1999-03-26,6.044788360595703,11.904329299926758,13.281356811523438,18.565052032470703,15.36922836303711,5.305490970611572,79.69664764404297
1999-03-29,6.2126994132995605,12.172506332397461,13.780131340026855,18.793731689453125,15.620712280273438,5.278186798095703,81.30452728271484
1999-03-30,6.0982136726379395,12.030969619750977,13.756933212280273,18.73137092590332,15.611037254333496,5.193251609802246,80.87834167480469
1999-03-31,6.00662899017334,11.88942813873291,13.582942962646484,18.62742042541504,15.43693733215332,5.181118965148926,79.58042907714844
1999-04-01,5.998995780944824,11.91922664642334,13.797531127929688,18.62742042541504,15.601361274719238,5.290321350097656,80.18096160888672
1999-04-05,6.144008636474609,12.157614707946777,14.273113250732422,19.043209075927734,15.939887046813965,5.332789421081543,82.07942199707031
1999-04-06,6.082947254180908,12.068217277526855,14.394904136657715,19.063997268676758,15.852840423583984,5.305490970611572,81.88565826416016
1999-04-07,6.02189302444458,12.39599895477295,14.360099792480469,19.427820205688477,15.881854057312012,5.375258922576904,82.54437255859375
1999-04-08,6.082947254180908,12.619481086730957,14.49929428100586,19.625320434570312,15.96890926361084,5.51782751083374,83.59046173095703
1999-04-09,6.197433948516846,12.589685440063477,14.476096153259277,19.687685012817383,15.978584289550781,5.478396415710449,83.60984802246094
1999-04-12,6.243227481842041,12.813175201416016,14.255708694458008,20.18663215637207,16.36546516418457,5.557263374328613,84.50093841552734
1999-04-13,6.235592842102051,12.798274040222168,14.035324096679688,19.97873878479004,16.4912109375,5.46626091003418,83.95854187011719
1999-04-14,6.159273147583008,12.634385108947754,13.687335014343262,19.7916316986084,16.849082946777344,5.387389659881592,82.54437255859375
1999-04-15,6.4264068603515625,12.51518726348877,13.80333423614502,19.29268455505371,17.28433609008789,5.441992282867432,82.2343978881836
1999-04-16,6.628660202026367,12.455595970153809,13.432147979736328,19.10557746887207,17.381061553955078,5.502659797668457,81.53700256347656
1999-04-19,6.708799362182617,12.455595970153809,12.78258228302002,18.58584213256836,17.526140213012695,5.557263374328613,80.27783203125
1999-04-20,6.601948261260986,12.619481086730957,13.107362747192383,18.93925666809082,17.410085678100586,5.617930889129639,81.28517150878906
1999-04-21,6.502723693847656,12.813175201416016,13.455342292785645,19.37583351135254,17.468109130859375,5.718038082122803,83.60984802246094
1999-04-22,6.617212772369385,12.947258949279785,14.075915336608887,19.770843505859375,17.477783203125,5.699837684631348,84.40404510498047
1999-04-23,6.5332560539245605,12.90256118774414,14.104913711547852,20.217823028564453,17.613191604614258,5.696802616119385,84.19098663330078
1999-04-26,6.388241291046143,12.708879470825195,14.464499473571777,20.18663215637207,17.593849182128906,5.6664652824401855,84.67524719238281
1999-04-27,6.590499401092529,12.932361602783203,14.104913711547852,20.20741844177246,17.6809024810791,5.699837684631348,85.08206939697266
1999-04-28,6.808016300201416,12.857865333557129,13.919322967529297,19.66689682006836,17.903356552124023,5.6755690574646,83.91976165771484
1999-04-29,7.014090538024902,12.90256118774414,13.774331092834473,19.438209533691406,17.971073150634766,5.7574687004089355,83.28050231933594
1999-04-30,6.895791053771973,12.723775863647461,13.664138793945312,19.29268455505371,17.75827980041504,5.681632995605469,82.60244750976562
1999-05-03,7.067516803741455,12.872763633728027,13.780131340026855,19.66689682006836,18.106477737426758,5.766573905944824,84.11344146728516
1999-05-04,7.07514762878418,12.470492362976074,13.571340560913086,19.29268455505371,18.183849334716797,5.718038082122803,82.91242980957031
1999-05-05,6.972116470336914,12.544987678527832,13.8497314453125,19.458995819091797,18.183849334716797,5.763537406921387,83.57108306884766
1999-05-06,6.953032493591309,12.336400032043457,13.50174617767334,19.54216194152832,18.222543716430664,5.642200946807861,83.0577163696289
1999-05-07,6.995012283325195,12.574787139892578,13.733733177185059,19.47978973388672,18.57074546813965,5.711969375610352,83.68732452392578
1999-05-10,6.914873123168945,12.530084609985352,13.8497314453125,19.438209533691406,18.31928062438965,5.696802616119385,83.27079010009766
1999-05-11,6.937767505645752,12.679078102111816,14.058518409729004,19.75005340576172,18.628780364990234,5.718038082122803,84.11344146728516
1999-05-12,6.808016300201416,12.857865333557129,14.336906433105469,19.937156677246094,18.44500732421875,5.7332048416137695,84.7721176147461
1999-05-13,6.842365264892578,12.97705364227295,14.296309471130371,19.812423706054688,18.2612361907959,5.80903959274292,85.14020538330078
1999-05-14,6.792754173278809,12.574787139892578,13.919322967529297,19.458995819091797,18.02910041809082,5.699837684631348,82.9317855834961
1999-05-17,6.766042232513428,12.336400032043457,14.116509437561035,19.33425521850586,17.990407943725586,5.818140029907227,83.18360900878906
1999-05-18,6.609577655792236,12.366195678710938,14.244108200073242,19.126365661621094,17.75827980041504,5.690736293792725,83.02862548828125
1999-05-19,6.701165676116943,12.455595970153809,14.290504455566406,19.355045318603516,18.02910041809082,5.80903959274292,83.62918090820312
1999-05-20,6.7774882316589355,12.291707992553711,14.104913711547852,19.614912033081055,18.07746124267578,5.796909332275391,83.1255111694336
1999-05-21,6.884340763092041,12.261902809143066,13.942523002624512,19.396623611450195,17.86467170715332,5.742302894592285,82.66058349609375
1999-05-24,6.720247745513916,11.99372673034668,13.640938758850098,18.93925666809082,17.709917068481445,5.79994010925293,81.28517150878906
1999-05-25,6.693531513214111,11.680840492248535,13.356758117675781,18.75215721130371,17.651893615722656,5.806005954742432,79.96786499023438
1999-05-26,6.884340763092041,12.060760498046875,13.635137557983398,18.772947311401367,17.526140213012695,5.836341381072998,80.85895538330078
1999-05-27,6.678267955780029,11.770235061645508,13.536545753479004,18.565052032470703,17.235971450805664,5.736237049102783,79.69664764404297
1999-05-28,6.74696159362793,11.956469535827637,13.710541725158691,18.700185775756836,17.410085678100586,5.748371601104736,80.71366119384766
1999-06-01,6.708799362182617,11.785136222839355,13.403149604797363,18.75215721130371,17.419748306274414,5.745337963104248,80.43277740478516
1999-06-02,6.785122394561768,11.710640907287598,13.548145294189453,18.689781188964844,17.651893615722656,5.745337963104248,80.51023864746094
1999-06-03,6.808016300201416,11.70318603515625,13.455342292785645,18.83531379699707,17.835657119750977,5.690736293792725,80.95584106445312
1999-06-04,6.914873123168945,11.91922664642334,13.855528831481934,19.29268455505371,18.019433975219727,5.775672912597656,82.58306121826172
1999-06-07,6.995012283325195,12.142714500427246,14.104913711547852,19.126365661621094,18.193531036376953,5.824207782745361,82.79615783691406
1999-06-08,6.884340763092041,11.926671981811523,13.780131340026855,18.970441818237305,18.02910041809082,5.824207782745361,81.9825439453125
1999-06-09,6.89961051940918,11.896883010864258,13.988921165466309,18.98084831237793,18.048442840576172,5.869711399078369,81.90505981445312
1999-06-10,6.937767505645752,11.673384666442871,13.780131340026855,18.82491111755371,17.835657119750977,5.8211750984191895,81.1495361328125
1999-06-11,6.991196155548096,11.695735931396484,13.594536781311035,18.606630325317383,17.806638717651367,5.781737327575684,80.47151947021484
1999-06-14,7.052253246307373,11.636151313781738,13.530740737915039,18.7105712890625,18.019433975219727,5.942512035369873,80.54903411865234
1999-06-15,7.140020847320557,11.695735931396484,13.65254020690918,18.918481826782227,18.07746124267578,5.948576927185059,81.0914535522461
1999-06-16,7.067516803741455,12.001169204711914,14.21511173248291,19.29268455505371,18.328941345214844,6.0062127113342285,82.64122772216797
1999-06-17,7.07514762878418,12.232105255126953,14.371707916259766,19.3862361907959,18.474018096923828,5.95464563369751,83.41609191894531
1999-06-18,7.087976932525635,12.251107215881348,14.49929428100586,19.29268455505371,18.61378288269043,5.975912094116211,83.5124740600586
1999-06-21,6.923050880432129,12.325811386108398,14.864683151245117,19.19913673400879,18.361989974975586,5.930131435394287,83.70675659179688
1999-06-22,6.850172996520996,12.191353797912598,14.551492691040039,19.167949676513672,18.274831771850586,5.9087653160095215,83.12383270263672
1999-06-23,6.903873443603516,12.071833610534668,14.66169548034668,19.20952796936035,18.332935333251953,5.8904523849487305,82.71578979492188
1999-06-24,6.7888102531433105,11.877603530883789,14.360099792480469,18.85610580444336,18.139245986938477,5.826361179351807,82.0940170288086
1999-06-25,6.735110282897949,11.907478332519531,14.377504348754883,18.87689208984375,18.03272247314453,5.795842170715332,81.89000701904297
1999-06-28,6.6929216384887695,12.183880805969238,14.6152982711792,19.08478355407715,18.061769485473633,5.8568830490112305,82.89068603515625
1999-06-29,6.784973621368408,12.221233367919922,14.800885200500488,19.27189826965332,18.15861701965332,5.8599348068237305,83.66791534423828
1999-06-30,6.8846940994262695,12.475214004516602,15.027071952819824,19.52136993408203,18.47821807861328,5.9850664138793945,85.18351745605469
1999-07-01,6.9383931159973145,12.60968017578125,15.195269584655762,19.583738327026367,18.487897872924805,5.963702201843262,85.82469940185547
1999-07-02,6.961407661437988,12.60968017578125,15.392451286315918,19.583738327026367,18.575048446655273,5.9667558670043945,86.67964935302734
1999-07-06,7.091812610626221,12.71426010131836,15.305462837219238,19.54216194152832,18.594423294067383,5.9484405517578125,86.66019439697266
1999-07-07,7.072635650634766,12.669438362121582,15.485251426696777,19.66689682006836,18.45884895324707,6.003377437591553,86.77678680419922
1999-07-08,7.118660926818848,12.624622344970703,15.694038391113281,19.625320434570312,18.52663803100586,5.954549312591553,86.84476470947266
1999-07-09,7.114824295043945,12.63956069946289,15.862236022949219,19.708478927612305,18.54599380493164,5.954549312591553,87.35968780517578
1999-07-12,7.1877007484436035,12.534976959228516,15.885431289672852,19.75005340576172,18.38136100769043,5.930131435394287,86.97112274169922
1999-07-13,7.118660926818848,12.400520324707031,15.815839767456055,19.708478927612305,18.313562393188477,5.902661323547363,86.66019439697266
1999-07-14,7.130167484283447,12.430389404296875,16.013019561767578,19.75005340576172,18.410417556762695,5.939285755157471,87.14598846435547
1999-07-15,7.195373058319092,12.542448043823242,16.12901496887207,19.843605041503906,18.53631591796875,6.030850887298584,87.69976043701172
1999-07-16,7.1493425369262695,12.60968017578125,16.274011611938477,19.854001998901367,18.56536102294922,6.101047992706299,88.17584228515625
1999-07-19,7.122495651245117,12.520030975341797,16.076820373535156,19.770843505859375,18.584739685058594,6.043055057525635,87.59288024902344
1999-07-20,6.934560775756836,12.363162994384766,15.4098539352417,19.687685012817383,18.56536102294922,6.07052755355835,85.7955551147461
1999-07-21,7.011265277862549,12.221233367919922,15.543243408203125,19.646099090576172,18.54599380493164,6.107151031494141,85.69835662841797
1999-07-22,6.907708168029785,12.236166000366211,15.06187629699707,19.33425521850586,18.47821807861328,6.097996234893799,84.57140350341797
1999-07-23,6.942230224609375,12.10171127319336,15.102473258972168,19.167949676513672,18.38136100769043,6.058318138122559,84.40624237060547
1999-07-26,6.811819076538086,12.146522521972656,14.760290145874023,19.188732147216797,18.245777130126953,6.067471981048584,83.78447723388672
1999-07-27,6.811819076538086,12.310871124267578,15.12567138671875,19.54216194152832,18.487897872924805,6.104098320007324,84.48400115966797
1999-07-28,6.911545753479004,12.161471366882324,15.264867782592773,19.396623611450195,18.38136100769043,6.091891765594482,84.75601196289062
1999-07-29,6.869353294372559,11.982181549072266,15.009671211242676,19.063997268676758,18.013349533081055,5.991173267364502,83.57072448730469
1999-07-30,7.015104293823242,11.713254928588867,14.853083610534668,18.93925666809082,17.800296783447266,6.003377437591553,82.54094696044922
1999-08-02,6.861683368682861,11.653494834899902,14.824080467224121,18.814529418945312,17.848703384399414,6.094940662384033,82.73523712158203
1999-08-03,6.949899673461914,11.504095077514648,14.766082763671875,18.73137092590332,17.858394622802734,6.055265426635742,82.34664154052734
1999-08-04,7.045787811279297,11.354690551757812,14.586291313171387,18.46110725402832,17.722810745239258,5.963702201843262,81.2196273803711
1999-08-05,7.168522834777832,11.399515151977539,14.702284812927246,18.409133911132812,17.81966209411621,6.018639087677002,81.95800018310547
1999-08-06,7.157013416290283,11.100698471069336,14.708090782165527,18.211624145507812,17.655017852783203,5.994223117828369,81.06421661376953
1999-08-09,7.329615592956543,11.130583763122559,14.539897918701172,18.232418060302734,17.59691619873047,6.018639087677002,80.88932037353516
1999-08-10,7.287419319152832,10.936354637145996,14.296309471130371,17.86859703063965,17.432275772094727,5.9087653160095215,79.99553680419922
1999-08-11,7.333446979522705,11.145517349243164,14.754490852355957,18.045318603515625,17.74217987060547,5.878243923187256,80.96703338623047
1999-08-12,7.348791122436523,11.197813034057617,14.568888664245605,18.045318603515625,17.674392700195312,5.847724914550781,80.91848754882812
1999-08-13,7.325777053833008,11.56385612487793,15.032879829406738,18.35715675354004,17.98429298400879,5.924026012420654,82.79354095458984
1999-08-16,7.252903938293457,11.519031524658203,15.079265594482422,18.35715675354004,18.052087783813477,5.878243923187256,83.16272735595703
1999-08-17,7.30659818649292,11.937359809875488,15.148870468139648,18.58584213256836,18.30388832092285,5.9423394203186035,83.70675659179688
1999-08-18,7.252903938293457,11.810368537902832,14.974878311157227,18.7105712890625,18.129558563232422,5.905717372894287,83.10442352294922
1999-08-19,7.302763938903809,11.653494834899902,14.824080467224121,18.62742042541504,17.897130966186523,5.838568210601807,82.42434692382812
1999-08-20,7.325777053833008,11.817839622497559,14.870475769042969,18.58584213256836,18.08113670349121,5.823309421539307,83.25984954833984
1999-08-23,7.364129543304443,12.131589889526367,15.212665557861328,18.762556076049805,18.468524932861328,5.850777626037598,84.85316467285156
1999-08-24,7.318105697631836,12.161471366882324,15.450453758239746,18.5026798248291,18.47821807861328,5.835517406463623,85.16401672363281
1999-08-25,7.2835869789123535,12.064355850219727,15.775237083435059,18.87689208984375,18.681589126586914,5.917924880981445,86.03844451904297
1999-08-26,7.095649719238281,11.787956237792969,15.583846092224121,18.73137092590332,18.584739685058594,5.920973300933838,85.00862884521484
1999-08-27,7.091812610626221,11.59373950958252,15.496853828430176,18.596233367919922,18.371667861938477,5.841620922088623,83.97876739501953
1999-08-30,6.995922565460205,11.212751388549805,15.241659164428711,18.149261474609375,17.906816482543945,5.762271404266357,82.42434692382812
1999-08-31,7.091812610626221,11.197813034057617,15.375053405761719,18.086891174316406,17.9455509185791,5.716485977172852,82.11348724365234
1999-09-01,7.072635650634766,11.250105857849121,15.456259727478027,18.10767936706543,17.993980407714844,5.737852096557617,83.12383270263672
1999-09-02,6.995922565460205,11.033472061157227,15.398255348205566,17.920581817626953,17.839017868041992,5.658497333526611,82.14262390136719
1999-09-03,7.08030891418457,11.59373950958252,15.96082878112793,18.492284774780273,18.274831771850586,5.765321254730225,84.54229736328125
1999-09-07,7.2107133865356445,11.279987335205078,15.96662425994873,18.7105712890625,18.47821807861328,5.725645542144775,84.23139190673828
1999-09-08,7.233721733093262,11.20528793334961,15.85643196105957,18.62742042541504,18.53631591796875,5.6432390213012695,83.82337188720703
1999-09-09,7.394817352294922,11.070822715759277,15.995627403259277,18.5026798248291,18.400733947753906,5.664603233337402,83.78447723388672
1999-09-10,7.371798992156982,11.152993202209473,16.169620513916016,18.606630325317383,18.352312088012695,5.685965538024902,84.48400115966797
1999-09-13,7.256734848022461,11.048409461975098,15.94923210144043,18.5754451751709,18.216726303100586,5.737852096557617,83.91080474853516
1999-09-14,7.176188945770264,10.846717834472656,16.12322235107422,18.388343811035156,18.052087783813477,5.740902423858643,83.3570327758789
1999-09-15,7.072635650634766,10.794425010681152,15.786831855773926,18.211624145507812,18.08113670349121,5.747006893157959,82.03571319580078
1999-09-16,7.068795204162598,10.757072448730469,15.717246055603027,18.222023010253906,17.916500091552734,5.716485977172852,82.35633850097656
1999-09-17,7.135531902313232,10.987927436828613,16.03042221069336,18.741762161254883,18.212017059326172,5.791137218475342,83.3969497680664
1999-09-20,7.027650356292725,10.860509872436523,16.100025177001953,18.513071060180664,18.231416702270508,5.760379314422607,83.28002166748047
1999-09-21,6.796476364135742,10.688119888305664,15.769434928894043,18.180452346801758,17.99854278564453,5.6834917068481445,81.52632904052734
1999-09-22,6.804182052612305,10.680620193481445,15.798437118530273,18.138858795166016,17.94032859802246,5.791137218475342,81.43864440917969
1999-09-23,6.727123737335205,10.598173141479492,15.218461990356445,17.94136619567871,17.794788360595703,5.738855361938477,79.73375701904297
1999-09-24,6.65777587890625,10.673129081726074,15.25326156616211,17.66069793701172,17.416379928588867,5.655814170837402,79.65574645996094
1999-09-27,6.719422340393066,10.493241310119629,15.4098539352417,17.79583168029785,17.63955307006836,5.738855361938477,80.18184661865234
1999-09-28,6.611538410186768,10.478253364562988,15.479445457458496,17.62952423095703,17.42608642578125,5.674267768859863,80.02599334716797
1999-09-29,6.7001566886901855,10.403299331665039,15.195269584655762,17.681499481201172,17.523115158081055,5.748080730438232,79.07121276855469
1999-09-30,6.765657424926758,10.613163948059082,15.311258316040039,17.837417602539062,17.853004455566406,5.861871242523193,80.27930450439453
1999-10-01,6.742537975311279,10.433281898498535,15.218461990356445,17.775047302246094,17.610437393188477,5.8218913078308105,80.10392761230469
1999-10-04,6.665480613708496,10.83052921295166,15.58965015411377,18.045318603515625,17.920934677124023,5.917230129241943,81.52632904052734
1999-10-05,6.519071102142334,10.875493049621582,15.682443618774414,17.806241989135742,17.73657989501953,5.760379314422607,81.44839477539062
1999-10-06,6.634654998779297,11.062874794006348,15.873827934265137,18.253215789794922,17.98885154724121,5.846493721008301,82.69541931152344
1999-10-07,6.511363983154297,10.957942962646484,15.792628288269043,18.086891174316406,18.00825309753418,5.763457298278809,82.22782135009766
1999-10-08,6.4381561279296875,11.152816772460938,15.781037330627441,18.284393310546875,18.250823974609375,5.806511402130127,83.47488403320312
1999-10-11,6.534480094909668,11.032896995544434,15.937628746032715,18.232418060302734,18.279924392700195,5.769606590270996,83.33847045898438
1999-10-12,6.569156169891357,10.823031425476074,15.653441429138184,17.920581817626953,17.901508331298828,5.655814170837402,82.05242919921875
1999-10-13,6.611538410186768,10.500740051269531,15.241659164428711,17.52557373046875,17.396976470947266,5.7080979347229,79.9285659790039
1999-10-14,6.5884199142456055,10.485747337341309,15.154664039611816,17.46320343017578,17.22233009338379,5.745005130767822,79.90907287597656
1999-10-15,6.492101192474365,10.013554573059082,14.79508113861084,17.16175079345703,16.979759216308594,5.609681129455566,77.86311340332031
1999-10-18,6.503660678863525,10.335843086242676,14.66169548034668,17.078598022460938,16.64987564086914,5.652738571166992,78.42819213867188
1999-10-19,6.522923946380615,10.553200721740723,14.42970085144043,17.089000701904297,16.65957260131836,5.58507776260376,79.18809509277344
1999-10-20,6.65777587890625,10.740578651428223,15.009671211242676,17.504785537719727,16.80510711669922,5.594303131103516,79.96749114990234
1999-10-21,6.688601016998291,10.793052673339844,14.766082763671875,17.535961151123047,16.62076759338379,5.508191108703613,80.43516540527344
1999-10-22,6.80033540725708,11.242764472961426,14.800885200500488,17.754268646240234,17.06709861755371,5.5758514404296875,81.11714935302734
1999-10-25,6.688601016998291,11.145325660705566,14.841487884521484,17.754268646240234,17.037982940673828,5.514341831207275,80.70795440673828
1999-10-26,6.534480094909668,10.972932815551758,14.847282409667969,17.62952423095703,16.93125343322754,5.548171520233154,79.69471740722656
1999-10-27,6.5884199142456055,11.512582778930664,14.829877853393555,17.62952423095703,16.989465713500977,5.692721366882324,81.13665008544922
1999-10-28,6.619245529174805,12.329558372497559,15.212665557861328,18.388343811035156,17.377573013305664,5.90493106842041,83.90355682373047
1999-10-29,6.665480613708496,12.26210880279541,15.775237083435059,18.741762161254883,17.46490478515625,5.892625331878662,85.42344665527344
1999-11-01,6.66162633895874,12.112200736999512,15.752039909362793,18.75215721130371,17.018577575683594,5.947983264923096,84.52706146240234
1999-11-02,6.599977970123291,12.097207069396973,15.682443618774414,18.513071060180664,17.232030868530273,5.892625331878662,83.92300415039062
1999-11-03,6.565304756164551,12.0447416305542,15.914429664611816,18.596233367919922,17.1156005859375,5.824965476989746,84.48809051513672
1999-11-04,6.461278915405273,12.187150001525879,16.036226272583008,18.80412483215332,17.06709861755371,5.794213771820068,85.131103515625
1999-11-05,6.303308010101318,12.486956596374512,16.210206985473633,18.720970153808594,17.15441131591797,5.843419551849365,85.96900177001953
1999-11-08,6.5421833992004395,12.419503211975098,16.372604370117188,18.75215721130371,17.183517456054688,5.8803253173828125,86.0468978881836
1999-11-09,6.680893421173096,12.179654121398926,16.192813873291016,18.62742042541504,17.193212509155273,5.794213771820068,85.23829650878906
1999-11-10,6.827301502227783,11.992270469665527,16.47699546813965,18.741762161254883,17.125303268432617,5.818814754486084,85.87154388427734
1999-11-11,6.827301502227783,11.924826622009277,16.703189849853516,18.960052490234375,17.193212509155273,5.8003621101379395,86.35868072509766
1999-11-12,6.873533725738525,12.441987991333008,16.795991897583008,19.33425521850586,17.309659957885742,5.818814754486084,87.13811492919922
1999-11-15,6.912064075469971,12.434494972229004,16.72059440612793,19.41742706298828,17.406675338745117,5.791137218475342,87.34268951416016
1999-11-16,7.027650356292725,12.771773338317871,17.074365615844727,19.66689682006836,17.81419563293457,5.778833389282227,88.07340240478516
1999-11-17,7.15094518661499,12.50195026397705,16.9119815826416,19.469390869140625,17.930627822875977,5.8218913078308105,88.30720520019531
1999-11-18,7.15094518661499,12.464471817016602,17.486146926879883,19.59413719177246,17.98885154724121,5.778833389282227,88.93074798583984
1999-11-19,6.989124298095703,12.277088165283203,17.648542404174805,19.50058364868164,17.775379180908203,5.7819108963012695,88.85281372070312
1999-11-22,6.877388954162598,12.232123374938965,17.758745193481445,19.29268455505371,17.697765350341797,5.717324733734131,88.83338928222656
1999-11-23,6.734834671020508,12.03724479675293,17.60215187072754,18.970441818237305,17.523115158081055,5.658888339996338,88.05386352539062
1999-11-24,6.819593906402588,11.8948392868042,17.874731063842773,19.24070930480957,17.532825469970703,5.628135681152344,88.52161407470703
1999-11-26,6.719422340393066,11.812392234802246,18.013935089111328,19.08478355407715,17.445491790771484,5.692721366882324,88.19035339355469
1999-11-29,6.665480613708496,11.527578353881836,17.857324600219727,18.970441818237305,17.15441131591797,5.628135681152344,87.87850189208984
1999-11-30,6.6539201736450195,11.72244930267334,17.323762893676758,18.960052490234375,17.076786041259766,5.698870658874512,86.8458251953125
1999-12-01,6.7849202156066895,11.632512092590332,17.491947174072266,18.918481826782227,17.212629318237305,5.726551532745361,87.54730224609375
1999-12-02,6.719422340393066,11.684972763061523,17.909534454345703,19.08478355407715,17.173809051513672,5.692721366882324,88.07340240478516
1999-12-03,6.688601016998291,11.962297439575195,18.419904708862305,19.458995819091797,17.4552001953125,5.80343770980835,89.69066619873047
1999-12-06,6.6847405433654785,11.640000343322754,18.54750633239746,19.573341369628906,17.406675338745117,5.763457298278809,89.02815246582031
1999-12-07,6.55759859085083,11.617512702941895,18.593902587890625,19.52136993408203,17.076786041259766,5.806511402130127,88.30720520019531
1999-12-08,6.626954078674316,11.340194702148438,18.396705627441406,19.708478927612305,17.377573013305664,5.760379314422607,87.74214172363281
1999-12-09,6.680893421173096,11.505093574523926,18.350309371948242,20.00992774963379,16.911840438842773,5.766535758972168,88.17078399658203
1999-12-10,6.488246440887451,11.70745849609375,18.4431095123291,19.885181427001953,17.22233009338379,5.7234787940979,88.46308135986328
1999-12-13,6.526775360107422,11.572551727294922,18.564895629882812,19.75005340576172,17.319355010986328,5.720398902893066,88.61898803710938
1999-12-14,6.511363983154297,11.295231819152832,18.21111488342285,19.7916316986084,17.319355010986328,5.717324733734131,87.7615966796875
1999-12-15,6.642362117767334,11.26524829864502,18.582294464111328,19.625320434570312,17.15441131591797,5.741929054260254,88.22927856445312
1999-12-16,6.707859992980957,11.017903327941895,18.93028450012207,19.781232833862305,17.309659957885742,5.6834917068481445,88.61898803710938
1999-12-17,6.677412986755371,11.103479385375977,19.13945198059082,20.124267578125,17.787355422973633,5.756887912750244,89.18814086914062
1999-12-20,6.530568599700928,11.013209342956543,19.325037002563477,20.053834915161133,17.251602172851562,5.623793601989746,88.5434799194336
1999-12-21,6.549890518188477,11.223847389221191,19.69623565673828,19.92837142944336,17.495128631591797,5.698077201843262,89.89124298095703
1999-12-22,6.515113353729248,11.223847389221191,19.69623565673828,19.949283599853516,17.417198181152344,5.6826019287109375,90.12567901611328
1999-12-23,6.700598239898682,11.404387474060059,19.80062484741211,20.36750602722168,17.6509952545166,5.7104573249816895,91.56135559082031
1999-12-27,6.654224872589111,11.314120292663574,19.95142364501953,20.36750602722168,17.826330184936523,5.558798789978027,91.43438720703125
1999-12-28,6.661953926086426,11.268982887268066,19.76582908630371,20.409324645996094,18.01140594482422,5.608316898345947,91.37581634521484
1999-12-29,6.731510162353516,11.38182258605957,20.084823608398438,20.39887237548828,18.14778709411621,5.524751663208008,91.7664566040039
1999-12-30,6.677412986755371,11.434479713439941,20.067424774169922,20.472064971923828,18.18675422668457,5.524751663208008,91.65901184082031
1999-12-31,6.700598239898682,11.441997528076172,19.997825622558594,20.670719146728516,18.459505081176758,5.574271202087402,91.8055419921875
2000-01-03,6.569211006164551,11.013209342956543,20.57780647277832,20.27340316772461,17.9821834564209,5.438088417053223,90.9070053100586
2000-01-04,6.445557117462158,10.531756401062012,19.53384017944336,19.8133602142334,17.485380172729492,5.274048328399658,87.35198211669922
2000-01-05,6.615582466125488,10.449006080627441,19.243846893310547,19.6356143951416,17.40744972229004,5.4071364402771,87.50827026367188
2000-01-06,6.870625019073486,10.907891273498535,18.605865478515625,19.698345184326172,17.6412410736084,5.397850513458252,86.10189819335938
2000-01-07,6.94404411315918,11.088438034057617,18.93065071105957,19.938819885253906,18.313383102416992,5.444278717041016,91.10234832763672
2000-01-10,6.886078834533691,10.892844200134277,19.64983367919922,21.97766876220703,18.313383102416992,5.462852478027344,91.41488647460938
2000-01-11,6.893807888031006,10.712302207946777,19.093042373657227,21.392154693603516,18.07960319519043,5.404043674468994,90.32100677490234
2000-01-12,6.862894535064697,10.922940254211426,19.011856079101562,21.036657333374023,17.865291595458984,5.348330497741699,89.42249298095703
2000-01-13,6.982686519622803,11.253934860229492,19.185842514038086,21.663997650146484,18.206235885620117,5.298810005187988,90.63355255126953
2000-01-14,6.940177917480469,11.517229080200195,19.626632690429688,21.475805282592773,18.07960319519043,5.342142581939697,91.8641586303711
2000-01-18,7.025191783905029,11.133578300476074,19.731029510498047,21.07848358154297,18.06010627746582,5.32047700881958,91.14138793945312
2000-01-19,7.002007007598877,11.095958709716797,19.76582908630371,21.580350875854492,18.00167465209961,5.323566913604736,91.8836441040039
2000-01-20,7.002007007598877,10.892844200134277,19.881826400756836,21.413063049316406,17.88477897644043,5.348330497741699,90.47725677490234
2000-01-21,7.195219993591309,10.757442474365234,19.9050235748291,21.371246337890625,17.66072654724121,5.521656513214111,90.28196716308594
2000-01-24,6.940177917480469,10.561845779418945,19.255449295043945,20.733448028564453,17.154184341430664,5.447372913360596,87.72310638427734
2000-01-25,6.924724102020264,10.674688339233398,19.66722869873047,20.879833221435547,17.056774139404297,5.32047700881958,88.71929931640625
2000-01-26,6.81652307510376,11.073396682739258,19.023448944091797,20.785722732543945,17.193151473999023,5.295717239379883,88.01612091064453
2000-01-27,6.677412986755371,11.193756103515625,18.83785629272461,20.660259246826172,17.290565490722656,5.261666297912598,87.66453552246094
2000-01-28,6.600124835968018,10.802577018737793,18.165071487426758,20.242040634155273,16.832731246948242,5.233811855316162,84.92991638183594
2000-01-31,6.75469970703125,11.103479385375977,18.76825714111328,20.1479434967041,16.949621200561523,5.475229740142822,87.23482513427734
2000-02-01,6.739241123199463,11.163667678833008,19.162643432617188,20.409324645996094,16.832731246948242,5.434996604919434,88.0942153930664
2000-02-02,6.781745910644531,11.050825119018555,19.301837921142578,20.91119384765625,16.84246826171875,5.4071364402771,88.17239379882812
2000-02-03,6.700598239898682,10.98311996459961,19.858619689941406,21.099401473999023,16.832731246948242,5.397850513458252,89.5006332397461
2000-02-04,6.507383346557617,10.870283126831055,20.09062385559082,21.17258644104004,16.900922775268555,5.369997978210449,89.12948608398438
2000-02-07,6.580804824829102,10.757442474365234,20.322614669799805,20.827550888061523,16.608680725097656,5.354520320892334,88.9927749633789
2000-02-08,6.522843837738037,10.877801895141602,20.50821304321289,21.057559967041016,16.6768741607666,5.366901874542236,90.20384216308594
2000-02-09,6.3064422607421875,10.622031211853027,20.253021240234375,20.681180953979492,16.50153160095215,5.366901874542236,88.30907440185547
2000-02-10,6.437826633453369,10.328645706176758,20.734394073486328,20.503427505493164,16.219030380249023,5.289524078369141,88.48489379882812
2000-02-11,6.3605427742004395,10.351213455200195,20.183420181274414,20.513887405395508,15.878092765808105,5.1966705322265625,86.6878433227539
2000-02-14,6.461015224456787,10.441484451293945,20.19501304626465,20.137475967407227,16.131364822387695,5.202862739562988,87.19570922851562
2000-02-15,6.731510162353516,10.45653247833252,20.253021240234375,19.98064422607422,16.413864135742188,5.190482139587402,88.1821517944336
2000-02-16,6.762424945831299,10.23836898803711,20.148624420166016,19.41604995727539,16.374889373779297,5.168816089630127,86.88318634033203
2000-02-17,6.75469970703125,10.110487937927246,20.601003646850586,19.405590057373047,16.443084716796875,5.137866020202637,86.43395233154297
2000-02-18,6.557620048522949,9.749393463134766,19.9050235748291,18.872360229492188,16.082658767700195,4.949064254760742,84.57830810546875
2000-02-22,6.49965763092041,9.839672088623047,19.858619689941406,18.736434936523438,16.345670700073242,4.930492877960205,84.36341857910156
2000-02-23,6.329627990722656,9.8020601272583,20.461811065673828,19.029197692871094,16.219030380249023,4.8283562660217285,85.35960388183594
2000-02-24,6.260072231292725,9.598944664001465,20.717002868652344,18.8828125,16.072914123535156,4.667407035827637,83.64070129394531
2000-02-25,6.136415958404541,9.538764953613281,20.519811630249023,18.297306060791016,15.790417671203613,4.642648220062256,83.33793640136719
2000-02-28,6.321899890899658,9.847198486328125,20.276212692260742,18.62141227722168,15.839134216308594,4.775736331939697,85.086181640625
2000-02-29,6.4687418937683105,9.914894104003906,20.740198135375977,18.83053207397461,16.014476776123047,4.809784889221191,85.90652465820312
2000-03-01,6.631039142608643,10.050310134887695,20.94899559020996,18.98736572265625,15.926806449890137,5.020249843597412,86.53157806396484
2000-03-02,6.75469970703125,9.99012565612793,21.157793045043945,18.903715133666992,15.985247611999512,5.150245189666748,86.59020233154297
2000-03-03,6.6464996337890625,10.080397605895996,21.74357032775879,19.16510581970215,16.423603057861328,5.1966705322265625,88.21146392822266
2000-03-06,6.607851982116699,9.98260498046875,21.70878028869629,18.788711547851562,16.355403900146484,5.051200866699219,87.35198211669922
2000-03-07,7.0638322830200195,9.681696891784668,21.11139678955078,18.44367218017578,15.702756881713867,4.992395401000977,85.66238403320312
2000-03-08,6.947908401489258,9.568853378295898,21.48257827758789,18.349565505981445,15.868356704711914,5.026440620422363,85.55492401123047
2000-03-09,6.955634117126465,9.621515274047852,22.132152557373047,18.778257369995117,16.033950805664062,5.066677570343018,88.0551986694336
2000-03-10,6.862894535064697,9.651607513427734,22.178569793701172,18.62141227722168,16.072914123535156,5.066677570343018,87.5864028930664
2000-03-13,6.762424945831299,9.749393463134766,21.853771209716797,18.48550033569336,15.829389572143555,5.082152366638184,86.6292724609375
2000-03-14,6.847438812255859,9.711786270141602,21.354984283447266,18.53777503967285,15.741704940795898,5.048107147216797,85.398681640625
2000-03-15,6.81652307510376,10.306081771850586,20.98379898071289,18.63188362121582,16.374889373779297,5.075961112976074,87.39105987548828
2000-03-16,7.110206604003906,11.193756103515625,21.714580535888672,19.59379005432129,17.26133155822754,5.274048328399658,91.47344970703125
2000-03-17,6.893640518188477,11.197074890136719,22.224960327148438,19.61470603942871,17.238370895385742,5.316481590270996,92.07801818847656
2000-03-20,6.785080432891846,10.985671043395996,22.132152557373047,19.991106033325195,17.33599090576172,5.2946553230285645,91.60806274414062
2000-03-21,7.0022053718566895,11.385831832885742,22.71215057373047,20.116573333740234,17.706920623779297,5.260353088378906,93.48798370361328
2000-03-22,6.9479241371154785,11.483980178833008,23.10653305053711,20.628896713256836,17.628829956054688,5.1387434005737305,94.05586242675781
2000-03-23,6.940169334411621,11.884148597717285,23.547325134277344,20.712535858154297,18.03880500793457,5.226053237915039,95.66168212890625
2000-03-24,6.955677032470703,12.020051956176758,23.750320434570312,20.890283584594727,18.14617156982422,5.176165580749512,96.22956085205078
2000-03-27,6.978938579559326,11.627440452575684,23.941709518432617,20.743906021118164,17.921676635742188,5.247881889343262,95.21122741699219
2000-03-28,6.9479241371154785,11.718047142028809,23.36172866821289,20.764820098876953,17.87286376953125,5.222933769226074,94.66290283203125
2000-03-29,7.312381744384766,11.627440452575684,22.677345275878906,20.451147079467773,18.097360610961914,5.316481590270996,94.76087188720703
2000-03-30,7.312381744384766,11.650091171264648,22.062562942504883,20.15838623046875,18.214509963989258,5.304008960723877,93.17465209960938
2000-03-31,7.273608207702637,11.72559928894043,22.480154037475586,20.524333953857422,18.24380111694336,5.335190773010254,94.23214721679688
2000-04-03,7.397676944732666,12.291869163513184,21.52898406982422,20.513887405395508,18.32187843322754,5.369488716125488,94.78044891357422
2000-04-04,7.304625988006592,11.801097869873047,21.32018280029297,20.283851623535156,18.11688995361328,5.444325923919678,94.07547760009766
2000-04-05,7.087504863739014,11.71049690246582,21.45937728881836,20.1479434967041,18.048574447631836,5.5160441398620605,93.48798370361328
2000-04-06,7.273608207702637,11.838860511779785,21.737770080566406,20.534801483154297,18.204753875732422,5.550341606140137,94.30062866210938
2000-04-07,7.161167144775391,11.597244262695312,22.480154037475586,20.587068557739258,18.478057861328125,5.534754753112793,94.89794158935547
2000-04-10,7.056483745574951,11.929449081420898,21.66817283630371,20.451147079467773,18.507339477539062,5.522279262542725,94.52583312988281
2000-04-11,7.180552959442139,12.080460548400879,21.134586334228516,20.628896713256836,18.73185157775879,5.665716171264648,94.251708984375
2000-04-12,7.242587566375732,12.133312225341797,19.76582908630371,20.25249481201172,18.39997100830078,5.715609073638916,91.6667709350586
2000-04-13,7.227080821990967,11.816197395324707,19.388845443725586,19.74017333984375,18.44877815246582,5.7218451499938965,90.39387512207031
2000-04-14,7.071995258331299,10.857315063476562,18.37387466430664,18.54822540283203,17.238370895385742,5.5129265785217285,85.22404479980469
2000-04-17,6.901395320892334,10.947916984558105,19.371435165405273,18.705062866210938,17.65812110900879,5.428734302520752,88.20069122314453
2000-04-18,6.9362921714782715,11.385831832885742,20.473405838012695,19.217388153076172,17.726444244384766,5.444325923919678,90.531005859375
2000-04-19,7.087504863739014,11.234825134277344,19.80062484741211,19.719257354736328,17.794767379760742,5.494215965270996,89.68889617919922
2000-04-20,7.099132061004639,11.44623851776123,19.626632690429688,19.802902221679688,17.941198348999023,5.5129265785217285,90.11970520019531
2000-04-24,7.176674842834473,11.718047142028809,19.023448944091797,19.52060317993164,17.960716247558594,5.662595748901367,89.14058685302734
2000-04-25,7.188309669494629,12.080460548400879,20.125417709350586,20.012014389038086,18.897789001464844,5.830979347229004,92.84175109863281
2000-04-26,7.281363487243652,11.838860511779785,19.742630004882812,20.221126556396484,18.614723205566406,5.818507671356201,91.7940673828125
2000-04-27,7.382162570953369,11.597244262695312,20.357418060302734,20.095659255981445,18.634239196777344,5.68754243850708,91.49054718017578
2000-04-28,7.16504430770874,11.838860511779785,20.4154052734375,20.283851623535156,18.507339477539062,5.684424877166748,90.92262268066406
2000-05-01,7.281363487243652,11.574592590332031,20.705400466918945,20.346599578857422,18.936845779418945,5.684424877166748,92.15633392333984
2000-05-02,7.386045455932617,11.461333274841309,20.322614669799805,19.938819885253906,18.74161148071289,5.478627681732178,90.31559753417969
2000-05-03,7.196062088012695,11.257478713989258,19.44104766845703,19.38467788696289,18.11688995361328,5.497332572937012,88.20069122314453
2000-05-04,7.382162570953369,11.083823204040527,19.301837921142578,19.321945190429688,18.14617156982422,5.48798131942749,88.8664779663086
2000-05-05,7.459712028503418,11.159320831298828,19.829626083374023,19.3010311126709,18.468305587768555,5.5004563331604,89.94352722167969
2000-05-08,7.55276346206665,11.378284454345703,19.127853393554688,19.342857360839844,18.458534240722656,5.537870407104492,89.26791381835938
2000-05-09,7.556644916534424,11.348081588745117,18.7740535736084,19.206937789916992,18.3121337890625,5.519164085388184,88.55311584472656
2000-05-10,7.579901218414307,11.04606819152832,17.863487243652344,19.17556381225586,18.126659393310547,5.62517786026001,86.5556640625
2000-05-11,7.816409587860107,11.378284454345703,18.368074417114258,19.154653549194336,18.575672149658203,5.709370136260986,88.53350830078125
2000-05-12,7.843550682067871,11.506636619567871,18.605865478515625,19.489225387573242,18.800182342529297,5.618942737579346,89.49308776855469
2000-05-15,8.006397247314453,12.020051956176758,18.953855514526367,19.8133602142334,19.112531661987305,5.7280802726745605,91.04014587402344
2000-05-16,7.8513054847717285,11.95209789276123,19.522245407104492,20.074745178222656,19.288249969482422,5.703134536743164,91.92132568359375
2000-05-17,7.890076637268066,11.748245239257812,19.243846893310547,19.84471893310547,19.161348342895508,5.615823745727539,90.96182250976562
2000-05-18,7.878447532653809,11.899255752563477,18.756664276123047,19.823816299438477,19.07349967956543,5.662595748901367,89.84557342529297
2000-05-19,7.893955230712891,11.687845230102539,18.025882720947266,19.3010311126709,18.546382904052734,5.556578159332275,88.4356689453125
2000-05-22,7.828045845031738,11.838860511779785,17.944684982299805,19.081462860107422,18.224266052246094,5.593998432159424,87.76984405517578
2000-05-23,7.7970290184021,11.914352416992188,17.074705123901367,18.924633026123047,18.14617156982422,5.491098880767822,86.47738647460938
2000-05-24,7.804781913757324,12.06535816192627,17.747486114501953,19.050092697143555,18.409730911254883,5.58464241027832,87.88733673095703
2000-05-25,7.661327362060547,11.763349533081055,17.457500457763672,18.903715133666992,18.077848434448242,5.491098880767822,86.37944793701172
2000-05-26,7.665205478668213,11.718047142028809,17.51549530029297,18.757341384887695,17.980243682861328,5.600235939025879,86.47738647460938
2000-05-30,7.7737627029418945,11.95965576171875,18.65226173400879,19.53106117248535,18.302358627319336,5.640772342681885,89.29725646972656
2000-05-31,8.006397247314453,12.103107452392578,18.292682647705078,19.74017333984375,18.42926025390625,5.671954154968262,89.49308776855469
2000-06-01,7.932728290557861,12.503276824951172,19.11625099182129,19.61470603942871,18.575672149658203,5.712486267089844,91.0596694946289
2000-06-02,7.661327362060547,13.016695976257324,19.986217498779297,20.095659255981445,18.712329864501953,5.693778991699219,92.64591217041016
2000-06-05,7.55276346206665,12.722229957580566,20.04421615600586,20.032926559448242,18.683048248291016,5.562816143035889,92.19552612304688
2000-06-06,7.847432613372803,12.442878723144531,19.76582908630371,19.865636825561523,18.546382904052734,5.693778991699219,91.78429412841797
2000-06-07,7.746623992919922,12.624079704284668,20.13702392578125,19.8133602142334,18.458534240722656,5.715609073638916,92.42074584960938
2000-06-08,7.785396099090576,12.412672996520996,20.04421615600586,19.65652847290039,18.165699005126953,5.749908447265625,92.0584487915039
2000-06-09,7.734994411468506,12.20125961303711,20.09062385559082,19.949283599853516,18.234033584594727,5.821624279022217,91.86263275146484
2000-06-12,7.909468173980713,12.306974411010742,19.67302894592285,19.761072158813477,18.253549575805664,5.796681880950928,90.78558349609375
2000-06-13,7.909468173980713,12.291869163513184,20.09062385559082,19.489225387573242,18.331636428833008,5.921408176422119,92.48928833007812
2000-06-14,7.897833824157715,12.503276824951172,19.71942710876465,19.823816299438477,18.292591094970703,5.89646053314209,92.64591217041016
2000-06-15,7.785396099090576,12.208817481994629,20.113821029663086,20.388423919677734,18.468305587768555,5.865279674530029,92.84175109863281
2000-06-16,7.916551113128662,11.637313842773438,20.183420181274414,20.15838623046875,18.144577026367188,5.7997541427612305,92.07891845703125
2000-06-19,7.850315570831299,11.940367698669434,20.821401596069336,20.283851623535156,17.95873260498047,5.894008159637451,93.25663757324219
2000-06-20,7.807465076446533,11.788840293884277,20.87940216064453,20.25249481201172,17.40118408203125,5.831172466278076,92.92292785644531
2000-06-21,7.947718143463135,11.697927474975586,21.06499481201172,20.15838623046875,17.469646453857422,5.850022315979004,92.88365173339844
2000-06-22,7.737331867218018,11.690346717834473,20.4154052734375,20.116573333740234,17.088172912597656,5.812323093414307,91.47039794921875
2000-06-23,7.834738254547119,11.607010841369629,19.980417251586914,19.74017333984375,17.274017333984375,5.831172466278076,90.68525695800781
2000-06-26,7.772398471832275,11.788840293884277,20.113821029663086,19.551969528198242,17.68484115600586,5.812323093414307,91.85316467285156
2000-06-27,7.717853546142578,11.902486801147461,19.916627883911133,19.5101375579834,17.76310157775879,5.655231475830078,91.17597961425781
2000-06-28,7.651623725891113,11.811570167541504,20.113821029663086,19.426502227783203,17.98807144165039,5.702361583709717,91.43116760253906
2000-06-29,7.667206764221191,11.803993225097656,19.71942710876465,19.719257354736328,17.675065994262695,5.611246109008789,90.56745147705078
2000-06-30,7.56591272354126,11.516090393066406,20.113821029663086,19.78199005126953,17.704408645629883,5.479294300079346,91.25447082519531
2000-07-03,7.612661361694336,11.728231430053711,20.253021240234375,19.74017333984375,17.939165115356445,5.642663955688477,92.51068878173828
2000-07-05,7.297093868255615,11.857023239135742,19.603437423706055,19.865636825561523,17.78266143798828,5.692932605743408,90.8423080444336
2000-07-06,7.3711161613464355,11.947941780090332,19.9050235748291,19.823816299438477,17.7337589263916,5.699217319488525,91.5489501953125
2000-07-07,7.4061808586120605,12.152511596679688,20.229812622070312,19.991106033325195,17.821788787841797,5.758910179138184,93.0210952758789
2000-07-10,7.441244125366211,12.18281078338623,20.009428024291992,19.823816299438477,17.841350555419922,5.758910179138184,92.86402893066406
2000-07-11,7.706169605255127,12.243420600891113,19.847026824951172,19.604249954223633,18.183700561523438,5.705501079559326,93.06034851074219
2000-07-12,7.6048712730407715,12.417683601379395,20.357418060302734,19.97019386291504,18.252164840698242,5.7306342124938965,93.66883087158203
2000-07-13,7.487997531890869,12.296459197998047,20.751802444458008,20.032926559448242,18.398887634277344,5.755769729614258,94.08099365234375
2000-07-14,7.480203151702881,12.50101375579834,21.134586334228516,20.346599578857422,18.584733963012695,5.677223205566406,95.00359344482422
2000-07-17,7.382802963256836,12.266151428222656,21.308582305908203,20.095659255981445,18.692331314086914,5.630098342895508,94.8465805053711
2000-07-18,7.449038028717041,12.288885116577148,20.87940216064453,19.78199005126953,18.741252899169922,5.608105182647705,94.07125091552734
2000-07-19,7.429558753967285,12.243420600891113,20.4154052734375,19.907455444335938,18.584733963012695,5.664657115936279,93.31552124023438
2000-07-20,7.355532646179199,12.554059028625488,20.8445987701416,20.221126556396484,18.809717178344727,5.573546886444092,94.61101531982422
2000-07-21,7.2152838706970215,12.516168594360352,20.3922176361084,19.719257354736328,18.780363082885742,5.630098342895508,92.76593017578125
2000-07-24,7.141254425048828,12.591939926147461,19.8934268951416,19.53106117248535,18.643430709838867,5.611246109008789,92.23590850830078
2000-07-25,7.075024127960205,12.614664077758789,20.229812622070312,19.54151725769043,18.682552337646484,5.6583757400512695,92.53033447265625
2000-07-26,7.1334638595581055,12.554059028625488,19.963024139404297,19.38467788696289,18.447792053222656,5.604964256286621,91.62741088867188
2000-07-27,7.378908634185791,12.591939926147461,19.38303565979004,19.5101375579834,18.320634841918945,5.582971572875977,91.3133773803711
2000-07-28,7.324366092681885,12.319184303283691,18.663864135742188,19.3010311126709,17.704408645629883,5.5484113693237305,89.25236511230469
2000-07-31,7.277613639831543,12.531333923339844,19.046649932861328,19.489225387573242,17.978296279907227,5.5641188621521,89.82157897949219
2000-08-01,7.413973808288574,12.614664077758789,18.826257705688477,19.65652847290039,18.11522674560547,5.686649322509766,90.37120819091797
2000-08-02,7.554226398468018,12.599508285522461,18.74506187438965,19.74017333984375,18.036970138549805,5.780904293060303,90.82269287109375
2000-08-03,7.449038028717041,12.932868003845215,19.104644775390625,19.84471893310547,18.06632423400879,5.790329456329346,91.4508056640625
2000-08-04,7.480203151702881,13.432908058166504,19.104644775390625,20.25249481201172,18.291297912597656,5.758910179138184,91.94152069091797
2000-08-07,7.577600479125977,13.470797538757324,19.499038696289062,20.095659255981445,18.829273223876953,5.872013568878174,93.04073333740234
2000-08-08,7.593183517456055,13.470797538757324,19.53384017944336,20.15838623046875,18.99555206298828,5.718069553375244,93.39400482177734
2000-08-09,7.729540824890137,13.379876136779785,19.603437423706055,19.97019386291504,19.161840438842773,5.626956462860107,92.60888671875
2000-08-10,7.79966926574707,13.304121017456055,19.185842514038086,20.012014389038086,19.112939834594727,5.626956462860107,92.15739440917969
2000-08-11,7.791882038116455,13.508681297302246,19.255449295043945,20.137475967407227,19.3281307220459,5.689789772033691,92.5892562866211
2000-08-14,7.900960922241211,13.682937622070312,19.64983367919922,20.36750602722168,19.52375030517578,5.724350929260254,93.7669677734375
2000-08-15,7.869795322418213,13.432908058166504,19.69623565673828,20.262948989868164,19.279207229614258,5.762052536010742,93.68846130371094
2000-08-16,7.978882789611816,13.273808479309082,19.71942710876465,19.97019386291504,19.191184997558594,5.680365085601807,93.35478210449219
2000-08-17,8.165892601013184,13.448070526123047,20.09062385559082,20.15838623046875,19.28900718688965,5.604964256286621,94.33621215820312
2000-08-18,8.072386741638184,13.34957218170166,20.113821029663086,20.15838623046875,19.230308532714844,5.636382579803467,94.02214050292969
2000-08-21,8.103550910949707,13.455649375915527,20.206619262695312,20.221126556396484,19.504192352294922,5.6740851402282715,94.53251647949219
2000-08-22,8.080178260803223,13.599586486816406,20.206619262695312,19.97019386291504,19.465068817138672,5.604964256286621,94.37548065185547
2000-08-23,8.290557861328125,13.425342559814453,20.4038143157959,19.991106033325195,19.367252349853516,5.648947238922119,94.7484130859375
2000-08-24,8.111345291137695,13.402606964111328,20.5952091217041,19.938819885253906,19.57265853881836,5.636382579803467,95.04283142089844
2000-08-25,8.134719848632812,13.220779418945312,20.52561378479004,20.27340316772461,19.660696029663086,5.630098342895508,95.00359344482422
2000-08-28,8.165892601013184,13.470797538757324,20.693805694580078,20.074745178222656,19.92479133605957,5.7306342124938965,95.3274917602539
2000-08-29,8.173678398132324,13.334424018859863,20.717002868652344,20.168846130371094,19.797632217407227,5.680365085601807,95.34708404541016
2000-08-30,8.103550910949707,13.455649375915527,20.57780647277832,20.304767608642578,19.61178970336914,5.736917495727539,94.434326171875
2000-08-31,8.072386741638184,13.804158210754395,20.98379898071289,20.179298400878906,19.758508682250977,5.780904293060303,95.6905746459961
2000-09-01,8.154196739196777,13.576868057250977,20.99540138244629,20.15838623046875,19.934579849243164,5.850022315979004,95.78873443603516
2000-09-05,8.154196739196777,13.74354362487793,20.519811630249023,19.761072158813477,19.934579849243164,5.872013568878174,95.02322387695312
2000-09-06,8.333415985107422,13.849611282348633,19.997825622558594,19.677431106567383,20.032384872436523,5.944276809692383,93.94367218017578
2000-09-07,8.294456481933594,13.735966682434082,20.322614669799805,19.52060317993164,19.915014266967773,5.944276809692383,94.7484130859375
2000-09-08,8.19705581665039,14.046602249145508,19.67302894592285,19.53106117248535,19.680259704589844,6.132784366607666,94.10069274902344
2000-09-11,8.45807933807373,14.326930046081543,19.162643432617188,19.604249954223633,19.582447052001953,6.274166107177734,93.9632797241211
2000-09-12,8.446393013000488,14.304195404052734,18.884252548217773,19.59379005432129,19.52375030517578,6.2584547996521,93.27629089355469
2000-09-13,8.306143760681152,14.213276863098145,19.069852828979492,19.802902221679688,19.582447052001953,6.214470386505127,93.5215835571289
2000-09-14,8.282769203186035,14.160243034362793,19.17424774169922,19.59379005432129,19.56287956237793,6.132784366607666,93.99270629882812
2000-09-15,8.498560905456543,13.929471015930176,18.84365463256836,19.5101375579834,19.066984176635742,6.190008640289307,91.93634796142578
2000-09-18,8.514213562011719,13.46591567993164,18.420259475708008,19.478776931762695,18.85120964050293,6.151993751525879,91.09016418457031
2000-09-19,8.287273406982422,13.754688262939453,19.13945198059082,19.353313446044922,18.63542366027832,6.050623416900635,91.91667175292969
2000-09-20,8.122933387756348,13.557106018066406,19.209041595458984,18.976905822753906,18.733509063720703,5.942914962768555,91.23776245117188
2000-09-21,8.060334205627441,13.405121803283691,18.814661026000977,19.154653549194336,18.792354583740234,5.987264156341553,89.85050964355469
2000-09-22,8.009471893310547,13.663496017456055,18.28108024597168,18.98736572265625,18.655040740966797,6.139322757720947,91.48375701904297
2000-09-25,7.888175010681152,13.883875846862793,17.898279190063477,19.269664764404297,19.204294204711914,6.1836724281311035,90.83439636230469
2000-09-26,8.075984001159668,13.792688369750977,17.521291732788086,19.269664764404297,19.22390365600586,6.272373199462891,89.67337799072266
2000-09-27,8.228581428527832,13.800283432006836,17.399497985839844,18.945539474487305,19.066984176635742,6.2470316886901855,90.14559936523438
2000-09-28,8.197280883789062,14.149852752685547,18.002689361572266,19.49968910217285,19.321989059448242,6.449772357940674,91.30669403076172
2000-09-29,8.205105781555176,14.104259490966797,17.21390151977539,19.447402954101562,19.18467903137207,6.544809818267822,90.4407958984375
2000-10-02,8.373357772827148,14.30182933807373,17.0863094329834,19.698345184326172,18.988521575927734,6.582826614379883,90.57855987548828
2000-10-03,8.3694429397583,14.286641120910645,16.633914947509766,19.771533966064453,19.36122703552246,6.500459671020508,89.7323989868164
2000-10-04,8.122933387756348,14.104259490966797,17.080503463745117,19.92837142944336,19.49854278564453,6.500459671020508,90.48016357421875
2000-10-05,8.111197471618652,14.241049766540527,16.8369140625,20.10611343383789,19.51816177368164,6.55748176574707,90.79499816894531
2000-10-06,8.075984001159668,13.648300170898438,16.488920211791992,19.6356143951416,18.988521575927734,6.525802135467529,88.82721710205078
2000-10-09,8.201192855834961,13.435517311096191,16.39612579345703,19.5101375579834,19.106220245361328,6.525802135467529,88.15814971923828
2000-10-10,8.385098457336426,13.047955513000488,15.914738655090332,19.53106117248535,18.85120964050293,6.513128757476807,86.70196533203125
2000-10-11,8.463348388671875,13.07075309753418,15.404354095458984,19.039642333984375,18.51772689819336,6.411759853363037,85.97383117675781
2000-10-12,8.592472076416016,12.310830116271973,14.870773315429688,18.401845932006836,18.09597396850586,6.323058605194092,83.8289566040039
2000-10-13,8.263797760009766,12.949167251586914,16.123537063598633,18.746877670288086,18.655040740966797,6.418092727661133,86.62321472167969
2000-10-16,8.185543060302734,13.063149452209473,15.868348121643066,18.569143295288086,18.910053253173828,6.456109523773193,87.01683807373047
2000-10-17,8.189452171325684,12.705985069274902,15.450759887695312,17.649051666259766,18.400033950805664,6.541639804840088,84.85218811035156
2000-10-18,8.079896926879883,12.561606407165527,15.20716667175293,17.941804885864258,18.066556930541992,6.487790584564209,84.53736114501953
2000-10-19,8.119026184082031,13.154341697692871,16.55852508544922,18.150922775268555,18.380414962768555,6.456109523773193,87.72521209716797
2000-10-20,8.279447555541992,13.207535743713379,16.807918548583984,18.52732276916504,18.478496551513672,6.421260833740234,88.09909057617188
2000-10-23,8.146413803100586,12.987154960632324,16.703521728515625,18.799158096313477,18.694276809692383,6.55748176574707,88.49266815185547
2000-10-24,8.009471893310547,13.313936233520508,16.37872314453125,18.840991973876953,18.988521575927734,6.528970718383789,87.90232849121094
2000-10-25,7.813828945159912,13.389924049377441,15.224564552307129,18.506412506103516,18.63542366027832,6.487790584564209,85.83611297607422
2000-10-26,7.8490424156188965,12.956764221191406,15.58996295928955,18.767799377441406,18.733509063720703,6.465615749359131,86.07225036621094
2000-10-27,7.794262886047363,13.38232707977295,15.723348617553711,18.935077667236328,18.72369956970215,6.614502429962158,87.70556640625
2000-10-30,7.927300453186035,13.868677139282227,15.508756637573242,19.3010311126709,18.929672241210938,6.871098518371582,88.49266815185547
2000-10-31,7.982076644897461,13.982670783996582,16.227935791015625,19.74017333984375,19.616235733032227,6.924951076507568,90.0177001953125
2000-11-01,8.24032211303711,13.921870231628418,15.914738655090332,19.876100540161133,19.63585090637207,6.883771896362305,89.71269989013672
2000-11-02,7.950771808624268,13.990269660949707,16.326526641845703,20.053834915161133,19.596616744995117,6.886936664581299,89.86026763916016
2000-11-03,7.919469833374023,13.952272415161133,16.44832420349121,19.98064422607422,19.43968963623047,6.85526180267334,89.90949249267578
2000-11-06,7.950771808624268,14.142255783081055,16.193143844604492,20.116573333740234,19.616235733032227,6.823580265045166,90.53922271728516
2000-11-07,8.013376235961914,14.096653938293457,16.309127807617188,20.200212478637695,19.6947021484375,6.8330864906311035,90.51956176757812
2000-11-08,8.091633796691895,13.845882415771484,15.450759887695312,20.032926559448242,19.567195892333984,6.867929935455322,88.51236724853516
2000-11-09,8.00555419921875,13.944672584533691,15.224564552307129,19.11282730102539,19.6947021484375,6.905944347381592,88.17778778076172
2000-11-10,8.02902889251709,13.792688369750977,14.38359260559082,19.039642333984375,19.24353790283203,6.918619155883789,86.03290557861328
2000-11-13,7.966427803039551,13.46591567993164,14.337188720703125,18.63188362121582,18.89043617248535,6.950294017791748,85.36384582519531
2000-11-14,8.013376235961914,13.541913032531738,15.114362716674805,19.081462860107422,19.263145446777344,6.829916954040527,87.60716247558594
2000-11-15,8.169889450073242,13.435517311096191,15.21876335144043,19.17556381225586,19.302387237548828,6.823580265045166,87.88262176513672
2000-11-16,8.201192855834961,13.389924049377441,14.731575012207031,18.945539474487305,19.40045738220215,6.902775764465332,86.50517272949219
2000-11-17,8.134676933288574,13.283534049987793,14.847569465637207,18.820070266723633,19.321989059448242,6.798238754272461,86.0427474975586
2000-11-20,8.095551490783691,12.888370513916016,14.24438762664795,18.71552085876465,19.0473690032959,6.864765167236328,84.81285858154297
2000-11-21,8.279447555541992,12.918773651123047,14.313986778259277,18.276382446289062,19.282764434814453,6.798238754272461,85.24577331542969
2000-11-22,8.146413803100586,12.607198715209961,13.791998863220215,18.0986328125,18.968896865844727,6.84892463684082,83.20909118652344
2000-11-24,8.263797760009766,12.698382377624512,14.337188720703125,18.18228530883789,19.282764434814453,6.836252212524414,84.91127014160156
2000-11-27,8.197280883789062,12.873178482055664,14.255990982055664,18.297306060791016,19.321989059448242,6.788735389709473,85.65899658203125
2000-11-28,8.189452171325684,13.009957313537598,13.681805610656738,18.067264556884766,19.07679557800293,6.886936664581299,84.18314361572266
2000-11-29,7.829479217529297,13.329133987426758,13.618011474609375,18.109088897705078,19.233715057373047,6.931290626525879,84.0257339477539
2000-11-30,7.563412189483643,13.268342018127441,12.898822784423828,17.941804885864258,18.949277877807617,6.921785354614258,83.29761505126953
2000-12-01,7.731659412384033,13.19234561920166,13.067022323608398,18.067264556884766,19.116016387939453,6.788735389709473,83.25828552246094
2000-12-04,7.864694118499756,13.131546974182129,12.991626739501953,18.077728271484375,19.63585090637207,6.861595630645752,83.96670532226562
2000-12-05,7.700359344482422,13.678699493408203,14.221185684204102,18.54822540283203,20.351848602294922,6.905944347381592,86.72163391113281
2000-12-06,7.637755393981934,13.617897033691406,13.82680606842041,18.746877670288086,19.949716567993164,6.931290626525879,85.33434295654297
2000-12-07,7.762959957122803,13.648300170898438,13.368609428405762,18.433212280273438,19.8908634185791,6.928121089935303,84.16346740722656
2000-12-08,7.759045124053955,14.043462753295898,13.989194869995117,18.83053207397461,20.234148025512695,6.760225296020508,84.3602523803711
2000-12-11,7.782527446746826,14.157453536987305,14.516984939575195,19.029197692871094,20.45973777770996,6.779230117797852,87.29227447509766
2000-12-12,7.872519493103027,13.990269660949707,14.221185684204102,19.07101058959961,20.155681610107422,6.798238754272461,86.91841888427734
2000-12-13,7.888175010681152,13.997869491577148,13.618011474609375,19.17556381225586,19.802589416503906,6.966135025024414,85.72786712646484
2000-12-14,7.645573616027832,13.595105171203613,13.409213066101074,19.008270263671875,19.380844116210938,6.924951076507568,84.63575744628906
2000-12-15,7.735151767730713,13.538607597351074,12.875632286071777,18.52732276916504,19.06757354736328,6.865080833435059,82.72413635253906
2000-12-18,7.97454309463501,13.935224533081055,12.620431900024414,18.426088333129883,19.42212677001953,6.853048801422119,83.82946014404297
2000-12-19,8.111899375915527,13.782676696777344,12.249247550964355,18.447006225585938,19.087263107299805,6.615182876586914,82.12211608886719
2000-12-20,7.872507095336914,13.653017044067383,11.332870483398438,17.610410690307617,18.45693588256836,6.554111957550049,79.74359130859375
2000-12-21,7.931371688842773,13.973359107971191,11.367673873901367,17.73590087890625,18.565279006958008,6.515539169311523,80.29625701904297
2000-12-22,8.037335395812988,14.087779998779297,12.15064811706543,18.03916358947754,19.00847625732422,6.618398666381836,82.70440673828125
2000-12-26,8.374841690063477,14.339478492736816,11.947654724121094,18.07053565979004,19.225156784057617,6.8048319816589355,83.59260559082031
2000-12-27,8.36699104309082,14.431004524230957,12.063652038574219,18.13329315185547,19.540321350097656,6.8048319816589355,84.20455932617188
2000-12-28,8.504347801208496,14.575922012329102,12.005650520324707,18.447006225585938,19.825944900512695,6.750187397003174,84.4610824584961
2000-12-29,8.33559799194336,14.400486946105957,11.622867584228516,18.237863540649414,19.697906494140625,6.827333450317383,82.8622817993164
2001-01-02,8.355216026306152,13.996238708496094,10.950081825256348,17.49536895751953,18.82134437561035,6.7244744300842285,81.3622055053711
2001-01-03,8.100129127502441,14.751357078552246,12.713231086730957,18.875761032104492,19.638809204101562,6.5830397605896,85.2703857421875
2001-01-04,7.848959922790527,14.492020606994629,12.84083366394043,19.430009841918945,19.796388626098633,6.480178356170654,84.35252380371094
2001-01-05,8.017712593078613,14.18692684173584,12.063652038574219,18.907136917114258,19.225156784057617,6.415891170501709,81.5990219116211
2001-01-08,7.99023962020874,14.042010307312012,12.028851509094238,18.63523292541504,19.06757354736328,6.512323379516602,82.23066711425781
2001-01-09,7.829336166381836,13.805560111999512,12.295642852783203,18.865304946899414,19.126665115356445,6.541252136230469,82.0135498046875
2001-01-10,7.880355358123779,14.034383773803711,12.666834831237793,19.011707305908203,19.30392837524414,6.525177001953125,83.45441436767578
2001-01-11,7.966693878173828,14.064888000488281,13.200417518615723,19.44046401977539,19.540321350097656,6.374107837677002,83.53340148925781
2001-01-12,7.915680408477783,13.797932624816895,13.003228187561035,19.7019100189209,19.48122215270996,6.422323703765869,83.37547302246094
2001-01-16,7.911750793457031,14.042010307312012,12.852426528930664,19.91105842590332,19.668346405029297,6.3194580078125,83.90841674804688
2001-01-17,7.872507095336914,14.064888000488281,13.246820449829102,20.05745506286621,19.638809204101562,6.33553409576416,84.29331970214844
2001-01-18,7.723377227783203,13.858951568603516,13.942800521850586,19.99472427368164,19.766841888427734,6.448032855987549,85.13223266601562
2001-01-19,7.688055992126465,13.75979995727539,14.134196281433105,19.50321388244629,19.560022354125977,6.428749084472656,84.64862823486328
2001-01-22,7.7704691886901855,14.003874778747559,13.873198509216309,19.367267608642578,19.520610809326172,6.415891170501709,85.21117401123047
2001-01-23,7.892128944396973,14.141167640686035,14.105199813842773,19.816940307617188,19.776691436767578,6.4094624519348145,85.88227844238281
2001-01-24,7.884278297424316,14.22506046295166,14.279197692871094,19.628698348999023,19.668346405029297,6.419101715087891,86.13887786865234
2001-01-25,8.1197509765625,14.354724884033203,13.78039836883545,19.597333908081055,19.65850830078125,6.464105606079102,85.9217529296875
2001-01-26,7.982393264770508,14.408119201660156,13.873198509216309,19.39864158630371,19.33348846435547,6.403034210205078,85.8230972290039
2001-01-29,7.916775703430176,14.420022010803223,14.164581298828125,19.716960906982422,19.41425323486328,6.502808570861816,86.28099060058594
2001-01-30,7.984588623046875,14.546935081481934,14.197991371154785,19.676803588867188,19.729421615600586,6.502808570861816,87.0389404296875
2001-01-31,8.069986343383789,14.366324424743652,13.84536361694336,19.556333541870117,19.773542404174805,6.443150997161865,86.54624938964844
2001-02-01,7.967009544372559,14.385851860046387,13.837933540344238,19.817365646362305,19.515104293823242,6.5213236808776855,87.12107849121094
2001-02-02,8.100129127502441,14.424896240234375,13.2291841506958,19.583101272583008,19.452062606811523,6.449319839477539,85.14408111572266
2001-02-05,8.263383865356445,14.52253246307373,13.147526741027832,19.569721221923828,19.54661750793457,6.496635437011719,85.76934814453125
2001-02-06,8.316133499145508,14.239395141601562,13.22547435760498,19.589797973632812,19.641172409057617,6.535723686218262,85.51673126220703
2001-02-07,8.338736534118652,14.205239295959473,12.8839750289917,19.77720069885254,19.470975875854492,6.537781238555908,85.0746078491211
2001-02-08,8.383944511413574,14.16618824005127,12.694680213928223,19.89767074584961,19.44576644897461,6.595383167266846,84.08290100097656
2001-02-09,8.519574165344238,14.224760055541992,12.108197212219238,19.57640838623047,18.98563003540039,6.587153911590576,83.27440643310547
2001-02-12,8.406550407409668,14.424896240234375,12.212126731872559,19.737035751342773,19.206241607666016,6.593324184417725,84.22817993164062
2001-02-13,8.38896656036377,14.341913223266602,12.004261016845703,19.757123947143555,19.407941818237305,6.648872375488281,83.53968048095703
2001-02-14,8.328686714172363,14.17594051361084,12.28636646270752,19.54294776916504,19.206241607666016,6.537781238555908,83.41339111328125
2001-02-15,8.220686912536621,14.17594051361084,12.657554626464844,19.623262405395508,19.53400993347168,6.548068046569824,84.22187042236328
2001-02-16,8.293525695800781,14.180822372436523,11.874346733093262,19.536252975463867,18.960411071777344,6.585097312927246,82.3648452758789
2001-02-20,8.24580192565918,13.658502578735352,11.235897064208984,19.516176223754883,19.02975082397461,6.615954399108887,81.09529113769531
2001-02-21,8.190549850463867,13.253338813781738,10.950081825256348,19.415790557861328,18.79652214050293,6.537781238555908,79.3456802368164
2001-02-22,8.15036678314209,13.346084594726562,10.968640327453613,19.047679901123047,18.620031356811523,6.607723712921143,79.46566009521484
2001-02-23,8.047380447387695,13.282629013061523,10.886978149414062,18.994144439697266,18.594818115234375,6.570698261260986,78.92877960205078
2001-02-26,8.135289192199707,13.575519561767578,11.061442375183105,19.094533920288086,18.966718673706055,6.6447577476501465,80.60894012451172
2001-02-27,8.085058212280273,13.721963882446289,10.638282775878906,19.435871124267578,18.922588348388672,6.652987480163574,79.86360931396484
2001-02-28,7.972032070159912,13.399784088134766,10.397012710571289,19.181537628173828,18.588512420654297,6.57686710357666,78.29084014892578
2001-03-01,8.062453269958496,13.41442584991455,10.690252304077148,19.114608764648438,18.456151962280273,6.504862308502197,78.70140075683594
2001-03-02,8.24580192565918,13.433948516845703,10.319063186645508,19.148075103759766,18.563302993774414,6.5213236808776855,78.07611083984375
2001-03-05,8.291014671325684,13.365614891052246,10.541775703430176,19.040990829467773,18.79652214050293,6.508977890014648,78.78980255126953
2001-03-06,8.333710670471191,13.404667854309082,10.987201690673828,19.107921600341797,19.06757354736328,6.500749588012695,79.63621520996094
2001-03-07,8.51203727722168,13.687796592712402,11.002052307128906,19.194923400878906,19.29448890686035,6.4698920249938965,80.20468139648438
2001-03-08,8.597434997558594,13.74148941040039,10.783051490783691,19.302013397216797,19.41425323486328,6.591269493103027,80.29315185546875
2001-03-09,8.5572509765625,13.424193382263184,10.077788352966309,19.134685516357422,19.004539489746094,6.4760637283325195,77.91817474365234
2001-03-12,8.273430824279785,12.76518726348877,9.539565086364746,18.17762565612793,17.96449089050293,6.550126552581787,74.58314514160156
2001-03-13,8.17547607421875,13.106891632080078,10.01468563079834,18.184316635131836,17.98969841003418,6.397889614105225,75.80852508544922
2001-03-14,8.052404403686523,12.501581192016602,9.769704818725586,17.836288452148438,17.611499786376953,6.177772045135498,74.31153869628906
2001-03-15,8.057427406311035,12.877463340759277,9.654629707336426,18.36501121520996,17.529550552368164,6.286802768707275,74.33051300048828
2001-03-16,7.923152446746826,12.709465026855469,9.443058013916016,18.12068748474121,17.07379150390625,6.236044883728027,72.83965301513672
2001-03-19,8.023919105529785,12.85639476776123,9.736295700073242,18.12068748474121,17.415145874023438,6.314772129058838,74.3216552734375
2001-03-20,8.094461441040039,12.498866081237793,9.268599510192871,17.7391300201416,17.0611515045166,6.223611831665039,72.32666015625
2001-03-21,7.86268949508667,12.13644027709961,9.313139915466309,17.270538330078125,16.618656158447266,6.084804534912109,71.09796905517578
2001-03-22,7.63091516494751,11.822991371154785,9.740009307861328,16.88898277282715,16.169851303100586,6.008148670196533,70.37598419189453
2001-03-23,7.691381931304932,12.322554588317871,9.947874069213867,17.270538330078125,16.49223518371582,5.997790813446045,72.50397491455078
2001-03-26,7.792150974273682,12.518461227416992,9.81795597076416,17.571781158447266,16.789331436157227,6.196680545806885,73.42868041992188
2001-03-27,7.834978103637695,12.871094703674316,10.133467674255371,18.093914031982422,17.0611515045166,6.424574851989746,74.92967987060547
2001-03-28,7.72160530090332,12.802526473999023,9.38366413116455,17.719051361083984,16.75140953063965,6.287838935852051,72.85865020751953
2001-03-29,7.557856559753418,12.773138046264648,9.261175155639648,17.939945220947266,16.75140953063965,6.434934616088867,73.13732147216797
2001-03-30,7.734203815460205,12.998433113098145,9.205495834350586,17.953340530395508,16.808298110961914,6.482587814331055,73.90361022949219
2001-04-02,7.590606689453125,13.05720329284668,8.982783317565918,17.732439041137695,16.688190460205078,6.503304481506348,72.32666015625
2001-04-03,7.381504535675049,12.61641788482666,8.38145637512207,17.337478637695312,15.992849349975586,6.472225189208984,69.91365814208984
2001-04-04,7.512509822845459,12.307862281799316,8.221846580505371,17.44459342956543,16.068702697753906,6.4970879554748535,70.20496368408203
2001-04-05,7.709010601043701,12.758452415466309,9.090422630310059,17.879695892333984,17.004253387451172,6.453582763671875,72.86495208740234
2001-04-06,7.719090938568115,12.474381446838379,8.667267799377441,17.79937171936035,16.662914276123047,6.333418846130371,71.75665283203125
2001-04-09,7.900479793548584,12.469481468200684,8.68953800201416,18.020273208618164,16.96000862121582,6.472225189208984,72.55463409423828
2001-04-10,8.036520004272461,12.831911087036133,9.272307395935059,18.37505531311035,17.45939064025879,6.606891632080078,73.87833404541016
2001-04-11,7.892920017242432,12.939658164978027,9.610091209411621,18.15416145324707,17.263427734375,6.517806053161621,73.928955078125
2001-04-12,7.976052284240723,13.03761100769043,9.851364135742188,18.140775680541992,17.60477638244629,6.513666152954102,75.2716293334961
2001-04-16,8.132248878479004,12.944561958312988,9.613802909851074,18.2679500579834,17.57316780090332,6.617252349853516,74.47996520996094
2001-04-17,8.175082206726074,13.052309036254883,9.714022636413574,18.58257293701172,17.79441261291504,6.770561218261719,75.53133392333984
2001-04-18,8.132248878479004,13.600851058959961,10.597456932067871,19.325611114501953,18.559288024902344,6.629681587219238,78.53327941894531
2001-04-19,7.991171360015869,13.674307823181152,11.265596389770508,19.345680236816406,18.622499465942383,6.642112731933594,79.57830810546875
2001-04-20,8.076826095581055,13.439221382141113,11.135676383972168,19.39924430847168,18.571928024291992,6.563384056091309,78.84998321533203
2001-04-23,8.290966033935547,13.27270221710205,10.519502639770508,18.95075035095215,18.28748321533203,6.577888488769531,77.41864013671875
2001-04-24,8.306079864501953,13.204136848449707,10.356182098388672,19.004291534423828,18.10415267944336,6.60896110534668,77.00066375732422
2001-04-25,8.42448902130127,13.346162796020508,10.538061141967773,19.225204467773438,18.527690887451172,6.724982738494873,78.00763702392578
2001-04-26,8.590764999389648,13.400047302246094,10.38958740234375,19.46617889404297,18.786855697631836,6.78506326675415,78.35594940185547
2001-04-27,8.532816886901855,13.689005851745605,10.530640602111816,19.278751373291016,18.92592430114746,6.789210319519043,79.6606216430664
2001-04-30,8.532816886901855,13.468613624572754,10.693962097167969,19.278751373291016,18.72997283935547,6.795425891876221,80.21795654296875
2001-05-01,8.47739315032959,13.581246376037598,10.950081825256348,19.57997703552246,18.900646209716797,6.859647274017334,80.46495056152344
2001-05-02,8.14736270904541,13.689005851745605,11.169087409973145,19.640233993530273,18.906967163085938,6.772631645202637,80.3193130493164
2001-05-03,8.107062339782715,13.69389533996582,10.812747955322266,19.25867462158203,18.628829956054688,6.685617446899414,79.29962158203125
2001-05-04,8.235543251037598,13.860424041748047,10.968640327453613,19.318923950195312,18.913286209106445,6.7539873123168945,80.64863586425781
2001-05-07,8.258214950561523,13.772265434265137,10.957508087158203,19.365781784057617,18.982816696166992,6.789210319519043,79.95195007324219
2001-05-08,8.250655174255371,13.630228996276855,11.00576400756836,19.044462203979492,19.014429092407227,6.691836357116699,79.91397857666016
2001-05-09,8.396775245666504,13.615535736083984,10.853574752807617,19.164953231811523,18.906967163085938,6.702192783355713,79.57830810546875
2001-05-10,8.336312294006348,13.620437622070312,10.693962097167969,19.29213523864746,19.115562438964844,6.706336975097656,79.81260681152344
2001-05-11,8.255695343017578,13.493094444274902,10.578896522521973,19.385848999023438,19.020742416381836,6.71047830581665,79.26161193847656
2001-05-14,8.384180068969727,13.605740547180176,10.430418968200684,19.2988338470459,19.109241485595703,6.799567222595215,79.41998291015625
2001-05-15,8.459754943847656,13.689005851745605,10.41186237335205,19.385848999023438,19.18509864807129,6.7539873123168945,79.78728485107422
2001-05-16,8.53029727935791,14.056328773498535,10.835015296936035,19.921375274658203,19.804584503173828,6.899011135101318,81.66832733154297
2001-05-17,8.558008193969727,13.982866287231445,10.898119926452637,20.095426559448242,20.13328742980957,6.857574939727783,81.7949447631836
2001-05-18,8.736883163452148,13.904498100280762,10.946375846862793,20.148969650268555,20.19651222229004,6.899011135101318,82.16862487792969
2001-05-21,8.716726303100586,14.100411415100098,11.432629585266113,20.456899642944336,20.39246368408203,6.923872470855713,83.37831115722656
2001-05-22,8.628551483154297,14.24244499206543,11.410358428955078,20.483675003051758,20.329256057739258,6.899011135101318,83.27067565917969
2001-05-23,8.497547149658203,14.183673858642578,11.131970405578613,20.142276763916016,20.01951026916504,6.896939754486084,81.85830688476562
2001-05-24,8.482431411743164,14.237544059753418,11.217337608337402,20.389955520629883,19.99422264099121,6.878292083740234,82.09896087646484
2001-05-25,8.409375190734863,14.046534538269043,11.00576400756836,20.242685317993164,19.697124481201172,6.770561218261719,81.12996673583984
2001-05-29,8.396775245666504,14.056328773498535,10.593742370605469,20.08871841430664,19.646549224853516,6.766417980194092,80.48395538330078
2001-05-30,8.364027976989746,13.938782691955566,10.163166046142578,20.02178192138672,19.248315811157227,6.7374138832092285,79.35664367675781
2001-05-31,8.45219898223877,14.061230659484863,10.255962371826172,20.015090942382812,19.513811111450195,6.843075275421143,79.76831817626953
2001-06-01,8.414413452148438,14.0367431640625,10.430418968200684,19.954849243164062,19.456918716430664,6.78506326675415,80.26229858398438
2001-06-04,8.527778625488281,14.149388313293457,10.408143043518066,19.98161506652832,19.583341598510742,6.789210319519043,80.64863586425781
2001-06-05,8.552969932556152,14.21304988861084,10.820168495178223,20.169057846069336,19.791942596435547,6.689762592315674,81.57329559326172
2001-06-06,8.336312294006348,14.105301856994629,10.71623420715332,20.00839614868164,19.564376831054688,6.635893821716309,80.89563751220703
2001-06-07,8.238059997558594,14.01225471496582,11.020612716674805,20.12220001220703,19.652870178222656,6.579958915710449,81.18696594238281
2001-06-08,8.260734558105469,13.928987503051758,10.77562141418457,20.015090942382812,19.412662506103516,6.60482120513916,80.43333435058594
2001-06-11,8.283409118652344,13.796751022338867,10.597456932067871,19.91468620300293,19.077646255493164,6.66697359085083,79.86326599121094
2001-06-12,8.34638786315918,13.840832710266113,10.515792846679688,19.867834091186523,19.204057693481445,6.724982738494873,79.72398376464844
2001-06-13,8.306079864501953,13.728184700012207,10.27823257446289,19.774105072021484,19.134532928466797,6.586174488067627,79.03997039794922
2001-06-14,8.137290954589844,13.488204002380371,9.910755157470703,19.405935287475586,19.008094787597656,6.391427516937256,77.26660919189453
2001-06-15,8.19828987121582,13.557517051696777,9.81795597076416,19.353696823120117,18.90990447998047,6.430861949920654,77.39111328125
2001-06-18,8.107168197631836,13.591927528381348,9.572973251342773,19.059040069580078,18.884571075439453,6.439210414886475,77.01640319824219
2001-06-19,8.09957218170166,13.714808464050293,9.610091209411621,19.11261749267578,18.68817901611328,6.464248180389404,77.35301208496094
2001-06-20,7.94771146774292,13.788549423217773,9.710315704345703,19.527814865112305,18.77054786682129,6.480938911437988,77.75947570800781
2001-06-21,7.828744888305664,14.34402847290039,9.892195701599121,19.748807907104492,18.852893829345703,6.311930179595947,78.64234924316406
2001-06-22,7.980611801147461,14.157224655151367,9.799394607543945,19.494340896606445,18.68817901611328,6.382872104644775,78.0262451171875
2001-06-25,7.886963367462158,14.044167518615723,9.940457344055176,19.541210174560547,18.441129684448242,6.307755947113037,77.30855560302734
2001-06-26,7.935055255889893,13.867204666137695,9.996125221252441,19.239856719970703,18.49180030822754,6.401649475097656,77.2005844116211
2001-06-27,7.745223045349121,13.872110366821289,10.01839828491211,19.55460548400879,18.45379066467285,6.416254043579102,77.1561279296875
2001-06-28,7.5806989669799805,14.053996086120605,10.215129852294922,19.701934814453125,18.517141342163086,6.430861949920654,77.58167266845703
2001-06-29,7.681941986083984,13.960609436035156,10.456401824951172,19.78899574279785,18.308090209960938,6.499719142913818,77.86750030517578
2001-07-02,7.661694526672363,14.132651329040527,10.448979377746582,19.929624557495117,18.57415008544922,6.518502712249756,78.8392562866211
2001-07-03,7.651566982269287,14.12281608581543,10.41186237335205,19.929624557495117,18.68817901611328,6.535194396972656,78.8201675415039
2001-07-05,7.719905853271484,14.034334182739258,10.077788352966309,19.695241928100586,18.542470932006836,6.589445114135742,77.2831802368164
2001-07-06,7.692060947418213,13.749226570129395,9.613802909851074,19.326919555664062,18.200408935546875,6.583188056945801,75.61274719238281
2001-07-09,7.583228588104248,13.79347038269043,9.736295700073242,19.219772338867188,18.257402420043945,6.64369535446167,76.02558898925781
2001-07-10,7.593350410461426,13.459197998046875,9.43934440612793,19.219772338867188,17.978673934936523,6.654128551483154,75.11100769042969
2001-07-11,7.492110252380371,13.434613227844238,9.487598419189453,19.206371307373047,17.794954299926758,6.685428619384766,75.18721771240234
2001-07-12,7.481986045837402,13.670576095581055,10.118623733520508,19.393877029418945,18.225730895996094,6.616569995880127,76.97190856933594
2001-07-13,7.50982666015625,13.832792282104492,10.148313522338867,19.527814865112305,18.371440887451172,6.599875450134277,77.63882446289062
2001-07-16,7.385798931121826,13.63615894317627,9.903328895568848,19.434064865112305,18.061023712158203,6.645780563354492,76.66708374023438
2001-07-17,7.352894306182861,13.916358947753906,10.02210807800293,19.567995071411133,18.428455352783203,6.656212329864502,77.38473510742188
2001-07-18,7.274429798126221,13.837699890136719,9.639789581298828,19.37380027770996,18.485471725463867,6.587357997894287,76.85762786865234
2001-07-19,7.350365161895752,13.744305610656738,9.81795597076416,19.259946823120117,18.434789657592773,6.629091262817383,77.5308609008789
2001-07-20,7.507294654846191,13.680403709411621,9.762279510498047,19.306821823120117,18.529813766479492,6.48928689956665,77.06721496582031
2001-07-23,7.421236038208008,13.606669425964355,9.5247163772583,18.931798934936523,18.327096939086914,6.311930179595947,75.54925537109375
2001-07-24,7.155468940734863,13.429706573486328,9.398513793945312,18.844745635986328,17.83930015563965,6.13039493560791,74.81881713867188
2001-07-25,7.487046241760254,13.532928466796875,9.598959922790527,18.9518985748291,17.959665298461914,6.401649475097656,75.64453887939453
2001-07-26,7.638910293579102,13.641075134277344,9.780838966369629,19.507720947265625,18.137048721313477,6.424605369567871,76.43843078613281
2001-07-27,7.67434549331665,13.719735145568848,9.765995025634766,19.53451156616211,18.308090209960938,6.420431613922119,76.7305908203125
2001-07-30,7.681941986083984,13.675496101379395,9.736295700073242,19.53451156616211,18.270082473754883,6.493462562561035,76.7560043334961
2001-07-31,7.593350410461426,13.82787799835205,9.732582092285156,19.393877029418945,18.270082473754883,6.441296100616455,77.07356262207031
2001-08-01,7.565510272979736,13.886863708496094,9.992414474487305,19.37380027770996,18.371440887451172,6.516411304473877,77.55626678466797
2001-08-02,7.560445308685303,13.867204666137695,10.129755973815918,19.57469367980957,18.396772384643555,6.505978107452393,77.87379455566406
2001-08-03,7.44654655456543,13.926188468933105,9.984992980957031,19.413976669311523,18.485471725463867,6.4872026443481445,77.44830322265625
2001-08-06,7.436424732208252,13.724645614624023,9.86250114440918,19.286733627319336,18.08636474609375,6.362007141113281,76.40666198730469
2001-08-07,7.436424732208252,13.872110366821289,9.8068208694458,19.34031105041504,18.219392776489258,6.412084579467773,76.70516204833984
2001-08-08,7.284552097320557,13.591927528381348,9.491310119628906,19.206371307373047,18.0546932220459,6.28480339050293,75.2824935913086
2001-08-09,7.327582836151123,13.655828475952148,9.495025634765625,19.11931610107422,18.061023712158203,6.2952351570129395,75.50479125976562
2001-08-10,7.335177898406982,13.665657997131348,9.48017406463623,19.152807235717773,18.396772384643555,6.418344974517822,75.76516723632812
2001-08-13,7.370614528656006,13.650912284851074,9.51729679107666,19.300125122070312,18.225730895996094,6.347400188446045,75.78421783447266
2001-08-14,7.411112308502197,13.655828475952148,9.394801139831543,19.052350997924805,18.2384033203125,6.347400188446045,75.75247955322266
2001-08-15,7.522482395172119,13.601747512817383,9.183223724365234,18.791179656982422,18.200408935546875,6.268108367919922,75.09828186035156
2001-08-16,7.479450225830078,13.562426567077637,9.231476783752441,18.884937286376953,18.194063186645508,6.336966037750244,75.35868072509766
2001-08-17,7.423768520355225,13.360882759094238,8.956802368164062,18.677316665649414,17.972341537475586,6.259763240814209,74.15196228027344
2001-08-20,7.370614528656006,13.493605613708496,9.016188621520996,18.81795883178711,17.959665298461914,6.309842109680176,74.837890625
2001-08-21,7.365550518035889,13.326473236083984,8.752643585205078,18.92510986328125,17.934326171875,6.311930179595947,73.56124877929688
2001-08-22,7.370614528656006,13.385462760925293,8.841728210449219,18.851444244384766,17.902650833129883,6.301493167877197,74.32344818115234
2001-08-23,7.436424732208252,13.390379905700684,8.834301948547363,18.9518985748291,17.959665298461914,6.286888122558594,74.05667877197266
2001-08-24,7.497171878814697,13.424787521362305,9.264883041381836,19.29344367980957,18.289085388183594,6.330708980560303,75.59369659423828
2001-08-27,7.487046241760254,13.292064666748047,9.242612838745117,19.052350997924805,18.28274917602539,6.347400188446045,75.14276885986328
2001-08-28,7.408583164215088,13.0806884765625,8.986493110656738,18.784481048583984,17.934326171875,6.318186283111572,74.04395294189453
2001-08-29,7.378206253051758,12.962715148925781,8.81574821472168,18.617055892944336,17.8139591217041,6.280632019042969,73.38341522216797
2001-08-30,7.271905899047852,12.874220848083496,8.474248886108398,18.235342025756836,17.484548568725586,6.20759916305542,71.97341918945312
2001-08-31,7.271905899047852,12.913556098937988,8.544774055480957,18.409452438354492,17.642915725708008,6.211771488189697,72.50057983398438
2001-09-04,7.314927577972412,12.859478950500488,8.359183311462402,18.329097747802734,17.47820472717285,6.276454448699951,72.0369644165039
2001-09-05,7.340240955352783,12.780823707580566,8.288654327392578,18.34249496459961,17.52254867553711,6.238897323608398,72.21475219726562
2001-09-06,7.289620876312256,12.485888481140137,7.895196437835693,17.806743621826172,17.218469619750977,6.190904140472412,70.35381317138672
2001-09-07,7.284552097320557,12.240104675292969,7.802397727966309,17.458507537841797,16.787694931030273,6.182559490203857,69.05179595947266
2001-09-10,7.307336330413818,12.264679908752441,7.9694342613220215,17.230823516845703,16.75602149963379,6.28480339050293,69.89656066894531
2001-09-17,7.1579999923706055,11.723957061767578,7.460908889770508,15.79101276397705,15.203948974609375,6.2284650802612305,66.24453735351562
2001-09-18,6.8112359046936035,11.576480865478516,7.394089698791504,15.503050804138184,14.988554954528809,6.272284030914307,66.08573150634766
2001-09-19,6.5657196044921875,11.49291706085205,7.327275276184082,15.248577117919922,14.61479663848877,6.224289894104004,64.75196075439453
2001-09-20,6.380945205688477,10.986597061157227,7.008055210113525,14.665952682495117,13.778582572937012,6.303582191467285,62.69409942626953
2001-09-21,6.383749961853027,10.813289642333984,6.807616233825684,14.71218204498291,13.791939735412598,6.125064849853516,62.017669677734375
2001-09-24,6.215754508972168,11.376174926757812,7.189937591552734,15.16774845123291,14.714375495910645,6.146090030670166,64.19800567626953
2001-09-25,6.147027492523193,11.558863639831543,7.256748199462891,15.060553550720215,14.809794425964355,6.238607406616211,64.86741638183594
2001-09-26,6.103757858276367,11.672429084777832,7.0117692947387695,15.201253890991211,14.54897403717041,6.089319705963135,64.63787078857422
2001-09-27,6.345569610595703,11.864995002746582,6.956087112426758,15.435738563537598,14.7080078125,6.013625621795654,65.19892883300781
2001-09-28,6.5720977783203125,12.185933113098145,7.145389556884766,15.74390983581543,15.057892799377441,6.152398109436035,66.58231353759766
2001-10-01,6.480474948883057,12.151371002197266,7.052599906921387,15.449132919311523,14.924304962158203,6.2049665451049805,66.47396087646484
2001-10-02,6.623011112213135,12.319252014160156,7.045174598693848,15.650116920471191,15.216938018798828,6.272252559661865,67.30908203125
2001-10-03,6.7146430015563965,12.516756057739258,7.5165815353393555,16.23296546936035,15.58590316772461,6.339536666870117,68.43753051757812
2001-10-04,6.872454643249512,12.418007850646973,7.676193714141846,16.186073303222656,15.60499095916748,6.27646017074585,68.49484252929688
2001-10-05,6.923361301422119,12.077308654785156,7.672485828399658,16.01188850402832,15.592264175415039,6.289072513580322,68.36100006103516
2001-10-08,6.936088562011719,11.805742263793945,7.724449634552002,15.891300201416016,15.407783508300781,6.347946643829346,67.91475677490234
2001-10-09,6.948816776275635,11.90449333190918,7.546278476715088,15.74390983581543,15.35053539276123,6.31640625,67.55137634277344
2001-10-10,7.2568039894104,12.092120170593262,7.780126571655273,16.085590362548828,15.630437850952148,6.329026222229004,69.055908203125
2001-10-11,7.254257678985596,12.284685134887695,8.15503215789795,16.467470169067383,16.09483528137207,6.236506938934326,70.12693786621094
2001-10-12,7.205894947052002,12.092120170593262,8.13647174835205,16.320068359375,15.942150115966797,6.194453716278076,69.80817413330078
2001-10-15,7.073535442352295,12.146435737609863,8.080792427062988,16.380367279052734,16.050308227539062,6.183939456939697,69.6806640625
2001-10-16,7.157534122467041,12.343940734863281,8.166163444519043,16.541156768798828,16.01214027404785,6.230198860168457,70.12052154541016
2001-10-17,7.121901988983154,12.220494270324707,7.794981479644775,16.045392990112305,15.636801719665527,6.223891735076904,68.6287612915039
2001-10-18,6.8342742919921875,12.205683708190918,7.7764177322387695,15.79079818725586,15.573192596435547,6.104038238525391,68.48216247558594
2001-10-19,6.859726905822754,12.008182525634766,7.880349159240723,15.737204551696777,15.484121322631836,6.209174156188965,68.43753051757812
2001-10-22,6.943722248077393,12.29949951171875,8.065937042236328,16.17938804626465,15.808572769165039,6.091423988342285,69.78910064697266
2001-10-23,6.918272495269775,12.329133987426758,8.073365211486816,16.279870986938477,15.725861549377441,5.935825824737549,69.43205261230469
2001-10-24,6.821545600891113,12.284685134887695,8.17358684539795,16.018579483032227,15.802206039428711,5.883256435394287,69.24714660644531
2001-10-25,6.994628429412842,12.447625160217285,8.370318412780762,16.112388610839844,16.050308227539062,5.923210620880127,70.49031829833984
2001-10-26,7.129535675048828,12.590816497802734,8.38145637512207,16.25307846069336,16.34929847717285,5.942132472991943,70.33094024658203
2001-10-29,7.063357830047607,12.146435737609863,7.9805731773376465,15.837700843811035,15.744954109191895,5.9316205978393555,68.50123596191406
2001-10-30,6.8266377449035645,12.121743202209473,7.817245006561279,15.616616249084473,15.401423454284668,5.8433074951171875,67.67884063720703
2001-10-31,6.836819648742676,12.01312255859375,7.924890995025635,15.824312210083008,15.325089454650879,5.828589916229248,67.44938659667969
2001-11-01,6.9411821365356445,12.210619926452637,8.199573516845703,16.045392990112305,15.643157958984375,5.876950263977051,69.17704772949219
2001-11-02,6.75282096862793,12.274806022644043,8.21070671081543,16.132484436035156,15.884900093078613,5.900079727172852,69.64877319335938
2001-11-05,6.712099075317383,12.54144287109375,8.463117599487305,16.380367279052734,16.120277404785156,5.95685338973999,70.5604476928711
2001-11-06,6.671370506286621,12.694504737854004,8.760074615478516,16.581350326538086,16.34929847717285,5.982082843780518,71.65696716308594
2001-11-07,6.699367523193359,12.74388313293457,8.722952842712402,16.48756217956543,16.311132431030273,5.9042840003967285,71.56135559082031
2001-11-08,6.829184532165527,12.783379554748535,8.76749324798584,16.628244400024414,16.482892990112305,5.984185695648193,71.78450012207031
2001-11-09,6.961542129516602,12.699447631835938,8.73408317565918,16.527753829956055,16.425634384155273,6.022035121917725,71.86100006103516
2001-11-12,6.943722248077393,12.640190124511719,8.800898551940918,16.56795310974121,16.234792709350586,6.001009941101074,71.42109680175781
2001-11-13,6.999723434448242,12.98088550567627,9.112696647644043,17.050317764282227,16.635568618774414,5.9968037605285645,73.02765655517578
2001-11-14,6.658647060394287,12.956199645996094,9.160950660705566,17.25130844116211,16.71827507019043,5.933722496032715,73.09777069091797
2001-11-15,6.322654724121094,12.877196311950684,9.105270385742188,17.452295303344727,16.800966262817383,5.923210620880127,73.23164367675781
2001-11-16,6.43974494934082,12.812997817993164,9.075577735900879,17.452295303344727,16.9345703125,5.986287593841553,72.90650939941406
2001-11-19,6.424474716186523,13.074692726135254,9.264883041381836,17.753774642944336,17.087242126464844,5.9715704917907715,73.80543518066406
2001-11-20,6.661191940307617,13.000640869140625,9.005058288574219,17.753774642944336,16.858226776123047,5.984185695648193,73.18702697753906
2001-11-21,6.57464599609375,12.887072563171387,8.915962219238281,17.57957649230957,16.89004135131836,5.940032482147217,72.70250701904297
2001-11-23,6.635738372802734,13.084569931030273,9.05330753326416,17.653270721435547,17.093605041503906,5.933722496032715,73.74807739257812
2001-11-26,6.52628755569458,13.153702735900879,9.209205627441406,17.881057739257812,17.17630386352539,5.940032482147217,73.90742492675781
2001-11-27,6.53137731552124,13.183321952819824,9.179511070251465,17.820770263671875,17.061805725097656,5.860128402709961,73.58866882324219
2001-11-28,6.378652095794678,12.788320541381836,8.889981269836426,17.546083450317383,16.794612884521484,5.782332897186279,72.25624084472656
2001-11-29,6.488106727600098,12.926572799682617,9.127552032470703,17.586288452148438,16.89004135131836,5.7802276611328125,73.23164367675781
2001-11-30,6.455018043518066,12.793252944946289,9.108986854553223,17.65998077392578,16.858226776123047,5.7549967765808105,72.70889282226562
2001-12-03,6.541558265686035,12.615503311157227,8.9790678024292,17.673385620117188,16.7119083404541,5.765507698059082,72.27536010742188
2001-12-04,6.633192539215088,12.788320541381836,9.261175155639648,17.901168823242188,16.91547966003418,5.83069372177124,73.49938201904297
2001-12-05,6.770644664764404,12.966070175170898,9.706599235534668,18.52422523498535,17.278099060058594,5.872743606567383,74.84455871582031
2001-12-06,6.569553852081299,13.133951187133789,9.680618286132812,18.591215133666992,17.48802947998047,5.81807804107666,74.8062973022461
2001-12-07,6.612829208374023,13.045075416564941,9.502448081970215,18.484020233154297,17.297178268432617,5.824386119842529,74.30906677246094
2001-12-10,6.521198749542236,12.83769416809082,9.29458236694336,18.061954498291016,17.029998779296875,5.784434795379639,72.91925811767578
2001-12-11,6.414290428161621,12.911758422851562,9.361391067504883,18.189241409301758,16.953651428222656,5.691913604736328,72.77262878417969
2001-12-12,6.429559707641602,12.862380981445312,9.398513793945312,18.108850479125977,17.036354064941406,5.7549967765808105,72.85552978515625
2001-12-13,6.325207233428955,12.659941673278809,9.06443977355957,17.720277786254883,16.91547966003418,5.7486891746521,71.44017791748047
2001-12-14,6.388839244842529,12.590816497802734,9.10156536102295,17.686784744262695,16.743715286254883,5.708736419677734,72.12237548828125
2001-12-17,6.373566627502441,12.763628959655762,9.276023864746094,17.85426139831543,16.998188018798828,5.733967304229736,72.86825561523438
2001-12-18,6.457563400268555,12.88212776184082,9.313139915466309,18.11553955078125,17.40532684326172,5.786536693572998,73.3017578125
2001-12-19,6.605189800262451,13.133951187133789,9.179511070251465,18.02174949645996,17.57072639465332,5.910593509674072,73.81817626953125
2001-12-20,6.57464599609375,13.07964038848877,8.864001274108887,17.8006649017334,17.468948364257812,5.881157398223877,73.09141540527344
2001-12-21,6.619631290435791,12.987893104553223,8.982783317565918,17.771800994873047,17.66615104675293,5.839834213256836,73.53469848632812
2001-12-24,6.729532241821289,12.97797679901123,8.949372291564941,17.85234260559082,17.685230255126953,5.886455535888672,73.39398193359375
2001-12-26,6.847100734710693,13.037481307983398,9.019901275634766,17.986570358276367,17.748851776123047,5.88009786605835,73.79696655273438
2001-12-27,6.870100498199463,13.027569770812988,9.097850799560547,18.18792152404785,17.742494583129883,5.958497524261475,74.2447738647461
2001-12-28,6.900774002075195,13.166414260864258,9.116408348083496,18.369125366210938,17.84427261352539,5.9373087882995605,74.20639038085938
2001-12-31,6.824098587036133,13.042445182800293,8.908539772033691,18.087242126464844,17.621618270874023,5.939425945281982,73.11891174316406
2002-01-02,6.772981643676758,13.027569770812988,9.131254196166992,18.241605758666992,17.621618270874023,6.0241851806640625,73.90575408935547
2002-01-03,6.732089042663574,13.116827964782715,9.532144546508789,18.32213592529297,17.61526107788086,6.055967330932617,74.7437973022461
2002-01-04,6.762758731842041,13.290401458740234,9.591533660888672,18.536911010742188,17.621618270874023,6.0284223556518555,75.24272918701172
2002-01-07,6.760203838348389,13.255685806274414,9.487598419189453,18.557037353515625,17.50074005126953,6.034777641296387,74.7117919921875
2002-01-08,6.701415061950684,13.072196960449219,9.558125495910645,18.657718658447266,17.449859619140625,5.960616588592529,74.5390625
2002-01-09,6.709084987640381,13.141626358032227,9.48388957977295,18.557037353515625,17.354434967041016,5.907643795013428,73.93131256103516
2002-01-10,6.657968044281006,13.092034339904785,9.405938148498535,18.610740661621094,17.17630386352539,5.954260349273682,74.25755310058594
2002-01-11,6.530175685882568,13.017645835876465,9.316852569580078,18.489925384521484,16.896394729614258,5.897049903869629,73.5282974243164
2002-01-14,6.450948715209961,12.918463706970215,9.172088623046875,18.355703353881836,16.70555305480957,5.95214319229126,73.06773376464844
2002-01-15,6.555737495422363,13.201131820678711,9.231476783752441,18.583881378173828,16.72463035583496,5.954260349273682,73.66264343261719
2002-01-16,6.4202752113342285,13.037481307983398,9.005058288574219,18.127506256103516,16.158456802368164,5.928831577301025,72.17213439941406
2002-01-17,6.417720794677734,13.161459922790527,9.227764129638672,18.241605758666992,16.222063064575195,5.869503021240234,72.71588134765625
2002-01-18,6.364047050476074,13.111871719360352,8.919676780700684,18.10067367553711,16.336578369140625,5.858908653259277,72.3832015991211
2002-01-22,6.318042278289795,13.067234992980957,8.600456237792969,18.05368995666504,16.431995391845703,5.73176908493042,71.88424682617188
2002-01-23,6.496954441070557,13.126748085021973,8.730372428894043,17.986570358276367,16.34929847717285,5.8165283203125,72.43441772460938
2002-01-24,6.58640718460083,13.141626358032227,8.860288619995117,18.134218215942383,16.49561309814453,5.803813934326172,72.6583023071289
2002-01-25,6.657968044281006,13.225931167602539,8.826882362365723,18.15435791015625,16.72463035583496,5.767792701721191,72.63910675048828
2002-01-28,6.555737495422363,13.092034339904785,8.889981269836426,18.18792152404785,16.7119083404541,5.767792701721191,72.83740997314453
2002-01-29,6.37682580947876,12.521733283996582,8.574471473693848,17.845630645751953,16.07575225830078,5.693629264831543,70.5472640991211
2002-01-30,6.427942276000977,12.680431365966797,8.685826301574707,17.771800994873047,16.253881454467773,5.6872711181640625,71.56439208984375
2002-01-31,6.58129358291626,12.893671989440918,8.812029838562012,17.953012466430664,16.508337020874023,5.725414752960205,72.40242004394531
2002-02-01,6.617074966430664,12.734981536865234,8.648707389831543,17.91946792602539,16.381099700927734,5.738126277923584,72.06339263916016
2002-02-04,6.440722465515137,12.273775100708008,8.403722763061523,17.577180862426758,15.65589427947998,5.678797245025635,70.27220916748047
2002-02-05,6.397274494171143,12.273775100708008,8.273808479309082,17.671133041381836,15.43958854675293,5.602513313293457,69.83716583251953
2002-02-06,6.440722465515137,12.100213050842285,8.225558280944824,17.577180862426758,15.55410385131836,5.490207672119141,69.53656005859375
2002-02-07,6.366603374481201,12.214272499084473,8.103062629699707,17.91946792602539,15.738582611083984,5.568608283996582,69.10150909423828
2002-02-08,6.438167095184326,12.536614418029785,8.258962631225586,18.288583755493164,15.834012031555176,5.598276138305664,70.42571258544922
2002-02-11,6.522510528564453,12.645711898803711,8.444559097290039,18.45636558532715,16.177534103393555,5.636419296264648,71.28929901123047
2002-02-12,6.491839408874512,12.501900672912598,8.307212829589844,18.288583755493164,16.037580490112305,5.636419296264648,71.06542205810547
2002-02-13,6.530175685882568,12.7548189163208,8.440840721130371,18.590604782104492,16.20933723449707,5.670321941375732,71.82026672363281
2002-02-14,6.583847522735596,12.730018615722656,8.351760864257812,18.644285202026367,16.266603469848633,5.683033466339111,71.68592834472656
2002-02-15,6.588962078094482,12.531657218933105,8.110487937927246,18.355703353881836,16.1520938873291,5.672440052032471,70.93746185302734
2002-02-19,6.530175685882568,12.189480781555176,7.824667453765869,18.05368995666504,16.107563018798828,5.574967861175537,69.57489776611328
2002-02-20,6.50972843170166,12.417596817016602,7.921178817749023,18.489925384521484,16.342931747436523,5.644891262054443,70.74559020996094
2002-02-21,6.58640718460083,12.273775100708008,7.553703784942627,18.355703353881836,16.279319763183594,5.532588958740234,69.28065490722656
2002-02-22,6.767871856689453,12.199395179748535,7.601959228515625,18.52348518371582,16.4383602142334,5.6088714599609375,70.13786315917969
2002-02-25,6.864993095397949,12.511820793151855,7.858077526092529,18.845638275146484,16.870952606201172,5.672440052032471,71.29566955566406
2002-02-26,6.829214096069336,12.501900672912598,7.809823513031006,18.791946411132812,16.9345703125,5.666081428527832,71.14859771728516
2002-02-27,6.824098587036133,12.630834579467773,7.754143714904785,18.724830627441406,17.138132095336914,5.704223155975342,71.42366790771484
2002-02-28,6.806206226348877,12.67050552368164,7.6650614738464355,18.778520584106445,16.921838760375977,5.714815616607666,71.10379791259766
2002-03-01,6.903329849243164,12.84408187866211,8.051095962524414,19.134227752685547,17.316265106201172,5.837717056274414,72.76068115234375
2002-03-04,7.054123878479004,13.28048038482666,8.344337463378906,19.328859329223633,17.907886505126953,5.907643795013428,74.04649353027344
2002-03-05,7.056682109832764,13.290401458740234,8.370318412780762,19.30201530456543,17.685230255126953,5.9118828773498535,73.80977630615234
2002-03-06,7.19214391708374,13.513556480407715,8.451984405517578,19.57046127319336,18.219600677490234,6.0284223556518555,74.68616485595703
2002-03-07,7.245818138122559,13.394542694091797,8.422284126281738,19.42281150817871,18.003311157226562,5.99240255355835,74.52626037597656
2002-03-08,7.212587833404541,13.45405387878418,8.644998550415039,19.624155044555664,18.12417984008789,5.975449562072754,74.83975219726562
2002-03-11,7.289261341094971,13.533397674560547,8.670980453491211,19.53019905090332,18.162357330322266,5.994519233703613,74.99962615966797
2002-03-12,7.353158473968506,13.538348197937012,8.485383987426758,19.463085174560547,18.12417984008789,5.933068752288818,74.9548568725586
2002-03-13,7.304596900939941,13.41437816619873,8.262670516967773,19.39596939086914,17.876081466674805,5.933068752288818,74.23200988769531
2002-03-14,7.302037715911865,13.449091911315918,8.166163444519043,19.53019905090332,17.89516830444336,5.9118828773498535,74.1296157836914
2002-03-15,7.354869365692139,13.732698440551758,8.225558280944824,19.888071060180664,17.909204483032227,5.961867332458496,74.83595275878906
2002-03-18,7.411288738250732,13.702842712402344,8.251538276672363,20.062646865844727,17.83902359008789,5.989633560180664,74.84880828857422
2002-03-19,7.501043319702148,13.697872161865234,8.284945487976074,20.042505264282227,18.03041648864746,6.017406940460205,75.3492202758789
2002-03-20,7.421545505523682,13.483916282653809,8.032538414001465,20.049217224121094,17.8326358795166,5.981090068817139,73.931396484375
2002-03-21,7.462575912475586,13.488896369934082,8.192151069641113,19.9216365814209,17.475351333618164,6.045171737670898,73.96345520019531
2002-03-22,7.28819465637207,13.483916282653809,8.073365211486816,19.814224243164062,17.37327003479004,5.9746809005737305,73.8030776977539
2002-03-25,7.2215189933776855,13.269970893859863,7.891480922698975,19.518789291381836,17.098918914794922,5.983226776123047,72.88570404052734
2002-03-26,7.280500411987305,13.43416976928711,7.950873374938965,19.40463638305664,17.20737648010254,5.951184272766113,73.30909729003906
2002-03-27,7.449751377105713,13.608304977416992,7.947165489196777,19.693357467651367,17.322216033935547,5.966139316558838,73.50157928466797
2002-03-28,7.408724308013916,13.50880241394043,8.043671607971191,19.867923736572266,17.379640579223633,6.019539833068848,73.46949768066406
2002-04-01,7.460011005401611,13.483916282653809,8.132752418518066,19.68665313720703,17.37327003479004,5.9575934410095215,73.50157928466797
2002-04-02,7.552333354949951,13.533669471740723,7.895196437835693,19.572492599487305,17.20737648010254,5.991771221160889,73.09739685058594
2002-04-03,7.388205051422119,13.334650993347168,7.772705078125,19.317352294921875,16.971315383911133,5.991771221160889,72.58416748046875
2002-04-04,7.254854679107666,13.454057693481445,7.8061137199401855,19.592641830444336,17.105297088623047,6.000317096710205,72.28265380859375
2002-04-05,7.172792434692383,13.5187406539917,7.683619499206543,19.82765007019043,17.181867599487305,5.968273639678955,72.29545593261719
2002-04-08,7.283060073852539,13.558550834655762,7.646499156951904,19.908218383789062,17.31584358215332,5.925551414489746,72.44940948486328
2002-04-09,7.177920818328857,13.643133163452148,7.453484535217285,19.935075759887695,17.30308723449707,5.799521446228027,71.94261169433594
2002-04-10,7.259982585906982,13.692890167236328,7.475752830505371,20.116365432739258,17.705034255981445,5.921280860900879,72.75738525390625
2002-04-11,7.185613632202148,13.354548454284668,7.22705602645874,19.78064727783203,17.1372013092041,5.743980884552002,70.9482650756836
2002-04-12,6.949687480926514,13.523726463317871,7.349547863006592,19.84779167175293,17.111677169799805,5.782430171966553,71.480712890625
2002-04-15,7.085600852966309,13.34957504272461,7.368106365203857,19.83436393737793,16.933032989501953,5.692714691162109,70.93534851074219
2002-04-16,7.2189531326293945,13.6232328414917,7.702177047729492,19.968650817871094,17.232898712158203,5.831562519073486,72.62264251708984
2002-04-17,7.308707237243652,13.658065795898438,7.731870651245117,20.015644073486328,17.111677169799805,5.861469268798828,72.46868896484375
2002-04-18,7.344614028930664,13.658065795898438,7.650209426879883,20.223783493041992,16.984079360961914,5.846517086029053,72.15433502197266
2002-04-19,7.377950191497803,13.633191108703613,7.627939224243164,20.38494110107422,16.888370513916016,5.795250415802002,72.41735076904297
2002-04-22,7.306143760681152,13.449085235595703,7.438632965087891,20.290937423706055,16.620403289794922,5.707668304443359,71.21123504638672
2002-04-23,7.28819465637207,13.384405136108398,7.286444664001465,20.143224716186523,16.588504791259766,5.735439300537109,70.90330505371094
2002-04-24,7.157402992248535,13.299821853637695,7.175087928771973,20.27751350402832,16.448139190673828,5.750391006469727,70.19123840332031
2002-04-25,7.208697319030762,13.175427436828613,7.223346710205078,20.33794403076172,16.250341415405273,5.711939334869385,70.22972106933594
2002-04-26,7.129197597503662,13.125678062438965,6.97835636138916,20.008935928344727,16.08446502685547,5.620087623596191,68.8952865600586
2002-04-29,7.083035469055176,13.011234283447266,6.93381929397583,19.552356719970703,15.733553886413574,5.536779880523682,68.5552749633789
2002-04-30,7.1420183181762695,13.165478706359863,7.071156024932861,19.747074127197266,16.18016815185547,5.654268264770508,69.19683074951172
2002-05-01,7.185613632202148,13.255043029785156,7.0117692947387695,20.102933883666992,16.231216430664062,5.707668304443359,70.04364776611328
2002-05-02,7.239467144012451,13.384405136108398,6.83359432220459,20.03579330444336,16.28863525390625,5.671356201171875,69.77418518066406
2002-05-03,7.265111446380615,13.319725036621094,6.670272350311279,19.908218383789062,16.295021057128906,5.63931131362915,69.0171890258789
2002-05-06,7.016360282897949,13.011234283447266,6.480963706970215,19.532215118408203,15.835641860961914,5.609407424926758,67.66353607177734
2002-05-07,6.983022212982178,12.95152759552002,6.480963706970215,19.572492599487305,15.848401069641113,5.553873062133789,67.42616271972656
2002-05-08,7.129197597503662,13.334650993347168,7.15281867980957,20.008935928344727,16.50555992126465,5.632905960083008,69.9345932006836
2002-05-09,7.065081596374512,13.175427436828613,6.918966770172119,19.78064727783203,16.22482681274414,5.585911750793457,69.12623596191406
2002-05-10,7.0599589347839355,13.006255149841309,6.681406497955322,19.518789291381836,15.982388496398926,5.457746505737305,67.82392120361328
2002-05-13,7.195871829986572,13.240113258361816,6.944955348968506,19.747074127197266,16.08446502685547,5.5239667892456055,69.2032470703125
2002-05-14,7.216391563415527,13.444117546081543,7.279023170471191,20.102933883666992,16.441762924194336,5.607274532318115,70.71085357666016
2002-05-15,7.095856666564941,13.379423141479492,7.256748199462891,20.27751350402832,16.50555992126465,5.577366352081299,70.43498992919922
2002-05-16,7.177920818328857,13.538651466369629,7.364393711090088,20.33123016357422,16.607646942138672,5.598727226257324,70.80069732666016
2002-05-17,7.118940353393555,13.598357200622559,7.401514053344727,20.324508666992188,16.754383087158203,5.545324325561523,71.14710235595703
2002-05-20,7.0702128410339355,13.364503860473633,7.208495616912842,20.143224716186523,16.620403289794922,5.575228691101074,70.37723541259766
2002-05-21,7.075344562530518,13.240113258361816,7.0303263664245605,19.968650817871094,16.365188598632812,5.615818023681641,69.73567962646484
2002-05-22,7.193309783935547,13.264988899230957,7.115699291229248,19.84779167175293,16.435379028320312,5.71621561050415,69.88967895507812
2002-05-23,7.254854679107666,13.409282684326172,7.171374797821045,20.02907371520996,16.741622924804688,5.818743705749512,70.63385772705078
2002-05-24,7.175360202789307,13.319725036621094,7.015476226806641,19.948501586914062,16.556608200073242,5.758934497833252,69.72930145263672
2002-05-28,7.118940353393555,13.180403709411621,6.95237398147583,19.928359985351562,16.3715763092041,5.799521446228027,69.35078430175781
2002-05-29,7.052261829376221,13.175427436828613,6.82246208190918,19.914928436279297,16.186553955078125,5.703398704528809,68.83756256103516
2002-05-30,6.916347980499268,13.120699882507324,6.855868816375732,19.87464714050293,16.116369247436523,5.649993419647217,68.64508056640625
2002-05-31,7.016360282897949,13.125678062438965,6.777918338775635,20.022363662719727,16.250341415405273,5.607274532318115,68.78620910644531
2002-06-03,6.7958173751831055,12.86694049835205,6.577474117279053,19.6799259185791,15.63785457611084,5.4791083335876465,66.95782470703125
2002-06-04,6.7958173751831055,12.782350540161133,6.670272350311279,19.63292694091797,15.510249137878418,5.49832820892334,67.1246109008789
2002-06-05,6.770169258117676,12.90674877166748,6.7519330978393555,19.800785064697266,15.771839141845703,5.4769721031188965,67.75333404541016
2002-06-06,6.698367118835449,12.628118515014648,6.588609218597412,19.532215118408203,15.395407676696777,5.3167643547058105,66.37400817871094
2002-06-07,6.767606735229492,12.66792106628418,6.443847179412842,19.6732120513916,15.395407676696777,5.378709316253662,66.29705810546875
2002-06-10,6.64194917678833,12.73757266998291,6.38446044921875,19.71350860595703,15.516624450683594,5.397934436798096,66.55366516113281
2002-06-11,6.541935920715332,12.51367473602295,6.24340295791626,19.565784454345703,15.331608772277832,5.308218002319336,65.41168975830078
2002-06-12,6.6342549324035645,12.583327293395996,6.369607448577881,19.16292381286621,15.325224876403809,5.41716194152832,65.8094711303711
2002-06-13,6.62656307220459,12.289772987365723,6.261964321136475,18.813766479492188,15.286943435668945,5.410750865936279,65.14868927001953
2002-06-14,6.618866443634033,12.404208183288574,6.250825881958008,18.672771453857422,15.210382461547852,5.342394828796387,65.05245208740234
2002-06-17,6.790688991546631,12.961478233337402,6.462403297424316,19.19649314880371,15.63785457611084,5.462018013000488,66.79743957519531
2002-06-18,6.757349967956543,12.986352920532227,6.391880035400391,19.28377342224121,15.784605026245117,5.502602577209473,67.3427734375
2002-06-19,6.690675735473633,12.86196517944336,6.13947057723999,19.216623306274414,15.663384437561035,5.350937366485596,65.77096557617188
2002-06-20,6.677851676940918,12.603232383728027,5.998418807983398,18.70634651184082,15.54214859008789,5.286858558654785,64.93055725097656
2002-06-21,6.635543346405029,12.464296340942383,5.827671527862549,18.31477928161621,15.151371002197266,5.305618762969971,63.915306091308594
2002-06-24,6.694876194000244,12.499279022216797,5.92789363861084,18.455820083618164,15.362438201904297,5.217196941375732,64.25008392333984
2002-06-25,6.666500568389893,12.3793363571167,5.7237396240234375,18.16703987121582,15.036249160766602,5.1826863288879395,62.80796432495117
2002-06-26,6.6690802574157715,12.144445419311523,5.727451324462891,18.469257354736328,15.029857635498047,5.128767967224121,62.91099166870117
2002-06-27,6.702618598937988,12.40432071685791,5.879637241363525,18.939390182495117,15.266495704650879,5.124454498291016,64.01187133789062
2002-06-28,6.759377956390381,12.564251899719238,5.8722147941589355,18.590147018432617,15.253705024719238,5.230133056640625,63.70928192138672
2002-07-01,6.694876194000244,12.304370880126953,5.6235175132751465,17.81108283996582,14.914731979370117,5.122297286987305,62.4667854309082
2002-07-02,6.5633039474487305,12.134454727172852,5.456482410430908,17.40811538696289,14.684490203857422,5.014459133148193,61.14055252075195
2002-07-03,6.6045823097229,11.999516487121582,5.656924247741699,17.434978485107422,14.703669548034668,4.984262466430664,61.48823165893555
2002-07-05,6.759377956390381,12.459297180175781,5.961300373077393,18.019290924072266,15.311267852783203,5.0424933433532715,63.934608459472656
2002-07-08,6.676817893981934,12.394330024719238,5.7831292152404785,17.797664642333984,15.055439949035645,4.977793216705322,63.136329650878906
2002-07-09,6.594263553619385,12.06948184967041,5.697755336761475,16.985000610351562,14.678094863891602,4.846229553222656,61.54616165161133
2002-07-10,6.313053607940674,11.684654235839844,5.545568466186523,16.199220657348633,14.319933891296387,4.572324752807617,59.305789947509766
2002-07-11,6.191796779632568,11.84458065032959,5.749721527099609,16.508153915405273,14.33912467956543,4.731924533843994,59.788631439208984
2002-07-12,6.080862522125244,11.66966438293457,5.7237396240234375,16.723072052001953,14.294355392456055,4.55507230758667,59.13195037841797
2002-07-15,5.946704387664795,11.66966438293457,5.835097312927246,16.42085075378418,14.185622215270996,4.626242637634277,59.44737243652344
2002-07-16,5.856408596038818,11.434767723083496,5.768283367156982,16.30667495727539,13.891426086425781,4.4903645515441895,58.30146026611328
2002-07-17,5.92090368270874,11.36479377746582,5.809112071990967,16.662633895874023,14.057711601257324,4.406252384185791,58.4173583984375
2002-07-18,5.882206439971924,10.969985008239746,5.686620235443115,15.876848220825195,13.648388862609863,4.30272912979126,56.52461624145508
2002-07-19,5.521019458770752,10.73508358001709,5.50844669342041,15.225388526916504,13.226269721984863,4.061172962188721,54.535308837890625
2002-07-22,5.183051109313965,10.370255470275879,5.2189202308654785,15.097784996032715,12.804160118103027,3.9619600772857666,52.919403076171875
2002-07-23,5.108232498168945,9.780523300170898,4.959088325500488,14.815702438354492,12.516347885131836,3.653545618057251,51.470882415771484
2002-07-24,5.446202754974365,10.370255470275879,5.215209484100342,15.776108741760254,13.187901496887207,3.979215145111084,54.541744232177734
2002-07-25,5.422979831695557,10.29529094696045,4.9034104347229,16.313392639160156,13.200692176818848,4.097837924957275,54.07821273803711
2002-07-26,5.4952192306518555,10.610147476196289,4.970228672027588,16.676057815551758,13.411747932434082,4.043920516967773,55.108306884765625
2002-07-29,5.812548637390137,11.31982421875,5.263465404510498,17.42154884338379,14.249584197998047,4.108621120452881,57.792869567871094
2002-07-30,5.722249507904053,11.344808578491211,5.345126152038574,17.54915428161621,14.415863990783691,4.442920207977295,58.54612731933594
2002-07-31,5.822866439819336,11.519729614257812,5.3154296875,18.05286407470703,14.39029598236084,4.460172653198242,58.687747955322266
2002-08-01,5.479739189147949,11.234859466552734,5.081583023071289,17.54915428161621,14.070508003234863,4.395469665527344,57.1555290222168
2002-08-02,5.417820930480957,10.949993133544922,4.973937034606934,17.40811538696289,13.558850288391113,4.309198379516602,55.8743782043457
2002-08-05,5.216588973999023,10.520187377929688,4.75864839553833,16.662633895874023,13.111152648925781,4.233710765838623,53.930145263671875
2002-08-06,5.404919147491455,10.865022659301758,4.959088325500488,17.072315216064453,13.558850288391113,4.40841007232666,55.745635986328125
2002-08-07,5.4823198318481445,11.004968643188477,5.04817533493042,17.64318084716797,13.897811889648438,4.440762519836426,56.71773147583008
2002-08-08,5.714514255523682,11.579700469970703,5.233767032623291,18.30136489868164,14.30074691772461,4.52271842956543,58.552547454833984
2002-08-09,5.817709445953369,11.679656982421875,5.215209484100342,18.274494171142578,14.409478187561035,4.533502578735352,58.77140808105469
2002-08-12,5.804806232452393,11.549715042114258,5.166953086853027,18.30136489868164,14.243188858032227,4.611143112182617,58.34010696411133
2002-08-13,5.717090606689453,11.274843215942383,5.04817533493042,17.864818572998047,13.910609245300293,4.4838972091674805,57.27784729003906
2002-08-14,5.941546440124512,11.724637985229492,5.363685607910156,18.31477928161621,14.211215019226074,4.619772911071777,59.37016677856445
2002-08-15,6.1092376708984375,11.8695707321167,5.437923431396484,18.44239044189453,14.326334953308105,4.62839937210083,60.19419860839844
2002-08-16,6.011201858520508,11.784602165222168,5.567838191986084,18.29464340209961,14.313530921936035,4.55507230758667,60.013919830322266
2002-08-19,6.06022310256958,12.084471702575684,5.771992206573486,18.549854278564453,14.65251636505127,4.626242637634277,61.417381286621094
2002-08-20,5.908005714416504,11.919549942016602,5.608668804168701,18.31477928161621,14.582159996032715,4.6133012771606445,60.76715850830078
2002-08-21,5.92090368270874,11.944540023803711,5.7831292152404785,18.623729705810547,14.626932144165039,4.755646705627441,61.642704010009766
2002-08-22,6.088598251342773,12.084471702575684,5.849944591522217,19.208036422729492,14.837980270385742,4.852702617645264,62.24147033691406
2002-08-23,5.990561485290527,11.829587936401367,5.638365268707275,18.711044311523438,14.4926176071167,4.777215003967285,60.90235137939453
2002-08-26,6.070540428161621,12.004508972167969,5.6754841804504395,18.919231414794922,14.671701431274414,4.852702617645264,61.32728958129883
2002-08-27,6.067956924438477,11.89455795288086,5.486180305480957,18.3819580078125,14.543783187866211,4.805256366729736,60.61912536621094
2002-08-28,5.923483371734619,11.69964599609375,5.333989143371582,18.234195709228516,14.262370109558105,4.775060653686523,59.292884826660156
2002-08-29,5.871889114379883,11.709644317626953,5.408228397369385,18.281208038330078,14.15364933013916,4.708199977874756,59.318660736083984
2002-08-30,5.910585880279541,11.73462963104248,5.270887851715088,18.22748374938965,14.166437149047852,4.637025356292725,59.08687973022461
2002-09-03,5.675814151763916,11.159894943237305,5.011054039001465,17.46855926513672,13.673971176147461,4.509777069091797,56.8336181640625
2002-09-04,5.662913799285889,11.369796752929688,5.166953086853027,18.005857467651367,13.808280944824219,4.4817423820495605,57.64482116699219
2002-09-05,5.673233985900879,11.199877738952637,4.992496490478516,17.797664642333984,13.5652494430542,4.468799114227295,57.1555290222168
2002-09-06,5.766109466552734,11.369796752929688,5.159531593322754,17.797664642333984,13.737929344177246,4.468799114227295,57.94097900390625
2002-09-09,5.758371353149414,11.549715042114258,5.215209484100342,17.999134063720703,13.853050231933594,4.460172653198242,58.3658561706543
2002-09-10,5.882206439971924,11.479752540588379,5.304294586181641,18.066293716430664,14.006543159484863,4.358804702758789,59.03538131713867
2002-09-11,5.851245403289795,11.414776802062988,5.333989143371582,18.099870681762695,14.006543159484863,4.36311674118042,58.6684455871582
2002-09-12,5.706772804260254,11.094918251037598,5.137260437011719,17.757356643676758,13.814677238464355,4.250967979431152,57.58684158325195
2002-09-13,5.768689155578613,11.179883003234863,5.159531593322754,17.89168357849121,13.482104301452637,4.313512325286865,57.72852325439453
2002-09-16,5.809971332550049,11.154890060424805,5.074156761169434,17.89168357849121,13.616409301757812,4.263906955718994,57.87013626098633
2002-09-17,5.621632099151611,10.915006637573242,5.011054039001465,17.623031616210938,13.334993362426758,4.108621120452881,56.54393005371094
2002-09-18,5.637112617492676,10.825045585632324,4.959088325500488,17.723773956298828,13.315815925598145,4.244495391845703,55.97739028930664
2002-09-19,5.477158069610596,10.45022201538086,4.736372947692871,17.12604522705078,13.05359172821045,4.156068801879883,54.52888488769531
2002-09-20,5.517368793487549,10.400981903076172,4.76235818862915,17.26011085510254,13.10302448272705,4.058269500732422,54.546993255615234
2002-09-23,5.486236572265625,10.405999183654785,4.613882064819336,17.05801010131836,12.936101913452148,3.9512991905212402,54.100791931152344
2002-09-24,5.328005790710449,10.205018997192383,4.539645671844482,17.04452133178711,12.660048484802246,3.8225011825561523,53.22774887084961
2002-09-25,5.473268032073975,10.405999183654785,4.714104175567627,17.52958106994629,12.904004096984863,3.936018228530884,54.546993255615234
2002-09-26,5.704133033752441,10.707478523254395,4.658426284790039,17.839481353759766,13.154385566711426,4.091014385223389,55.439395904541016
2002-09-27,5.597779750823975,10.37585735321045,4.543357849121094,17.17926788330078,12.653629302978516,4.021157741546631,53.51230239868164
2002-09-30,5.488831043243408,10.385906219482422,4.391169548034668,17.09842300415039,12.53165340423584,4.075735092163086,52.89149856567383
2002-10-01,5.662626266479492,10.828069686889648,4.628732681274414,17.63064193725586,13.07734489440918,4.141224384307861,55.43295669555664
2002-10-02,5.600373268127441,10.395951271057129,4.524796962738037,17.64411735534668,12.627955436706543,4.016792297363281,53.770973205566406
2002-10-03,5.6366868019104,9.978904724121094,4.513660907745361,17.57674217224121,12.52523136138916,3.994960308074951,53.22774887084961
2002-10-04,5.540710926055908,9.702552795410156,4.417150974273682,17.02431297302246,12.197820663452148,3.8115854263305664,52.251277923583984
2002-10-07,5.470675468444824,9.3960542678833,4.33920431137085,16.9838924407959,11.87039852142334,3.7766575813293457,51.17136001586914
2002-10-08,5.411014556884766,9.757827758789062,4.33920431137085,17.482421875,11.960282325744629,3.634760618209839,51.97321701049805
2002-10-09,5.304658889770508,9.345807075500488,4.298372268676758,17.300525665283203,11.555828094482422,3.3247697353363037,50.50528335571289
2002-10-10,5.429172039031982,9.83822250366211,4.524796962738037,17.51610565185547,11.953862190246582,3.549622058868408,52.141353607177734
2002-10-11,5.519959926605225,10.355755805969238,4.810613632202148,17.72494888305664,12.505969047546387,3.5976502895355225,54.42408752441406
2002-10-14,5.673007488250732,10.431119918823242,4.8180365562438965,18.18981170654297,12.435356140136719,3.5910987854003906,54.72806930541992
2002-10-15,5.844207286834717,11.17979621887207,5.122411251068115,18.5131778717041,13.038829803466797,3.602015256881714,57.36003112792969
2002-10-16,5.753416538238525,10.97880744934082,4.844019412994385,18.56707191467285,12.7178316116333,3.477581024169922,55.969661712646484
2002-10-17,5.875333309173584,11.305412292480469,5.04817533493042,18.796131134033203,13.115867614746094,3.5365240573883057,57.08195495605469
2002-10-18,5.87014627456665,11.295364379882812,5.114989280700684,18.80286979675293,13.096603393554688,3.5670852661132812,57.32121276855469
2002-10-21,5.898677349090576,11.481270790100098,5.2189202308654785,18.863500595092773,13.494638442993164,3.7766575813293457,58.31064224243164
2002-10-22,5.732665061950684,11.375757217407227,5.196648120880127,18.5131778717041,13.308453559875488,3.7286314964294434,57.89028549194336
2002-10-23,5.826049327850342,11.380785942077637,5.337701797485352,18.391910552978516,13.443277359008789,3.7963058948516846,58.33002471923828
2002-10-24,5.730071067810059,11.174771308898926,5.252327919006348,18.08875846862793,13.160804748535156,3.798487424850464,57.14015197753906
2002-10-25,5.641875743865967,11.456146240234375,5.3933796882629395,18.418861389160156,13.327718734741211,3.853062629699707,58.33002471923828
2002-10-28,5.631499290466309,11.425999641418457,5.382246017456055,18.338022232055664,13.141546249389648,3.9294705390930176,57.948486328125
2002-10-29,5.468079566955566,11.300386428833008,5.293160438537598,18.108964920043945,13.032403945922852,3.9032721519470215,57.275943756103516
2002-10-30,5.649659156799316,11.425999641418457,5.475040912628174,18.2302303314209,13.04524040222168,3.9905946254730225,57.83207702636719
2002-10-31,5.589996337890625,11.33555793762207,5.478754043579102,18.09549331665039,13.147960662841797,3.981863021850586,57.24361038208008
2002-11-01,5.737852573394775,11.496344566345215,5.642077922821045,18.277389526367188,13.321305274963379,4.001511096954346,58.375301361083984
2002-11-04,5.641875743865967,11.591814994812012,5.861078262329102,18.30432891845703,13.334141731262207,4.14559268951416,58.93143844604492
2002-11-05,5.758604526519775,11.632007598876953,5.823958873748779,18.53339385986328,13.462538719177246,4.14559268951416,59.39703369140625
2002-11-06,5.810484409332275,11.657132148742676,5.916759490966797,18.910663604736328,13.712907791137695,4.232912063598633,60.16658401489258
2002-11-07,5.701536655426025,11.235069274902344,5.682908058166504,18.8298282623291,13.417597770690918,4.036438465118408,58.69215774536133
2002-11-08,5.6678147315979,11.174771308898926,5.642077922821045,18.70856475830078,13.218578338623047,3.9120047092437744,57.974365234375
2002-11-11,5.597779750823975,11.054176330566406,5.445348739624023,18.452545166015625,12.96820068359375,3.868344306945801,57.07550048828125
2002-11-12,5.579619884490967,11.169743537902832,5.5975341796875,18.466028213500977,12.974623680114746,3.7963058948516846,57.52814865112305
2002-11-13,5.455111980438232,11.11447811126709,5.6235175132751465,18.250444412231445,12.948944091796875,3.820317268371582,57.58634567260742
2002-11-14,5.631499290466309,11.45112133026123,5.849944591522217,18.540128707885742,13.12870979309082,3.9054577350616455,58.67273712158203
2002-11-15,5.675597190856934,11.556640625,5.861078262329102,18.71528434753418,13.12870979309082,3.9622159004211426,59.106056213378906
2002-11-18,5.680785655975342,11.355657577514648,5.7942633628845215,18.614234924316406,13.032403945922852,3.9512991905212402,58.51109313964844
2002-11-19,5.680785655975342,11.360679626464844,5.701467037200928,18.594026565551758,13.05166244506836,3.973130941390991,58.433494567871094
2002-11-20,5.7923264503479,11.647089004516602,5.939028739929199,18.762454986572266,13.244263648986816,3.9709482192993164,59.73334503173828
2002-11-21,5.836422920227051,11.92343521118164,6.2471160888671875,18.863500595092773,13.789956092834473,4.038620948791504,60.84560775756836
2002-11-22,5.711913585662842,11.843048095703125,6.224845886230469,18.728771209716797,13.725752830505371,4.1521382331848145,60.41233444213867
2002-11-25,5.758604526519775,11.82294750213623,6.317642688751221,18.67486572265625,13.700075149536133,4.160872936248779,60.45111846923828
2002-11-26,5.649659156799316,11.501374244689941,6.135758399963379,18.37844467163086,13.507478713989258,4.056085109710693,59.300045013427734
2002-11-27,5.750823974609375,11.858123779296875,6.38446044921875,18.728771209716797,13.866992950439453,4.080101013183594,60.968482971191406
2002-11-29,5.820861339569092,11.75762939453125,6.347340106964111,18.65464973449707,13.834895133972168,4.09756326675415,60.774444580078125
2002-12-02,5.83901834487915,11.75762939453125,6.3658952713012695,18.486236572265625,13.924773216247559,4.036438465118408,60.87147521972656
2002-12-03,5.896085262298584,11.58678913116455,6.14318323135376,18.364961624145508,13.693653106689453,4.080101013183594,60.056636810302734
2002-12-04,5.844207286834717,11.58678913116455,6.050386905670166,18.53339385986328,13.648715019226074,3.988412380218506,59.785030364990234
2002-12-05,5.883114337921143,11.38580322265625,5.916759490966797,18.425596237182617,13.507478713989258,3.975313663482666,59.125431060791016
2002-12-06,5.940181732177734,11.476248741149902,5.972436428070068,18.506446838378906,13.501055717468262,3.9709482192993164,59.513431549072266
2002-12-09,5.836422920227051,11.255167007446289,5.690332412719727,18.425596237182617,13.289201736450195,4.025523662567139,57.877349853515625
2002-12-10,5.927210330963135,11.425999641418457,5.7831292152404785,18.49297332763672,13.398331642150879,4.056085109710693,58.65336227416992
2002-12-11,5.896085262298584,11.436051368713379,5.827671527862549,18.466028213500977,13.468954086303711,4.093199253082275,58.70509719848633
2002-12-12,5.947965145111084,11.38580322265625,5.801689147949219,18.277389526367188,13.417597770690918,4.106297492980957,58.698638916015625
2002-12-13,5.932404041290283,11.255167007446289,5.671773433685303,18.17633628845215,13.186479568481445,4.147773265838623,57.773895263671875
2002-12-16,6.033565521240234,11.576744079589844,5.864790439605713,18.358232498168945,13.513897895812988,4.213264465332031,59.267704010009766
2002-12-17,5.971311092376709,11.521466255187988,5.835097312927246,18.115699768066406,13.346975326538086,4.217632293701172,58.75033187866211
2002-12-18,5.922025203704834,11.305412292480469,5.6754841804504395,18.061813354492188,13.327718734741211,4.204532146453857,58.07131576538086
2002-12-19,5.862364292144775,11.204916000366211,5.653213977813721,17.886642456054688,13.23142147064209,4.208899021148682,57.65747833251953
2002-12-20,5.981256008148193,11.449063301086426,5.713133811950684,18.0414981842041,13.43992805480957,4.25241756439209,58.480186462402344
2002-12-23,6.007329940795898,11.423789978027344,5.7838521003723145,18.156448364257812,13.375374794006348,4.23474645614624,58.49967956542969
2002-12-24,5.97865104675293,11.322694778442383,5.724302291870117,18.257892608642578,13.310823440551758,4.217073440551758,58.06428527832031
2002-12-26,5.910861968994141,11.287312507629395,5.6945271492004395,17.94683074951172,13.356013298034668,4.243582248687744,58.09025955200195
2002-12-27,5.78309965133667,11.080062866210938,5.594033718109131,17.71014976501465,13.097800254821777,4.228118896484375,56.78407669067383
2002-12-30,5.811779499053955,11.160938262939453,5.538205146789551,17.872446060180664,13.168805122375488,4.239164352416992,57.25847625732422
2002-12-31,5.822210788726807,11.120500564575195,5.508429527282715,17.95359230041504,13.291451454162598,4.2303266525268555,57.336421966552734
2003-01-02,5.944756031036377,11.524883270263672,5.806185245513916,18.440460205078125,13.633590698242188,4.3297343254089355,59.1820182800293
2003-01-03,5.934328079223633,11.514775276184082,5.828515529632568,18.629812240600586,13.678780555725098,4.373915672302246,59.364009857177734
2003-01-06,5.9838643074035645,11.903998374938965,6.085326671600342,18.832677841186523,13.801422119140625,4.570520877838135,60.410255432128906
2003-01-07,5.7883148193359375,11.772567749023438,6.14860200881958,18.56218719482422,13.723960876464844,4.4711127281188965,60.26077651977539
2003-01-08,5.733561992645264,11.651252746582031,5.947617053985596,18.420177459716797,13.556117057800293,4.502038955688477,59.389976501464844
2003-01-09,5.80656623840332,11.883771896362305,6.1225457191467285,18.60951805114746,13.73041820526123,4.479949951171875,60.31278610229492
2003-01-10,5.759634494781494,11.8787202835083,6.156041145324707,18.602760314941406,13.70459270477295,4.479949951171875,60.47523880004883
2003-01-13,5.738774299621582,11.914103507995605,6.1225457191467285,18.616289138793945,13.678780555725098,4.384960651397705,60.45576477050781
2003-01-14,5.762240886688232,12.005090713500977,6.208149433135986,18.602760314941406,13.70459270477295,4.393797874450684,60.65070343017578
2003-01-15,5.780493259429932,11.828166961669922,6.085326671600342,18.39312744140625,13.510933876037598,4.3805413246154785,60.046348571777344
2003-01-16,5.837852954864502,11.711913108825684,5.9550604820251465,18.339035034179688,13.433477401733398,4.373915672302246,59.79939270019531
2003-01-17,5.793529033660889,11.676526069641113,5.6647515296936035,18.32550621032715,13.336644172668457,4.354032516479492,58.91559600830078
2003-01-21,5.6579484939575195,11.484441757202148,5.627532958984375,18.19027328491211,13.00741958618164,4.263464450836182,57.99928283691406
2003-01-22,5.642303943634033,11.30247688293457,5.590313911437988,18.142932891845703,12.762125968933105,4.225907802581787,57.297447204589844
2003-01-23,5.6579484939575195,11.474343299865723,5.6870832443237305,18.197025299072266,12.994507789611816,4.303223609924316,57.64835739135742
2003-01-24,5.558867454528809,11.03456974029541,5.463768482208252,17.79804801940918,12.594284057617188,4.19277286529541,56.13420867919922
2003-01-27,5.384175777435303,10.867761611938477,5.40421724319458,17.40585708618164,12.497457504272461,4.0315141677856445,55.367393493652344
2003-01-28,5.475431442260742,11.024466514587402,5.478656768798828,17.703393936157227,12.574915885925293,4.153011798858643,55.77680587768555
2003-01-29,5.652731418609619,11.044677734375,5.556816577911377,17.872446060180664,12.587831497192383,4.150803565979004,56.19919204711914
2003-01-30,5.564082622528076,10.766668319702148,5.385607719421387,17.541091918945312,12.368351936340332,4.084529399871826,54.86701202392578
2003-01-31,5.676199436187744,10.978962898254395,5.378163814544678,17.89273452758789,12.574915885925293,4.130922794342041,55.92627716064453
2003-02-03,5.720523357391357,11.004241943359375,5.426548957824707,17.818347930908203,12.684660911560059,4.144173622131348,56.03675079345703
2003-02-04,5.759634494781494,10.741394996643066,5.333500862121582,17.60871124267578,12.574915885925293,4.124295234680176,55.4843635559082
2003-02-05,5.717917442321777,10.640298843383789,5.314891338348389,17.480236053466797,12.587831497192383,4.062440872192383,55.13994216918945
2003-02-06,5.694450855255127,10.513927459716797,5.285114765167236,17.446434020996094,12.484541893005371,4.0248847007751465,54.880035400390625
2003-02-07,5.642303943634033,10.443167686462402,5.225564956665039,17.41261863708496,12.361893653869629,3.954195499420166,54.210662841796875
2003-02-10,5.7153096199035645,10.513927459716797,5.2813944816589355,17.541091918945312,12.374801635742188,3.9674501419067383,54.594078063964844
2003-02-11,5.678806781768799,10.367340087890625,5.262782096862793,17.338233947753906,12.245699882507324,3.9011783599853516,54.2171745300293
2003-02-12,5.579728126525879,10.235918045043945,5.1920695304870605,17.14212989807129,12.142412185668945,3.766427516937256,53.352840423583984
2003-02-13,5.553653717041016,10.311738014221191,5.206956386566162,16.939268112182617,11.987486839294434,3.8194429874420166,53.51533126831055
2003-02-14,5.5979766845703125,10.54426383972168,5.370719909667969,17.12184715270996,12.26506519317627,3.88350772857666,54.6850700378418
2003-02-18,5.689234733581543,10.711061477661133,5.545650959014893,17.541091918945312,12.400626182556152,3.925475597381592,55.6468391418457
2003-02-19,5.684020519256592,10.685790061950684,5.508429527282715,17.45995330810547,12.458725929260254,3.9276885986328125,55.35439682006836
2003-02-20,5.67098331451416,10.584697723388672,5.422826290130615,17.26384735107422,12.394165992736816,3.925475597381592,54.80202102661133
2003-02-21,5.796136379241943,10.741394996643066,5.489821434020996,17.439666748046875,12.587831497192383,3.976288318634033,55.35439682006836
2003-02-24,5.845677375793457,10.458333015441895,5.396775722503662,17.209749221801758,12.168235778808594,3.9497756958007812,54.45761489868164
2003-02-25,5.814387321472168,10.55942440032959,5.411661624908447,17.3247127532959,12.361893653869629,3.976288318634033,54.89298629760742
2003-02-26,5.830031871795654,10.43810749053955,5.270227909088135,17.230037689208984,12.26506519317627,3.907805919647217,54.093685150146484
2003-02-27,5.796136379241943,10.589754104614258,5.3223347663879395,17.446434020996094,12.34898567199707,3.91443133354187,54.80855178833008
2003-02-28,5.8430681228637695,10.640298843383789,5.40421724319458,17.493759155273438,12.381258964538574,3.9100162982940674,55.172447204589844
2003-03-03,5.863926410675049,10.52403736114502,5.3111701011657715,17.40585708618164,12.32961654663086,3.936522960662842,54.646053314208984
2003-03-04,5.8352484703063965,10.372400283813477,5.251618385314941,17.216520309448242,12.103679656982422,3.9122252464294434,53.7752571105957
2003-03-05,5.887393474578857,10.518988609313965,5.303727149963379,17.378803253173828,12.20051383972168,3.951986789703369,54.230159759521484
2003-03-06,5.892609119415283,10.372400283813477,5.236731052398682,17.41261863708496,12.110136032104492,3.951986789703369,53.7752571105957
2003-03-07,5.892609119415283,10.463385581970215,5.210676193237305,17.581668853759766,12.15532398223877,3.965243339538574,54.145652770996094
2003-03-10,5.832636833190918,10.084271430969238,5.102742671966553,17.28412628173828,11.845466613769531,3.8724617958068848,52.84598922729492
2003-03-11,5.775280475616455,9.91746997833252,5.076688766479492,17.054222106933594,11.625988960266113,3.865833282470703,52.326087951660156
2003-03-12,5.684020519256592,9.932633399963379,5.143685340881348,17.108314514160156,11.761548042297363,3.8724617958068848,52.67702865600586
2003-03-13,5.707486152648926,10.357232093811035,5.419105529785156,17.351755142211914,12.103679656982422,3.9409403800964355,54.4965934753418
2003-03-14,5.684020519256592,10.402724266052246,5.437713146209717,17.209749221801758,12.297338485717773,3.956404685974121,54.67206573486328
2003-03-17,5.757023811340332,10.721172332763672,5.6870832443237305,17.696632385253906,12.645926475524902,4.044764995574951,56.39418411254883
2003-03-18,5.866534233093262,10.781834602355957,5.713133811950684,17.885957717895508,12.813765525817871,4.091158390045166,56.7255973815918
2003-03-19,5.874358654022217,10.938529968261719,5.701969623565674,18.088834762573242,12.891226768493652,4.069066047668457,57.160972595214844
2003-03-20,5.931718826293945,10.953694343566895,5.6945271492004395,18.068552017211914,12.884766578674316,4.11545467376709,57.28445053100586
2003-03-21,5.865931987762451,11.231437683105469,5.780128479003906,18.537755966186523,13.335783958435059,4.184000492095947,58.50718688964844
2003-03-24,5.779433727264404,10.840466499328613,5.545650959014893,18.015653610229492,12.86274242401123,4.081297397613525,56.56282043457031
2003-03-25,5.8318562507629395,10.921706199645996,5.623809814453125,18.37502670288086,12.888664245605469,4.137115001678467,57.10435485839844
2003-03-26,5.844961643218994,10.870931625366211,5.605198860168457,18.23264503479004,12.888664245605469,4.101391792297363,56.81728744506836
2003-03-27,5.8921403884887695,10.804926872253418,5.541926860809326,18.300439834594727,12.85626220703125,4.121484279632568,56.86298370361328
2003-03-28,5.94456148147583,10.794769287109375,5.4712114334106445,18.327560424804688,12.713700294494629,4.128180027008057,56.57588577270508
2003-03-31,5.850202560424805,10.540894508361816,5.3223347663879395,18.11736297607422,12.512822151184082,4.108088493347168,55.29051971435547
2003-04-01,5.960287094116211,10.82015609741211,5.385607719421387,18.36824607849121,12.687782287597656,4.137115001678467,56.13871383666992
2003-04-02,5.94718599319458,11.104497909545898,5.616365432739258,18.63945960998535,12.972902297973633,4.139346599578857,57.49585723876953
2003-04-03,5.837099075317383,11.05372142791748,5.601480484008789,18.591999053955078,12.959939002990723,4.123715877532959,57.22184753417969
2003-04-04,5.8685503005981445,11.16542911529541,5.538205146789551,18.666582107543945,12.992341995239258,4.175070285797119,57.56110763549805
2003-04-07,5.823992729187012,11.206048965454102,5.553094863891602,18.50385284423828,13.089537620544434,4.175070285797119,57.450199127197266
2003-04-08,5.753225326538086,11.206048965454102,5.497267246246338,18.524187088012695,13.037700653076172,4.148277282714844,57.54153060913086
2003-04-09,5.750604629516602,11.048646926879883,5.378163814544678,18.28009796142578,12.882174491882324,4.139346599578857,56.784671783447266
2003-04-10,5.829235076904297,11.140040397644043,5.411661624908447,18.246200561523438,12.901617050170898,4.175070285797119,57.09784698486328
2003-04-11,5.795162677764893,11.134963989257812,5.363275527954102,18.15804672241211,12.921061515808105,4.161672592163086,56.86298370361328
2003-04-14,5.823992729187012,11.35837459564209,5.49354362487793,18.456392288208008,13.141380310058594,4.215256214141846,58.037410736083984
2003-04-15,5.808265209197998,11.551321983337402,5.5047078132629395,18.341127395629883,13.251546859741211,4.268836975097656,58.57895278930664
2003-04-16,5.729637145996094,11.393919944763184,5.545650959014893,17.90717315673828,13.070096969604492,4.26437520980835,57.5806884765625
2003-04-17,5.844961643218994,11.597015380859375,5.6610307693481445,18.08346176147461,13.28393840789795,4.273306369781494,58.43540954589844
2003-04-21,5.842339992523193,11.556402206420898,5.638697624206543,18.130924224853516,13.167292594909668,4.313493728637695,58.49414825439453
2003-04-22,5.923593521118164,11.911823272705078,5.761518478393555,18.43605613708496,13.562572479248047,4.373772621154785,59.59682846069336
2003-04-23,5.923593521118164,11.998139381408691,5.858292102813721,18.591999053955078,13.67273998260498,4.373772621154785,60.14491653442383
2003-04-24,5.902627468109131,11.74933910369873,5.806185245513916,18.707265853881836,13.543136596679688,4.4139628410339355,59.60987854003906
2003-04-25,5.829235076904297,11.622410774230957,5.69824743270874,18.449609756469727,13.439452171325684,4.402800559997559,58.872581481933594
2003-04-28,5.85544490814209,11.825501441955566,5.817348480224609,18.598779678344727,13.679217338562012,4.463081359863281,59.89043426513672
2003-04-29,5.774193286895752,11.84073257446289,5.87689733505249,18.714046478271484,13.718099594116211,4.469779968261719,60.09921646118164
2003-04-30,5.8004021644592285,11.86612606048584,5.809904098510742,18.714046478271484,13.867134094238281,4.463081359863281,59.968719482421875
2003-05-01,5.829235076904297,11.86104679107666,5.865734577178955,18.768287658691406,13.659778594970703,4.402800559997559,59.96219253540039
2003-05-02,5.920970439910889,12.048914909362793,5.988558769226074,19.05307388305664,13.847692489624023,4.4385223388671875,60.816925048828125
2003-05-05,5.957666397094727,11.998139381408691,5.973668098449707,19.08018684387207,13.802335739135742,4.456383228302002,60.69950485229492
2003-05-06,5.949804782867432,12.089530944824219,6.081604957580566,19.11410140991211,13.841211318969727,4.449685096740723,61.27368927001953
2003-05-07,5.9891180992126465,12.013371467590332,6.007165908813477,18.95136260986328,13.82177448272705,4.442988395690918,60.93439865112305
2003-05-08,5.9969801902771,11.8762788772583,5.910397529602051,18.883554458618164,13.692177772521973,4.436291217803955,60.321067810058594
2003-05-09,6.036302089691162,11.95244312286377,6.074160575866699,19.093751907348633,13.89953327178955,4.465312957763672,61.15623474121094
2003-05-12,6.065132141113281,12.089530944824219,6.167210102081299,19.28360366821289,14.00322151184082,4.498802661895752,61.90658950805664
2003-05-13,6.1332783699035645,12.053990364074707,6.156041145324707,19.324291229248047,13.95785903930664,4.50773286819458,61.795654296875
2003-05-14,6.159489631652832,12.048914909362793,6.133711814880371,19.29038429260254,13.912490844726562,4.527829647064209,61.66516876220703
2003-05-15,6.162108421325684,12.170774459838867,6.196985721588135,19.473464965820312,14.06153392791748,4.597041130065918,62.05663299560547
2003-05-16,6.183076858520508,12.201244354248047,6.141154766082764,19.425992965698242,13.996736526489258,4.6930460929870605,61.900062561035156
2003-05-19,6.120173931121826,11.871195793151855,5.9178385734558105,18.768287658691406,13.633857727050781,4.619365215301514,60.45158004760742
2003-05-20,6.096584320068359,11.881352424621582,5.9290056228637695,18.537755966186523,13.711616516113281,4.639463424682617,60.327613830566406
2003-05-21,6.277437686920166,11.906746864318848,5.9364519119262695,18.673357009887695,13.633857727050781,4.628297805786133,60.45158004760742
2003-05-22,6.264332294464111,11.942285537719727,5.999723434448242,18.883554458618164,13.73753833770752,4.710905075073242,61.05186462402344
2003-05-23,6.321995735168457,11.987980842590332,6.007165908813477,18.80897331237793,13.78938102722168,4.889519214630127,61.175838470458984
2003-05-27,6.447805404663086,12.206313133239746,6.163487911224365,19.08018684387207,14.126337051391602,4.960964202880859,62.24589920043945
2003-05-28,6.371792316436768,12.353564262390137,6.204428672790527,19.046281814575195,14.074495315551758,4.938634872436523,62.42201614379883
2003-05-29,6.311509609222412,12.221549987792969,6.219315052032471,18.890338897705078,13.918976783752441,4.864960193634033,62.2589225769043
2003-05-30,6.416350841522217,12.470345497131348,6.308640003204346,19.10053253173828,14.242969512939453,4.914080619812012,63.257198333740234
2003-06-02,6.450429439544678,12.58205509185791,6.275144577026367,18.95136260986328,14.385531425476074,4.956499099731445,63.5181884765625
2003-06-03,6.497604846954346,12.65313720703125,6.330971717834473,19.10053253173828,14.40497875213623,4.976590156555176,63.77915954589844
2003-06-04,6.5395426750183105,12.835921287536621,6.464962005615234,19.43277931213379,14.592886924743652,5.045804977416992,64.69918823242188
2003-06-05,6.50546932220459,12.917168617248535,6.464962005615234,19.615848541259766,14.631772994995117,4.987755298614502,65.01883697509766
2003-06-06,6.492361068725586,12.90700912475586,6.401694297790527,19.79214096069336,14.754895210266113,4.9341721534729,64.76444244384766
2003-06-09,6.481878757476807,12.637901306152344,6.308640003204346,19.588729858398438,14.560489654541016,4.929708957672119,64.1053695678711
2003-06-10,6.521197319030762,12.74453353881836,6.397968292236328,19.737899780273438,14.638260841369629,4.952033519744873,64.75787353515625
2003-06-11,6.709911346435547,12.937478065490723,6.438907146453857,19.961650848388672,14.929851531982422,4.989989757537842,65.44296264648438
2003-06-12,6.64962911605835,12.912091255187988,6.468687534332275,20.00232696533203,14.968735694885254,5.050270080566406,65.64524841308594
2003-06-13,6.5395426750183105,12.866390228271484,6.327250003814697,19.88028907775879,14.806731224060059,4.983290672302246,64.96015167236328
2003-06-16,6.531678199768066,13.181198120117188,6.483572483062744,20.48375129699707,15.163128852844238,5.079295635223389,66.33035278320312
2003-06-17,6.468775272369385,13.176119804382324,6.513349533081055,20.89056968688965,15.1696138381958,5.0547356605529785,66.33035278320312
2003-06-18,6.4294586181640625,13.049179077148438,6.576618671417236,20.836328506469727,15.091846466064453,5.079295635223389,66.27162170410156
2003-06-19,6.463531970977783,12.73945426940918,6.528233528137207,20.388809204101562,14.81320571899414,5.094923496246338,65.2602767944336
2003-06-20,6.439302921295166,12.778226852416992,6.520788669586182,20.535696029663086,14.88464641571045,5.070832252502441,65.11622619628906
2003-06-23,6.420865058898926,12.579277038574219,6.390523433685303,20.195703506469727,14.702811241149902,5.016788482666016,64.44828033447266
2003-06-24,6.4155964851379395,12.650694847106934,6.364471435546875,20.209306716918945,14.709303855895996,4.985265731811523,64.51378631591797
2003-06-25,6.4261322021484375,12.569073677062988,6.301198959350586,20.100502014160156,14.482013702392578,4.976259231567383,63.8654899597168
2003-06-26,6.397164821624756,12.676200866699219,6.420298099517822,20.386104583740234,14.657354354858398,5.023542404174805,64.69712829589844
2003-06-27,6.373462677001953,12.569073677062988,6.371915340423584,20.07330322265625,14.514481544494629,4.958244800567627,63.95061492919922
2003-06-30,6.333955764770508,12.523170471191406,6.353302955627441,19.94409942626953,14.540456771850586,4.9807610511779785,63.93097686767578
2003-07-01,6.328690052032471,12.671101570129395,6.442628383636475,20.052907943725586,14.572927474975586,4.946985721588135,64.52029418945312
2003-07-02,6.320786476135254,12.829232215881348,6.576618671417236,20.243303298950195,14.611893653869629,4.983013153076172,65.33232116699219
2003-07-03,6.3102498054504395,12.768020629882812,6.498457431793213,20.12089729309082,14.598907470703125,4.953741073608398,64.65782928466797
2003-07-07,6.268111705780029,12.987360954284668,6.721771717071533,20.263694763183594,14.79373836517334,4.962749004364014,65.94129943847656
2003-07-08,6.2575788497924805,13.074084281921387,6.773876667022705,20.270498275756836,14.904134750366211,4.924468994140625,66.23596954345703
2003-07-09,6.320786476135254,13.05367660522461,6.766438007354736,20.148099899291992,14.741777420043945,4.888442039489746,65.86276245117188
2003-07-10,6.225976467132568,12.864945411682129,6.610114574432373,19.930496215820312,14.546954154968262,4.800624847412109,65.02458953857422
2003-07-11,6.244410514831543,13.043478012084961,6.703162670135498,20.161705017089844,14.696314811706543,4.829897403717041,65.64007568359375
2003-07-14,6.189105033874512,13.288331985473633,6.732939720153809,20.141298294067383,14.644357681274414,4.8231425285339355,65.9609375
2003-07-15,6.136430740356445,13.216914176940918,6.744104862213135,20.066509246826172,14.55344009399414,4.728574275970459,65.8169174194336
2003-07-16,6.078486442565918,13.150603294372559,6.721771717071533,19.95090103149414,14.52097225189209,4.64976167678833,65.43053436279297
2003-07-17,6.117997646331787,12.931260108947754,6.517068386077881,19.821701049804688,14.482013702392578,4.638505458831787,64.50067901611328
2003-07-18,6.2575788497924805,13.089385032653809,6.531955718994141,20.00531005859375,14.67683219909668,4.7105560302734375,65.16207885742188
2003-07-21,6.223341464996338,12.936356544494629,6.3867998123168945,19.6925048828125,14.611893653869629,4.643007755279541,64.35662841796875
2003-07-22,6.207541465759277,13.063887596130371,6.524512767791748,19.65851402282715,14.79373836517334,4.721816539764404,64.93940734863281
2003-07-23,6.17330265045166,13.023075103759766,6.561732769012451,19.801311492919922,14.748276710510254,4.692546367645264,64.9852523803711
2003-07-24,6.115364074707031,12.966964721679688,6.468687534332275,19.644916534423828,14.748276710510254,4.69029426574707,64.4941177368164
2003-07-25,6.170671463012695,13.273027420043945,6.606393814086914,19.801311492919922,15.0794677734375,4.728574275970459,65.63352966308594
2003-07-28,6.144331455230713,13.222006797790527,6.617559909820557,19.753704071044922,15.092460632324219,4.694794654846191,65.39125061035156
2003-07-29,6.057421684265137,13.07918643951416,6.554286956787109,19.665313720703125,14.88464641571045,4.674531936645508,65.09003448486328
2003-07-30,6.065321922302246,13.084285736083984,6.505902290344238,19.74691390991211,14.88464641571045,4.6407551765441895,64.93289184570312
2003-07-31,6.110095977783203,13.068984031677246,6.550564765930176,19.644916534423828,15.02103042602539,4.6475090980529785,65.08349609375
2003-08-01,6.094292163848877,12.813929557800293,6.517068386077881,19.345712661743164,14.904134750366211,4.6272430419921875,64.50724792480469
2003-08-04,6.031086444854736,12.829232215881348,6.572896957397461,19.379716873168945,14.936607360839844,4.6272430419921875,64.50724792480469
2003-08-05,6.0047478675842285,12.620087623596191,6.409132957458496,19.06011962890625,14.683323860168457,4.5551886558532715,63.13860321044922
2003-08-06,6.110095977783203,12.793524742126465,6.349582672119141,19.04651641845703,14.657354354858398,4.582210063934326,63.50535583496094
2003-08-07,6.262850284576416,12.854740142822266,6.330971717834473,19.352508544921875,14.748276710510254,4.624993801116943,64.17325592041016
2003-08-08,6.2812819480896,12.915950775146484,6.323530673980713,19.427310943603516,14.76775074005127,4.6475090980529785,64.35662841796875
2003-08-11,6.3102498054504395,12.890447616577148,6.353302955627441,19.386505126953125,14.88464641571045,4.6475090980529785,64.59890747070312
2003-08-12,6.35502290725708,13.043478012084961,6.450072765350342,19.4409122467041,15.02751636505127,4.7105560302734375,65.1882553100586
2003-08-13,6.349757194519043,12.94655990600586,6.438907146453857,19.16212272644043,14.975566864013672,4.66552209854126,64.85426330566406
2003-08-14,6.373462677001953,13.068984031677246,6.4947381019592285,19.148517608642578,15.150914192199707,4.683535575866699,65.03105163574219
2003-08-15,6.394530296325684,13.058784484863281,6.464962005615234,19.10771942138672,15.293777465820312,4.674531936645508,65.23411560058594
2003-08-18,6.394530296325684,13.074084281921387,6.654776573181152,19.236915588378906,15.521077156066895,4.663273334503174,65.79723358154297
2003-08-19,6.365561485290527,13.058784484863281,6.744104862213135,19.13491439819336,15.611989974975586,4.667774200439453,66.04610443115234
2003-08-20,6.394530296325684,13.028176307678223,6.706888675689697,19.080520629882812,15.521077156066895,4.712808609008789,65.77761840820312
2003-08-21,6.455102443695068,13.028176307678223,6.770159721374512,18.971721649169922,15.70290756225586,4.730822563171387,65.98713684082031
2003-08-22,6.35502290725708,12.778226852416992,6.7589921951293945,18.686119079589844,15.553547859191895,4.66552209854126,65.33232116699219
2003-08-25,6.35502290725708,12.824129104614258,6.718052387237549,18.822118759155273,15.410684585571289,4.688040733337402,65.43705749511719
2003-08-26,6.360291957855225,12.849639892578125,6.755268573760986,18.835729598999023,15.501598358154297,4.701547622680664,65.55496215820312
2003-08-27,6.386626243591309,12.798625946044922,6.799931049346924,18.84931755065918,15.488606452941895,4.717314720153809,65.5745849609375
2003-08-28,6.4919753074646,12.854740142822266,6.840878009796143,18.8629207611084,15.611989974975586,4.728574275970459,65.9805908203125
2003-08-29,6.499877452850342,12.915950775146484,6.86320686340332,18.91732406616211,15.60550594329834,4.739827632904053,66.42588806152344
2003-09-02,6.542012691497803,13.145500183105469,7.012085914611816,19.202913284301758,15.832797050476074,4.827645778656006,67.31642150878906
2003-09-03,6.544651985168457,13.171012878417969,7.086521148681641,19.128116607666016,15.962681770324707,4.843408584594727,67.6831283569336
2003-09-04,6.53411340713501,13.114895820617676,7.153515815734863,19.175718307495117,15.949694633483887,4.845659255981445,67.71588134765625
2003-09-05,6.50514554977417,13.05367660522461,7.116297245025635,19.128116607666016,15.774349212646484,4.8366522789001465,67.33610534667969
2003-09-08,6.594686985015869,13.181208610534668,7.246565341949463,19.468103408813477,15.852274894714355,4.872678279876709,67.89274597167969
2003-09-09,6.5235772132873535,13.114895820617676,7.168403148651123,19.529315948486328,15.683430671691895,4.861419200897217,67.4474105834961
2003-09-10,6.455102443695068,12.900651931762695,6.956256866455078,19.55651092529297,15.501598358154297,4.854667663574219,66.76637268066406
2003-09-11,6.4419355392456055,12.956764221191406,7.038136005401611,19.665313720703125,15.631481170654297,4.841156482696533,66.96288299560547
2003-09-12,6.449835300445557,12.977164268493652,7.0455827713012695,19.706106185913086,15.624988555908203,4.877183437347412,67.08722686767578
2003-09-15,6.407696723937988,12.977164268493652,7.004638195037842,19.651704788208008,15.644472122192383,4.850162029266357,66.85154724121094
2003-09-16,6.418233394622803,13.130200386047363,7.183290958404541,19.774106979370117,15.845780372619629,4.892945766448975,67.82721710205078
2003-09-17,6.333955764770508,13.150603294372559,7.172126293182373,19.726518630981445,15.780838966369629,4.8794355392456055,67.69622039794922
2003-09-18,6.360291957855225,13.466867446899414,7.272616386413574,19.794513702392578,15.969173431396484,4.933478355407715,68.49514770507812
2003-09-19,6.418790340423584,13.445833206176758,7.280062198638916,19.634916305541992,15.902040481567383,4.941429615020752,68.14677429199219
2003-09-22,6.38173246383667,13.250974655151367,7.142352104187012,19.368934631347656,15.693495750427246,4.914164066314697,67.41053771972656
2003-09-23,6.418790340423584,13.343282699584961,7.183290958404541,19.532621383666992,15.752148628234863,4.936885833740234,67.66690063476562
2003-09-24,6.4505534172058105,13.112517356872559,6.937641143798828,19.184791564941406,15.44584846496582,4.877815246582031,66.46392822265625
2003-09-25,6.392319202423096,13.050980567932129,6.885542392730713,19.055212020874023,15.328529357910156,4.886902809143066,65.91835021972656
2003-09-26,6.3340864181518555,12.979188919067383,6.848316669464111,18.966552734375,15.16559886932373,4.932338237762451,65.7014389038086
2003-09-29,6.365849018096924,13.11764144897461,6.959973335266113,19.055212020874023,15.322016716003418,4.984593391418457,66.34563446044922
2003-09-30,6.365849018096924,13.030467987060547,6.803656101226807,18.966552734375,15.178634643554688,4.975507736206055,65.7014389038086
2003-10-01,6.458491325378418,13.35866641998291,6.952535629272461,19.30755043029785,15.478423118591309,4.9823222160339355,67.10154724121094
2003-10-02,6.500842571258545,13.384299278259277,6.937641143798828,19.4371395111084,15.550125122070312,5.030031681060791,67.34476470947266
2003-10-03,6.537902355194092,13.486869812011719,7.1497907638549805,19.34847640991211,15.706533432006836,5.0413923263549805,67.96269989013672
2003-10-06,6.5776047706604,13.548401832580566,7.187016487121582,19.273452758789062,15.713048934936523,5.0345778465271,68.2716293334961
2003-10-07,6.609367847442627,13.630460739135742,7.235396385192871,19.259815216064453,15.791250228881836,5.018672943115234,68.53457641601562
2003-10-08,6.564367294311523,13.609938621520996,7.183290958404541,19.157506942749023,15.719572067260742,5.000497817993164,68.36368560791016
2003-10-09,6.54319429397583,13.64583969116211,7.213064670562744,19.184791564941406,15.823841094970703,5.009583950042725,68.5477523803711
2003-10-10,6.590838432312012,13.64583969116211,7.272616386413574,19.137054443359375,15.732601165771484,4.993682384490967,68.73837280273438
2003-10-13,6.617307186126709,13.861221313476562,7.294948101043701,19.191614151000977,15.797765731811523,5.025487899780273,68.95529174804688
2003-10-14,6.590838432312012,13.943265914916992,7.27633810043335,19.21889877319336,15.875974655151367,5.039121627807617,69.19851684570312
2003-10-15,6.495551109313965,13.907371520996094,7.3210015296936035,19.177982330322266,15.902040481567383,4.975507736206055,69.01444244384766
2003-10-16,6.564367294311523,13.922755241394043,7.347053527832031,19.2802791595459,15.908563613891602,4.998226165771484,69.29056549072266
2003-10-17,6.519375801086426,13.799678802490234,7.2279534339904785,19.062034606933594,15.797765731811523,4.966422080993652,68.53457641601562
2003-10-20,6.516728401184082,13.8048095703125,7.313554763793945,19.157506942749023,15.836872100830078,4.9914093017578125,69.04732513427734
2003-10-21,6.537902355194092,13.799678802490234,7.354498863220215,19.334836959838867,15.810805320739746,4.984593391418457,68.92899322509766
2003-10-22,6.4505534172058105,13.60481071472168,7.246565341949463,18.816511154174805,15.628314018249512,4.9823222160339355,68.06132507324219
2003-10-23,6.4399638175964355,13.697111129760742,7.190732955932617,19.007471084594727,15.6674222946167,4.9914093017578125,67.93639373779297
2003-10-24,6.437318801879883,13.681735038757324,7.08280086517334,19.062034606933594,15.6739501953125,4.975507736206055,68.08760070800781
2003-10-27,6.41084623336792,13.681735038757324,7.120018005371094,19.014301300048828,15.680459976196289,4.995954513549805,68.12044525146484
2003-10-28,6.429374694824219,13.85608959197998,7.2912278175354,19.164337158203125,15.862939834594727,4.9823222160339355,69.04732513427734
2003-10-29,6.416144371032715,13.876598358154297,7.302393913269043,19.109779357910156,15.967215538024902,4.97777795791626,69.13934326171875
2003-10-30,6.328793048858643,13.897112846374512,7.294948101043701,18.932462692260742,16.09104347229004,5.018672943115234,69.28395080566406
2003-10-31,6.426730632781982,13.933011054992676,7.302393913269043,19.09613800048828,16.11711883544922,5.009583950042725,69.21825408935547
2003-11-03,6.387024402618408,14.081724166870117,7.473602294921875,19.041574478149414,16.195323944091797,5.0345778465271,69.67180633544922
2003-11-04,6.365849018096924,14.009932518005371,7.410329818725586,18.918811798095703,16.240951538085938,5.009583950042725,69.52059173583984
2003-11-05,6.384377956390381,13.979166030883789,7.4326581954956055,18.898353576660156,16.2279052734375,5.007313251495361,69.57316589355469
2003-11-06,6.392319202423096,14.045827865600586,7.4922099113464355,18.993833541870117,16.312633514404297,4.9868669509887695,69.94131469726562
2003-11-07,6.408200740814209,13.897112846374512,7.462433815002441,18.823333740234375,16.253976821899414,4.955060958862305,69.4219970703125
2003-11-10,6.397611618041992,13.912491798400879,7.36566686630249,18.680112838745117,16.104084014892578,4.943699836730957,69.13934326171875
2003-11-11,6.394966125488281,13.866348266601562,7.347053527832031,18.721033096313477,16.045425415039062,4.948242664337158,69.11962890625
2003-11-12,6.432024002075195,13.974037170410156,7.503377437591553,19.068843841552734,16.30611801147461,4.959602355957031,69.89529418945312
2003-11-13,6.490253925323486,13.927878379821777,7.4401021003723145,19.51214599609375,16.299598693847656,4.966422080993652,69.91500854492188
2003-11-14,6.503487586975098,13.748396873474121,7.33961296081543,19.798587799072266,16.175765991210938,4.959602355957031,69.32337951660156
2003-11-17,6.437318801879883,13.712498664855957,7.239117622375488,19.737215042114258,16.130149841308594,4.9187092781066895,68.97501373291016
2003-11-18,6.392319202423096,13.55353832244873,7.1497907638549805,19.621278762817383,16.051942825317383,4.830103874206543,68.25849914550781
2003-11-19,6.408200740814209,13.656097412109375,7.2279534339904785,19.82587242126465,16.195323944091797,4.891444683074951,68.83696746826172
2003-11-20,6.392319202423096,13.53814697265625,7.116297245025635,19.56671714782715,16.0780029296875,4.8800859451293945,68.21905517578125
2003-11-21,6.344680309295654,13.615072250366211,7.175847053527832,19.3280086517334,16.09104347229004,4.870999336242676,68.50171661376953
2003-11-24,6.379086494445801,13.743269920349121,7.358224868774414,19.641738891601562,16.28656005859375,4.94597053527832,69.40884399414062
2003-11-25,6.416144371032715,13.820191383361816,7.350777626037598,19.546260833740234,16.41691780090332,4.973235130310059,69.67180633544922
2003-11-26,6.47702169418335,13.902246475219727,7.380550384521484,19.546260833740234,16.41691780090332,5.009583950042725,69.92156982421875
2003-11-28,6.47702169418335,13.881726264953613,7.406604766845703,19.50533676147461,16.43645668029785,5.020945072174072,69.97415924072266
2003-12-01,6.54319429397583,14.040703773498535,7.4810471534729,19.819061279296875,16.677602767944336,5.0345778465271,70.73011016845703
2003-12-02,6.588194370269775,13.999677658081055,7.447544097900391,19.83269500732422,16.6450138092041,5.043664455413818,70.5526351928711
2003-12-03,6.551137447357178,13.974037170410156,7.421494960784912,19.88043212890625,16.658042907714844,5.0345778465271,70.4408950805664
2003-12-04,6.70994758605957,14.009932518005371,7.5145416259765625,19.91454315185547,16.71018409729004,5.045937538146973,70.73011016845703
2003-12-05,6.757594585418701,13.897112846374512,7.380550384521484,19.764497756958008,16.58635711669922,5.073198318481445,70.23710632324219
2003-12-08,6.831710338592529,14.025317192077637,7.399162292480469,19.91454315185547,16.736257553100586,5.086831569671631,70.71038818359375
2003-12-09,6.837001800537109,13.902246475219727,7.239117622375488,19.83269500732422,16.736257553100586,5.043664455413818,70.1648178100586
2003-12-10,6.8422956466674805,13.825321197509766,7.280062198638916,19.6962947845459,16.70366096496582,5.066381931304932,70.15819549560547
2003-12-11,6.876706600189209,13.984293937683105,7.417775630950928,19.941816329956055,16.96434783935547,5.089101314544678,70.94702911376953
2003-12-12,6.9534687995910645,14.025317192077637,7.425214767456055,20.003198623657227,16.99041748046875,5.100462436676025,71.0851058959961
2003-12-15,6.866119384765625,13.98941421508789,7.3321661949157715,19.96910285949707,17.009977340698242,5.082287311553955,70.73011016845703
2003-12-16,6.9693498611450195,14.112503051757812,7.369386672973633,20.04412078857422,17.11425018310547,5.11409330368042,71.09825897216797
2003-12-17,7.035521507263184,14.061212539672852,7.358224868774414,20.085039138793945,17.133806228637695,5.136812686920166,71.32170867919922
2003-12-18,7.223455429077148,14.184284210205078,7.4810471534729,20.235078811645508,17.329320907592773,5.202700614929199,72.1236572265625
2003-12-19,7.210693836212158,14.227624893188477,7.455181121826172,20.202922821044922,17.342411041259766,5.2146220207214355,71.92290496826172
2003-12-22,7.218667507171631,14.305005073547363,7.466426849365234,20.196077346801758,17.447206497192383,5.262777328491211,72.42484283447266
2003-12-23,7.168148040771484,14.325636863708496,7.526398658752441,20.209762573242188,17.486515045166016,5.290297031402588,72.47108459472656
2003-12-24,7.2452545166015625,14.325636863708496,7.511404991149902,20.271350860595703,17.42101287841797,5.2994704246521,72.3984603881836
2003-12-26,7.2745041847229,14.320473670959473,7.526398658752441,20.326101303100586,17.388275146484375,5.30634880065918,72.45126342773438
2003-12-29,7.359583854675293,14.516500473022461,7.661330699920654,20.4903507232666,17.610939025878906,5.345333576202393,73.41551208496094
2003-12-30,7.375536918640137,14.547456741333008,7.650091648101807,20.54511260986328,17.506149291992188,5.3590898513793945,73.42874908447266
2003-12-31,7.325021743774414,14.511346817016602,7.63884162902832,20.634075164794922,17.52580451965332,5.349916458129883,73.49475860595703
2004-01-02,7.322362899780273,14.490708351135254,7.67632532119751,20.68198013305664,17.512697219848633,5.336158275604248,73.4617691040039
2004-01-05,7.4632768630981445,14.609358787536621,7.863734722137451,20.777795791625977,17.682979583740234,5.345333576202393,74.26087188720703
2004-01-06,7.45529842376709,14.604204177856445,7.934952259063721,20.839391708374023,17.656780242919922,5.333867073059082,74.33356475830078
2004-01-07,7.378196716308594,14.614523887634277,7.972432613372803,20.969425201416016,17.682979583740234,5.361383438110352,74.5844955444336
2004-01-08,7.399465084075928,14.666110038757324,8.129858016967773,20.880451202392578,17.794309616088867,5.3590898513793945,74.88169860839844
2004-01-09,7.436690330505371,14.614523887634277,8.021162033081055,20.750423431396484,17.61748504638672,5.340748310089111,74.22785949707031
2004-01-12,7.4579596519470215,14.676427841186523,8.144845962524414,20.716197967529297,17.676433563232422,5.3384528160095215,74.77604675292969
2004-01-13,7.460618495941162,14.604204177856445,8.028654098510742,20.627235412597656,17.604387283325195,5.313230037689209,74.34013366699219
2004-01-14,7.442007541656494,14.717687606811523,8.126110076904297,20.74357795715332,17.84670639038086,5.37743616104126,74.96099090576172
2004-01-15,7.317040920257568,14.841500282287598,8.159847259521484,20.798328399658203,17.872905731201172,5.3590898513793945,75.14586639404297
2004-01-16,7.38617467880249,14.887928009033203,8.264796257019043,20.84623908996582,18.206924438476562,5.349916458129883,75.443115234375
2004-01-20,7.57228946685791,14.867294311523438,8.283536911010742,20.777795791625977,17.984241485595703,5.388902187347412,75.42329406738281
2004-01-21,7.617493629455566,15.089118003845215,8.219816207885742,21.1268310546875,18.10867691040039,5.482921600341797,76.01770782470703
2004-01-22,7.580267429351807,15.089118003845215,8.141101837158203,21.16788673400879,18.023542404174805,5.5035600662231445,75.81954956054688
2004-01-23,7.6467366218566895,15.016899108886719,8.1148681640625,21.06523323059082,17.958044052124023,5.4554033279418945,75.57518768310547
2004-01-26,7.691938400268555,15.223240852355957,8.264796257019043,21.3321475982666,18.18726921081543,5.423298358917236,76.52621459960938
2004-01-27,7.675982475280762,15.120064735412598,8.137353897094727,21.195261001586914,18.01044464111328,5.404954433441162,75.74028778076172
2004-01-28,7.566971778869629,14.85181999206543,8.002421379089355,21.01049041748047,17.728830337524414,5.42559289932251,74.87512969970703
2004-01-29,7.5616536140441895,14.975631713867188,7.9611945152282715,21.31846046447754,17.735370635986328,5.469162464141846,74.94775390625
2004-01-30,7.489865779876709,14.985942840576172,7.964935779571533,21.20211410522461,17.702627182006836,5.459990501403809,74.94775390625
2004-02-02,7.532405853271484,15.073643684387207,7.964935779571533,21.475862503051758,17.669878005981445,5.42788553237915,75.2713623046875
2004-02-03,7.503161907196045,15.089118003845215,7.9761786460876465,21.612743377685547,17.604387283325195,5.476041316986084,75.14586639404297
2004-02-04,7.449985027313232,14.965307235717773,7.781279563903809,21.681184768676758,17.519248962402344,5.386606693267822,74.53166198730469
2004-02-05,7.383516311645508,14.960147857666016,7.792520999908447,21.571678161621094,17.682979583740234,5.354504108428955,74.74964141845703
2004-02-06,7.434030532836914,15.21292495727539,7.9574408531188965,21.735931396484375,17.761568069458008,5.4003705978393555,75.58842468261719
2004-02-09,7.52442741394043,15.151020050048828,7.897468566894531,21.523773193359375,17.715721130371094,5.432473182678223,75.60818481445312
2004-02-10,7.625463485717773,15.197447776794434,7.9611945152282715,21.619579315185547,17.702627182006836,5.478332996368408,75.85257720947266
2004-02-11,7.7291579246521,15.429581642150879,8.02491283416748,21.818056106567383,17.89910316467285,5.473748683929443,76.65830993652344
2004-02-12,7.753085136413574,15.403802871704102,7.949947834014893,21.681184768676758,17.88599967956543,5.45769739151001,76.38095092773438
2004-02-13,7.734477996826172,15.372843742370605,7.901217937469482,21.585363388061523,17.800870895385742,5.450815677642822,76.03752136230469
2004-02-17,7.800946235656738,15.48634147644043,8.017414093017578,21.72224235534668,17.93840217590332,5.492094993591309,76.72435760498047
2004-02-18,7.718525409698486,15.403802871704102,7.9799299240112305,21.62643051147461,17.84670639038086,5.510439872741699,76.38752746582031
2004-02-19,7.710546970367432,15.398636817932129,7.859988689422607,21.551145553588867,17.709178924560547,5.473748683929443,76.10355377197266
2004-02-20,7.707889080047607,15.357369422912598,7.822503566741943,21.43480110168457,17.676433563232422,5.421008110046387,75.87239837646484
2004-02-23,7.769043922424316,15.357369422912598,7.717554569244385,21.39374351501465,17.610939025878906,5.44164514541626,75.68087768554688
2004-02-24,7.782336711883545,15.295464515686035,7.72504997253418,21.48955535888672,17.610939025878906,5.411833763122559,75.54878234863281
2004-02-25,7.819559574127197,15.36252498626709,7.785025596618652,21.51693344116211,17.565101623535156,5.466870307922363,75.86579132080078
2004-02-26,7.84614372253418,15.37800407409668,7.80376672744751,21.48955535888672,17.57819938659668,5.5035600662231445,75.91200256347656
2004-02-27,7.883366584777832,15.414115905761719,7.7625346183776855,21.427959442138672,17.571645736694336,5.56318473815918,75.96482849121094
2004-03-01,8.034918785095215,15.522448539733887,7.856241226196289,21.48955535888672,17.663330078125,5.590699672698975,76.71778869628906
2004-03-02,7.965790748596191,15.44506549835205,7.82625150680542,21.352676391601562,17.604387283325195,5.56547737121582,76.26866912841797
2004-03-03,7.955159664154053,15.537922859191895,7.788773536682129,21.44164276123047,17.59783935546875,5.56318473815918,76.4073486328125
2004-03-04,7.931227207183838,15.579185485839844,7.856241226196289,21.537460327148438,17.663330078125,5.60216760635376,76.60548400878906
2004-03-05,8.000356674194336,15.713315963745117,7.796268463134766,21.646957397460938,17.702627182006836,5.645735740661621,76.8630599975586
2004-03-08,8.034918785095215,15.630781173706055,7.627600193023682,21.62643051147461,17.401365280151367,5.629682540893555,75.92521667480469
2004-03-09,7.981746673583984,15.527608871459961,7.627600193023682,21.380046844482422,17.283477783203125,5.597579479217529,75.62139129638672
2004-03-10,7.84348726272583,15.279979705810547,7.492661952972412,21.051542282104492,16.96257209777832,5.533369541168213,74.35334014892578
2004-03-11,7.66800594329834,15.032377243041992,7.410207748413086,20.647756576538086,16.707143783569336,5.45311164855957,73.38909912109375
2004-03-12,7.779674530029297,15.254194259643555,7.5563836097717285,20.702516555786133,16.99530792236328,5.505854606628418,74.35334014892578
2004-03-15,7.795628070831299,15.032377243041992,7.413949966430664,20.517738342285156,16.785728454589844,5.489801406860352,73.44193267822266
2004-03-16,7.792971611022949,15.171651840209961,7.458929061889648,20.661449432373047,16.975666046142578,5.542544841766357,73.83159637451172
2004-03-17,7.901983737945557,15.34704303741455,7.552637100219727,20.640914916992188,17.185232162475586,5.629682540893555,74.65717315673828
2004-03-18,7.981746673583984,15.35222053527832,7.503905773162842,20.620391845703125,17.204883575439453,5.604458332061768,74.67695617675781
2004-03-19,7.818070411682129,15.183273315429688,7.402706623077393,20.294498443603516,16.988666534423828,5.571630954742432,73.60658264160156
2004-03-22,7.743305683135986,14.986359596252441,7.2827653884887695,20.0406494140625,16.758644104003906,5.50689697265625,72.67212677001953
2004-03-23,7.689901828765869,14.981179237365723,7.271519660949707,20.109241485595703,16.712635040283203,5.504586219787598,72.54618835449219
2004-03-24,7.527028560638428,14.867179870605469,7.309001445770264,19.99947166442871,16.712635040283203,5.516146183013916,72.6058578491211
2004-03-25,7.4976582527160645,15.022631645202637,7.5413899421691895,20.109241485595703,16.988666534423828,5.525391578674316,73.56683349609375
2004-03-26,7.583103656768799,15.012269020080566,7.496409893035889,20.19158172607422,17.08067512512207,5.543885707855225,73.58673095703125
2004-03-29,7.62315034866333,15.204007148742676,7.593862056732178,20.466020584106445,17.284404754638672,5.578563690185547,74.62060546875
2004-03-30,7.7619948387146,15.307653427124023,7.605111598968506,20.41798973083496,17.389549255371094,5.599374294281006,74.87251281738281
2004-03-31,7.834089279174805,15.235099792480469,7.5563836097717285,20.53463363647461,17.356693267822266,5.622491836547852,74.95864868164062
2004-04-01,7.743305683135986,15.395731925964355,7.635092258453369,20.6787109375,17.455280303955078,5.638675212860107,75.4093246459961
2004-04-02,7.778014659881592,15.33874225616455,7.82625150680542,20.925691604614258,17.652441024780273,5.610933780670166,75.97933197021484
2004-04-05,7.818070411682129,15.38019847869873,7.8937249183654785,21.165822982788086,17.862749099731445,5.627113342285156,76.3968734741211
2004-04-06,7.818070411682129,15.369832992553711,7.811264991760254,21.097219467163086,17.8496036529541,5.629425525665283,76.15160369873047
2004-04-07,7.818070411682129,15.328371047973633,7.7625346183776855,21.001174926757812,17.81016731262207,5.571630954742432,75.97261810302734
2004-04-08,7.887490272521973,15.302461624145508,7.777528285980225,20.85708236694336,17.71159553527832,5.567005634307861,75.80037689208984
2004-04-12,8.037016868591309,15.395731925964355,7.796268463134766,21.028608322143555,17.889039993286133,5.479154586791992,76.09857940673828
2004-04-13,7.967594623565674,15.069273948669434,7.698812961578369,20.84336280822754,17.613008499145508,5.37974214553833,75.03153228759766
2004-04-14,7.983614921569824,14.887899398803711,7.691316604614258,21.056055068969727,17.59986686706543,5.386680603027344,75.1508560180664
2004-04-15,8.090418815612793,14.799816131591797,7.601360321044922,21.44025993347168,17.652441024780273,5.4167351722717285,74.86589813232422
2004-04-16,8.154504776000977,14.960450172424316,7.530146598815918,21.598058700561523,17.81016731262207,5.435226917266846,75.44248962402344
2004-04-19,8.135812759399414,14.934541702270508,7.6163530349731445,21.508869171142578,17.71159553527832,5.4005513191223145,75.44248962402344
2004-04-20,7.970266342163086,14.659893035888672,7.451433181762695,21.15210723876953,17.53414535522461,5.340441703796387,74.17658233642578
2004-04-21,7.9435648918151855,14.65471363067627,7.563881874084473,21.39910125732422,17.6458740234375,5.38205623626709,74.67363739013672
2004-04-22,8.101103782653809,14.908634185791016,7.6800713539123535,21.57062530517578,18.03362274169922,5.442164897918701,75.7208023071289
2004-04-23,8.037016868591309,14.830902099609375,7.781279563903809,21.508869171142578,17.95474624633789,5.444477558135986,75.79373168945312
2004-04-26,8.082405090332031,14.799816131591797,7.687571048736572,21.392234802246094,17.862749099731445,5.460660934448242,75.68769073486328
2004-04-27,8.250618934631348,14.83608341217041,7.6650824546813965,21.47456932067871,17.875886917114258,5.469907283782959,75.75397491455078
2004-04-28,8.133136749267578,14.623612403869629,7.533896446228027,21.2824649810791,17.639301300048828,5.4745306968688965,74.7730712890625
2004-04-29,7.938223361968994,14.576977729797363,7.421446800231934,21.15210723876953,17.481569290161133,5.388991355895996,74.11691284179688
2004-04-30,7.967594623565674,14.571800231933594,7.267772197723389,21.172693252563477,17.35013198852539,5.38205623626709,73.54031372070312
2004-05-03,8.151833534240723,14.670254707336426,7.309001445770264,21.44713020324707,17.54728889465332,5.419045925140381,74.32901763916016
2004-05-04,8.157173156738281,14.716898918151855,7.380217552185059,21.412818908691406,17.619583129882812,5.439854145050049,74.2693862915039
2004-05-05,8.18387222290039,14.70135498046875,7.417701721191406,21.53631591796875,17.63271713256836,5.40286111831665,74.74656677246094
2004-05-06,8.14382266998291,14.54069709777832,7.383963584899902,21.45398712158203,17.540719985961914,5.42135763168335,74.10366821289062
2004-05-07,7.946236610412598,14.229785919189453,7.34648323059082,21.309898376464844,17.231826782226562,5.257213115692139,72.87754821777344
2004-05-10,7.716605186462402,14.11059856414795,7.316493034362793,21.035472869873047,16.982101440429688,5.183233737945557,72.1286392211914
2004-05-11,7.850111484527588,14.183149337768555,7.413949966430664,21.056055068969727,17.087242126464844,5.169365882873535,72.7384033203125
2004-05-12,7.898172855377197,14.34379768371582,7.391462802886963,21.131526947021484,17.231826782226562,5.164739608764648,73.20232391357422
2004-05-13,7.876810073852539,14.369709014892578,7.391462802886963,21.10407829284668,17.231826782226562,5.185544490814209,72.8974609375
2004-05-14,7.970266342163086,14.38006591796875,7.290258884429932,21.06291389465332,17.198978424072266,5.213288307189941,72.93058013916016
2004-05-17,7.970266342163086,14.19350814819336,7.211551189422607,21.001174926757812,17.008380889892578,5.157801151275635,72.30757141113281
2004-05-18,7.852780818939209,14.307520866394043,7.2827653884887695,20.99431037902832,17.17925262451172,5.201729774475098,72.67212677001953
2004-05-19,7.818070411682129,14.317880630493164,7.316493034362793,20.788480758666992,17.152965545654297,5.164739608764648,72.42027282714844
2004-05-20,7.810057640075684,14.369709014892578,7.312750816345215,20.65126609802246,17.113542556762695,5.217912197113037,72.65222930908203
2004-05-21,7.772676467895508,14.457794189453125,7.335238933563232,20.692426681518555,17.231826782226562,5.210977554321289,72.77818298339844
2004-05-24,7.948904514312744,14.478528022766113,7.34648323059082,20.589513778686523,17.363265991210938,5.282642841339111,73.08303833007812
2004-05-25,8.082405090332031,14.68580150604248,7.485165596008301,20.788480758666992,17.613008499145508,5.377431392669678,74.13021087646484
2004-05-26,8.015658378601074,14.773904800415039,7.470177173614502,20.89826011657715,17.652441024780273,5.37974214553833,74.38866424560547
2004-05-27,7.903515338897705,14.810169219970703,7.5151519775390625,21.11094093322754,17.77730941772461,5.435226917266846,74.80621337890625
2004-05-28,7.9435648918151855,14.820539474487305,7.552637100219727,21.10407829284668,17.77730941772461,5.446788311004639,74.79959106445312
2004-06-01,8.053037643432617,14.763527870178223,7.500156402587891,21.213850021362305,17.77730941772461,5.439854145050049,74.70018005371094
2004-06-02,8.037016868591309,14.83608341217041,7.500156402587891,21.34419822692871,17.941604614257812,5.449100971221924,74.97853088378906
2004-06-03,7.964922904968262,14.716898918151855,7.402706623077393,21.28931999206543,17.81016731262207,5.391302585601807,74.28922271728516
2004-06-04,7.924873352050781,14.841268539428711,7.473923206329346,21.33049201965332,17.90874671936035,5.409797668457031,74.87913513183594
2004-06-07,8.071727752685547,15.053725242614746,7.646341800689697,21.543182373046875,18.217632293701172,5.4560370445251465,76.01908874511719
2004-06-08,8.037016868591309,15.033002853393555,7.687571048736572,21.57062530517578,18.25705909729004,5.4051737785339355,76.12511444091797
2004-06-09,7.972938060760498,14.877542495727539,7.601360321044922,21.316774368286133,18.099332809448242,5.37049674987793,75.41595458984375
2004-06-10,8.074400901794434,14.950089454650879,7.642592906951904,21.323627471923828,18.22420883178711,5.407485485076904,75.78710174560547
2004-06-14,8.012984275817871,14.74280834197998,7.537642478942871,21.172693252563477,18.125625610351562,5.37049674987793,75.03816986083984
2004-06-15,8.127803802490234,14.799816131591797,7.650091648101807,21.200124740600586,18.289926528930664,5.393612861633301,75.56838989257812
2004-06-16,8.285335540771484,14.825722694396973,7.6163530349731445,21.207002639770508,18.335933685302734,5.423669338226318,75.55514526367188
2004-06-17,8.346750259399414,14.83608341217041,7.530146598815918,21.24129867553711,18.349075317382812,5.460660934448242,75.44248962402344
2004-06-18,8.369269371032715,14.85483455657959,7.545138835906982,21.231664657592773,18.4531192779541,5.489811420440674,75.5848388671875
2004-06-21,8.350502014160156,14.80795955657959,7.511404991149902,21.087182998657227,18.380693435668945,5.527124881744385,75.29877471923828
2004-06-22,8.4068021774292,14.880876541137695,7.590117454528809,20.997743606567383,18.551910400390625,5.5061354637146,75.67794799804688
2004-06-23,8.548879623413086,14.917340278625488,7.695065498352051,21.121585845947266,18.81534194946289,5.548113822937012,76.32982635498047
2004-06-24,8.497943878173828,14.948587417602539,7.657581806182861,21.12845802307129,18.775829315185547,5.566771507263184,76.09036254882812
2004-06-25,8.449689865112305,14.896505355834961,7.687571048736572,20.94271469116211,18.749481201171875,5.534121990203857,75.72450256347656
2004-06-28,8.329055786132812,14.886080741882324,7.627600193023682,20.839509963989258,18.611183166503906,5.559774398803711,75.465087890625
2004-06-29,8.374631881713867,14.823580741882324,7.706310749053955,20.94959259033203,18.756071090698242,5.517796039581299,75.7777099609375
2004-06-30,8.438962936401367,14.886080741882324,7.758788108825684,21.0252742767334,18.874616622924805,5.5411176681518555,76.18347930908203
2004-07-01,8.449689865112305,14.781908988952637,7.6163530349731445,20.729429244995117,18.59142303466797,5.4758172035217285,75.12583923339844
2004-07-02,8.481863975524902,14.823580741882324,7.533896446228027,20.715662002563477,18.43337631225586,5.531789302825928,75.08592987060547
2004-07-06,8.503304481506348,14.719411849975586,7.372721195220947,20.564311981201172,18.393856048583984,5.5224609375,74.42737579345703
2004-07-07,8.554239273071289,14.688157081604004,7.421446800231934,20.516143798828125,18.426786422729492,5.534121990203857,74.64688110351562
2004-07-08,8.511344909667969,14.578776359558105,7.29775857925415,20.467985153198242,18.3214168548584,5.513134002685547,74.12809753417969
2004-07-09,8.559598922729492,14.578776359558105,7.357727527618408,20.41983413696289,18.472883224487305,5.5014729499816895,74.32097625732422
2004-07-12,8.511344909667969,14.646492004394531,7.34648323059082,20.330379486083984,18.499231338500977,5.513134002685547,74.35424041748047
2004-07-13,8.489899635314941,14.662110328674316,7.312750816345215,20.495508193969727,18.538747787475586,5.5014729499816895,74.40740966796875
2004-07-14,8.591768264770508,14.59440803527832,7.196557521820068,20.571186065673828,18.505813598632812,5.550446510314941,74.18128204345703
2004-07-15,8.648064613342285,14.458977699279785,7.159073352813721,20.344144821166992,18.598012924194336,5.5760979652404785,73.70235443115234
2004-07-16,8.752620697021484,14.46418285369873,7.084107398986816,20.165258407592773,18.525571823120117,5.615745544433594,73.64246368408203
2004-07-19,8.723123550415039,14.485025405883789,7.106601715087891,20.06894302368164,18.4465389251709,5.6414031982421875,73.32984924316406
2004-07-20,8.696316719055176,14.557940483093262,7.222792625427246,20.151506423950195,18.558494567871094,5.653061389923096,74.26109313964844
2004-07-21,8.540839195251465,14.41210651397705,7.114097595214844,19.92446517944336,18.31482696533203,5.564441204071045,72.89082336425781
2004-07-22,8.567646026611328,14.427730560302734,7.189061164855957,20.020776748657227,18.20286750793457,5.527124881744385,73.09036254882812
2004-07-23,8.53547477722168,14.354809761047363,7.065368175506592,19.896944046020508,18.117258071899414,5.4944748878479,72.47843170166016
2004-07-26,8.460411071777344,14.360016822814941,7.106601715087891,19.697425842285156,18.057985305786133,5.4804840087890625,72.3387222290039
2004-07-27,8.546194076538086,14.479820251464844,7.174066543579102,19.77998161315918,18.242393493652344,5.473486423492432,73.0171890258789
2004-07-28,8.605169296264648,14.526689529418945,7.170316219329834,19.73183250427246,18.35434913635254,5.545782566070557,73.23674011230469
2004-07-29,8.666833877563477,14.589192390441895,7.271519660949707,19.821269989013672,18.374099731445312,5.585430145263672,73.5493392944336
2004-07-30,8.699000358581543,14.568367004394531,7.286510467529297,19.896944046020508,18.347753524780273,5.625074863433838,73.72895812988281
2004-08-02,8.688274383544922,14.65690803527832,7.305251598358154,19.87630844116211,18.43337631225586,5.667051315307617,73.88191986083984
2004-08-03,8.792825698852539,14.568367004394531,7.185311317443848,19.855670928955078,18.3345890045166,5.655393600463867,73.30989837646484
2004-08-04,8.589086532592773,14.604819297790527,7.196557521820068,19.81437873840332,18.3345890045166,5.7043633460998535,73.30322265625
2004-08-05,8.460411071777344,14.365225791931152,7.087855815887451,19.449750900268555,17.95919418334961,5.636735439300537,72.1059341430664
2004-08-06,8.291526794433594,14.240220069885254,6.8742146492004395,19.181427001953125,17.59039878845215,5.678711891174316,71.07486724853516
2004-08-09,8.425564765930176,14.224595069885254,6.919187068939209,19.09198570251465,17.62991714477539,5.664719581604004,71.1746597290039
2004-08-10,8.393399238586426,14.422520637512207,7.039130687713623,19.374067306518555,17.926265716552734,5.706699848175049,72.09261322021484
2004-08-11,8.350502014160156,14.46418285369873,6.862965106964111,19.697425842285156,17.906511306762695,5.7300190925598145,71.94625854492188
2004-08-12,8.243276596069336,14.313142776489258,6.728031158447266,19.58734893798828,17.64308738708496,5.72768497467041,71.16136932373047
2004-08-13,8.345141410827637,14.328764915466309,6.765511989593506,19.43597984313965,17.610151290893555,5.706699848175049,71.30101776123047
2004-08-16,8.396077156066895,14.547527313232422,6.825479984283447,19.697425842285156,17.93944549560547,5.732351779937744,72.0394058227539
2004-08-17,8.203063011169434,14.630863189697266,6.870459079742432,19.724952697753906,17.926265716552734,5.7300190925598145,72.44515228271484
2004-08-18,8.31028938293457,14.80795955657959,6.982909679412842,19.98638153076172,18.209461212158203,5.767335891723633,73.19014739990234
2004-08-19,8.33709716796875,14.745453834533691,6.960418701171875,19.917593002319336,17.992137908935547,5.7393479347229,72.977294921875
2004-08-20,8.422882080078125,14.896505355834961,6.994151592254639,20.082706451416016,18.169952392578125,5.762670516967773,73.48947143554688
2004-08-23,8.318333625793457,14.844415664672852,7.027883529663086,20.04142189025879,18.163358688354492,5.751009941101074,73.30322265625
2004-08-24,8.296887397766113,14.870461463928223,6.990405082702637,20.055179595947266,18.176532745361328,5.762670516967773,73.40300750732422
2004-08-25,8.350502014160156,15.0006742477417,7.069116115570068,20.24782371520996,18.374099731445312,5.785987854003906,73.90187072753906
2004-08-26,8.409475326538086,15.037132263183594,7.031632900238037,20.220304489135742,18.380693435668945,5.785987854003906,73.90187072753906
2004-08-27,8.463093757629395,15.052756309509277,7.06162166595459,20.364789962768555,18.374099731445312,5.783658504486084,74.1347427368164
2004-08-30,8.425564765930176,14.96420955657959,6.990405082702637,20.1102294921875,18.275312423706055,5.797648906707764,73.52275085449219
2004-08-31,8.564962387084961,15.042346000671387,6.964168071746826,20.220304489135742,18.360929489135742,5.8536224365234375,73.90853881835938
2004-09-01,8.715082168579102,14.985051155090332,7.016642093658447,20.30286979675293,18.367511749267578,5.834965229034424,74.04822540283203
2004-09-02,8.784780502319336,15.15172004699707,7.09910249710083,20.509265899658203,18.617769241333008,5.888606071472168,74.88636779785156
2004-09-03,8.803550720214844,15.146513938903809,6.945425987243652,20.467985153198242,18.565080642700195,5.867615699768066,74.58037567138672
2004-09-07,8.792825698852539,15.328816413879395,6.975412845611572,20.6055850982666,18.70338249206543,5.9095916748046875,75.07260131835938
2004-09-08,8.80086898803711,15.21422290802002,6.982909679412842,20.557422637939453,18.67045783996582,5.8536224365234375,74.88636779785156
2004-09-09,8.926860809326172,15.19859790802002,7.087855815887451,20.47486114501953,18.624351501464844,5.879276275634766,74.8198471069336
2004-09-10,8.878606796264648,15.271519660949707,7.207797527313232,20.447349548339844,18.677040100097656,5.890933990478516,75.20565032958984
2004-09-13,8.940266609191895,15.229852676391602,7.241532325744629,20.467985153198242,18.696796417236328,5.844292163848877,75.4517593383789
2004-09-14,8.980475425720215,15.250680923461914,7.271519660949707,20.626230239868164,18.742897033691406,5.834965229034424,75.60478973388672
2004-09-15,8.950989723205566,15.19339370727539,7.1553239822387695,20.543668746948242,18.571670532226562,5.846624374389648,75.03269958496094
2004-09-16,8.977794647216797,15.271519660949707,7.170316219329834,20.53678321838379,18.69021224975586,5.881607532501221,75.25885009765625
2004-09-17,9.12932300567627,15.30712604522705,7.2190446853637695,20.598207473754883,18.8944149017334,5.916647911071777,75.57882690429688
2004-09-20,9.132014274597168,15.150018692016602,7.245281219482422,20.370485305786133,18.795297622680664,5.895481109619141,75.12460327148438
2004-09-21,9.3580961227417,15.275714874267578,7.271519660949707,20.473997116088867,18.86799430847168,5.928403854370117,75.4519271850586
2004-09-22,9.298887252807617,14.998160362243652,7.151576519012451,20.218664169311523,18.6036434173584,5.902536869049072,74.51012420654297
2004-09-23,9.212756156921387,14.846283912658691,7.170316219329834,20.073755264282227,18.42519760131836,5.843744277954102,74.10932922363281
2004-09-24,9.31772518157959,14.903895378112793,7.110347270965576,20.128957748413086,18.491289138793945,5.846096515655518,74.4499740600586
2004-09-27,9.31234359741211,14.830574989318848,7.046624183654785,20.01165771484375,18.345905303955078,5.853152275085449,73.9757080078125
2004-09-28,9.471137046813965,14.888189315795898,7.065368175506592,20.163463592529297,18.530946731567383,5.890775680541992,74.32972717285156
2004-09-29,9.34463882446289,14.940555572509766,7.140332221984863,20.253177642822266,18.597026824951172,5.879022598266602,74.70379638671875
2004-09-30,9.401156425476074,14.903895378112793,7.166569709777832,19.866735458374023,18.755634307861328,5.890775680541992,74.65038299560547
2004-10-01,9.53572940826416,15.155258178710938,7.34648323059082,20.053050994873047,19.01998519897461,5.937812805175781,75.91278839111328
2004-10-04,9.524964332580566,15.176215171813965,7.406454563140869,20.142757415771484,19.00016212463379,5.961326599121094,76.03974914550781
2004-10-05,9.627238273620605,15.092423439025879,7.458929061889648,20.08065414428711,18.920854568481445,5.987194538116455,76.07978057861328
2004-10-06,9.804872512817383,15.202390670776367,7.507659912109375,20.059955596923828,19.119123458862305,6.010708808898926,76.60078430175781
2004-10-07,9.729513168334961,15.160502433776855,7.428945064544678,19.604520797729492,18.901037216186523,5.977789402008057,75.77921295166016
2004-10-08,9.740278244018555,15.108138084411621,7.323993682861328,19.335390090942383,18.749040603637695,6.00365686416626,75.1513442993164
2004-10-11,9.656845092773438,15.150018692016602,7.34648323059082,19.466503143310547,18.768857955932617,5.987194538116455,75.45858764648438
2004-10-12,9.546497344970703,15.139547348022461,7.327740669250488,19.432003021240234,18.762245178222656,6.036576747894287,75.16468048095703
2004-10-13,9.347326278686523,15.040055274963379,7.301504135131836,19.224985122680664,18.54414939880371,5.956625461578369,74.50342559814453
2004-10-14,9.422693252563477,14.673480033874512,7.245281219482422,19.093873977661133,18.4648494720459,5.968379497528076,73.90227508544922
2004-10-15,9.463059425354004,14.694419860839844,7.290258884429932,19.121475219726562,18.597026824951172,6.015415191650391,74.31639862060547
2004-10-18,9.336562156677246,14.757266998291016,7.3652215003967285,19.300899505615234,18.649900436401367,5.973085880279541,74.59693908691406
2004-10-19,9.309646606445312,14.511138916015625,7.3652215003967285,18.983470916748047,18.48468589782715,5.963676452636719,73.96905517578125
2004-10-20,9.514198303222656,14.437819480895996,7.376467227935791,18.97657585144043,18.43181037902832,5.970732688903809,73.82209014892578
2004-10-21,9.568028450012207,14.427348136901855,7.440186500549316,18.797149658203125,18.524337768554688,5.9965996742248535,74.30300903320312
2004-10-22,9.549184799194336,14.348796844482422,7.279014587402344,18.659147262573242,18.359113693237305,6.034229278564453,73.4681167602539
2004-10-25,9.557258605957031,14.343554496765137,7.267772197723389,18.555639266967773,18.359113693237305,6.125940799713135,73.38125610351562
2004-10-26,9.662227630615234,14.662995338439941,7.2827653884887695,18.907564163208008,18.636686325073242,6.187082767486572,74.50342559814453
2004-10-27,9.495354652404785,14.882946014404297,7.458929061889648,19.40440559387207,18.901037216186523,6.180025577545166,75.39846801757812
2004-10-28,9.328489303588867,14.961496353149414,7.4776692390441895,19.369897842407227,18.86138153076172,6.144752025604248,75.62557220458984
2004-10-29,9.457677841186523,14.982453346252441,7.481419563293457,19.425107955932617,18.947288513183594,6.17767333984375,75.61222076416016
2004-11-01,9.401156425476074,15.029577255249023,7.5413899421691895,19.24568748474121,19.00676918029785,6.227057933807373,75.81929016113281
2004-11-02,9.261202812194824,15.092423439025879,7.552637100219727,19.100780487060547,19.026592254638672,6.1047749519348145,75.84603118896484
2004-11-03,9.446911811828613,15.181438446044922,7.593862056732178,19.6666259765625,19.23808479309082,6.234111309051514,76.80118560791016
2004-11-04,9.559954643249512,15.438051223754883,7.6800713539123535,19.708026885986328,19.555295944213867,6.358748435974121,77.8498764038086
2004-11-05,9.616474151611328,15.406627655029297,7.747541427612305,19.825336456298828,19.707305908203125,6.335233688354492,78.33748626708984
2004-11-08,9.457677841186523,15.3856782913208,7.758788108825684,19.818431854248047,19.76017189025879,6.396371364593506,78.22394561767578
2004-11-09,9.371553421020508,15.369976043701172,7.755038738250732,19.825336456298828,19.83286476135254,6.3987226486206055,78.0702896118164
2004-11-10,9.481902122497559,15.411860466003418,7.687571048736572,19.77013397216797,19.89234161376953,6.396371364593506,78.13040924072266
2004-11-11,9.463059425354004,15.558491706848145,7.785025596618652,19.87364387512207,20.123653411865234,6.464568614959717,78.72489166259766
2004-11-12,9.662227630615234,15.621335983276367,7.8937249183654785,19.901241302490234,20.196340560913086,6.542174339294434,79.34608459472656
2004-11-15,9.452293395996094,15.66846752166748,7.9387006759643555,20.00474739074707,20.183128356933594,6.509250164031982,79.54102325439453
2004-11-16,9.452293395996094,15.53754711151123,7.878728866577148,19.908145904541016,20.05095672607422,6.497491359710693,78.9715805053711
2004-11-17,9.600322723388672,15.574212074279785,7.968685150146484,19.901241302490234,20.196340560913086,6.443408012390137,79.44050598144531
2004-11-18,9.675683975219727,15.53754711151123,7.99867057800293,19.846036911010742,20.30869483947754,6.443408012390137,79.54773712158203
2004-11-19,9.791418075561523,15.338554382324219,7.8749823570251465,19.604520797729492,20.064167022705078,6.419889450073242,78.66340637207031
2004-11-22,9.947518348693848,15.42757511138916,7.886227130889893,19.639028549194336,20.110429763793945,6.521010875701904,79.0385971069336
2004-11-23,10.009417533874512,15.46423625946045,7.85249137878418,19.576921463012695,20.0773868560791,6.560988903045654,79.15916442871094
2004-11-24,10.092854499816895,15.527073860168457,7.916212558746338,19.625225067138672,20.169912338256836,6.584504127502441,79.34671783447266
2004-11-26,10.135918617248535,15.53754711151123,7.904967784881592,19.74253273010254,20.169912338256836,6.610372066497803,79.28643035888672
2004-11-29,10.082093238830566,15.46423625946045,7.908715724945068,19.735626220703125,20.090612411499023,6.523362159729004,78.9247055053711
2004-11-30,10.095541954040527,15.448517799377441,7.863734722137451,19.80463409423828,20.136865615844727,6.452813625335693,78.97830963134766
2004-12-01,9.853317260742188,15.752254486083984,8.02491283416748,20.135866165161133,20.473915100097656,6.396371364593506,79.87602233886719
2004-12-02,9.59225082397461,15.726072311401367,8.047393798828125,20.329078674316406,20.407821655273438,6.316418647766113,79.94300842285156
2004-12-03,9.686455726623535,15.720834732055664,8.103622436523438,20.19106674194336,20.4144344329834,6.3634514808654785,79.8893814086914
2004-12-06,9.691828727722168,15.710358619689941,8.137353897094727,20.149667739868164,20.30208396911621,6.4222412109375,79.86259460449219
2004-12-07,9.48997688293457,15.579435348510742,8.028654098510742,19.942657470703125,20.136865615844727,6.372858047485352,79.11895751953125
2004-12-08,9.554569244384766,15.621335983276367,8.021162033081055,20.232471466064453,20.189735412597656,6.3399338722229,79.58123016357422
2004-12-09,9.635313034057617,15.705121040344238,8.017414093017578,20.363582611083984,20.315305709838867,6.342284202575684,79.86259460449219
2004-12-10,9.568028450012207,15.731305122375488,7.9761786460876465,20.34977149963379,20.38800048828125,6.365802764892578,79.94300842285156
2004-12-13,9.737585067749023,15.836044311523438,8.06988525390625,20.446386337280273,20.612699508666992,6.459868431091309,80.63970947265625
2004-12-14,9.767192840576172,15.888418197631836,8.084880828857422,20.625804901123047,20.652353286743164,6.483384132385254,80.92109680175781
2004-12-15,9.839858055114746,15.972206115722656,8.084880828857422,20.687917709350586,20.678783416748047,6.513954162597656,80.98136901855469
2004-12-16,9.740278244018555,15.862234115600586,8.0511474609375,20.977733612060547,20.55982780456543,6.516305923461914,80.93448638916016
2004-12-17,9.73784351348877,15.813220024108887,8.012157440185547,20.557588577270508,20.53724479675293,6.533401966094971,80.39466857910156
2004-12-20,9.85669994354248,15.786874771118164,7.966287136077881,20.308395385742188,20.550527572631836,6.569012641906738,80.41485595703125
2004-12-21,9.940439224243164,15.992382049560547,8.054201126098633,20.5022029876709,20.663448333740234,6.637858867645264,81.0340805053711
2004-12-22,9.805380821228027,16.081954956054688,8.069493293762207,20.654489517211914,20.72986602783203,6.652103900909424,81.22929382324219
2004-12-23,9.862100601196289,16.11357307434082,8.088605880737305,20.737546920776367,20.756431579589844,6.649728298187256,81.28990173339844
2004-12-27,9.689225196838379,16.029264450073242,8.03891658782959,20.709861755371094,20.636871337890625,6.606995582580566,81.12161254882812
2004-12-28,9.756752967834473,16.103031158447266,8.080962181091309,20.9244327545166,20.749792098999023,6.623615741729736,81.56584930419922
2004-12-29,9.829686164855957,16.06615447998047,8.080962181091309,20.96596908569336,20.69666290283203,6.64260196685791,81.68701934814453
2004-12-30,9.786465644836426,16.08722496032715,8.08479118347168,20.979801177978516,20.709945678710938,6.6449785232543945,81.53218078613281
2004-12-31,9.81078052520752,16.08722496032715,8.069493293762207,20.89675521850586,20.636871337890625,6.611746788024902,81.35717010498047
2005-01-03,9.44881820678711,16.029264450073242,8.000686645507812,20.654489517211914,20.457550048828125,6.53577184677124,80.97351837158203
2005-01-04,9.400197982788086,15.876450538635254,7.851605415344238,20.488359451293945,20.20513916015625,6.490662574768066,79.98406982421875
2005-01-05,9.359679222106934,15.850105285644531,7.8248443603515625,20.453767776489258,20.065656661987305,6.3885817527771,79.43212127685547
2005-01-06,9.521749496459961,15.929141998291016,7.801915645599365,20.606035232543945,20.132083892822266,6.421820163726807,79.83602142333984
2005-01-07,9.446115493774414,15.844846725463867,7.817202568054199,20.592191696166992,20.03909683227539,6.421820163726807,79.72154235839844
2005-01-10,9.51634693145752,15.86064624786377,7.817202568054199,20.772153854370117,20.112159729003906,6.4550557136535645,80.0984878540039
2005-01-11,9.529850006103516,15.792143821716309,7.740750789642334,20.62679672241211,20.0191707611084,6.436066150665283,79.54656982421875
2005-01-12,9.697330474853516,15.77106761932373,7.782799243927002,20.765233993530273,20.045732498168945,6.4550557136535645,79.8091049194336
2005-01-13,9.762157440185547,15.618260383605957,7.706347942352295,20.453767776489258,19.853111267089844,6.485915660858154,79.16963195800781
2005-01-14,9.848596572875977,15.670958518981934,7.729284763336182,20.53681755065918,19.98595428466797,6.5405192375183105,79.58697509765625
2005-01-18,9.945838928222656,15.918604850769043,7.813375473022461,20.70294189453125,20.065656661987305,6.597499370574951,80.41485595703125
2005-01-19,9.910725593566895,15.760526657104492,7.649008274078369,20.571430206298828,19.90625762939453,6.569012641906738,79.57350158691406
2005-01-20,9.81078052520752,15.6445951461792,7.595491886138916,20.467599868774414,19.726911544799805,6.547645092010498,79.0888442993164
2005-01-21,9.832389831542969,15.565567016601562,7.5419793128967285,20.32916831970215,19.6007137298584,6.521531581878662,78.60421752929688
2005-01-24,9.918828964233398,15.570822715759277,7.4808197021484375,20.156126022338867,19.540937423706055,6.578507423400879,78.44942474365234
2005-01-25,9.959345817565918,15.581368446350098,7.492281436920166,20.294557571411133,19.726911544799805,6.5405192375183105,78.67155456542969
2005-01-26,10.056587219238281,15.655145645141602,7.568736553192139,20.419147491455078,19.76676368713379,6.635484218597412,78.90713500976562
2005-01-27,10.145730972290039,15.576096534729004,7.561091423034668,20.377620697021484,19.819902420043945,6.668721675872803,79.04171752929688
2005-01-28,10.02418041229248,15.55502700805664,7.561091423034668,20.211488723754883,19.79998779296875,6.675842761993408,79.04171752929688
2005-01-31,10.143025398254395,15.739445686340332,7.61460542678833,20.246110916137695,20.059019088745117,6.751814842224121,79.53309631347656
2005-02-01,10.315905570983887,15.908069610595703,7.660475254058838,20.439912796020508,20.118793487548828,6.7969207763671875,80.03790283203125
2005-02-02,10.459074974060059,15.908069610595703,7.66430139541626,20.522974014282227,20.118793487548828,6.823034763336182,80.28024291992188
2005-02-03,10.510392189025879,15.834303855895996,7.61460542678833,20.460674285888672,20.059019088745117,6.8420281410217285,80.07157897949219
2005-02-04,10.54820728302002,16.02400016784668,7.744572162628174,20.647558212280273,20.225078582763672,6.908499240875244,80.9264144897461
2005-02-07,10.477978706359863,16.039810180664062,7.721640586853027,20.661405563354492,20.2117919921875,6.894257545471191,80.81868743896484
2005-02-08,10.553607940673828,15.976573944091797,7.759866237640381,20.709861755371094,20.324703216552734,6.934614658355713,80.91292572021484
2005-02-09,10.534696578979492,15.934415817260742,7.626070976257324,20.488359451293945,20.112159729003906,6.894257545471191,80.30716705322266
2005-02-10,10.823732376098633,15.981837272644043,7.641364097595215,20.522974014282227,20.20513916015625,6.9013752937316895,80.59660339355469
2005-02-11,10.91827392578125,16.108306884765625,7.713995933532715,20.730627059936523,20.337987899780273,6.906126976013184,81.28990173339844
2005-02-14,10.93177604675293,16.081954956054688,7.729284763336182,20.744461059570312,20.318050384521484,6.967851161956787,81.22929382324219
2005-02-15,10.95609188079834,16.118846893310547,7.767508506774902,20.737546920776367,20.384477615356445,6.955982208251953,81.53218078613281
2005-02-16,11.264033317565918,16.008188247680664,7.740750789642334,20.709861755371094,20.444257736206055,6.974976062774658,81.5860595703125
2005-02-17,11.112763404846191,15.865913391113281,7.61460542678833,20.682167053222656,20.25827980041504,6.960729598999023,80.9264144897461
2005-02-18,11.358569145202637,15.697300910949707,7.599312782287598,20.993656158447266,20.25827980041504,6.887133598327637,81.0340805053711
2005-02-22,11.277536392211914,15.4654541015625,7.557269096374512,20.744461059570312,19.932817459106445,6.723321914672852,79.82928466796875
2005-02-23,11.420699119567871,15.607720375061035,7.534330368041992,20.84137535095215,19.95938491821289,6.758931636810303,80.4013900756836
2005-02-24,11.644896507263184,15.628799438476562,7.599312782287598,21.00057601928711,20.24500274658203,6.81116247177124,80.93315887451172
2005-02-25,11.93122673034668,15.786874771118164,7.649008274078369,21.173616409301758,20.411048889160156,6.944112300872803,81.73412322998047
2005-02-28,11.844789505004883,15.634068489074707,7.626070976257324,20.8552188873291,20.291488647460938,6.896628379821777,81.1956558227539
2005-03-01,11.615187644958496,15.786874771118164,7.717818737030029,21.021339416503906,20.357913970947266,6.915621757507324,81.59952545166016
2005-03-02,11.785362243652344,15.739445686340332,7.698703765869141,21.042112350463867,20.41769790649414,6.908499240875244,81.55915832519531
2005-03-03,11.979843139648438,15.713105201721191,7.641364097595215,21.021339416503906,20.46417808532715,6.944112300872803,81.59281158447266
2005-03-04,12.133818626403809,15.91334342956543,7.691061019897461,21.215147018432617,20.749792098999023,7.053315162658691,82.609130859375
2005-03-07,12.050074577331543,15.91334342956543,7.748398780822754,21.26359748840332,20.849430084228516,7.103174209594727,82.64954376220703
2005-03-08,12.036572456359863,15.88698959350586,7.683416843414307,21.12516212463379,20.836137771606445,7.055691719055176,82.33992004394531
2005-03-09,11.704324722290039,15.692031860351562,7.668124198913574,20.993656158447266,20.610313415527344,6.929867744445801,81.42453002929688
2005-03-10,11.466621398925781,15.781606674194336,7.702527046203613,21.069791793823242,20.656801223754883,6.974976062774658,81.60623931884766
2005-03-11,11.561161041259766,15.6445951461792,7.603139877319336,20.903671264648438,20.603670120239258,6.944112300872803,81.0340805053711
2005-03-14,11.644896507263184,15.728917121887207,7.63371467590332,20.938274383544922,20.71657943725586,7.050942420959473,81.53893280029297
2005-03-15,11.482827186584473,15.623529434204102,7.557269096374512,20.696012496948242,20.603670120239258,7.020079612731934,80.86579895019531
2005-03-16,11.520647048950195,15.4654541015625,7.4808197021484375,20.49529266357422,20.364551544189453,6.955982208251953,80.17929077148438
2005-03-17,11.720528602600098,15.423285484313965,7.476993083953857,20.564491271972656,20.357913970947266,6.996343612670898,80.3407974243164
2005-03-18,11.865259170532227,15.34647274017334,7.434943199157715,20.54435920715332,20.382570266723633,6.975287914276123,80.10225677490234
2005-03-21,11.762269973754883,15.20875358581543,7.434943199157715,20.461013793945312,20.44922637939453,6.972899913787842,79.80494689941406
2005-03-22,11.621342658996582,14.927989959716797,7.369959831237793,20.46796417236328,20.335918426513672,6.831765651702881,78.99406433105469
2005-03-23,11.399101257324219,14.959774017333984,7.4005446434021,20.690217971801758,20.209274291992188,6.798274993896484,79.0616683959961
2005-03-24,11.390973091125488,14.88560962677002,7.404363632202148,20.697158813476562,20.309253692626953,6.870039463043213,79.15628051757812
2005-03-28,11.404522895812988,14.991561889648438,7.41201114654541,20.68327522277832,20.289257049560547,6.881998538970947,79.27112579345703
2005-03-29,11.220224380493164,14.938578605651855,7.354672908782959,20.613828659057617,19.95599937438965,6.7958855628967285,78.74404907226562
2005-03-30,11.388254165649414,15.123994827270508,7.465528964996338,20.940256118774414,20.335918426513672,6.905920505523682,79.85902404785156
2005-03-31,11.618629455566406,15.03923511505127,7.476993083953857,20.738832473754883,20.28260040283203,6.972899913787842,79.7103271484375
2005-04-01,11.905903816223145,14.83262825012207,7.41201114654541,20.558244705200195,20.08930206298828,6.996817588806152,79.35220336914062
2005-04-04,11.8029203414917,14.938578605651855,7.438769340515137,20.662433624267578,20.06929588317871,7.01595401763916,79.48738098144531
2005-04-05,11.653861045837402,14.980960845947266,7.454056262969971,21.079160690307617,20.169279098510742,7.056620121002197,79.86579132080078
2005-04-06,11.838151931762695,15.0816068649292,7.442587375640869,21.093046188354492,20.175949096679688,7.035088539123535,80.14282989501953
2005-04-07,11.792083740234375,15.139883041381836,7.5419793128967285,21.308351516723633,20.34258270263672,7.099676609039307,80.57530975341797
2005-04-08,11.577981948852539,15.002145767211914,7.488461017608643,21.155555725097656,20.13595199584961,7.0446577072143555,79.73738098144531
2005-04-11,11.664701461791992,15.033927917480469,7.4464111328125,21.13472557067871,20.175949096679688,7.114032745361328,79.7981948852539
2005-04-12,11.480408668518066,15.240534782409668,7.492281436920166,21.27362632751465,20.335918426513672,7.18101167678833,80.21040344238281
2005-04-13,11.19854736328125,15.018037796020508,7.385249614715576,21.370868682861328,19.982654571533203,7.130773067474365,79.26435852050781
2005-04-14,11.193130493164062,14.848526954650879,7.282041072845459,21.287500381469727,19.682714462280273,7.0637969970703125,78.23045349121094
2005-04-15,10.767626762390137,14.689610481262207,7.060332298278809,21.391700744628906,19.29612159729004,6.939408302307129,77.13578033447266
2005-04-18,10.962759971618652,14.811445236206055,7.06797456741333,21.245838165283203,19.356111526489258,6.965719223022461,77.37229919433594
2005-04-19,11.220224380493164,14.83262825012207,7.1558942794799805,21.231950759887695,19.44276237487793,7.0637969970703125,77.98719787597656
2005-04-20,10.989859580993652,14.647235870361328,7.090912818908691,20.968036651611328,19.2428035736084,7.001600742340088,76.8992919921875
2005-04-21,11.36928939819336,14.731985092163086,7.282041072845459,21.252796173095703,19.75602912902832,7.0637969970703125,78.39265441894531
2005-04-22,11.393678665161133,14.69490909576416,7.194118976593018,21.176401138305664,19.522750854492188,7.1092448234558105,78.09532928466797
2005-04-25,11.55358600616455,14.880313873291016,7.243817329406738,21.225013732910156,19.75602912902832,7.157088279724121,78.60892486572266
2005-04-26,11.363871574401855,14.795551300048828,7.194118976593018,21.093046188354492,19.50274658203125,7.066188812255859,77.84530639648438
2005-04-27,11.0711669921875,15.002145767211914,7.22088098526001,21.252796173095703,19.529417037963867,7.118814945220947,78.14938354492188
2005-04-28,10.848936080932617,14.83792781829834,7.148247718811035,21.148616790771484,19.316125869750977,7.0877180099487305,77.16958618164062
2005-04-29,10.989859580993652,15.065725326538086,7.213235378265381,21.461153030395508,19.542743682861328,7.188188076019287,78.21695709228516
2005-05-02,11.18770694732666,15.102802276611328,7.205587387084961,21.551435470581055,19.649389266967773,7.207322120666504,78.65618896484375
2005-05-03,10.92481517791748,15.118692398071289,7.255285739898682,21.537553787231445,19.509410858154297,7.171440601348877,78.79132843017578
2005-05-04,11.052193641662598,15.41004753112793,7.304973602294922,21.752857208251953,19.736040115356445,7.178615570068359,79.3995132446289
2005-05-05,11.171446800231934,15.341184616088867,7.293510437011719,21.74591064453125,19.63605499267578,7.149910926818848,79.37251281738281
2005-05-06,11.138925552368164,15.229947090148926,7.312620639801025,21.6486759185791,19.716035842895508,7.1331658363342285,79.12248229980469
2005-05-09,11.287982940673828,15.36237621307373,7.343199253082275,21.80841636657715,19.849346160888672,7.192965984344482,79.61576080322266
2005-05-10,11.098272323608398,15.161075592041016,7.266748905181885,21.669519424438477,19.616058349609375,7.140346527099609,78.79132843017578
2005-05-11,11.166027069091797,15.229947090148926,7.301151752471924,21.759796142578125,19.75602912902832,7.173831939697266,79.22379302978516
2005-05-12,10.678187370300293,15.086907386779785,7.308798789978027,21.732013702392578,19.542743682861328,7.092498779296875,78.35215759277344
2005-05-13,10.515579223632812,14.954477310180664,7.4005446434021,21.58616828918457,19.44276237487793,6.977680683135986,78.19673156738281
2005-05-16,10.469502449035645,15.219344139099121,7.469344139099121,21.843149185180664,19.716035842895508,7.023128032684326,78.92650604248047
2005-05-17,10.656503677368164,15.314693450927734,7.496106147766113,21.829252243041992,19.849346160888672,7.104463577270508,79.45354461669922
2005-05-18,10.6348237991333,15.494803428649902,7.603139877319336,21.877864837646484,20.14928436279297,7.106851100921631,80.27119445800781
2005-05-19,10.827247619628906,15.51069450378418,7.645186424255371,21.870925903320312,20.175949096679688,7.147520065307617,80.60906982421875
2005-05-20,10.745946884155273,15.494803428649902,7.656656742095947,21.857027053833008,20.169279098510742,7.1451263427734375,80.49420928955078
2005-05-23,10.92481517791748,15.516003608703613,7.683416843414307,21.898710250854492,20.309253692626953,7.118814945220947,80.9402084350586
2005-05-24,10.9708890914917,15.463025093078613,7.721640586853027,21.926485061645508,20.255931854248047,7.118814945220947,80.75096893310547
2005-05-25,11.138925552368164,15.41004753112793,7.6872358322143555,21.787586212158203,20.08262825012207,7.1379499435424805,80.69020080566406
2005-05-26,11.195839881896973,15.51069450378418,7.775156497955322,21.870925903320312,20.229270935058594,7.157088279724121,81.1226577758789
2005-05-27,11.38283920288086,15.537193298339844,7.763690948486328,21.80147361755371,20.215940475463867,7.185791015625,81.25778198242188
2005-05-31,11.296113014221191,15.51069450378418,7.713995933532715,21.732013702392578,20.16261100769043,7.183402061462402,80.73746490478516
2005-06-01,11.510223388671875,15.632536888122559,7.790441989898682,21.787586212158203,20.235939025878906,7.27669095993042,81.42670440673828
2005-06-02,11.48853588104248,15.590160369873047,7.8248443603515625,21.787586212158203,20.235939025878906,7.267123699188232,81.60240173339844
2005-06-03,11.55358600616455,15.51069450378418,7.740750789642334,21.711181640625,20.142623901367188,7.291040897369385,81.1902084350586
2005-06-06,11.588820457458496,15.5477876663208,7.729284763336182,21.718137741088867,20.15595245361328,7.283866882324219,81.11588287353516
2005-06-07,11.47769832611084,15.537193298339844,7.698703765869141,21.725074768066406,20.242603302001953,7.300611972808838,81.17669677734375
2005-06-08,11.510223388671875,15.5477876663208,7.713995933532715,21.57227897644043,20.115955352783203,7.314964771270752,81.0280532836914
2005-06-09,11.843575477600098,15.59545612335205,7.752221584320068,21.662569046020508,20.12262725830078,7.322140693664551,81.41322326660156
2005-06-10,11.830022811889648,15.5477876663208,7.710170745849609,21.613954544067383,20.095964431762695,7.348453998565674,81.22400665283203
2005-06-13,11.876099586486816,15.5477876663208,7.740750789642334,21.70423698425293,20.12929344177246,7.379552364349365,81.48076629638672
2005-06-14,11.949271202087402,15.590160369873047,7.694881916046143,21.891767501831055,20.08262825012207,7.39868688583374,81.66999816894531
2005-06-15,12.092909812927246,15.627241134643555,7.740750789642334,21.80841636657715,20.102622985839844,7.362802505493164,81.82542419433594
2005-06-16,12.263659477233887,15.706706047058105,7.756046772003174,21.947328567504883,20.12262725830078,7.350846290588379,82.03485107421875
2005-06-17,12.462390899658203,15.78929328918457,7.759866237640381,22.056001663208008,20.28633689880371,7.4446587562561035,82.33883666992188
2005-06-20,12.47598648071289,15.751996040344238,7.748398780822754,22.028135299682617,20.212827682495117,7.459127426147461,82.365966796875
2005-06-21,12.212275505065918,15.810617446899414,7.782799243927002,21.993305206298828,20.206146240234375,7.468771457672119,82.41348266601562
2005-06-22,12.282958030700684,15.78929328918457,7.798092842102051,21.916671752929688,20.105913162231445,7.536299228668213,82.48133087158203
2005-06-23,12.29383659362793,15.645424842834473,7.7369303703308105,21.7703800201416,19.698322296142578,7.558004379272461,81.32117462158203
2005-06-24,12.217710494995117,15.618786811828613,7.641364097595215,21.665876388549805,19.57137107849121,7.504950523376465,80.72408294677734
2005-06-27,12.405299186706543,15.613445281982422,7.580203533172607,21.575319290161133,19.544633865356445,7.55076789855957,80.83942413330078
2005-06-28,12.174208641052246,15.730680465698242,7.67576789855957,21.79128074645996,19.885417938232422,7.625530242919922,81.5179214477539
2005-06-29,12.163337707519531,15.80528736114502,7.6872358322143555,21.763404846191406,19.75846290588379,7.603821277618408,81.30079650878906
2005-06-30,12.084492683410645,15.704042434692383,7.61460542678833,21.617107391357422,19.631498336791992,7.611059665679932,80.85978698730469
2005-07-01,12.353642463684082,15.72002124786377,7.63371467590332,21.589244842529297,19.698322296142578,7.680996894836426,81.09728240966797
2005-07-05,12.723383903503418,15.847919464111328,7.683416843414307,21.665876388549805,19.75846290588379,7.695464134216309,81.74858093261719
2005-07-06,12.495014190673828,15.730680465698242,7.66430139541626,21.52655029296875,19.537961959838867,7.565239429473877,81.06331634521484
2005-07-07,12.655416488647461,15.762653350830078,7.679592132568359,21.519575119018555,19.584732055664062,7.625530242919922,81.3822250366211
2005-07-08,12.571137428283691,15.922521591186523,7.817202568054199,21.777345657348633,19.925500869750977,7.714757919311523,82.31169891357422
2005-07-11,12.663570404052734,15.99179458618164,7.897477149963379,21.84701156616211,19.95891571044922,7.758169174194336,82.73237609863281
2005-07-12,12.77776050567627,15.99179458618164,7.939528942108154,21.83307647705078,19.85200309753418,7.779871940612793,82.94945526123047
2005-07-13,12.704350471496582,16.061073303222656,7.973928451538086,21.71463966369629,19.912141799926758,7.801575660705566,83.0648193359375
2005-07-14,12.399857521057129,16.140993118286133,8.042738914489746,21.84701156616211,20.09255599975586,7.72440242767334,83.39045715332031
2005-07-15,12.334613800048828,16.183629989624023,8.03891658782959,21.951505661010742,20.06583023071289,7.721995830535889,83.34298706054688
2005-07-18,12.282958030700684,16.01311683654785,7.993042945861816,21.81914520263672,20.025739669799805,7.717170715332031,83.0105209350586
2005-07-19,12.546670913696289,16.007774353027344,8.111540794372559,21.826112747192383,20.19278335571289,7.72440242767334,83.465087890625
2005-07-20,12.560263633728027,16.06639289855957,8.08479118347168,22.139602661132812,20.426652908325195,7.765401840209961,83.75006103515625
2005-07-21,12.437922477722168,15.98114013671875,8.031270027160645,21.902742385864258,20.319746017456055,7.625530242919922,83.26156616210938
2005-07-22,12.883780479431152,16.06639289855957,8.012157440185547,21.874874114990234,20.379880905151367,7.668939590454102,83.81790924072266
2005-07-25,13.00340747833252,16.002460479736328,7.970103740692139,21.742517471313477,20.232877731323242,7.671350479125977,83.58045959472656
2005-07-26,12.973505020141602,16.023765563964844,8.031270027160645,21.84701156616211,20.333112716674805,7.697872638702393,83.68219757080078
2005-07-27,13.038747787475586,16.045087814331055,8.08479118347168,22.049047470092773,20.413288116455078,7.731640338897705,83.98754119873047
2005-07-28,13.076809883117676,16.093036651611328,8.088605880737305,22.258041381835938,20.52688217163086,7.779871940612793,84.51673889160156
2005-07-29,12.94087028503418,15.949164390563965,8.04655933380127,22.104768753051758,20.379880905151367,7.782285213470459,83.9535903930664
2005-08-01,13.076809883117676,15.949164390563965,8.050381660461426,22.216236114501953,20.366519927978516,7.680996894836426,83.89253234863281
2005-08-02,13.294304847717285,16.06639289855957,8.130654335021973,22.299827575683594,20.33979034423828,7.859452724456787,84.39460754394531
2005-08-03,13.229052543640137,16.08771514892578,8.184175491333008,22.355567932128906,20.299692153930664,7.881161212921143,84.6185302734375
2005-08-04,13.256241798400879,15.975809097290039,8.107722282409668,22.13263511657715,20.166059494018555,7.830515384674072,83.94001770019531
2005-08-05,13.155656814575195,15.794635772705078,8.088605880737305,21.979366302490234,20.05914306640625,7.695464134216309,83.3701400756836
2005-08-08,13.34595775604248,15.730680465698242,8.023618698120117,21.89577293395996,20.012367248535156,7.538711071014404,83.21409606933594
2005-08-09,13.316052436828613,15.831926345825195,8.08479118347168,22.146570205688477,20.15938377380371,7.618293285369873,83.71614074707031
2005-08-10,13.533546447753906,15.815939903259277,7.993042945861816,22.111743927001953,20.146015167236328,7.6158833503723145,83.6754379272461
2005-08-11,13.664040565490723,15.874564170837402,8.054201126098633,22.244104385375977,20.313053131103516,7.661703586578369,84.00790405273438
2005-08-12,13.639573097229004,15.831926345825195,7.947174072265625,22.118696212768555,20.226194381713867,7.654469966888428,83.49222564697266
2005-08-15,13.506360054016113,15.906527519226074,7.989225387573242,22.13263511657715,20.266284942626953,7.683408737182617,84.00790405273438
2005-08-16,13.210018157958984,15.799952507019043,7.912770748138428,21.979366302490234,20.03241729736328,7.5628275871276855,82.91555786132812
2005-08-17,12.905536651611328,15.837262153625488,7.981575012207031,22.02117347717285,20.08586883544922,7.555593013763428,82.90876770019531
2005-08-18,12.878345489501953,15.826606750488281,7.928058624267578,22.028135299682617,19.99900245666504,7.584531307220459,82.9019775390625
2005-08-19,13.09856128692627,15.853240013122559,7.935709476470947,21.874874114990234,20.079187393188477,7.630349159240723,83.09197998046875
2005-08-22,13.131181716918945,15.89587688446045,7.950991630554199,21.874874114990234,20.119281768798828,7.680996894836426,83.09197998046875
2005-08-23,13.106717109680176,15.794635772705078,7.947174072265625,21.735546112060547,20.025739669799805,7.7436981201171875,82.93590545654297
2005-08-24,13.231772422790527,15.613445281982422,7.897477149963379,21.665876388549805,19.865373611450195,7.707523345947266,82.19639587402344
2005-08-25,13.196432113647461,15.693376541137695,7.901301860809326,21.693748474121094,19.898778915405273,7.765401840209961,82.49490356445312
2005-08-26,13.046906471252441,15.528182029724121,7.874545574188232,21.617107391357422,19.791868209838867,7.753345012664795,81.93177795410156
2005-08-29,13.15293025970459,15.650748252868652,7.928058624267578,21.83307647705078,19.912141799926758,7.784696102142334,82.56273651123047
2005-08-30,13.397615432739258,15.512205123901367,7.928058624267578,21.805217742919922,19.75177764892578,7.772637367248535,82.12852478027344
2005-08-31,13.767350196838379,15.688056945800781,7.970103740692139,22.028135299682617,19.898778915405273,7.83292818069458,83.16656494140625
2005-09-01,14.126211166381836,15.725349426269531,7.950991630554199,22.03510093688965,19.8185977935791,7.955920219421387,83.1054916381836
2005-09-02,13.851627349853516,15.714690208435059,7.928058624267578,22.02117347717285,19.885417938232422,7.958327770233154,82.95626831054688
2005-09-06,13.949506759643555,15.906527519226074,8.019804000854492,22.369487762451172,20.119281768798828,8.033092498779297,83.92646789550781
2005-09-07,13.971251487731934,15.869232177734375,8.019804000854492,22.515790939331055,20.199464797973633,8.037917137145996,84.06896209716797
2005-09-08,13.990285873413086,15.778647422790527,8.03891658782959,22.501853942871094,20.08586883544922,7.967979431152344,83.79080200195312
2005-09-09,14.354582786560059,15.917194366455078,8.04655933380127,22.5784912109375,20.199464797973633,8.062032699584961,84.53704071044922
2005-09-12,14.060966491699219,15.965155601501465,8.065673828125,22.501853942871094,20.3264217376709,8.054797172546387,84.367431640625
2005-09-13,13.941347122192383,15.831926345825195,8.073319435119629,22.26499366760254,20.239551544189453,7.984860420227051,83.89935302734375
2005-09-14,14.115337371826172,15.815939903259277,7.989225387573242,22.202299118041992,20.08586883544922,8.013797760009766,83.593994140625
2005-09-15,14.115337371826172,15.826606750488281,7.970103740692139,22.188365936279297,20.05914306640625,8.0885591506958,83.55332946777344
2005-09-16,14.253847122192383,16.052780151367188,8.019804000854492,22.360265731811523,20.198680877685547,8.16169261932373,84.14747619628906
2005-09-19,14.630091667175293,15.908071517944336,7.954815864562988,22.19954490661621,19.93033790588379,8.13740062713623,83.86808776855469
2005-09-20,14.491047859191895,15.82231616973877,7.924237251281738,22.03183937072754,19.796178817749023,8.10581111907959,83.15946960449219
2005-09-21,14.69552993774414,15.559686660766602,7.828672409057617,21.927030563354492,19.729095458984375,7.9648823738098145,82.38274383544922
2005-09-22,14.586475372314453,15.677599906921387,7.8592529296875,21.9759464263916,19.809589385986328,7.921147346496582,82.67568969726562
2005-09-23,14.330184936523438,15.731197357177734,7.863073825836182,21.98991584777832,19.95718002319336,7.940585136413574,82.7438735961914
2005-09-26,14.591923713684082,15.645442008972168,7.851605415344238,21.954986572265625,19.93033790588379,8.00618839263916,82.83927917480469
2005-09-27,14.602838516235352,15.699036598205566,7.8248443603515625,21.829200744628906,20.037687301635742,8.00861930847168,82.81880187988281
2005-09-28,14.722790718078613,15.570399284362793,7.874545574188232,21.843189239501953,20.044387817382812,8.091232299804688,82.90055847167969
2005-09-29,14.864574432373047,15.859837532043457,7.935709476470947,21.892093658447266,20.1383056640625,8.171418190002441,83.57511138916016
2005-09-30,14.632821083068848,15.82231616973877,7.989225387573242,21.906070709228516,20.232223510742188,8.164127349853516,83.83404541015625
2005-10-03,14.59465217590332,15.784793853759766,7.977747440338135,21.927030563354492,20.111473083496094,8.25645637512207,83.53424072265625
2005-10-04,14.068445205688477,15.586479187011719,7.90512228012085,22.01786994934082,19.93033790588379,8.113101959228516,82.59395599365234
2005-10-05,13.52861213684082,15.522159576416016,7.794271469116211,21.654516220092773,19.68213653564453,7.877408981323242,81.51060485839844
2005-10-06,13.206892013549805,15.565037727355957,7.706347942352295,21.507774353027344,19.816308975219727,7.7729268074035645,81.2176284790039
2005-10-07,13.504081726074219,15.618639945983887,7.725459098815918,21.486812591552734,19.990724563598633,7.840963840484619,81.49697875976562
2005-10-10,13.299592018127441,15.452483177185059,7.671945095062256,21.45886993408203,19.83642578125,7.7024641036987305,80.808837890625
2005-10-11,13.618578910827637,15.404251098632812,7.61460542678833,21.27719497680664,19.729095458984375,7.719470977783203,80.6929702758789
2005-10-12,13.356844902038574,15.334573745727539,7.564910888671875,21.326108932495117,19.729095458984375,7.573686599731445,80.05933380126953
2005-10-13,12.994229316711426,15.409608840942383,7.618430137634277,21.430910110473633,19.70226287841797,7.413318157196045,80.01162719726562
2005-10-14,13.1796236038208,15.581120491027832,7.649008274078369,21.52874755859375,19.876684188842773,7.498361587524414,80.85650634765625
2005-10-17,13.343212127685547,15.597193717956543,7.641364097595215,21.521753311157227,19.916934967041016,7.580974578857422,81.15630340576172
2005-10-18,12.724310874938965,15.473918914794922,7.626070976257324,21.493797302246094,19.77604866027832,7.45462703704834,80.2773666381836
2005-10-19,13.010588645935059,15.784793853759766,7.721640586853027,21.703432083129883,20.037687301635742,7.474061489105225,81.61279296875
2005-10-20,12.418951988220215,15.645442008972168,7.66430139541626,21.2562198638916,19.782758712768555,7.277247905731201,80.1751480102539
2005-10-21,12.547090530395508,15.73654842376709,7.710170745849609,21.123462677001953,19.648595809936523,7.374442100524902,80.48857116699219
2005-10-24,12.994229316711426,16.047426223754883,7.809556484222412,21.29814910888672,19.950468063354492,7.563962936401367,81.7354507446289
2005-10-25,13.264150619506836,15.956315040588379,7.756046772003174,21.165393829345703,19.923633575439453,7.573686599731445,81.57191467285156
2005-10-26,13.18508243560791,16.063501358032227,7.7369303703308105,20.899852752685547,19.74921989440918,7.481351852416992,81.3334732055664
2005-10-27,12.81155776977539,15.972383499145508,7.652834892272949,20.82299041748047,19.574806213378906,7.396312236785889,80.46814727783203
2005-10-28,13.160539627075195,16.245744705200195,7.725459098815918,21.13743019104004,19.890100479125977,7.54452657699585,81.62642669677734
2005-10-31,13.310493469238281,16.3046932220459,7.805730819702148,21.23525619506836,19.943761825561523,7.641718864440918,81.85128021240234
2005-11-01,13.392293930053711,16.245744705200195,7.790441989898682,21.172374725341797,19.883386611938477,7.491072654724121,82.09656524658203
2005-11-02,13.654033660888672,16.379737854003906,7.878366470336914,21.172374725341797,20.08464241027832,7.520229339599609,82.95508575439453
2005-11-03,13.913040161132812,16.390466690063477,7.950991630554199,21.305145263671875,20.171846389770508,7.515369892120361,83.30939483642578
2005-11-04,13.495896339416504,16.41725730895996,7.985395908355713,21.416934967041016,20.18526840209961,7.505650043487549,83.20037841796875
2005-11-07,13.261418342590332,16.556612014770508,8.000686645507812,21.45886993408203,20.259050369262695,7.486217498779297,83.28213500976562
2005-11-08,13.373201370239258,16.508377075195312,8.004515647888184,21.409948348999023,20.1315975189209,7.483783721923828,83.28213500976562
2005-11-09,13.250515937805176,16.551254272460938,7.996866703033447,21.430910110473633,20.178552627563477,7.549386024475098,83.39114379882812
2005-11-10,12.838820457458496,16.883560180664062,8.065673828125,21.710416793823242,20.440183639526367,7.512940883636475,84.03841400146484
2005-11-11,12.942427635192871,16.942522048950195,8.08479118347168,21.717405319213867,20.48042869567871,7.444904327392578,84.32459259033203
2005-11-14,13.010588645935059,16.953245162963867,8.092430114746094,21.570663452148438,20.52067756652832,7.396312236785889,84.27690887451172
2005-11-15,13.03239917755127,16.797815322875977,8.065673828125,21.682462692260742,20.513965606689453,7.410889148712158,83.97028350830078
2005-11-16,13.370477676391602,16.706695556640625,8.096251487731934,21.640548706054688,20.587759017944336,7.47892427444458,84.14064025878906
2005-11-17,13.365023612976074,16.90500259399414,8.191818237304688,21.752349853515625,20.782297134399414,7.588265419006348,84.92422485351562
2005-11-18,13.370477676391602,16.99076271057129,8.237689971923828,21.843189239501953,20.996963500976562,7.573686599731445,85.25804138183594
2005-11-21,13.703102111816406,17.0711669921875,8.233869552612305,21.885103225708008,21.117706298828125,7.590691089630127,85.68728637695312
2005-11-22,13.921219825744629,17.221237182617188,8.287384033203125,21.759328842163086,21.171375274658203,7.590691089630127,86.05526733398438
2005-11-23,13.869412422180176,17.355234146118164,8.33325481414795,21.81523323059082,21.198217391967773,7.685455322265625,86.5526351928711
2005-11-25,13.90485668182373,17.392749786376953,8.35619068145752,21.843189239501953,21.20492935180664,7.714611530303955,86.62078857421875
2005-11-28,13.435916900634766,17.31235122680664,8.325610160827637,21.61258888244629,21.090879440307617,7.685455322265625,86.00756072998047
2005-11-29,13.457725524902344,17.301637649536133,8.325610160827637,21.633548736572266,21.137842178344727,7.704892635345459,85.91214752197266
2005-11-30,13.509529113769531,17.081880569458008,8.298849105834961,21.493797302246094,21.104297637939453,7.629566669464111,85.44886779785156
2005-12-01,13.937575340270996,17.17299461364746,8.42499828338623,21.710416793823242,21.339092254638672,7.658728122711182,86.32098388671875
2005-12-02,13.951212882995605,17.210514068603516,8.417351722717285,21.78728675842285,21.25858497619629,7.6708760261535645,86.43002319335938
2005-12-05,14.049361228942871,17.178359985351562,8.375300407409668,21.829200744628906,21.144554138183594,7.666014671325684,86.24604034423828
2005-12-06,14.109343528747559,17.1247615814209,8.386772155761719,21.78728675842285,21.23176383972168,7.644147872924805,86.4095687866211
2005-12-07,14.057543754577637,16.985403060913086,8.371479034423828,21.696441650390625,21.07746696472168,7.607701778411865,85.90535736083984
2005-12-08,14.305647850036621,16.974679946899414,8.310318946838379,21.7733097076416,20.98355484008789,7.687886714935303,85.85086059570312
2005-12-09,14.128432273864746,17.09795379638672,8.340899467468262,21.801259994506836,21.097591400146484,7.7753586769104,86.07569885253906
2005-12-12,14.311103820800781,17.022920608520508,8.363839149475098,21.808252334594727,21.104297637939453,7.7024641036987305,86.15746307373047
2005-12-13,14.251116752624512,17.24266815185547,8.337076187133789,22.045818328857422,21.124422073364258,7.816660404205322,86.74339294433594
2005-12-14,14.42288589477539,17.306995391845703,8.34854507446289,22.108705520629883,21.305551528930664,7.904140949249268,87.08409881591797
2005-12-15,14.308371543884277,17.210514068603516,8.314138412475586,22.171594619750977,21.339092254638672,7.921147346496582,86.8320083618164
2005-12-16,13.960392951965332,17.252605438232422,8.301824569702148,22.223472595214844,21.37283706665039,7.920657157897949,86.55254364013672
2005-12-19,13.845580101013184,17.101545333862305,8.201760292053223,22.419769287109375,21.163616180419922,7.81524133682251,86.10729217529297
2005-12-20,14.034204483032227,17.17707061767578,8.170966148376465,22.39173126220703,21.17711639404297,7.8275017738342285,86.18951416015625
2005-12-21,14.064264297485352,17.22562026977539,8.178667068481445,22.46183967590332,21.28510093688965,7.756406784057617,86.32646942138672
2005-12-22,14.047861099243164,17.344310760498047,8.217147827148438,22.609058380126953,21.44706916809082,7.790726661682129,86.7785873413086
2005-12-23,14.009588241577148,17.365888595581055,8.232547760009766,22.637096405029297,21.487560272216797,7.805436611175537,86.8265380859375
2005-12-27,13.596824645996094,17.23101234436035,8.1632719039917,22.454830169677734,21.298593521118164,7.790726661682129,85.94293212890625
2005-12-28,13.801847457885742,17.193252563476562,8.144020080566406,22.454830169677734,21.332340240478516,7.751504898071289,86.13469696044922
2005-12-29,13.695230484008789,17.17707061767578,8.097840309143066,22.377704620361328,21.325590133666992,7.736795425415039,85.75114440917969
2005-12-30,13.752638816833496,17.085363388061523,8.043957710266113,22.237497329711914,21.204116821289062,7.6951189041137695,85.28536987304688
2006-01-03,14.405964851379395,17.371280670166016,8.201760292053223,22.510908126831055,21.34583854675293,7.844661712646484,86.78543853759766
2006-01-04,14.446967124938965,17.355093002319336,8.297977447509766,22.73525047302246,21.39982795715332,7.856917381286621,87.1964340209961
2006-01-05,14.263821601867676,17.414443969726562,8.336464881896973,22.679157257080078,21.366085052490234,7.805436611175537,87.2511978149414
2006-01-06,14.613719940185547,17.51694679260254,8.467326164245605,22.826391220092773,21.44706916809082,7.888787269592285,87.97727966308594
2006-01-09,14.59731388092041,17.56550407409668,8.49426555633545,22.931537628173828,21.622533798217773,7.839757919311523,88.20330047607422
2006-01-10,14.755861282348633,17.581676483154297,8.486566543579102,22.847408294677734,21.56179428100586,7.852015495300293,88.29232025146484
2006-01-11,14.818734169006348,17.67879295349121,8.567391395568848,22.79133415222168,21.57529067993164,7.839757919311523,88.57318115234375
2006-01-12,14.712126731872559,17.554712295532227,8.52120590209961,22.770301818847656,21.413320541381836,7.839757919311523,88.2238540649414
2006-01-13,14.887070655822754,17.54391860961914,8.517361640930176,22.756277084350586,21.339092254638672,7.893688678741455,88.14164733886719
2006-01-17,15.215100288391113,17.360492706298828,8.432679176330566,22.693191528320312,21.231109619140625,7.977038860321045,87.90196228027344
2006-01-18,15.089357376098633,17.31194496154785,8.332616806030273,22.728233337402344,21.258108139038086,7.99419641494751,87.55258178710938
2006-01-19,15.351783752441406,17.25799560546875,8.405743598937988,22.847408294677734,21.359336853027344,8.065290451049805,87.88822937011719
2006-01-20,15.420123100280762,16.896543502807617,8.186358451843262,22.412761688232422,20.89368438720703,8.018716812133789,86.28536987304688
2006-01-23,15.589605331420898,16.939701080322266,8.155570030212402,22.398746490478516,20.907175064086914,8.00645637512207,86.5936508178711
2006-01-24,15.496663093566895,17.015222549438477,8.182512283325195,22.293582916259766,21.062389373779297,8.07754898071289,86.68264770507812
2006-01-25,15.171364784240723,17.04759407043457,8.209451675415039,22.265544891357422,21.055644989013672,7.967236042022705,86.75800323486328
2006-01-26,15.22057056427002,17.338912963867188,8.263335227966309,22.377704620361328,21.29184913635254,7.896142482757568,87.23751831054688
2006-01-27,15.485734939575195,17.355093002319336,8.355705261230469,22.637096405029297,21.339092254638672,7.940271377563477,88.04576110839844
2006-01-30,15.841095924377441,17.301151275634766,8.38265323638916,22.531938552856445,21.386327743530273,7.886334419250488,87.97727966308594
2006-01-31,15.761822700500488,17.236406326293945,8.313369750976562,22.524930953979492,21.26485252380371,7.881431579589844,87.33336639404297
2006-02-01,15.387313842773438,17.22562026977539,8.363405227661133,22.665145874023438,21.44706916809082,7.903496265411377,87.94302368164062
2006-02-02,15.234232902526855,17.10694122314453,8.247942924499512,22.482860565185547,21.26485252380371,7.800535678863525,86.92240905761719
2006-02-03,15.094823837280273,17.03681182861328,8.190207481384277,22.4407958984375,21.217607498168945,7.761313438415527,86.4908676147461
2006-02-06,15.39004898071289,17.085363388061523,8.167112350463867,22.237497329711914,21.29184913635254,7.807889461517334,86.7169189453125
2006-02-07,14.747662544250488,16.972068786621094,8.144020080566406,22.202442169189453,21.136627197265625,7.761313438415527,85.94976043701172
2006-02-08,14.750393867492676,17.0799617767334,8.301824569702148,22.489877700805664,21.23786163330078,7.758856296539307,86.73063659667969
2006-02-09,14.41415786743164,17.123130798339844,8.263335227966309,22.510908126831055,21.359336853027344,7.785823345184326,86.58675384521484
2006-02-10,14.362234115600586,17.220226287841797,8.328766822814941,22.46183967590332,21.50105857849121,7.790726661682129,86.74433135986328
2006-02-13,14.304827690124512,17.155481338500977,8.251790046691895,22.43379783630371,21.528053283691406,7.780921936035156,86.58675384521484
2006-02-14,14.143539428710938,17.360492706298828,8.363405227661133,22.651119232177734,21.78450584411621,7.773569583892822,87.50460815429688
2006-02-15,14.066995620727539,17.462995529174805,8.40959358215332,22.784320831298828,21.845226287841797,7.785823345184326,87.8128662109375
2006-02-16,14.38956356048584,17.56550407409668,8.486566543579102,22.931537628173828,21.905975341796875,7.847111225128174,88.47044372558594
2006-02-17,14.490703582763672,17.495357513427734,8.440380096435547,22.917526245117188,21.95995330810547,7.918206691741943,88.23069763183594
2006-02-21,14.774996757507324,17.44141387939453,8.34800910949707,22.798349380493164,21.872228622436523,7.930458068847656,88.01152801513672
2006-02-22,14.498908042907715,17.77049446105957,8.390345573425293,22.994638442993164,22.101686477661133,7.959880828857422,88.5457763671875
2006-02-23,14.482500076293945,17.70576286315918,8.34800910949707,22.910511016845703,22.027446746826172,7.950071334838867,88.41563415527344
2006-02-24,14.660191535949707,17.7435245513916,8.351861000061035,22.910511016845703,22.04094123840332,7.974592208862305,88.64169311523438
2006-02-27,14.405964851379395,17.7758846282959,8.428838729858398,23.085773468017578,22.18265724182129,8.038322448730469,88.67594909667969
2006-02-28,14.307559967041016,17.603261947631836,8.332616806030273,22.784320831298828,21.926212310791016,7.984391212463379,87.8333969116211
2006-03-01,14.5508451461792,17.694974899291992,8.498114585876465,22.80535316467285,22.101686477661133,7.962330341339111,88.61428833007812
2006-03-02,14.79412841796875,17.58707618713379,8.517361640930176,22.763288497924805,22.04094123840332,7.957428455352783,88.60742950439453
2006-03-03,14.796869277954102,17.54391860961914,8.467326164245605,22.686172485351562,22.094932556152344,7.918206691741943,88.1964340209961
2006-03-06,14.28295612335205,17.48996353149414,8.432679176330566,22.567001342773438,21.980209350585938,7.790726661682129,87.79229736328125
2006-03-07,14.072470664978027,17.549312591552734,8.378801345825195,22.57399559020996,21.99370002746582,7.75396203994751,87.65530395507812
2006-03-08,14.072470664978027,17.56009864807129,8.371098518371582,22.728233337402344,21.966711044311523,7.7465996742248535,87.84026336669922
2006-03-09,13.971324920654297,17.452207565307617,8.321067810058594,22.651119232177734,21.939712524414062,7.724539756774902,87.2511978149414
2006-03-10,14.047861099243164,17.608654022216797,8.359556198120117,22.73525047302246,22.169170379638672,7.773569583892822,88.08002471923828
2006-03-13,14.323956489562988,17.614049911499023,8.390345573425293,22.72122573852539,22.155664443969727,7.783374786376953,88.24437713623047
2006-03-14,14.58910846710205,17.81905174255371,8.486566543579102,22.882471084594727,22.36487579345703,7.866724491119385,89.16909790039062
2006-03-15,14.665653228759766,17.840625762939453,8.536601066589355,22.959596633911133,22.70230484008789,7.918206691741943,89.56636810302734
2006-03-16,14.898006439208984,17.89997100830078,8.482720375061035,22.959596633911133,22.715801239013672,7.959880828857422,89.75133514404297
2006-03-17,14.709104537963867,17.95258140563965,8.509659767150879,23.013748168945312,22.889219284057617,7.940614700317383,89.82628631591797
2006-03-20,14.38284969329834,17.96343421936035,8.525056838989258,23.05594825744629,22.848569869995117,7.824532508850098,89.68189239501953
2006-03-21,14.358169555664062,17.784446716308594,8.490412712097168,22.915271759033203,22.760513305664062,7.765254974365234,89.11795806884766
2006-03-22,14.454127311706543,17.925458908081055,8.49426555633545,23.147380828857422,22.929853439331055,7.802298545837402,89.6612319946289
2006-03-23,14.667981147766113,17.838685989379883,8.475021362304688,23.020774841308594,22.835023880004883,7.792422294616699,89.47559356689453
2006-03-24,14.766679763793945,17.833261489868164,8.501964569091797,22.985612869262695,22.8146915435791,7.777602672576904,89.54434204101562
2006-03-27,14.843448638916016,17.822416305541992,8.513509750366211,22.80977439880371,22.835023880004883,7.725736141204834,89.41366577148438
2006-03-28,14.958598136901855,17.675968170166016,8.417289733886719,22.598766326904297,22.672443389892578,7.693629264831543,88.86351013183594
2006-03-29,15.134061813354492,17.7573299407959,8.54429817199707,22.662065505981445,22.902769088745117,7.740559101104736,89.42053985595703
2006-03-30,15.125846862792969,17.648860931396484,8.571242332458496,22.619861602783203,22.902769088745117,7.671398639678955,89.2623519897461
2006-03-31,14.914732933044434,17.654277801513672,8.52120590209961,22.49325942993164,22.895992279052734,7.614596843719482,89.2829818725586
2006-04-03,14.996981620788574,17.681406021118164,8.571242332458496,22.479183197021484,22.977279663085938,7.624471187591553,89.21427917480469
2006-04-04,15.19438362121582,17.871225357055664,8.602035522460938,22.507333755493164,23.133073806762695,7.7059760093688965,89.78504943847656
2006-04-05,15.443876266479492,17.903764724731445,8.67515754699707,22.436996459960938,23.14662742614746,7.780074119567871,90.09447479248047
2006-04-06,15.476778030395508,17.838685989379883,8.667454719543457,22.268184661865234,23.11275291442871,7.683746814727783,89.99820709228516
2006-04-07,15.175189971923828,17.67055320739746,8.567391395568848,22.000911712646484,22.997596740722656,7.575074672698975,89.08358764648438
2006-04-10,15.4630708694458,17.703086853027344,8.5558443069458,21.958709716796875,22.916318893432617,7.572607517242432,89.22109985351562
2006-04-11,15.353402137756348,17.551233291625977,8.47887134552002,21.719572067260742,22.875673294067383,7.486156940460205,88.46466827392578
2006-04-12,15.251956939697266,17.589191436767578,8.49426555633545,21.867279052734375,23.031475067138672,7.503448009490967,88.62970733642578
2006-04-13,15.301314353942871,17.61631202697754,8.50581169128418,21.81804656982422,22.936626434326172,7.468870639801025,88.51280212402344
2006-04-17,15.583695411682129,17.60004425048828,8.41344165802002,21.69144058227539,22.821468353271484,7.461459159851074,88.47840881347656
2006-04-18,15.96479606628418,17.925458908081055,8.582784652709961,21.895416259765625,23.37017250061035,7.604715824127197,89.88127136230469
2006-04-19,16.211551666259766,17.947162628173828,8.575090408325195,21.768800735473633,23.519197463989258,7.6294097900390625,90.05321502685547
2006-04-20,16.04429817199707,17.985124588012695,8.582784652709961,21.965744018554688,23.607263565063477,7.683746814727783,90.177001953125
2006-04-21,16.378787994384766,17.96343421936035,8.490412712097168,21.916513442993164,23.634355545043945,7.718325138092041,90.1907958984375
2006-04-24,16.12929344177246,17.968860626220703,8.47887134552002,21.83211326599121,23.715639114379883,7.789954662322998,90.02570343017578
2006-04-25,15.920927047729492,17.860382080078125,8.475021362304688,21.698467254638672,23.437908172607422,7.678807258605957,89.65434265136719
2006-04-26,15.668694496154785,17.96343421936035,8.50581169128418,21.698467254638672,23.566614151000977,7.602243900299072,89.67497253417969
2006-04-27,15.490483283996582,18.245473861694336,8.590481758117676,21.578914642333984,23.437908172607422,7.703507423400879,90.1082534790039
2006-04-28,15.665948867797852,18.419023513793945,8.40959358215332,21.796939849853516,23.390493392944336,7.735612869262695,90.41082763671875
2006-05-01,15.923670768737793,18.131567001342773,8.340311050415039,21.607032775878906,23.451457977294922,7.663984775543213,89.67497253417969
2006-05-02,16.277355194091797,18.245473861694336,8.378801345825195,21.607032775878906,23.641130447387695,7.787482738494873,90.34896850585938
2006-05-03,16.025108337402344,18.229198455810547,8.359556198120117,21.367895126342773,23.64790153503418,7.762784957885742,90.01197814941406
2006-05-04,15.951092720031738,18.26715660095215,8.390345573425293,21.438230514526367,23.932415008544922,7.772665977478027,90.335205078125
2006-05-05,16.137523651123047,18.527502059936523,8.436534881591797,21.649234771728516,24.169492721557617,7.948026180267334,91.13291931152344
2006-05-08,16.06623649597168,18.451566696166992,8.448081970214844,21.642200469970703,24.149179458618164,7.886277198791504,91.02288055419922
2006-05-09,16.162195205688477,18.48410987854004,8.41344165802002,21.487459182739258,24.149179458618164,7.81959342956543,91.20167541503906
2006-05-10,16.31298828125,18.494958877563477,8.32491397857666,21.466371536254883,24.1627197265625,7.881336688995361,91.15355682373047
2006-05-11,16.101882934570312,18.19122886657715,8.151715278625488,21.42416763305664,24.040786743164062,7.807239532470703,90.05321502685547
2006-05-12,15.556282997131348,18.006820678710938,8.074745178222656,21.374921798706055,23.66144371032715,7.720796585083008,88.87728118896484
2006-05-15,15.230024337768555,18.131567001342773,8.082447052001953,21.677370071411133,23.668224334716797,7.770195484161377,89.05606079101562
2006-05-16,15.284855842590332,18.10987091064453,8.005465507507324,21.733640670776367,23.66144371032715,7.735612869262695,88.9254150390625
2006-05-17,14.895537376403809,17.746479034423828,7.897698402404785,21.50857162475586,23.17372703552246,7.617059707641602,87.23368072509766
2006-05-18,14.714591979980469,17.589191436767578,7.870761871337891,21.417133331298828,22.984060287475586,7.614596843719482,86.79357147216797
2006-05-19,14.810544967651367,17.681406021118164,7.928492546081543,21.297561645507812,23.058563232421875,7.678807258605957,87.40563201904297
2006-05-22,14.725560188293457,17.638011932373047,7.859211444854736,21.20612335205078,23.011157989501953,7.738086223602295,86.73855590820312
2006-05-23,14.728302001953125,17.551233291625977,7.801482200622559,21.1076602935791,22.902769088745117,7.6294097900390625,86.07833862304688
2006-05-24,14.547348022460938,17.562074661254883,7.878453731536865,21.170949935913086,22.841798782348633,7.656579971313477,86.76604461669922
2006-05-25,15.057297706604004,17.7193660736084,7.9515862464904785,21.367895126342773,22.997596740722656,7.728208541870117,87.83885955810547
2006-05-26,15.106653213500977,17.865808486938477,7.990078926086426,21.487459182739258,23.126298904418945,7.812183856964111,88.28585815429688
2006-05-30,14.868128776550293,17.60004425048828,7.832273483276367,21.20612335205078,22.828250885009766,7.733145236968994,86.71794891357422
2006-05-31,15.230024337768555,17.72478485107422,7.863064765930176,21.33976173400879,22.99083137512207,7.861578464508057,87.68756103515625
2006-06-01,15.271146774291992,17.930889129638672,7.997767925262451,21.642200469970703,23.227916717529297,7.940614700317383,88.52655029296875
2006-06-02,15.498708724975586,18.033946990966797,7.970824718475342,21.72660255432129,23.261783599853516,8.03693962097168,88.71221160888672
2006-06-05,15.010689735412598,17.741064071655273,7.851515769958496,21.388999938964844,22.760513305664062,7.940614700317383,87.41935729980469
2006-06-06,14.996981620788574,17.697677612304688,7.851515769958496,21.42416763305664,22.672443389892578,7.955432415008545,87.2061996459961
2006-06-07,14.421228408813477,17.7573299407959,7.743749618530273,21.52263069152832,22.421810150146484,7.925796031951904,86.5528564453125
2006-06-08,14.62410831451416,17.789875030517578,7.705262184143066,21.557796478271484,22.435359954833984,7.952960968017578,86.47723388671875
2006-06-09,14.476064682006836,17.730213165283203,7.674473285675049,21.4030704498291,22.245695114135742,8.019651412963867,86.20213317871094
2006-06-12,14.179964065551758,17.534954071044922,7.532069683074951,21.185029983520508,21.967960357666016,8.03693962097168,85.26688385009766
2006-06-13,13.760485649108887,17.193256378173828,7.539766788482666,21.12874984741211,21.900224685668945,7.940614700317383,84.2765884399414
2006-06-14,14.114165306091309,17.090206146240234,7.589798450469971,21.163925170898438,22.089893341064453,7.881336688995361,84.9299087524414
2006-06-15,14.651527404785156,17.46987533569336,7.78223991394043,21.42416763305664,22.59116554260254,8.002361297607422,86.7316665649414
2006-06-16,14.6121826171875,17.3591365814209,7.770695209503174,21.39662742614746,22.587772369384766,7.997130393981934,86.09969329833984
2006-06-19,14.06181526184082,17.23910903930664,7.736051082611084,21.234268188476562,22.411191940307617,7.887546062469482,85.4227294921875
2006-06-20,13.99577808380127,17.2882080078125,7.724506855010986,21.156618118286133,22.384033203125,7.907469272613525,85.71282958984375
2006-06-21,14.309478759765625,17.430044174194336,7.824577331542969,21.262508392333984,22.648889541625977,7.899999618530273,86.34832000732422
2006-06-22,14.370014190673828,17.364593505859375,7.732204437255859,21.142501831054688,22.513072967529297,7.872605323791504,85.9683837890625
2006-06-23,14.689230918884277,17.25001335144043,7.709110736846924,21.163677215576172,22.57419204711914,7.8850579261779785,85.95460510253906
2006-06-26,14.851588249206543,17.402774810791016,7.724506855010986,21.086021423339844,22.63530731201172,7.917431354522705,86.33448791503906
2006-06-27,14.87909984588623,17.233654022216797,7.620588302612305,20.8671817779541,22.424785614013672,7.887546062469482,85.5885238647461
2006-06-28,15.135028839111328,17.32639503479004,7.67062520980835,20.8671817779541,22.49268913269043,7.909956455230713,86.16874694824219
2006-06-29,15.564309120178223,17.69190788269043,7.866909980773926,21.227214813232422,22.968082427978516,8.01207447052002,87.90935516357422
2006-06-30,15.616596221923828,17.642807006835938,7.824577331542969,21.347219467163086,22.961292266845703,8.041958808898926,87.9162826538086
2006-07-03,15.78445816040039,17.850112915039062,7.8823065757751465,21.389568328857422,23.042787551879883,8.131622314453125,88.27544403076172
2006-07-05,15.856005668640137,17.680997848510742,7.759142875671387,21.368396759033203,22.87299919128418,8.076826095581055,87.7712173461914
2006-07-06,15.814728736877441,17.735549926757812,7.766847133636475,21.446046829223633,22.934125900268555,8.034488677978516,88.02681732177734
2006-07-07,15.600082397460938,17.64826202392578,7.689869403839111,21.46723175048828,22.594552993774414,8.096753120422363,87.4534912109375
2006-07-10,15.646871566772461,17.76828384399414,7.60134744644165,21.54488182067871,22.655681610107422,8.141580581665039,87.6192626953125
2006-07-11,15.933061599731445,17.77374267578125,7.632133960723877,21.59428596496582,22.716800689697266,8.20384693145752,88.0060806274414
2006-07-12,15.878011703491211,17.599163055419922,7.493581771850586,21.516637802124023,22.48590660095215,8.163996696472168,87.06669616699219
2006-07-13,15.72667121887207,17.320938110351562,7.370421409606934,21.290742874145508,22.04446029663086,8.134109497070312,85.65069580078125
2006-07-14,15.911035537719727,17.25001335144043,7.351175308227539,21.156618118286133,21.73206901550293,8.134109497070312,85.31915283203125
2006-07-17,15.39645767211914,17.282756805419922,7.374272346496582,21.241331100463867,21.657358169555664,8.156521797180176,85.19479370117188
2006-07-18,15.41571044921875,17.320938110351562,7.3896660804748535,21.241331100463867,21.75923728942871,8.168978691101074,85.62993621826172
2006-07-19,15.57532024383545,17.779193878173828,7.497425556182861,21.742538452148438,22.200666427612305,8.293505668640137,86.8180160522461
2006-07-20,15.198323249816895,17.70827865600586,7.3896660804748535,21.763713836669922,21.74565315246582,8.313429832458496,86.22395324707031
2006-07-21,14.991930961608887,17.610076904296875,7.312689781188965,21.862548828125,21.528329849243164,8.333353996276855,85.61617279052734
2006-07-24,15.443228721618652,17.839208602905273,7.424304008483887,22.28609848022461,21.881484985351562,8.41055965423584,87.17716979980469
2006-07-25,15.712916374206543,17.882844924926758,7.505125522613525,22.476694107055664,21.82035255432129,8.445425987243652,87.488037109375
2006-07-26,16.029367446899414,17.861032485961914,7.524370193481445,22.58259391784668,21.541906356811523,8.475312232971191,87.6054458618164
2006-07-27,15.89177417755127,17.757369995117188,7.501277446746826,22.469640731811523,21.501169204711914,8.408072471618652,87.5226058959961
2006-07-28,15.897281646728516,18.073787689208984,7.632133960723877,22.589651107788086,21.74565315246582,8.465352058410645,88.39979553222656
2006-07-31,16.13943862915039,18.0465087890625,7.620588302612305,22.511999130249023,21.657358169555664,8.427995681762695,88.30996704101562
2006-08-01,16.15870475769043,17.991954803466797,7.512822151184082,22.511999130249023,21.521541595458984,8.532593727111816,87.87483978271484
2006-08-02,16.191726684570312,18.024688720703125,7.605195045471191,22.65318489074707,21.657358169555664,8.525126457214355,88.46888732910156
2006-08-03,16.051382064819336,18.101062774658203,7.628290176391602,22.455524444580078,21.833940505981445,8.482783317565918,88.70369720458984
2006-08-04,15.916542053222656,18.139257431030273,7.605195045471191,22.462587356567383,21.772817611694336,8.485275268554688,88.5517349243164
2006-08-07,16.08440589904785,18.101062774658203,7.5782551765441895,22.391986846923828,21.68453025817871,8.385653495788574,88.34454345703125
2006-08-08,15.990840911865234,17.970134735107422,7.551312446594238,22.38493537902832,21.49437141418457,8.465352058410645,88.0060806274414
2006-08-09,16.12568473815918,17.757369995117188,7.597498893737793,22.406116485595703,21.161603927612305,8.467838287353516,87.70906066894531
2006-08-10,15.99359130859375,17.84465980529785,7.628290176391602,22.38493537902832,21.331382751464844,8.455391883850098,87.97843170166016
2006-08-11,16.001848220825195,17.790103912353516,7.585951805114746,22.27903938293457,21.20914077758789,8.435463905334473,87.72977447509766
2006-08-14,15.67162799835205,17.81192970275879,7.651381015777588,22.328454971313477,21.249889373779297,8.492746353149414,87.79885864257812
2006-08-15,15.751439094543457,18.111967086791992,7.828423500061035,22.519058227539062,21.636993408203125,8.547538757324219,88.8487548828125
2006-08-16,15.685392379760742,18.210172653198242,7.9515862464904785,22.716716766357422,22.119173049926758,8.467838287353516,89.58784484863281
2006-08-17,15.57532024383545,18.270185470581055,7.986224174499512,22.773189544677734,22.146343231201172,8.457877159118652,89.81580352783203
2006-08-18,15.817482948303223,18.29745864868164,8.01701545715332,22.808481216430664,22.092010498046875,8.552519798278809,90.27165985107422
2006-08-21,15.922043800354004,18.226547241210938,7.963130474090576,22.730825424194336,21.895061492919922,8.569954872131348,89.88483428955078
2006-08-22,16.029367446899414,18.22108268737793,7.966976642608643,22.801420211791992,21.962966918945312,8.599842071533203,89.8779525756836
2006-08-23,15.69364070892334,18.16653060913086,7.928492546081543,22.78730010986328,21.79998016357422,8.510178565979004,89.62924194335938
2006-08-24,15.897281646728516,18.226547241210938,7.959280490875244,22.942609786987305,21.68453025817871,8.54504680633545,89.55332946777344
2006-08-25,16.021108627319336,18.128337860107422,7.982376575469971,22.956729888916016,21.691316604614258,8.54504680633545,89.66381072998047
2006-08-28,15.789956092834473,18.2592716217041,8.055500030517578,23.10497283935547,21.77960777282715,8.609801292419434,90.0920639038086
2006-08-29,15.690892219543457,18.182891845703125,8.128630638122559,23.210865020751953,21.833940505981445,8.617274284362793,90.19569396972656
2006-08-30,15.42672348022461,18.237449645996094,8.186358451843262,23.224987030029297,21.85431480407715,8.572443962097168,90.25093841552734
2006-08-31,15.319396018981934,18.2592716217041,8.155570030212402,23.154390335083008,21.901845932006836,8.659612655639648,90.23715209960938
2006-09-01,15.547796249389648,18.28654670715332,8.190207481384277,23.274391174316406,22.058048248291016,8.667083740234375,90.7759017944336
2006-09-05,15.751439094543457,18.352018356323242,8.232547760009766,23.168508529663086,22.105587005615234,8.574938774108887,90.9485855102539
2006-09-06,15.217584609985352,18.29199981689453,8.097840309143066,23.08379554748535,21.874685287475586,8.542561531066895,90.14730072021484
2006-09-07,15.23133373260498,18.15016746520996,8.051653861999512,22.91437339782715,21.82035255432129,8.555009841918945,89.73291015625
2006-09-08,14.846083641052246,18.253814697265625,8.117080688476562,23.09792137145996,21.861103057861328,8.555009841918945,89.98846435546875
2006-09-11,14.386531829833984,18.264724731445312,8.186358451843262,23.24615478515625,21.881484985351562,8.525126457214355,90.07825469970703
2006-09-12,14.2957181930542,18.499309539794922,8.328766822814941,23.5144100189209,22.085214614868164,8.480297088623047,90.96239471435547
2006-09-13,14.592915534973145,18.635692596435547,8.328766822814941,23.464994430541992,22.309329986572266,8.497727394104004,91.32848358154297
2006-09-14,14.268205642700195,18.679340362548828,8.34800910949707,23.4367618560791,22.207456588745117,8.462859153747559,91.33541870117188
2006-09-15,14.317072868347168,18.73639678955078,8.3688383102417,23.474300384521484,22.32202911376953,8.465872764587402,91.54978942871094
2006-09-18,14.662230491638184,18.714445114135742,8.364978790283203,23.46721649169922,22.376598358154297,8.440765380859375,91.67465209960938
2006-09-19,14.441329956054688,18.747377395629883,8.32641315460205,23.502635955810547,22.28793716430664,8.458344459533691,91.4457015991211
2006-09-20,14.054750442504883,18.873563766479492,8.461398124694824,23.594717025756836,22.41069221496582,8.445794105529785,91.93131256103516
2006-09-21,14.23423957824707,18.741891860961914,8.380403518676758,23.445974349975586,22.19927406311035,8.433234214782715,91.4873275756836
2006-09-22,14.17348861694336,18.774810791015625,8.330266952514648,23.297212600708008,22.09014892578125,8.42319107055664,91.2098388671875
2006-09-25,14.192815780639648,18.966825485229492,8.480677604675293,23.389297485351562,22.35613441467285,8.541194915771484,91.9105224609375
2006-09-26,14.504838943481445,19.071077346801758,8.534675598144531,23.410554885864258,22.635757446289062,8.528636932373047,92.67366790771484
2006-09-27,14.74506664276123,18.98328971862793,8.46910572052002,23.474300384521484,22.69032096862793,8.646638870239258,92.78469848632812
2006-09-28,14.698131561279297,19.049135208129883,8.5115327835083,23.431800842285156,22.847185134887695,8.619024276733398,92.74996185302734
2006-09-29,14.758878707885742,18.994260787963867,8.48453426361084,23.509716033935547,22.738056182861328,8.533660888671875,92.67366790771484
2006-10-02,14.59044075012207,18.950366973876953,8.422830581665039,23.375131607055664,22.80624771118164,8.596429824829102,92.3268051147461
2006-10-03,14.054750442504883,19.13691520690918,8.46910572052002,23.445974349975586,22.94947624206543,8.631575584411621,92.52106475830078
2006-10-04,14.261849403381348,19.36734390258789,8.60023307800293,23.65138053894043,23.29047966003418,8.666722297668457,93.60331726074219
2006-10-05,14.535215377807617,19.356372833251953,8.596379280090332,23.65138053894043,23.406421661376953,8.639107704162598,93.78369903564453
2006-10-06,14.549017906188965,19.29052734375,8.60023307800293,23.559303283691406,23.35869026184082,8.591408729553223,93.66573333740234
2006-10-09,14.330879211425781,19.345399856567383,8.623370170593262,23.509716033935547,23.38596534729004,8.583874702453613,93.72128295898438
2006-10-10,14.598725318908691,19.345399856567383,8.631084442138672,23.410554885864258,23.42005729675293,8.646638870239258,93.8461685180664
2006-10-11,14.366774559020996,19.296022415161133,8.627230644226074,23.403467178344727,23.426883697509766,8.666722297668457,93.73516082763672
2006-10-12,14.703649520874023,19.400257110595703,8.754501342773438,23.545133590698242,23.624662399291992,8.664215087890625,94.54682922363281
2006-10-13,14.905220985412598,19.471582412719727,8.796916961669922,23.46721649169922,23.570110321044922,8.674254417419434,94.78966522216797
2006-10-16,15.255903244018555,19.36734390258789,8.793060302734375,23.502635955810547,23.72696876525879,8.716938018798828,94.93535614013672
2006-10-17,15.090227127075195,19.36734390258789,8.71978759765625,23.566383361816406,23.59738540649414,8.754598617553711,94.63704681396484
2006-10-18,14.993576049804688,19.422208786010742,8.69664478302002,23.821392059326172,23.53600311279297,8.850001335144043,94.76189422607422
2006-10-19,15.302837371826172,19.296022415161133,8.723644256591797,23.80013656616211,23.48143768310547,8.885149002075195,94.91455078125
2006-10-20,15.104035377502441,19.27406883239746,8.777636528015137,23.984302520751953,23.37914276123047,8.940385818481445,94.93535614013672
2006-10-23,15.131646156311035,19.400257110595703,8.831629753112793,24.048051834106445,23.501911163330078,8.950429916381836,95.37244415283203
2006-10-24,15.407767295837402,19.394779205322266,8.769925117492676,23.970134735107422,23.515552520751953,8.957962036132812,95.65685272216797
2006-10-25,15.672857284545898,19.477083206176758,8.847054481506348,23.828462600708008,23.53600311279297,9.053363800048828,95.98297119140625
2006-10-26,15.63694953918457,19.614233016967773,8.89333438873291,23.920555114746094,23.529191970825195,9.013193130493164,96.2812728881836
2006-10-27,15.509922981262207,19.466100692749023,8.777636528015137,23.821392059326172,23.35869026184082,8.980560302734375,95.6777114868164
2006-10-30,15.231047630310059,19.471582412719727,8.808488845825195,23.686805725097656,23.433713912963867,8.975532531738281,95.60832977294922
2006-10-31,15.38843822479248,19.438669204711914,8.820061683654785,23.587631225585938,23.37914276123047,8.985579490661621,95.59442138671875
2006-11-01,15.231047630310059,19.31796646118164,8.781492233276367,23.417638778686523,23.26319694519043,9.04080581665039,94.9492416381836
2006-11-02,15.291789054870605,19.263092041015625,8.727499008178711,23.545133590698242,23.181358337402344,8.99813175201416,94.89375305175781
2006-11-03,15.62866497039795,19.263092041015625,8.727499008178711,23.424718856811523,23.13361930847168,8.932851791381836,94.72724151611328
2006-11-06,15.741870880126953,19.488052368164062,8.831629753112793,23.708049774169922,23.338224411010742,8.892683982849121,95.7956314086914
2006-11-07,15.62038516998291,19.531938552856445,8.877908706665039,23.892210006713867,23.604206085205078,8.862555503845215,96.16333770751953
2006-11-08,15.882701873779297,19.614233016967773,8.8856201171875,23.530963897705078,23.638301849365234,8.950429916381836,96.37144470214844
2006-11-09,16.015241622924805,19.482566833496094,8.881767272949219,22.978464126586914,23.495080947875977,8.947918891906738,95.8650131225586
2006-11-10,15.863374710083008,19.64166259765625,8.90491008758545,23.01388168334961,23.529191970825195,9.015703201293945,95.90665435791016
2006-11-13,15.835762023925781,19.619728088378906,8.982034683227539,23.056392669677734,23.71332550048828,9.013193130493164,96.14250946044922
2006-11-14,15.929647445678711,19.734947204589844,9.047597885131836,23.24763298034668,23.788349151611328,9.035792350769043,96.86408233642578
2006-11-15,16.07874870300293,19.707502365112305,9.066883087158203,23.3609619140625,24.020235061645508,9.005659103393555,97.14157104492188
2006-11-16,15.63694953918457,19.899534225463867,9.101593017578125,23.46013069152832,24.12933921813965,9.038301467895508,97.39128112792969
2006-11-17,15.766733169555664,19.751394271850586,9.117019653320312,23.530963897705078,24.142980575561523,9.048343658447266,97.41902160644531
2006-11-20,15.725309371948242,19.87758445739746,9.117019653320312,23.474300384521484,24.06114959716797,9.018213272094727,97.47455596923828
2006-11-21,16.015241622924805,19.844667434692383,9.113160133361816,23.438884735107422,24.142980575561523,9.033280372619629,97.57164001464844
2006-11-22,15.921364784240723,19.866615295410156,9.182581901550293,23.488466262817383,24.238473892211914,9.053363800048828,97.76593780517578
2006-11-24,15.888226509094238,19.767860412597656,9.163298606872559,23.389297485351562,24.19072723388672,9.088515281677246,97.37049102783203
2006-11-27,15.816436767578125,19.460617065429688,8.947327613830566,23.23346710205078,23.801986694335938,8.988088607788086,96.03153228759766
2006-11-28,16.070465087890625,19.493532180786133,8.99360466003418,23.283042907714844,23.774709701538086,9.053363800048828,96.44773864746094
2006-11-29,16.581300735473633,19.614233016967773,9.051456451416016,23.445974349975586,23.965662002563477,9.166340827941895,97.45375061035156
2006-11-30,16.708316802978516,19.575828552246094,9.070741653442383,23.559303283691406,23.952024459838867,9.224088668823242,97.49533081054688
2006-12-01,16.76630401611328,19.460617065429688,8.99360466003418,23.538053512573242,23.81561851501465,9.21906566619873,97.2802734375
2006-12-04,16.7414493560791,19.734947204589844,9.109307289123535,23.424718856811523,24.122526168823242,9.291872024536133,98.02265167236328
2006-12-05,16.807716369628906,19.828214645385742,9.113160133361816,23.516801834106445,24.17708969116211,9.314470291137695,98.44584655761719
2006-12-06,16.76077651977539,19.855642318725586,9.055312156677246,23.552209854125977,24.09525489807129,9.269272804260254,98.36257934570312
2006-12-07,16.661373138427734,19.80626678466797,9.020600318908691,23.502635955810547,24.0543212890625,9.259236335754395,97.93244934082031
2006-12-08,16.642045974731445,19.866615295410156,9.020600318908691,23.545133590698242,24.081613540649414,9.231616973876953,98.11286163330078
2006-12-11,16.600627899169922,19.976346969604492,9.074593544006348,23.594717025756836,23.972492218017578,9.281831741333008,98.39727020263672
2006-12-12,16.639284133911133,19.99280548095703,9.043745994567871,23.601802825927734,24.013404846191406,9.316981315612793,98.32098388671875
2006-12-13,16.807716369628906,20.014747619628906,9.05916976928711,23.552209854125977,23.93156623840332,9.352131843566895,98.42504119873047
2006-12-14,17.050704956054688,20.184837341308594,9.13630199432373,23.67263412475586,24.06796646118164,9.367193222045898,99.29220581054688
2006-12-15,16.896730422973633,20.235143661499023,9.138236045837402,23.748699188232422,24.20065689086914,9.358576774597168,99.3012924194336
2006-12-18,16.4093017578125,20.334659576416016,9.10333251953125,23.798446655273438,24.228153228759766,9.292707443237305,99.02923583984375
2006-12-19,16.689014434814453,20.31806755065918,9.045148849487305,23.919296264648438,24.235036849975586,9.333247184753418,99.21756744384766
2006-12-20,16.461915969848633,20.38442039489746,9.049030303955078,23.93351173400879,24.269407272338867,9.302844047546387,99.16178131103516
2006-12-21,16.384370803833008,20.29596710205078,9.006362915039062,23.869543075561523,24.221284866333008,9.297776222229004,98.79901885986328
2006-12-22,16.226512908935547,20.19644546508789,8.936548233032227,23.77001953125,24.070032119750977,9.264840126037598,98.19206237792969
2006-12-26,16.245891571044922,20.37889289855957,8.986968994140625,23.784236907958984,24.18691062927246,9.310441017150879,98.77108001708984
2006-12-27,16.436986923217773,20.522632598876953,9.05290699005127,23.897960662841797,24.310659408569336,9.361111640930176,99.4198989868164
2006-12-28,16.40097999572754,20.428647994995117,9.049030303955078,23.869543075561523,24.228153228759766,9.305377960205078,99.21058654785156
2006-12-29,16.23758888244629,20.312549591064453,9.021875381469727,23.805566787719727,24.070032119750977,9.302844047546387,98.79901885986328
2007-01-03,15.669838905334473,20.412071228027344,9.049030303955078,23.812650680541992,24.221284866333008,9.328177452087402,98.6246109008789
2007-01-04,15.38458251953125,20.345714569091797,9.188665390014648,24.082788467407227,24.11815643310547,9.315509796142578,98.83385467529297
2007-01-05,15.487054824829102,20.185382843017578,9.114967346191406,23.947725296020508,24.03565216064453,9.148306846618652,98.04556274414062
2007-01-08,15.487054824829102,20.273849487304688,9.142111778259277,23.976150512695312,24.125038146972656,9.143235206604004,98.4990463256836
2007-01-09,15.354122161865234,20.240676879882812,9.153757095336914,23.947725296020508,24.111282348632812,9.150835990905762,98.41534423828125
2007-01-10,15.057775497436523,20.307010650634766,9.200302124023438,23.990375518798828,24.19378662109375,9.153369903564453,98.7431640625
2007-01-11,14.971929550170898,20.43417739868164,9.293387413024902,24.253376007080078,24.393163681030273,9.16350269317627,99.17572784423828
2007-01-12,15.354122161865234,20.456295013427734,9.316658020019531,24.367101669311523,24.4619140625,9.087496757507324,99.9291763305664
2007-01-16,15.19625186920166,20.51158905029297,9.29726505279541,24.423974990844727,24.592538833618164,9.115372657775879,99.73383331298828
2007-01-17,15.365191459655762,20.456295013427734,9.177027702331543,24.566139221191406,24.61317253112793,9.135635375976562,99.77570343017578
2007-01-18,15.251646995544434,20.373361587524414,9.072299003601074,24.63722801208496,24.503158569335938,9.130571365356445,99.44084167480469
2007-01-19,15.669838905334473,20.43417739868164,9.068422317504883,24.64432716369629,24.48941421508789,9.133102416992188,99.63617706298828
2007-01-22,15.56182861328125,20.41759490966797,9.002482414245605,24.49506187438965,24.221284866333008,9.130571365356445,99.32920837402344
2007-01-23,15.966170310974121,20.406538009643555,9.002482414245605,24.367101669311523,24.503158569335938,9.183775901794434,99.62226104736328
2007-01-24,16.03541374206543,20.61663055419922,9.165389060974121,24.551921844482422,24.43442726135254,9.214170455932617,100.42446899414062
2007-01-25,15.705842018127441,20.31806755065918,9.05290699005127,24.466623306274414,24.303791046142578,9.20656967163086,99.2455062866211
2007-01-26,15.744614601135254,20.35677719116211,9.056785583496094,24.331567764282227,24.2075252532959,9.183775901794434,99.15481567382812
2007-01-29,15.667069435119629,20.25725555419922,9.09557819366455,24.296030044555664,24.262535095214844,9.214170455932617,99.0989990234375
2007-01-30,15.985562324523926,20.334659576416016,9.14987564086914,24.416868209838867,24.2487850189209,9.242040634155273,99.61524963378906
2007-01-31,16.08803939819336,20.500524520874023,9.204179763793945,24.530601501464844,24.571924209594727,9.26990795135498,100.28495025634766
2007-02-01,16.146198272705078,20.63321876525879,9.165389060974121,24.736738204956055,24.785051345825195,9.348444938659668,100.88494110107422
2007-02-02,16.23758888244629,20.671916961669922,9.211935997009277,24.686988830566406,24.881303787231445,9.399114608764648,101.02446746826172
2007-02-05,16.220966339111328,20.666385650634766,9.188665390014648,24.679872512817383,24.929431915283203,9.500452041625977,101.05235290527344
2007-02-06,16.17111587524414,20.760366439819336,9.177027702331543,24.60879135131836,24.936307907104492,9.551124572753906,101.08027648925781
2007-02-07,16.074182510375977,20.83778190612793,9.219695091247559,24.64432716369629,24.915672302246094,9.586590766906738,101.30353546142578
2007-02-08,16.23758888244629,20.77143669128418,9.231327056884766,24.62300682067871,24.743806838989258,9.604326248168945,101.17094421386719
2007-02-09,16.17111587524414,20.5502872467041,9.13048267364502,24.551921844482422,24.64754295349121,9.63725757598877,100.41749572753906
2007-02-12,15.946786880493164,20.500524520874023,9.091693878173828,24.445302963256836,24.688796997070312,9.601797103881836,100.07566833496094
2007-02-13,16.179426193237305,20.649799346923828,9.126602172851562,24.54481315612793,24.888174057006836,9.685395240783691,100.91979217529297
2007-02-14,16.18219757080078,20.848831176757812,9.254602432250977,24.672773361206055,25.2525691986084,9.753802299499512,101.58257293701172
2007-02-15,16.06033706665039,20.882009506225586,9.289512634277344,24.786500930786133,25.30756187438965,9.670196533203125,101.71510314941406
2007-02-16,16.0631046295166,20.876474380493164,9.27011775970459,24.686988830566406,25.20443344116211,9.687932968139648,101.66627502441406
2007-02-20,15.883087158203125,20.987049102783203,9.273995399475098,24.701194763183594,25.24568748474121,9.713265419006348,101.88252258300781
2007-02-21,16.05756187438965,20.898590087890625,9.258480072021484,24.587472915649414,25.3144474029541,9.6727294921875,101.84066009521484
2007-02-22,16.20158576965332,20.8156681060791,9.3089017868042,24.551921844482422,25.231937408447266,9.685395240783691,101.76395416259766
2007-02-23,16.243127822875977,20.62215805053711,9.301142692565918,24.445302963256836,25.163177490234375,9.79686450958252,101.36627960205078
2007-02-26,16.340057373046875,20.47287368774414,9.277872085571289,24.54481315612793,25.018808364868164,10.02994441986084,101.27560424804688
2007-02-27,15.689224243164062,19.516408920288086,8.921028137207031,23.798446655273438,24.269407272338867,9.665130615234375,97.32002258300781
2007-02-28,15.758466720581055,19.875782012939453,8.95594596862793,23.961942672729492,24.296913146972656,9.761399269104004,98.317626953125
2007-03-01,15.708619117736816,19.85365867614746,8.948184967041016,23.85531997680664,24.255659103393555,9.791799545288086,98.02462768554688
2007-03-02,15.52305793762207,19.626983642578125,8.781396865844727,23.642070770263672,23.95315170288086,9.639790534973145,96.74103546142578
2007-03-05,15.343032836914062,19.3173828125,8.800790786743164,23.52122688293457,23.891279220581055,9.518187522888184,95.82012939453125
2007-03-06,15.633835792541504,19.72097396850586,8.936548233032227,23.77001953125,24.16628646850586,9.660063743591309,97.45953369140625
2007-03-07,15.82770824432373,19.60487174987793,8.824064254760742,23.777114868164062,24.070032119750977,9.639790534973145,97.36183166503906
2007-03-08,15.966170310974121,19.781787872314453,8.897757530212402,23.85531997680664,24.2487850189209,9.69046401977539,98.18508911132812
2007-03-09,15.896943092346191,19.831541061401367,8.921028137207031,23.905080795288086,24.372543334960938,9.677793502807617,98.21299743652344
2007-03-12,15.874775886535645,19.831541061401367,8.975332260131836,23.905080795288086,24.48941421508789,9.774068832397461,98.35951232910156
2007-03-13,15.661534309387207,19.239973068237305,8.83182144165039,23.514114379882812,24.076908111572266,9.642327308654785,96.44795989990234
2007-03-14,15.841545104980469,19.28420066833496,8.913276672363281,23.60651969909668,24.173152923583984,9.69046401977539,97.1665267944336
2007-03-15,15.838780403137207,19.516408920288086,8.917153358459473,23.663394927978516,24.20065689086914,9.814604759216309,97.29911041259766
2007-03-16,15.668453216552734,19.443124771118164,8.901636123657227,23.687654495239258,24.28746223449707,9.780978202819824,97.02665710449219
2007-03-19,15.918522834777832,19.570816040039062,8.959820747375488,23.87316131591797,24.459728240966797,9.85229778289795,98.19630432128906
2007-03-20,16.032442092895508,19.74848747253418,9.017997741699219,23.99445343017578,24.521739959716797,9.99494743347168,98.73561096191406
2007-03-21,16.321420669555664,20.198198318481445,9.200302124023438,24.23702621459961,24.859350204467773,10.112102508544922,100.36051940917969
2007-03-22,16.649282455444336,20.076045989990234,9.165389060974121,24.322647094726562,24.907583236694336,10.10191535949707,100.28348541259766
2007-03-23,16.732646942138672,20.098255157470703,9.142111778259277,24.201358795166016,25.05227279663086,10.150309562683105,100.43058013916016
2007-03-26,16.84935188293457,19.998332977294922,9.153757095336914,24.23702621459961,24.845565795898438,10.193615913391113,100.29751586914062
2007-03-27,16.87991714477539,19.876176834106445,9.157634735107422,24.0657901763916,24.728437423706055,10.17833137512207,100.05938720703125
2007-03-28,16.877140045166016,19.6263370513916,9.05290699005127,23.901681900024414,24.52863121032715,10.157953262329102,99.33094024658203
2007-03-29,16.98272705078125,19.72627830505371,9.064544677734375,24.015859603881836,24.521739959716797,10.21653938293457,99.43598937988281
2007-03-30,16.749317169189453,19.781797409057617,9.045148849487305,24.00872230529785,24.494178771972656,10.112102508544922,99.45703887939453
2007-04-02,16.913253784179688,19.59857177734375,9.091693878173828,24.137147903442383,24.53550910949707,10.354087829589844,99.5690689086914
2007-04-03,17.01883888244629,19.842863082885742,9.165389060974121,24.386865615844727,24.707765579223633,10.36681842803955,100.64070892333984
2007-04-04,17.046621322631836,19.842863082885742,9.219695091247559,24.529558181762695,24.61130714416504,10.320969581604004,100.7527847290039
2007-04-05,17.15776824951172,19.85397720336914,9.254602432250977,24.700794219970703,24.68709945678711,10.36681842803955,101.02591705322266
2007-04-09,17.09386444091797,19.848421096801758,9.254602432250977,24.70793914794922,24.659543991088867,10.443230628967285,101.166015625
2007-04-10,17.352279663085938,19.937253952026367,9.246844291687012,24.743606567382812,24.65264320373535,10.445782661437988,101.28508758544922
2007-04-11,17.246686935424805,19.77069664001465,9.161514282226562,24.636577606201172,24.556180953979492,10.420309066772461,100.87184143066406
2007-04-12,17.510652542114258,19.737384796142578,9.258480072021484,24.914836883544922,24.852462768554688,10.374459266662598,101.3200912475586
2007-04-13,17.518983840942383,19.820661544799805,9.266239166259766,25.27872085571289,24.845565795898438,10.371912956237793,101.78238677978516
2007-04-16,17.62179183959961,20.30368423461914,9.34381103515625,25.521303176879883,25.045372009277344,10.433045387268066,102.74891662597656
2007-04-17,17.521764755249023,20.298126220703125,9.363203048706055,25.59978485107422,25.045372009277344,10.481443405151367,103.02203369140625
2007-04-18,17.460634231567383,20.53131675720215,9.339932441711426,25.592653274536133,25.114290237426758,10.557854652404785,103.14813995361328
2007-04-19,17.216127395629883,20.503562927246094,9.34381103515625,25.699676513671875,25.196958541870117,10.506911277770996,103.12013244628906
2007-04-20,17.532882690429688,20.609041213989258,9.398113250732422,25.79956817626953,25.36921501159668,10.588418960571289,104.09367370605469
2007-04-23,17.55233383178711,20.55352783203125,9.378719329833984,25.82810401916504,25.46567153930664,10.667383193969727,103.70145416259766
2007-04-24,17.499540328979492,20.492446899414062,9.429146766662598,25.82810401916504,25.389883041381836,10.743794441223145,103.74346160888672
2007-04-25,17.82741355895996,20.770048141479492,9.498960494995117,25.906597137451172,25.65171241760254,10.774358749389648,104.69599914550781
2007-04-26,17.82185173034668,20.73674201965332,9.553260803222656,25.93512725830078,25.63793182373047,10.738698959350586,104.81509399414062
2007-04-27,17.81907081604004,20.708974838256836,9.545502662658691,25.849510192871094,25.934200286865234,10.649551391601562,104.73106384277344
2007-04-30,17.607906341552734,20.5479736328125,9.471808433532715,25.763885498046875,25.63103675842285,10.608798027038574,103.862548828125
2007-05-01,17.685710906982422,20.58684539794922,9.518354415893555,25.820964813232422,25.789508819580078,10.695405006408691,104.12870788574219
2007-05-02,17.83297348022461,20.67567253112793,9.568778991699219,25.98506736755371,25.954862594604492,10.753988265991211,104.7380142211914
2007-05-03,17.977453231811523,20.869991302490234,9.661865234375,26.04215431213379,26.14089012145996,10.741246223449707,105.30535125732422
2007-05-04,17.963565826416016,20.94217872619629,9.700654029846191,26.184843063354492,26.168460845947266,10.720870018005371,105.70458221435547
2007-05-07,18.010801315307617,20.969921112060547,9.689010620117188,26.24191665649414,26.23736572265625,10.848223686218262,105.72563171386719
2007-05-08,18.013578414916992,20.925504684448242,9.72779655456543,26.14203643798828,26.22358512878418,10.799837112426758,105.58555603027344
2007-05-09,18.0052433013916,21.036550521850586,9.716168403625488,26.227649688720703,26.292476654052734,10.807472229003906,105.87273406982422
2007-05-10,17.713491439819336,20.73674201965332,9.665743827819824,25.763885498046875,26.113344192504883,10.697948455810547,104.76606750488281
2007-05-11,18.119163513183594,20.958816528320312,9.770469665527344,25.863773345947266,26.313161849975586,10.748889923095703,105.66258239746094
2007-05-14,18.124725341796875,20.85887908935547,9.723920822143555,25.835222244262695,26.196025848388672,10.79218864440918,105.43144989013672
2007-05-15,18.185855865478516,20.808916091918945,9.70840835571289,25.80669593811035,26.264928817749023,10.850768089294434,105.45945739746094
2007-05-16,18.255313873291016,21.047653198242188,9.793742179870605,26.099231719970703,26.395828247070312,10.87624740600586,106.18089294433594
2007-05-17,18.547061920166016,20.94217872619629,9.766589164733887,25.999340057373047,26.444059371948242,10.850768089294434,105.97076416015625
2007-05-18,18.847152709960938,20.997676849365234,9.81701374053955,26.10636329650879,26.354488372802734,10.909360885620117,106.8952865600586
2007-05-21,19.005537033081055,21.019893646240234,9.8596830368042,26.163434982299805,26.50607681274414,10.894073486328125,106.83921813964844
2007-05-22,18.827699661254883,21.036550521850586,9.848042488098145,26.149166107177734,26.450952529907227,10.873699188232422,106.7552490234375
2007-05-23,18.86660385131836,21.019893646240234,9.813135147094727,26.24191665649414,26.581863403320312,10.703042030334473,106.76921844482422
2007-05-24,18.52206039428711,20.831130981445312,9.689010620117188,26.14203643798828,26.368274688720703,10.463615417480469,105.80267333984375
2007-05-25,18.8110294342041,20.869991302490234,9.770469665527344,26.12776756286621,26.526742935180664,10.468700408935547,106.2439193725586
2007-05-29,18.685997009277344,20.958816528320312,9.828649520874023,26.14203643798828,26.699007034301758,10.499267578125,106.6291732788086
2007-05-30,19.077781677246094,21.103164672851562,9.902348518371582,26.149166107177734,26.816120147705078,10.629171371459961,107.49762725830078
2007-05-31,18.977750778198242,21.042102813720703,9.948884963989258,26.206254959106445,26.960813522338867,10.657194137573242,107.38557434082031
2007-06-01,19.1500186920166,21.10873031616211,9.948884963989258,26.234777450561523,27.064170837402344,10.598609924316406,107.91783142089844
2007-06-04,19.450103759765625,21.08096694946289,9.983798027038574,26.184843063354492,27.071060180664062,10.557854652404785,107.931884765625
2007-06-05,19.38064193725586,20.953271865844727,9.948884963989258,26.12062644958496,26.98837661743164,10.417762756347656,107.5046615600586
2007-06-06,19.133352279663086,20.77560043334961,9.832531929016113,25.8780517578125,26.699007034301758,10.252198219299316,106.34895324707031
2007-06-07,18.794363021850586,20.42581558227539,9.69289779663086,25.492765426635742,26.264928817749023,9.933808326721191,104.42984008789062
2007-06-08,18.872159957885742,20.66456413269043,9.828649520874023,25.57837677001953,26.630090713500977,10.005122184753418,105.78864288330078
2007-06-11,19.016637802124023,20.758956909179688,9.848042488098145,25.585519790649414,26.664552688598633,10.13757610321045,105.97076416015625
2007-06-12,18.78324317932129,20.475797653198242,9.731683731079102,25.40001678466797,26.320039749145508,9.972016334533691,104.81509399414062
2007-06-13,19.158353805541992,20.86444091796875,9.855801582336426,25.606908798217773,26.947038650512695,10.17069149017334,106.38397979736328
2007-06-14,19.48067283630371,20.831130981445312,9.948884963989258,25.678281784057617,27.084829330444336,10.234368324279785,107.06338500976562
2007-06-15,19.77968978881836,20.905927658081055,10.006333351135254,25.874095916748047,27.230602264404297,10.371840476989746,107.67256164550781
2007-06-18,19.801971435546875,20.900348663330078,10.033506393432617,25.723468780517578,27.21677589416504,10.258990287780762,107.54593658447266
2007-06-19,19.824270248413086,20.989665985107422,10.029627799987793,25.723468780517578,27.299678802490234,10.32567310333252,107.81327056884766
2007-06-20,19.247426986694336,20.62122917175293,9.971400260925293,25.400657653808594,27.14769744873047,10.05637264251709,106.31495666503906
2007-06-21,19.631994247436523,20.65472412109375,10.021862983703613,25.472400665283203,27.20297622680664,10.120491981506348,106.90581512451172
2007-06-22,19.43692398071289,20.392349243164062,9.909299850463867,25.085039138793945,27.044084548950195,9.92813777923584,105.89997100830078
2007-06-25,19.280866622924805,20.230464935302734,9.874369621276855,25.042001724243164,26.975011825561523,9.981998443603516,105.3934555053711
2007-06-26,18.865650177001953,20.04066276550293,9.839436531066895,25.171117782592773,26.747053146362305,9.92813777923584,104.31018829345703
2007-06-27,19.15825653076172,20.34210968017578,9.936470031738281,25.379140853881836,27.009540557861328,10.074324607849121,105.79442596435547
2007-06-28,19.15825653076172,20.308618545532227,9.971400260925293,25.400657653808594,26.871397018432617,10.071760177612305,105.78036499023438
2007-06-29,19.225128173828125,20.196969985961914,9.936470031738281,25.32893180847168,26.968090057373047,10.151269912719727,105.81554412841797
2007-07-02,19.565101623535156,20.370023727416992,10.021862983703613,25.472400665283203,27.161516189575195,10.297459602355957,106.77217864990234
2007-07-03,19.7155818939209,20.548656463623047,10.091724395751953,25.51543617248535,27.354936599731445,10.297459602355957,107.15901184082031
2007-07-05,19.668212890625,20.3756046295166,10.130539894104004,25.50825309753418,27.327308654785156,10.27694320678711,107.04646301269531
2007-07-06,19.935726165771484,20.476093292236328,10.149944305419922,25.56566047668457,27.493099212646484,10.2230863571167,107.60919189453125
2007-07-09,20.1224422454834,20.392349243164062,10.208169937133789,25.48674201965332,27.700326919555664,10.238471984863281,107.69367218017578
2007-07-10,19.944087982177734,19.962505340576172,10.091724395751953,25.271533966064453,27.237504959106445,10.143576622009277,106.16017150878906
2007-07-11,20.019329071044922,20.029502868652344,10.149944305419922,25.35762596130371,27.527629852294922,10.169225692749023,106.91287994384766
2007-07-12,20.406686782836914,20.39794158935547,10.320732116699219,25.8310604095459,27.935190200805664,10.297459602355957,108.6010513305664
2007-07-13,20.60731315612793,20.476093292236328,10.344021797180176,25.76649284362793,28.12861442565918,10.451342582702637,108.92462158203125
2007-07-16,20.34258460998535,20.403518676757812,10.375067710876465,25.795196533203125,28.308210372924805,10.300025939941406,108.91060638427734
2007-07-17,20.077850341796875,20.470504760742188,10.41001033782959,25.71628761291504,28.474000930786133,10.310286521911621,108.85430145263672
2007-07-18,20.532079696655273,20.208131790161133,10.355663299560547,25.644554138183594,28.411842346191406,10.387229919433594,108.65730285644531
2007-07-19,20.718788146972656,20.141143798828125,10.441057205200195,25.50825309753418,28.66741943359375,10.553939819335938,109.079345703125
2007-07-20,20.621246337890625,19.789457321166992,10.402240753173828,25.271533966064453,28.252952575683594,10.438521385192871,107.97502136230469
2007-07-23,20.704858779907227,19.77829933166504,10.417763710021973,25.46522331237793,28.43946647644043,10.448780059814453,108.30564880371094
2007-07-24,20.105716705322266,19.28145980834961,10.312970161437988,25.20699119567871,28.04570770263672,10.135879516601562,106.42752838134766
2007-07-25,20.426185607910156,19.370777130126953,10.324613571166992,25.192644119262695,28.11479949951172,10.156404495239258,106.64556121826172
2007-07-26,19.65707015991211,18.91303062438965,10.169356346130371,24.676166534423828,27.527629852294922,9.92557430267334,104.12024688720703
2007-07-27,19.088586807250977,18.617162704467773,9.951994895935059,24.08795738220215,27.016448974609375,9.630630493164062,102.07328796386719
2007-07-30,19.417421340942383,18.968852996826172,9.986924171447754,24.38922882080078,27.596691131591797,9.763995170593262,103.6700668334961
2007-07-31,19.2279109954834,18.365955352783203,9.91706371307373,24.12381935119629,27.22368812561035,9.74604320526123,102.50238037109375
2007-08-01,19.177762985229492,18.57250213623047,10.014098167419434,24.28880500793457,27.42401695251465,9.966609001159668,103.00183868408203
2007-08-02,19.046789169311523,18.6953067779541,10.033506393432617,24.496828079223633,27.610532760620117,10.074324607849121,103.82483673095703
2007-08-03,18.42536735534668,17.89703369140625,9.839436531066895,24.159677505493164,27.044084548950195,9.7332181930542,101.15184020996094
2007-08-06,18.53125762939453,18.812551498413086,9.9946870803833,24.63312530517578,27.45164680480957,10.038418769836426,102.84712982177734
2007-08-07,18.965974807739258,18.946521759033203,10.014098167419434,24.747894287109375,27.45164680480957,10.22052001953125,103.94441986083984
2007-08-08,19.325456619262695,19.39868927001953,10.169356346130371,25.034832000732422,27.665781021118164,10.36927604675293,105.3934555053711
2007-08-09,18.770910263061523,18.700895309448242,9.936470031738281,24.446613311767578,26.926652908325195,10.182043075561523,102.2702865600586
2007-08-10,18.87122917175293,18.617162704467773,9.796738624572754,24.3174991607666,26.615800857543945,10.005081176757812,101.7919692993164
2007-08-13,18.893529891967773,18.449689865112305,9.932587623596191,24.38922882080078,26.975011825561523,10.05637264251709,102.1577377319336
2007-08-14,18.76812744140625,18.12590980529785,9.730751991271973,24.188373565673828,26.284217834472656,9.887097358703613,100.59613800048828
2007-08-15,18.252592086791992,17.964031219482422,9.606548309326172,24.1309814453125,25.97337532043457,9.753734588623047,99.21040344238281
2007-08-16,18.141132354736328,18.505516052246094,9.544447898864746,24.138166427612305,25.987194061279297,9.822981834411621,99.95602416992188
2007-08-17,18.809919357299805,19.259130477905273,9.637595176696777,24.195545196533203,26.249692916870117,9.907618522644043,101.7919692993164
2007-08-20,18.76812744140625,19.002334594726562,9.672532081604004,24.310317993164062,26.62961769104004,9.961482048034668,101.74274444580078
2007-08-21,18.503395080566406,19.136320114135742,9.703581809997559,24.3748836517334,26.526002883911133,9.95122241973877,101.9466781616211
2007-08-22,18.726320266723633,19.186555862426758,9.83166790008545,24.496828079223633,27.00263786315918,10.066633224487305,103.15658569335938
2007-08-23,18.893529891967773,19.21446990966797,9.858840942382812,24.654644012451172,26.857576370239258,10.097407341003418,103.065185546875
2007-08-24,19.297590255737305,19.28145980834961,9.998575210571289,24.805280685424805,27.078622817993164,10.158965110778809,104.33834075927734
2007-08-27,19.060731887817383,19.058164596557617,9.944231986999512,24.63312530517578,27.016448974609375,9.899924278259277,103.36764526367188
2007-08-28,18.60091781616211,18.488771438598633,9.765686988830566,24.382057189941406,26.36712074279785,9.74604320526123,101.09561157226562
2007-08-29,19.21677589416504,18.712064743041992,9.998575210571289,24.56138801574707,26.98882293701172,9.938403129577637,103.07917785644531
2007-08-30,19.205625534057617,18.594829559326172,10.041264533996582,24.56138801574707,26.823022842407227,9.920443534851074,102.80489349365234
2007-08-31,19.459213256835938,18.840463638305664,10.107253074645996,24.676166534423828,27.230602264404297,9.899924278259277,103.81778717041016
2007-09-04,19.813127517700195,18.985599517822266,10.262508392333984,24.891366958618164,27.354936599731445,10.092283248901367,104.8658676147461
2007-09-05,19.707223892211914,18.756729125976562,10.153827667236328,24.841156005859375,27.078622817993164,10.066633224487305,103.95851135253906
2007-09-06,20.008180618286133,18.617162704467773,10.204289436340332,24.920059204101562,27.299678802490234,10.079459190368652,104.19768524169922
2007-09-07,19.579036712646484,18.4273624420166,9.9946870803833,24.654644012451172,26.740137100219727,10.005081176757812,102.7486343383789
2007-09-10,19.548391342163086,18.365955352783203,9.975281715393066,24.676166534423828,26.7608585357666,10.01276969909668,102.55164337158203
2007-09-11,19.882787704467773,18.55576515197754,10.118896484375,24.862672805786133,27.00263786315918,10.079459190368652,103.74746704101562
2007-09-12,20.02211570739746,18.594829559326172,10.091724395751953,24.97027015686035,26.981922149658203,10.164094924926758,104.01477813720703
2007-09-13,20.14751625061035,18.90186309814453,10.091724395751953,25.027652740478516,27.265125274658203,10.184610366821289,104.74632263183594
2007-09-14,20.2032527923584,18.968852996826172,10.041264533996582,24.955923080444336,27.31348991394043,10.182043075561523,104.73931884765625
2007-09-17,20.24505043029785,18.79021453857422,10.037388801574707,24.877016067504883,27.078622817993164,10.189742088317871,104.17652893066406
2007-09-18,20.858118057250977,19.499174118041992,10.235336303710938,25.32176399230957,27.955923080444336,10.425702095031738,107.24347686767578
2007-09-19,21.03925323486328,19.621984481811523,10.274151802062988,25.422191619873047,28.252952575683594,10.541110038757324,107.87654876708984
2007-09-20,21.025306701660156,19.381946563720703,10.312970161437988,25.393489837646484,28.01807975769043,10.397486686706543,107.11685943603516
2007-09-21,21.15048599243164,19.45786476135254,10.391921997070312,25.518024444580078,28.208314895629883,10.414013862609863,107.40592956542969
2007-09-24,21.11136817932129,19.18793296813965,10.364696502685547,25.46763038635254,27.93754005432129,10.4527587890625,107.20802307128906
2007-09-25,20.764915466308594,19.1485652923584,10.469700813293457,25.381256103515625,28.048635482788086,10.465675354003906,106.99604034423828
2007-09-26,20.82358741760254,19.1541805267334,10.53581714630127,25.52521324157715,28.243024826049805,10.517328262329102,107.56140899658203
2007-09-27,21.0946102142334,19.37912940979004,10.52803897857666,25.625999450683594,28.368013381958008,10.442426681518555,108.19752502441406
2007-09-28,20.899023056030273,19.300405502319336,10.489150047302246,25.4460391998291,28.52073097229004,10.279706954956055,107.8370361328125
2007-10-01,21.262239456176758,19.665939331054688,10.601935386657715,25.834733963012695,28.88871192932129,10.419181823730469,109.05269622802734
2007-10-02,20.929765701293945,19.890893936157227,10.640824317932129,25.690786361694336,28.652647018432617,10.457926750183105,108.90426635742188
2007-10-03,20.806825637817383,19.845888137817383,10.516375541687012,25.791561126708984,28.45824432373047,10.424349784851074,108.68515014648438
2007-10-04,20.88505744934082,19.963991165161133,10.543600082397461,25.76276206970215,28.555463790893555,10.481171607971191,108.854736328125
2007-10-05,20.985641479492188,20.183319091796875,10.656384468078613,26.093887329101562,28.867876052856445,10.563823699951172,110.14814758300781
2007-10-08,20.773296356201172,19.907756805419922,10.675834655761719,25.913930892944336,28.81928253173828,10.54832649230957,109.56153106689453
2007-10-09,21.192399978637695,20.07646942138672,10.753615379333496,26.129878997802734,29.09003448486328,10.664555549621582,110.59341430664062
2007-10-10,21.466205596923828,19.963991165161133,10.788616180419922,26.17306137084961,28.770671844482422,10.58448600769043,110.40960693359375
2007-10-11,21.36003875732422,19.85714340209961,10.671943664550781,25.949920654296875,28.562402725219727,10.692964553833008,109.87960815429688
2007-10-12,21.56120491027832,19.986480712890625,10.776948928833008,26.093887329101562,28.687360763549805,10.664555549621582,110.48735046386719
2007-10-15,21.737226486206055,19.581581115722656,10.699164390563965,25.81315803527832,28.465200424194336,10.587067604064941,109.55440521240234
2007-10-16,21.793106079101562,19.216039657592773,10.699164390563965,25.618793487548828,28.340225219726562,10.561239242553711,108.68515014648438
2007-10-17,21.653400421142578,19.204801559448242,10.788616180419922,25.6403865814209,28.416597366333008,10.589648246765137,109.01730346679688
2007-10-18,21.821035385131836,18.96298599243164,10.815839767456055,25.647592544555664,28.492979049682617,10.496667861938477,108.62152862548828
2007-10-19,20.787256240844727,18.333131790161133,10.559155464172363,25.33806610107422,27.70150375366211,10.264213562011719,105.78034973144531
2007-10-22,20.54978370666504,18.558076858520508,10.625269889831543,25.33806610107422,27.805641174316406,10.336532592773438,106.395263671875
2007-10-23,20.8431453704834,18.6593017578125,10.741949081420898,25.633203506469727,27.993083953857422,10.341699600219727,107.25750732421875
2007-10-24,20.980058670043945,18.518705368041992,10.633050918579102,25.4460391998291,27.909786224365234,10.331367492675781,107.05960083007812
2007-10-25,21.178428649902344,18.50184440612793,10.722500801086426,25.597196578979492,27.9583797454834,10.58448600769043,107.31401062011719
2007-10-26,21.499731063842773,18.951740264892578,10.866401672363281,25.683582305908203,27.979202270507812,10.729125022888184,108.572021484375
2007-10-29,21.60311508178711,19.00796890258789,10.897514343261719,25.791561126708984,28.159711837768555,10.824687004089355,108.93252563476562
2007-10-30,20.8682918548584,18.715543746948242,10.916958808898926,25.76276206970215,27.909786224365234,10.837600708007812,108.17623901367188
2007-10-31,21.429880142211914,18.96861457824707,11.045297622680664,25.92112922668457,28.152774810791016,10.964165687561035,109.29999542236328
2007-11-01,20.801233291625977,17.995716094970703,10.924734115600586,25.561220169067383,27.673730850219727,10.739455223083496,106.7415542602539
2007-11-02,21.192399978637695,17.905733108520508,10.948070526123047,25.489233016967773,27.923662185668945,10.8272705078125,106.8616943359375
2007-11-05,21.02195930480957,17.58518409729004,10.932515144348145,25.47484016418457,27.805641174316406,10.946080207824707,106.0489501953125
2007-11-06,21.72325897216797,17.883235931396484,10.99085521697998,25.611602783203125,28.243024826049805,10.956411361694336,107.47661590576172
2007-11-07,20.829185485839844,16.904720306396484,10.69527816772461,25.02854347229004,27.562637329101562,10.705879211425781,104.53646850585938
2007-11-08,21.192399978637695,17.079055786132812,10.314135551452637,25.19409942626953,27.569578170776367,10.915087699890137,104.00640869140625
2007-11-09,20.801233291625977,16.94970703125,10.100228309631348,25.12930679321289,27.021099090576172,10.82985782623291,102.5787582397461
2007-11-12,19.79540252685547,17.01157569885254,9.936882972717285,25.19409942626953,26.729509353637695,10.641307830810547,101.56103515625
2007-11-13,20.493898391723633,17.81013298034668,10.27524185180664,25.52521324157715,27.409914016723633,10.731704711914062,104.6565933227539
2007-11-14,20.463163375854492,17.742647171020508,10.216907501220703,25.625999450683594,27.319644927978516,10.667135238647461,104.36686706542969
2007-11-15,19.781431198120117,17.292753219604492,10.092449188232422,25.46763038635254,26.937786102294922,10.762704849243164,102.86146545410156
2007-11-16,20.30110740661621,17.157791137695312,10.236351013183594,25.58280372619629,26.944734573364258,10.765284538269043,103.03815460205078
2007-11-19,19.963043212890625,16.69664192199707,10.034113883972168,25.438846588134766,26.55595588684082,10.79627799987793,101.60340118408203
2007-11-20,20.60565948486328,16.33111000061035,10.119672775268555,25.489233016967773,26.597604751586914,10.928004264831543,102.22541809082031
2007-11-21,20.15862274169922,16.07804298400879,9.929105758666992,24.920560836791992,26.153261184692383,10.837600708007812,100.13339233398438
2007-11-23,20.68947410583496,16.460453033447266,10.026331901550293,25.32366180419922,26.500410079956055,10.8272705078125,101.86492919921875
2007-11-26,19.974210739135742,15.909329414367676,9.816323280334473,25.12930679321289,26.083839416503906,10.809189796447754,99.61746215820312
2007-11-27,19.753494262695312,16.196142196655273,9.925214767456055,25.45323371887207,26.604551315307617,10.850513458251953,100.76239013671875
2007-11-28,20.242443084716797,17.163408279418945,10.216907501220703,26.057897567749023,27.250219345092773,11.039068222045898,103.98523712158203
2007-11-29,20.46595573425293,17.01157569885254,10.267467498779297,26.216262817382812,27.250219345092773,10.964165687561035,104.02056121826172
2007-11-30,20.52742576599121,17.433345794677734,10.213018417358398,26.25226402282715,27.35436248779297,11.036478996276855,105.0665283203125
2007-12-03,20.60565948486328,17.292753219604492,10.150788307189941,26.086692810058594,27.076658248901367,11.144957542419434,104.37393188476562
2007-12-04,20.39610481262207,16.972200393676758,10.111893653869629,26.079496383666992,27.01416778564453,11.225030899047852,103.44097137451172
2007-12-05,20.845943450927734,17.22527503967285,10.34524917602539,26.288251876831055,27.4585018157959,11.418739318847656,105.17253112792969
2007-12-06,21.415910720825195,17.78201675415039,10.450257301330566,26.46820640563965,27.770931243896484,11.351588249206543,106.67794799804688
2007-12-07,21.28459358215332,17.54581642150879,10.46192455291748,26.45380973815918,27.979202270507812,11.410992622375488,106.65672302246094
2007-12-10,21.499731063842773,17.9169864654541,10.512482643127441,26.504188537597656,28.111112594604492,11.462651252746582,107.48362731933594
2007-12-11,20.968870162963867,17.01157569885254,10.34913444519043,26.093887329101562,27.215499877929688,11.19661808013916,104.53646850585938
2007-12-12,21.653400421142578,16.882232666015625,10.52803897857666,26.10828971862793,27.562637329101562,11.199206352233887,105.56829833984375
2007-12-13,21.70648193359375,16.876609802246094,10.473590850830078,26.093887329101562,27.70150375366211,11.364505767822266,105.3492431640625
2007-12-14,21.36003875732422,16.505443572998047,10.407476425170898,25.697973251342773,27.396005630493164,11.15270709991455,104.01347351074219
2007-12-17,20.977258682250977,16.33111000061035,10.209127426147461,25.4244384765625,26.90308952331543,11.049394607543945,102.52928924560547
2007-12-18,21.178428649902344,16.342361450195312,10.209127426147461,25.618793487548828,26.979463577270508,11.147541999816895,103.10174560546875
2007-12-19,21.38237762451172,16.437946319580078,10.27524185180664,25.604393005371094,26.889196395874023,11.119133949279785,103.10174560546875
2007-12-20,21.653400421142578,16.319862365722656,10.423029899597168,25.75555419921875,27.111360549926758,11.168206214904785,103.7519760131836
2007-12-21,22.213363647460938,16.621763229370117,10.557045936584473,25.914506912231445,27.589914321899414,11.190849304199219,105.24764251708984
2007-12-24,22.314208984375,16.922536849975586,10.635186195373535,26.001205444335938,27.89685821533203,11.245501518249512,106.0291519165039
2007-12-26,22.56350326538086,16.803361892700195,10.693795204162598,25.97231101989746,27.792211532592773,11.188248634338379,106.25653076171875
2007-12-27,22.32541275024414,16.46286392211914,10.545323371887207,25.704994201660156,27.471332550048828,11.08934211730957,104.92076110839844
2007-12-28,22.51308822631836,16.42314910888672,10.494537353515625,25.603864669799805,27.443405151367188,11.170025825500488,104.65787506103516
2007-12-31,22.22736167907715,16.417470932006836,10.416391372680664,25.509931564331055,27.31784439086914,11.016477584838867,103.88349151611328
2008-01-02,22.26938247680664,16.094005584716797,10.205403327941895,25.24262237548828,26.86441421508789,10.954019546508789,102.97394561767578
2008-01-03,22.53270149230957,15.991850852966309,10.22103500366211,25.394336700439453,26.88534927368164,10.938403129577637,102.92420959472656
2008-01-04,21.709148406982422,15.537864685058594,9.822505950927734,25.13425064086914,26.334243774414062,11.021686553955078,100.40196990966797
2008-01-07,21.625118255615234,15.577585220336914,9.736551284790039,25.63274383544922,26.006370544433594,11.250700950622559,100.31668090820312
2008-01-08,21.24695587158203,15.010090827941895,9.478681564331055,25.84227180480957,25.427370071411133,11.25330924987793,98.69669342041016
2008-01-09,21.527074813842773,15.293839454650879,9.611519813537598,26.304628372192383,25.50410270690918,11.375625610351562,99.73407745361328
2008-01-10,21.437435150146484,15.554885864257812,9.627153396606445,26.26851463317871,25.859872817993164,11.305359840393066,100.38772583007812
2008-01-11,21.176921844482422,15.605964660644531,9.486493110656738,26.34798240661621,25.420391082763672,11.302759170532227,99.57772827148438
2008-01-14,21.597103118896484,15.821601867675781,9.677943229675293,26.14569854736328,25.734304428100586,11.318368911743164,100.380615234375
2008-01-15,20.70352554321289,15.168999671936035,9.474773406982422,25.84947967529297,25.197158813476562,11.198661804199219,98.17092895507812
2008-01-16,20.01443862915039,15.424361228942871,9.2677001953125,25.914506912231445,24.904172897338867,10.998263359069824,97.32544708251953
2008-01-17,19.25811195373535,14.641227722167969,9.185646057128906,25.416000366210938,24.241464614868164,10.574058532714844,94.80311584472656
2008-01-18,19.30013084411621,14.47098159790039,9.025452613830566,25.047555923461914,24.192625045776367,10.417899131774902,93.8297348022461
2008-01-22,18.7539005279541,14.783099174499512,8.857442855834961,24.13726806640625,24.276325225830078,10.058751106262207,92.87763977050781
2008-01-23,18.927581787109375,15.83296012878418,8.935592651367188,24.310653686523438,24.939041137695312,10.326809883117676,95.10865020751953
2008-01-24,19.594255447387695,15.838635444641113,9.064525604248047,24.216737747192383,25.085540771484375,10.045741081237793,95.91151428222656
2008-01-25,19.24410629272461,15.424361228942871,8.923870086669922,23.833837509155273,24.973926544189453,9.936433792114258,94.52598571777344
2008-01-28,19.681093215942383,15.974825859069824,8.962937355041504,24.13726806640625,25.343658447265625,10.092584609985352,96.08916473388672
2008-01-29,19.902385711669922,16.218849182128906,9.041085243225098,24.20227813720703,25.5668888092041,10.126412391662598,96.565185546875
2008-01-30,19.653079986572266,15.88970947265625,8.970755577087402,23.920520782470703,25.671527862548828,10.074369430541992,95.85467529296875
2008-01-31,19.4962158203125,16.536638259887695,9.084065437316895,24.34677505493164,25.81104850769043,10.207096099853516,97.6025161743164
2008-02-01,19.986427307128906,16.843082427978516,9.240347862243652,24.46237564086914,26.404003143310547,10.472557067871094,99.17277526855469
2008-02-04,20.00043487548828,16.35504913330078,9.048891067504883,24.549062728881836,26.117984771728516,10.623498916625977,97.9222640991211
2008-02-05,19.174083709716797,15.691085815429688,8.822286605834961,24.101137161254883,25.455270767211914,10.303387641906738,95.30049133300781
2008-02-06,18.910768508911133,15.509486198425293,8.724604606628418,24.166156768798828,25.413419723510742,10.285175323486328,94.53315734863281
2008-02-07,19.2833309173584,15.651357650756836,8.779304504394531,24.07224464416504,25.420391082763672,10.23051929473877,95.15837097167969
2008-02-08,19.56624412536621,15.390312194824219,8.712883949279785,23.920520782470703,25.23204803466797,10.149836540222168,94.54732513427734
2008-02-11,20.070463180541992,15.049821853637695,8.86526107788086,23.848283767700195,25.483177185058594,10.23311996459961,95.03048706054688
2008-02-12,20.059249877929688,15.464090347290039,8.884793281555176,24.195072174072266,25.741287231445312,10.407489776611328,95.91151428222656
2008-02-13,20.546659469604492,15.407339096069336,9.087964057922363,24.158931732177734,26.201705932617188,10.358039855957031,96.89201354980469
2008-02-14,20.37018585205078,14.987395286560059,8.908241271972656,24.05779457092285,25.81104850769043,10.227910041809082,96.03942108154297
2008-02-15,20.406597137451172,15.225739479064941,8.876986503601074,24.079463958740234,25.650598526000977,10.371049880981445,96.0180892944336
2008-02-19,21.078889846801758,15.203036308288574,8.794933319091797,24.382905960083008,25.77617073059082,10.287774085998535,96.28809356689453
2008-02-20,21.330991744995117,15.378963470458984,8.810564041137695,24.310653686523438,25.859872817993164,10.308597564697266,96.57229614257812
2008-02-21,20.745542526245117,15.106568336486816,8.794933319091797,24.05779457092285,25.657573699951172,10.082175254821777,95.76940155029297
2008-02-22,20.9808349609375,15.435708999633789,8.787121772766113,24.108366012573242,25.915685653686523,10.259148597717285,96.35912322998047
2008-02-25,21.58029556274414,15.435708999633789,8.837912559509277,24.419023513793945,26.117984771728516,10.269553184509277,97.57408905029297
2008-02-26,21.94725227355957,15.571907997131348,8.939498901367188,24.20227813720703,26.138914108276367,10.402287483215332,98.305908203125
2008-02-27,21.661531448364258,15.640007019042969,8.947311401367188,24.310653686523438,26.187746047973633,10.152442932128906,98.20642852783203
2008-02-28,22.034090042114258,15.151958465576172,8.834005355834961,24.02889633178711,25.999401092529297,10.08477783203125,97.24723815917969
2008-02-29,21.302976608276367,14.658254623413086,8.654279708862305,23.69656753540039,25.287858963012695,9.788087844848633,95.08023071289062
2008-03-03,21.56909942626953,14.459630966186523,8.650370597839355,23.689340591430664,25.657573699951172,9.936433792114258,94.85285186767578
2008-03-04,21.14891242980957,14.380178451538086,8.662091255187988,23.718244552612305,25.35760498046875,10.108200073242188,94.4905014038086
2008-03-05,21.681133270263672,14.266682624816895,8.724604606628418,23.67489242553711,25.69245147705078,10.079573631286621,95.08731079101562
2008-03-06,21.24695587158203,13.772967338562012,8.603485107421875,23.198068618774414,25.204147338867188,9.873971939086914,93.11920166015625
2008-03-07,20.66151237487793,13.801342964172363,8.603485107421875,22.930768966674805,24.841381072998047,9.81151008605957,92.16002655029297
2008-03-10,20.406597137451172,13.409781455993652,8.509713172912598,22.39614486694336,24.44376564025879,9.798497200012207,90.945068359375
2008-03-11,21.457040786743164,14.289392471313477,8.810564041137695,22.612882614135742,25.273897171020508,9.96766471862793,94.21342468261719
2008-03-12,20.9808349609375,14.051046371459961,8.720697402954102,22.612882614135742,25.225059509277344,9.96766471862793,93.33233642578125
2008-03-13,21.330991744995117,14.016988754272461,8.685535430908203,22.583988189697266,25.573856353759766,9.936433792114258,93.53840637207031
2008-03-14,20.941635131835938,13.619747161865234,8.576135635375977,22.164968490600586,25.169261932373047,9.86355972290039,92.0889663696289
2008-03-17,20.210508346557617,13.307628631591797,8.537060737609863,22.136062622070312,25.043685913085938,9.868768692016602,91.15824890136719
2008-03-18,21.0928897857666,14.425576210021973,8.919961929321289,22.829620361328125,26.36214256286621,10.043140411376953,94.9452133178711
2008-03-19,19.804340362548828,14.045360565185547,8.654279708862305,22.53340721130371,25.39946937561035,9.845345497131348,92.59344482421875
2008-03-20,19.892271041870117,15.056769371032715,8.750420570373535,22.561708450317383,25.66642951965332,9.816773414611816,94.30850219726562
2008-03-24,20.24062728881836,15.251285552978516,9.059164047241211,22.85924530029297,26.248003005981445,9.848226547241211,96.19355773925781
2008-03-25,20.44289207458496,15.205513000488281,9.06697940826416,22.90278434753418,26.409170150756836,9.819391250610352,96.286376953125
2008-03-26,20.88674545288086,14.656326293945312,8.891115188598633,22.677824020385742,26.198957443237305,9.856091499328613,95.10824584960938
2008-03-27,20.676054000854492,14.427505493164062,8.820769309997559,22.793941497802734,25.911657333374023,9.95570182800293,94.80834197998047
2008-03-28,20.6198673248291,14.101426124572754,8.766051292419434,22.735872268676758,25.813579559326172,9.863956451416016,93.90155792236328
2008-03-31,20.805282592773438,14.227283477783203,8.7543306350708,22.61976432800293,26.20596694946289,9.945218086242676,94.22998809814453
2008-04-01,21.19576072692871,15.228386878967285,9.008357048034668,22.98261260986328,26.80156707763672,10.202102661132812,97.5430679321289
2008-04-02,21.490741729736328,15.216957092285156,9.117792129516602,22.822967529296875,26.920673370361328,10.33316707611084,97.60730743408203
2008-04-03,21.541303634643555,15.285603523254395,9.113877296447754,22.750385284423828,26.80156707763672,10.278122901916504,97.85008239746094
2008-04-04,21.718286514282227,15.07966136932373,9.08261489868164,22.93181800842285,26.906654357910156,10.267638206481934,97.74302673339844
2008-04-07,21.833459854125977,15.17119312286377,9.090429306030273,23.193063735961914,26.738494873046875,10.3121976852417,97.7929916381836
2008-04-08,22.080677032470703,14.999565124511719,9.035717010498047,23.113237380981445,26.71746253967285,10.380354881286621,97.69302368164062
2008-04-09,22.122819900512695,14.747856140136719,8.996633529663086,23.004383087158203,26.458213806152344,10.35413646697998,96.98615264892578
2008-04-10,22.080677032470703,14.656326293945312,9.070892333984375,23.18580436706543,26.57032012939453,10.280744552612305,97.121826171875
2008-04-11,21.771665573120117,14.376017570495605,8.828580856323242,22.881023406982422,25.526294708251953,10.293850898742676,95.23674774169922
2008-04-14,22.271705627441406,14.038500785827637,8.793408393859863,22.779420852661133,25.540306091308594,10.278122901916504,94.91541290283203
2008-04-15,22.389690399169922,14.18151569366455,8.793408393859863,22.75765037536621,25.659427642822266,10.390837669372559,95.13682556152344
2008-04-16,23.148191452026367,14.564796447753906,9.15296745300293,22.881023406982422,26.374122619628906,10.608405113220215,97.71443176269531
2008-04-17,23.128515243530273,14.816503524780273,9.149055480957031,22.735872268676758,26.065828323364258,10.629376411437988,97.85724639892578
2008-04-18,23.48248291015625,15.142589569091797,9.309285163879395,22.95358657836914,26.850603103637695,10.663450241088867,98.8782958984375
2008-04-21,23.749370574951172,14.908044815063477,9.367913246154785,22.881023406982422,26.759517669677734,10.566462516784668,98.92827606201172
2008-04-22,23.760608673095703,14.70210075378418,9.321014404296875,22.64154624938965,26.33208465576172,10.535009384155273,98.49275970458984
2008-04-23,23.575197219848633,14.604846000671387,9.379638671875,22.714107513427734,26.34610366821289,10.550739288330078,98.33563995361328
2008-04-24,22.95716667175293,15.131141662597656,9.492972373962402,22.78666877746582,26.5142765045166,10.540252685546875,98.76406860351562
2008-04-25,23.283029556274414,15.417181968688965,9.379638671875,23.08421516418457,26.885639190673828,10.574326515197754,99.67800903320312
2008-04-28,23.32236671447754,15.457226753234863,9.379638671875,23.222097396850586,27.03978157043457,10.472099304199219,99.69943237304688
2008-04-29,22.797029495239258,15.268438339233398,9.469524383544922,22.968103408813477,26.787534713745117,10.521905899047852,99.30672454833984
2008-04-30,22.965591430664062,15.222678184509277,9.30147647857666,22.844728469848633,26.97672462463379,10.453747749328613,98.72118377685547
2008-05-01,22.462738037109375,15.743255615234375,9.692292213439941,23.251121520996094,27.151905059814453,10.576947212219238,100.76333618164062
2008-05-02,22.886934280395508,15.851941108703613,9.688382148742676,23.258378982543945,27.257009506225586,10.752579689025879,101.0417709350586
2008-05-05,23.218429565429688,15.577353477478027,9.645391464233398,23.193063735961914,27.186925888061523,10.597921371459961,100.55625915527344
2008-05-06,23.833641052246094,15.743255615234375,9.762639045715332,23.149526596069336,27.29204559326172,10.595300674438477,101.42737579345703
2008-05-07,23.389787673950195,15.17691421508789,9.590675354003906,22.946334838867188,26.871633529663086,10.435401916503906,99.62089538574219
2008-05-08,23.85894203186035,14.867993354797363,9.60630989074707,22.85924530029297,26.96271324157715,10.461607933044434,99.36383819580078
2008-05-09,23.813989639282227,14.867993354797363,9.575047492980957,22.83747673034668,26.79453468322754,10.495691299438477,99.17816162109375
2008-05-12,23.68195152282715,15.045331954956055,9.731375694274902,23.011642456054688,27.221961975097656,10.597921371459961,100.29208374023438
2008-05-13,24.069629669189453,14.908044815063477,9.731375694274902,22.793941497802734,27.40415382385254,10.582192420959473,100.306396484375
2008-05-14,23.79431915283203,15.011007308959961,9.7509183883667,22.98261260986328,27.432186126708984,10.62151050567627,100.51342010498047
2008-05-15,24.10895538330078,15.159749984741211,9.938505172729492,22.91730499267578,27.593347549438477,10.611027717590332,101.77014923095703
2008-05-16,24.98824119567871,15.096818923950195,9.915058135986328,23.004383087158203,27.523269653320312,10.689664840698242,101.86293029785156
2008-05-19,25.142763137817383,14.953801155090332,9.965863227844238,23.149526596069336,27.831575393676758,10.810251235961914,102.1413803100586
2008-05-20,25.392770767211914,14.604846000671387,9.809536933898926,23.08421516418457,27.3901309967041,10.883636474609375,101.31314086914062
2008-05-21,25.016340255737305,14.232998847961426,9.551596641540527,22.881023406982422,26.92767906188965,10.828591346740723,99.5995101928711
2008-05-22,24.651138305664062,14.313090324401855,9.586769104003906,23.127756118774414,26.864612579345703,10.89150333404541,99.61372375488281
2008-05-23,24.232566833496094,14.101426124572754,9.567229270935059,22.750385284423828,26.479230880737305,10.723742485046387,98.27849578857422
2008-05-27,24.07524871826172,14.175796508789062,9.723555564880371,22.844728469848633,26.759517669677734,10.778787612915039,99.0068130493164
2008-05-28,24.583715438842773,14.095706939697266,9.77827262878418,22.822967529296875,26.941688537597656,10.786649703979492,99.46382141113281
2008-05-29,23.912309646606445,14.347410202026367,9.848620414733887,23.31643295288086,27.04680633544922,10.901991844177246,99.96363067626953
2008-05-30,24.159513473510742,14.164350509643555,9.907243728637695,23.280149459838867,27.214956283569336,10.828591346740723,100.21353149414062
2008-06-02,24.302791595458984,13.952692031860352,9.7665433883667,23.004383087158203,26.983736038208008,10.749956130981445,99.17816162109375
2008-06-03,23.78028106689453,13.906927108764648,9.711833953857422,23.156774520874023,26.892641067504883,10.655586242675781,98.59983825683594
2008-06-04,23.42630386352539,13.82111644744873,9.731375694274902,23.164031982421875,26.787534713745117,10.78403377532959,98.54983520507812
2008-06-05,24.6483211517334,14.095706939697266,9.930692672729492,23.36723518371582,26.983736038208008,10.912476539611816,100.52055358886719
2008-06-06,24.165136337280273,13.346298217773438,9.661026000976562,22.801191329956055,25.932693481445312,10.626750946044922,97.31456756591797
2008-06-09,24.87587547302246,13.163237571716309,9.641480445861816,22.677824020385742,26.198957443237305,10.791897773742676,97.5501937866211
2008-06-10,24.26346206665039,13.203286170959473,9.598494529724121,22.46012306213379,26.044803619384766,10.781411170959473,97.0646743774414
2008-06-11,24.412353515625,12.819997787475586,9.352279663085938,22.23514747619629,25.5543155670166,10.770920753479004,95.63664245605469
2008-06-12,24.04153823852539,13.168960571289062,9.457802772521973,22.04646873474121,25.64539909362793,10.726360321044922,96.00074005126953
2008-06-13,24.328081130981445,13.374902725219727,9.559415817260742,22.394811630249023,25.939695358276367,10.823355674743652,97.21461486816406
2008-06-16,24.4151611328125,13.500753402709961,9.582864761352539,22.46737289428711,25.79956817626953,10.833837509155273,97.27174377441406
2008-06-17,24.819692611694336,13.106036186218262,9.543777465820312,22.40931510925293,25.743505477905273,10.894126892089844,96.80049896240234
2008-06-18,24.915205001831055,12.888644218444824,9.442169189453125,22.155332565307617,25.372146606445312,10.852190971374512,95.8580093383789
2008-06-19,24.316835403442383,13.025940895080566,9.477341651916504,22.184354782104492,25.70147132873535,10.865294456481934,95.9793472290039
2008-06-20,24.15289878845215,12.800854682922363,9.308416366577148,21.872310638427734,25.27273941040039,10.739856719970703,94.42146301269531
2008-06-23,25.107759475708008,12.39686393737793,9.222187995910645,22.0327091217041,25.322023391723633,10.869256019592285,94.32817840576172
2008-06-24,24.631742477416992,12.541149139404297,9.210433006286621,22.11290740966797,25.019319534301758,10.779464721679688,94.14156341552734
2008-06-25,24.538789749145508,12.512292861938477,9.288820266723633,22.360794067382812,24.83628273010254,10.90622329711914,94.58647155761719
2008-06-26,24.361343383789062,12.062129974365234,9.112452507019043,21.90877342224121,24.42796516418457,10.581411361694336,92.01752471923828
2008-06-27,24.575408935546875,11.871674537658691,8.990954399108887,22.054574966430664,23.723995208740234,10.49162483215332,91.51518249511719
2008-06-30,24.92185401916504,11.692760467529297,8.979195594787598,22.29517364501953,23.94222068786621,10.747779846191406,91.83808135986328
2008-07-01,25.026063919067383,11.727392196655273,8.916482925415039,22.29517364501953,23.928146362304688,10.80323314666748,92.12513732910156
2008-07-02,24.27120590209961,11.548478126525879,8.798904418945312,22.142070770263672,23.196016311645508,10.774186134338379,90.5464096069336
2008-07-03,23.913488388061523,11.50808334350586,8.759711265563965,22.236848831176758,23.519840240478516,10.663275718688965,90.63972473144531
2008-07-07,23.31354331970215,11.127166748046875,8.857695579528809,22.091039657592773,23.491683959960938,10.557649612426758,89.7140121459961
2008-07-08,22.92766571044922,11.848587989807129,8.94784164428711,22.674291610717773,24.033737182617188,10.613105773925781,91.30706787109375
2008-07-09,22.491077423095703,11.17334270477295,8.681323051452637,22.783660888671875,23.364978790283203,10.739856719970703,89.54896545410156
2008-07-10,23.18115997314453,11.092541694641113,8.79106616973877,22.907596588134766,23.723995208740234,10.76626205444336,89.91492462158203
2008-07-11,23.040321350097656,10.780885696411133,8.708762168884277,22.47015380859375,23.294572830200195,10.68440055847168,88.86721801757812
2008-07-14,23.192426681518555,10.226836204528809,8.642128944396973,22.623260498046875,23.400169372558594,10.610464096069336,88.06352996826172
2008-07-15,22.215042114257812,9.909416198730469,8.622535705566406,22.732624053955078,22.935548782348633,10.536524772644043,86.82209014892578
2008-07-16,21.643253326416016,11.207964897155762,8.747954368591309,22.89301109313965,23.46352767944336,10.327902793884277,88.9533462524414
2008-07-17,21.288360595703125,11.692760467529297,8.838099479675293,23.119033813476562,24.11118507385254,10.164176940917969,89.84317016601562
2008-07-18,21.660160064697266,11.929387092590332,8.936077117919922,23.111736297607422,24.14638328552246,10.174739837646484,90.40289306640625
2008-07-21,22.307985305786133,11.975556373596191,8.759711265563965,22.703466415405273,24.167497634887695,10.354314804077148,90.453125
2008-07-22,21.567203521728516,12.979771614074707,8.712681770324707,23.0169620513916,24.463178634643555,10.319979667663574,91.47932434082031
2008-07-23,20.784170150756836,12.962457656860352,8.8694486618042,23.119033813476562,24.65324592590332,10.069113731384277,91.97441864013672
2008-07-24,20.73348045349121,12.090986251831055,8.642128944396973,23.09716796875,24.04077911376953,10.053267478942871,90.06563568115234
2008-07-25,20.78980255126953,12.044811248779297,8.763629913330078,23.23569107055664,24.266061782836914,9.931791305541992,90.04412841796875
2008-07-28,20.87149429321289,11.47922420501709,8.57942008972168,23.046123504638672,23.709915161132812,9.955561637878418,88.7237319946289
2008-07-29,20.623634338378906,12.408408164978027,8.751873970031738,23.27943229675293,24.603965759277344,9.968764305114746,90.61817932128906
2008-07-30,21.851696014404297,12.598865509033203,8.810662269592285,23.27213478088379,24.892589569091797,10.164176940917969,92.23273468017578
2008-07-31,20.955995559692383,12.483438491821289,8.759711265563965,23.294010162353516,24.13228988647461,10.055909156799316,91.01286315917969
2008-08-01,20.953176498413086,12.483438491821289,8.661725044250488,23.119033813476562,24.11118507385254,9.768070220947266,90.5320816040039
2008-08-04,19.967348098754883,12.379548072814941,8.704839706420898,23.315879821777344,24.005582809448242,9.662440299987793,89.69245910644531
2008-08-05,20.116622924804688,13.008625984191895,8.8694486618042,24.074119567871094,24.674358367919922,9.741661071777344,92.11078643798828
2008-08-06,20.575748443603516,12.875887870788574,8.99487590789795,24.16891098022461,25.146028518676758,9.794476509094238,92.5197982788086
2008-08-07,20.33633041381836,12.24103832244873,8.979195594787598,23.877281188964844,24.301250457763672,9.786554336547852,91.14199829101562
2008-08-08,19.992698669433594,12.662346839904785,9.151642799377441,24.292850494384766,25.138986587524414,9.815600395202637,92.8355712890625
2008-08-11,19.984243392944336,12.875887870788574,9.210433006286621,24.314720153808594,25.202342987060547,9.923870086669922,93.79715728759766
2008-08-12,19.995513916015625,12.22372817993164,9.230032920837402,24.26368522644043,24.955951690673828,9.8076810836792,92.82118225097656
2008-08-13,20.702484130859375,11.871674537658691,9.194753646850586,24.27826690673828,24.864439010620117,9.8076810836792,92.26148986816406
2008-08-14,20.322242736816406,12.24103832244873,9.265303611755371,24.26368522644043,24.955951690673828,9.723176956176758,92.95755767822266
2008-08-15,19.94199562072754,12.327606201171875,9.300579071044922,24.504276275634766,25.096750259399414,9.757508277893066,93.40965270996094
2008-08-18,19.68849754333496,11.854360580444336,9.183003425598145,24.300138473510742,24.81515121459961,9.770707130432129,92.13230895996094
2008-08-19,20.39548110961914,11.50808334350586,9.022305488586426,24.19077491760254,24.505407333374023,9.823522567749023,91.12767028808594
2008-08-20,20.984161376953125,11.744697570800781,9.041906356811523,24.037668228149414,24.308298110961914,9.860490798950195,91.55105590820312
2008-08-21,21.510879516601562,11.531161308288574,9.006628036499023,23.88456153869629,24.364608764648438,9.955561637878418,91.70892333984375
2008-08-22,21.01795196533203,11.969783782958984,9.132047653198242,24.28555679321289,24.84331512451172,9.995170593261719,93.03646850585938
2008-08-25,20.744747161865234,11.548478126525879,9.014469146728516,23.8918514251709,24.456125259399414,9.889540672302246,91.14920043945312
2008-08-26,21.1672420501709,11.64081859588623,8.979195594787598,23.862693786621094,24.44908905029297,9.99781322479248,91.41471099853516
2008-08-27,21.502431869506836,11.865901947021484,9.065421104431152,23.899141311645508,24.519493103027344,10.069113731384277,92.30453491210938
2008-08-28,21.124996185302734,12.34492301940918,9.120288848876953,24.037668228149414,25.068580627441406,10.084954261779785,93.4239730834961
2008-08-29,21.02640724182129,12.362239837646484,8.916482925415039,23.775205612182617,24.79403305053711,9.945002555847168,92.41936492919922
2008-09-02,19.87157440185547,12.535379409790039,8.865531921386719,23.731462478637695,24.80108070373535,9.823522567749023,91.84524536132812
2008-09-03,19.7955322265625,12.73160171508789,8.747954368591309,23.869977951049805,24.618045806884766,9.667720794677734,91.76632690429688
2008-09-04,19.35049057006836,12.108299255371094,8.434406280517578,23.345043182373047,23.77328109741211,9.54625129699707,89.00359344482422
2008-09-05,19.271625518798828,12.546916961669922,8.434406280517578,23.221097946166992,23.76622200012207,9.345552444458008,89.28343963623047
2008-09-08,19.139240264892578,13.089427947998047,8.536306381225586,23.60751724243164,24.14638328552246,9.580577850341797,91.12767028808594
2008-09-09,17.815404891967773,12.252579689025879,8.387373924255371,23.403379440307617,23.43537139892578,9.279532432556152,88.42231750488281
2008-09-10,18.516754150390625,12.102521896362305,8.348179817199707,23.308589935302734,23.53392219543457,9.38252067565918,88.78114318847656
2008-09-11,18.781526565551758,12.379548072814941,8.485358238220215,23.403379440307617,24.075984954833984,9.456461906433105,90.06563568115234
2008-09-12,19.4152774810791,12.206414222717285,8.524554252624512,23.62209701538086,24.01262092590332,9.633389472961426,90.4818115234375
2008-09-15,17.928081512451172,11.017516136169434,8.113019943237305,22.96592903137207,23.048173904418945,9.298017501831055,86.17625427246094
2008-09-16,18.68575668334961,11.842817306518555,8.265872955322266,22.929473876953125,23.118581771850586,9.158061027526855,87.61862182617188
2008-09-17,18.29424476623535,10.705862045288086,7.807313442230225,22.56494140625,22.3371639251709,8.71441650390625,83.67898559570312
2008-09-18,18.840681076049805,11.548478126525879,8.140451431274414,22.85655975341797,22.79475212097168,9.033944129943848,86.16190338134766
2008-09-19,20.133455276489258,13.040103912353516,8.19983959197998,23.107040405273438,23.43602752685547,9.324332237243652,89.583740234375
2008-09-22,19.780229568481445,11.973828315734863,7.987467288970947,22.557743072509766,22.81315040588379,9.092552185058594,87.55559539794922
2008-09-23,19.12748908996582,11.93886661529541,7.983541011810303,22.023099899291992,22.310590744018555,8.935378074645996,85.56359100341797
2008-09-24,19.183992385864258,11.804853439331055,8.003196716308594,22.228166580200195,22.261051177978516,9.017958641052246,85.83782958984375
2008-09-25,19.653074264526367,12.131142616271973,8.14084529876709,22.6309871673584,22.438003540039062,9.19645881652832,87.1802978515625
2008-09-26,19.130308151245117,12.463265419006348,8.18017578125,22.587039947509766,22.34598731994629,9.19912052154541,87.22360229492188
2008-09-29,16.855588912963867,10.820140838623047,7.472279071807861,22.08169174194336,21.588613510131836,8.7169189453125,80.38860321044922
2008-09-30,17.886985778808594,11.589261054992676,7.806565284729004,22.00845718383789,21.800962448120117,8.852782249450684,83.71589660644531
2008-10-01,17.593114852905273,12.043745040893555,7.735775947570801,22.154924392700195,21.284244537353516,8.815489768981934,83.76641082763672
2008-10-02,16.589967727661133,11.443595886230469,7.432950496673584,22.19155502319336,20.010160446166992,8.687613487243652,80.72785186767578
2008-10-03,16.392175674438477,10.942503929138184,7.326765060424805,21.715490341186523,19.691650390625,8.557073593139648,79.63799285888672
2008-10-06,15.510530471801758,10.371489524841309,6.921687126159668,20.902542114257812,19.17493438720703,8.138809204101562,75.58177185058594
2008-10-07,14.65998363494873,9.276073455810547,6.567739486694336,20.397184371948242,18.53789710998535,7.805798530578613,72.19674682617188
2008-10-08,14.936904907226562,8.903162956237793,6.508746147155762,20.030990600585938,18.254762649536133,7.669925212860107,70.3779296875
2008-10-09,12.78650951385498,7.976722717285156,6.292444229125977,18.492961883544922,17.214262008666992,7.153091907501221,65.46278381347656
2008-10-10,12.263749122619629,8.798280715942383,6.253116130828857,17.680002212524414,16.66216468811035,6.862705707550049,63.87497329711914
2008-10-13,14.28415584564209,9.485836029052734,6.984611988067627,19.811267852783203,18.44587516784668,7.691244125366211,73.14940643310547
2008-10-14,14.301111221313477,10.09763240814209,6.74864387512207,20.21408462524414,18.438804626464844,7.627303123474121,72.06681823730469
2008-10-15,12.235494613647461,9.002224922180176,6.241318225860596,18.23661231994629,16.704633712768555,7.0598530769348145,64.97201538085938
2008-10-16,12.701738357543945,9.206151008605957,6.567739486694336,19.188724517822266,17.044391632080078,7.264986515045166,67.67858123779297
2008-10-17,12.981483459472656,8.943954467773438,6.504814147949219,19.115495681762695,16.67632293701172,7.302282810211182,67.27440643310547
2008-10-20,14.493257522583008,9.386777877807617,6.764379024505615,19.884511947631836,17.504478454589844,7.917690277099609,71.31622314453125
2008-10-21,13.834856986999512,9.101273536682129,6.410426139831543,19.82591438293457,17.348758697509766,7.667261600494385,69.18700408935547
2008-10-22,12.489803314208984,8.530253410339355,6.076141834259033,19.335205078125,16.54891014099121,7.342243194580078,65.41948699951172
2008-10-23,13.153858184814453,8.442858695983887,6.213788986206055,18.888456344604492,16.591384887695312,7.5180745124816895,66.1773452758789
2008-10-24,12.334389686584473,7.8951520919799805,5.922762870788574,18.822526931762695,15.635821342468262,7.318264961242676,62.82120132446289
2008-10-27,11.54600715637207,7.679563045501709,5.800846099853516,18.01689338684082,15.034174919128418,7.033208847045898,60.590999603271484
2008-10-28,13.306443214416504,8.885686874389648,6.607064723968506,19.15211296081543,16.577224731445312,7.7418622970581055,67.67132568359375
2008-10-29,13.600325584411621,8.337974548339844,6.351435661315918,19.02028465270996,16.64800453186035,7.494096755981445,67.1805648803711
2008-10-30,14.227638244628906,8.62930965423584,6.587404727935791,19.467037200927734,17.249652862548828,7.912362575531006,69.50460052490234
2008-10-31,14.524346351623535,9.048829078674316,6.548073768615723,19.4816951751709,17.822999954223633,7.701898574829102,69.8871841430664
2008-11-03,14.075054168701172,9.101273536682129,6.548073768615723,19.628164291381836,17.518630981445312,7.78182315826416,70.08922576904297
2008-11-04,14.982117652893066,9.614020347595215,6.823369026184082,19.884511947631836,18.283084869384766,7.928350925445557,72.47102355957031
2008-11-05,14.31241512298584,8.734188079833984,6.410426139831543,19.5915470123291,17.518630981445312,7.78182315826416,69.42523956298828
2008-11-06,13.450557708740234,8.13404655456543,6.056477069854736,19.115495681762695,16.69756317138672,7.416839599609375,65.57827758789062
2008-11-07,14.086355209350586,8.285534858703613,6.229517936706543,19.357177734375,16.867435455322266,7.7418622970581055,67.74356079101562
2008-11-10,14.134392738342285,8.040818214416504,6.16266393661499,19.21802520751953,16.874515533447266,7.5553741455078125,66.85577392578125
2008-11-11,13.727485656738281,7.761133193969727,6.028946399688721,18.873804092407227,16.49936294555664,7.5553741455078125,64.79158020019531
2008-11-12,12.602842330932617,7.283349990844727,5.745788097381592,18.456340789794922,15.713678359985352,7.304949760437012,61.94066619873047
2008-11-13,14.083523750305176,7.81357479095459,6.1036696434021,19.445068359375,16.555994033813477,7.8590779304504395,65.80200958251953
2008-11-14,13.498598098754883,7.417360305786133,5.824444770812988,18.70535659790039,15.855247497558594,7.672592639923096,62.51805877685547
2008-11-17,13.218847274780273,6.945400238037109,5.659267425537109,18.383098602294922,15.536723136901855,7.659274578094482,61.68804931640625
2008-11-18,13.58902359008789,6.846347808837891,5.737923622131348,18.507610321044922,15.55087947845459,7.576686382293701,62.8500862121582
2008-11-19,12.885419845581055,6.129665851593018,5.419365882873535,17.760562896728516,14.545771598815918,7.414175033569336,58.822723388671875
2008-11-20,11.291690826416016,5.471251964569092,5.1873345375061035,17.255212783813477,14.15647029876709,6.982590198516846,54.45611572265625
2008-11-21,12.551977157592773,5.640224933624268,5.462628364562988,17.277183532714844,14.57408618927002,7.680586338043213,57.393611907958984
2008-11-24,13.459035873413086,6.496747016906738,5.730057239532471,17.62140655517578,15.303141593933105,7.757842540740967,61.370487213134766
2008-11-25,13.673792839050293,6.875478267669678,5.808713912963867,17.73859405517578,15.522564888000488,7.912362575531006,61.8251953125
2008-11-26,14.439568519592285,7.195949554443359,5.989620685577393,18.01689338684082,16.010967254638672,7.88572359085083,64.21417236328125
2008-11-28,14.207860946655273,7.3765764236450195,5.997485637664795,18.251270294189453,16.35779571533203,8.024252891540527,65.02256774902344
2008-12-01,12.696090698242188,6.147144794464111,5.564879894256592,17.313798904418945,15.012935638427734,7.491433620452881,59.26297378540039
2008-12-02,13.12559700012207,6.648237228393555,5.76151704788208,17.760562896728516,15.706600189208984,7.685915470123291,61.543701171875
2008-12-03,13.134078025817871,6.992012977600098,5.926694393157959,18.185348510742188,15.975578308105469,7.819119453430176,63.02326583862305
2008-12-04,12.224189758300781,6.916269779205322,5.686795234680176,17.84113311767578,15.65705680847168,7.536724090576172,61.565330505371094
2008-12-05,12.478504180908203,7.463973522186279,5.9109625816345215,18.44901466369629,16.03927993774414,7.584679126739502,63.46355438232422
2008-12-08,13.03235149383545,7.965064525604248,6.186257362365723,18.595491409301758,16.456892013549805,7.707228660583496,65.6793441772461
2008-12-09,13.162331581115723,7.644602298736572,6.1469316482543945,18.30254364013672,16.166685104370117,7.597999572753906,64.59669494628906
2008-12-10,13.843341827392578,7.510592937469482,6.0958075523376465,18.251270294189453,16.428577423095703,7.712555408477783,65.03697967529297
2008-12-11,13.778347969055176,6.933746814727783,5.9660234451293945,18.361133575439453,15.7207612991333,7.651280403137207,63.470787048339844
2008-12-12,13.64271068572998,7.067761421203613,6.0368146896362305,18.397750854492188,15.763229370117188,7.699233531951904,64.22859191894531
2008-12-15,13.563591957092285,6.776428699493408,5.969954967498779,18.361133575439453,15.756153106689453,7.579349994659424,63.333656311035156
2008-12-16,13.984627723693848,7.53389835357666,6.28064489364624,19.086196899414062,16.534751892089844,7.837766170501709,66.314453125
2008-12-17,13.894201278686523,7.463973522186279,6.1587300300598145,18.969013214111328,16.541837692260742,7.600663185119629,65.67210388183594
2008-12-18,13.086036682128906,7.248386859893799,5.985689163208008,19.10816764831543,15.961421966552734,7.6646013259887695,64.44511413574219
2008-12-19,13.065876960754395,7.232420444488525,6.037482738494873,19.224592208862305,16.13794708251953,7.710193157196045,64.16790771484375
2008-12-22,12.676737785339355,6.978131294250488,5.9544525146484375,19.091957092285156,15.88780403137207,7.607678413391113,63.34571838378906
2008-12-23,12.705144882202148,6.812551975250244,5.871420860290527,19.099328994750977,15.837766647338867,7.521351337432861,62.69084548950195
2008-12-24,12.656853675842285,6.960390567779541,5.910958766937256,19.033004760742188,15.937832832336426,7.559117317199707,63.054683685302734
2008-12-26,12.82728099822998,6.966307163238525,5.903053283691406,19.04775047302246,16.05933952331543,7.57530403137207,63.41849136352539
2008-12-29,13.10848331451416,6.90717077255249,5.907006740570068,19.01827621459961,15.759160041809082,7.591490268707275,63.23655319213867
2008-12-30,13.426605224609375,7.173285007476807,6.017714500427246,19.386693954467773,16.34522247314453,7.707496643066406,64.73544311523438
2008-12-31,13.56862735748291,7.4039177894592285,6.09283447265625,19.56354522705078,16.738300323486328,7.831592082977295,65.65953826904297
2009-01-02,14.244637489318848,7.486711025238037,6.3221564292907715,19.961448669433594,17.35294532775879,8.01504135131836,67.63862609863281
2009-01-05,14.579811096191406,7.36251974105835,6.302387714385986,19.865652084350586,17.217145919799805,8.12834358215332,67.5585708618164
2009-01-06,14.738877296447754,7.480796813964844,6.448678493499756,19.541440963745117,17.59593963623047,8.012344360351562,68.00967407226562
2009-01-07,14.113985061645508,7.0904974937438965,6.243080139160156,19.364593505859375,16.80976676940918,7.94759464263916,65.9723892211914
2009-01-08,14.295770645141602,7.0609235763549805,6.286571979522705,19.47512435913086,16.974149703979492,7.907128810882568,66.24161529541016
2009-01-09,13.81573486328125,6.83620548248291,6.148190498352051,19.268802642822266,16.602506637573242,7.8450822830200195,64.82278442382812
2009-01-12,13.270380973815918,6.475471496582031,6.037482738494873,19.01827621459961,16.23801612854004,7.847779750823975,63.265663146972656
2009-01-13,13.60270881652832,6.564175605773926,6.0098090171813965,19.180387496948242,15.959270477294922,7.69940185546875,63.38209915161133
2009-01-14,12.952254295349121,6.185701847076416,5.827929973602295,18.907739639282227,15.366069793701172,7.604979515075684,61.38844680786133
2009-01-15,13.114156723022461,5.901843547821045,5.867466926574707,19.04037857055664,15.509017944335938,7.645446300506592,61.41025924682617
2009-01-16,13.219257354736328,5.724435329437256,5.907006740570068,19.20248794555664,15.59477424621582,7.796518802642822,61.89047622680664
2009-01-20,12.514835357666016,4.778246879577637,5.6658244132995605,18.738271713256836,14.872929573059082,7.661632537841797,58.62351989746094
2009-01-21,13.355596542358398,5.481975078582764,5.938638210296631,19.136173248291016,15.25171947479248,7.747960090637207,61.155582427978516
2009-01-22,12.989179611206055,5.144895076751709,5.804208278656006,19.217222213745117,15.20168399810791,7.745263576507568,60.20972442626953
2009-01-23,13.366957664489746,5.316391944885254,5.887236595153809,19.217222213745117,14.744279861450195,7.76145076751709,60.4716796875
2009-01-26,13.614073753356934,5.22177267074585,5.958405494689941,19.11406707763672,14.91580581665039,7.94759464263916,60.88640213012695
2009-01-27,13.636795997619629,5.405095100402832,5.993991851806641,19.51197052001953,15.187397003173828,7.985363483428955,61.50486373901367
2009-01-28,14.008885383605957,6.096996784210205,6.164006233215332,19.814067840576172,15.623366355895996,8.036620140075684,63.58583450317383
2009-01-29,13.514654159545898,5.617988109588623,5.982127666473389,19.534076690673828,15.051605224609375,7.977270603179932,61.51942825317383
2009-01-30,13.327186584472656,5.464232921600342,5.804208278656006,19.327754974365234,14.729985237121582,7.818102836608887,60.267921447753906
2009-02-02,13.114156723022461,5.464232921600342,5.895144462585449,19.453006744384766,14.39407730102539,7.861266613006592,60.08600997924805
2009-02-03,13.341395378112793,5.363699913024902,6.013760089874268,19.95408058166504,14.658515930175781,7.896340847015381,60.93007278442383
2009-02-04,13.466374397277832,5.304563999176025,6.0098090171813965,19.865652084350586,14.579901695251465,7.955689430236816,60.631736755371094
2009-02-05,13.795856475830078,5.387355327606201,6.104697227478027,20.03513526916504,14.751425743103027,8.012344360351562,61.533966064453125
2009-02-06,14.051494598388672,5.789485454559326,6.314249515533447,20.19724464416504,15.108778953552246,8.063599586486816,63.28751754760742
2009-02-09,14.102622032165527,5.854537487030029,6.330063343048096,20.1382999420166,15.394658088684082,8.017738342285156,63.37481689453125
2009-02-10,13.446489334106445,5.257255554199219,6.073065757751465,19.467758178710938,14.587047576904297,7.791126251220703,60.4716796875
2009-02-11,13.293107986450195,5.511542320251465,6.084928512573242,19.71092414855957,14.701401710510254,7.766847133636475,60.828182220458984
2009-02-12,13.31583023071289,5.440579414367676,6.112605571746826,19.93935203552246,14.537018775939941,7.69940185546875,60.871826171875
2009-02-13,13.347074508666992,5.233600616455078,6.084928512573242,19.637231826782227,14.537018775939941,7.653541564941406,60.216983795166016
2009-02-17,12.423945426940918,4.713200092315674,5.831883430480957,19.298280715942383,13.800875663757324,7.32171630859375,57.641239166259766
2009-02-18,12.352933883666992,4.713200092315674,5.8358378410339355,19.290912628173828,13.822324752807617,7.211108207702637,57.5030403137207
2009-02-19,12.355772018432617,4.464820861816406,5.693498134613037,19.25407600402832,13.514993667602539,7.243480682373047,56.88454818725586
2009-02-20,12.037646293640137,4.399773597717285,5.748851776123047,19.05511474609375,13.307732582092285,7.078916549682617,56.3315315246582
2009-02-23,11.475249290466309,4.2460150718688965,5.483948230743408,18.679317474365234,12.793145179748535,6.908957481384277,54.31609344482422
2009-02-24,12.014923095703125,4.760505676269531,5.6302385330200195,18.95195960998535,13.071882247924805,7.108593463897705,56.375240325927734
2009-02-25,11.9439115524292,4.73093843460083,5.681639671325684,18.568788528442383,12.757410049438477,7.062729358673096,55.9313850402832
2009-02-26,11.972317695617676,4.8078155517578125,5.62233304977417,17.640350341796875,12.535862922668457,6.946727275848389,55.021888732910156
2009-02-27,11.682598114013672,4.49439001083374,5.58279275894165,16.932968139648438,12.221386909484863,6.838817596435547,53.792198181152344
2009-03-02,10.827631950378418,4.210535049438477,5.448363304138184,16.203479766845703,11.420923233032227,6.622995853424072,51.3692626953125
2009-03-03,10.88160228729248,4.127745151519775,5.3969621658325195,16.16663360595703,11.33515739440918,6.385592937469482,50.98363494873047
2009-03-04,11.401395797729492,4.074522495269775,5.539301872253418,16.630855560302734,11.649628639221191,6.444941997528076,52.191471099853516
2009-03-05,10.898639678955078,3.690131664276123,5.369288444519043,16.18874168395996,11.199361801147461,6.2614970207214355,50.05956268310547
2009-03-06,11.017938613891602,3.6546521186828613,5.3969621658325195,16.424543380737305,11.077864646911621,6.253405570983887,50.146873474121094
2009-03-09,11.037826538085938,3.7019593715667725,5.226950645446777,16.122421264648438,10.97780990600586,6.134699821472168,49.5574951171875
2009-03-10,11.59738540649414,4.2519307136535645,5.527439117431641,16.70453643798828,11.80686092376709,6.215633392333984,52.511600494384766
2009-03-11,11.549099922180176,4.364292144775391,5.650008201599121,16.402429580688477,11.92121410369873,6.204843521118164,52.85358810424805
2009-03-12,11.895624160766602,4.8137311935424805,5.812114715576172,17.205602645874023,12.307147979736328,6.285777568817139,54.934547424316406
2009-03-13,11.787683486938477,4.843298435211182,5.812114715576172,17.780357360839844,12.328594207763672,6.372109413146973,55.363826751708984
2009-03-16,11.938232421875,4.748679161071777,5.760714530944824,17.588768005371094,12.464385986328125,6.5447611808776855,55.196495056152344
2009-03-17,12.350093841552734,5.056191444396973,5.970266342163086,17.86141586303711,12.82888412475586,6.64727783203125,56.88454818725586
2009-03-18,12.475069999694824,5.564766883850098,6.053296089172363,17.890884399414062,13.071882247924805,6.863096237182617,58.157859802246094
2009-03-19,12.776155471801758,5.121240615844727,6.069113254547119,17.456138610839844,12.943236351013184,6.96291446685791,57.43753433227539
2009-03-20,12.276520729064941,4.8620147705078125,5.9765238761901855,17.460586547851562,12.54852294921875,6.914364337921143,56.214447021484375
2009-03-23,13.287198066711426,5.662392616271973,6.330189228057861,18.098209381103516,13.457732200622559,7.18166446685791,60.25227355957031
2009-03-24,13.035958290100098,5.387635707855225,6.226872444152832,17.86095428466797,13.349494934082031,7.0261921882629395,59.065086364746094
2009-03-25,12.97314453125,5.566824913024902,6.262634754180908,17.979581832885742,13.457732200622559,7.023468971252441,59.68800735473633
2009-03-26,13.084493637084961,5.632530212402344,6.425558567047119,18.17976951599121,14.179323196411133,7.108020782470703,60.90446853637695
2009-03-27,12.696212768554688,5.459311485290527,6.286477088928223,17.98700523376465,13.912335395812988,7.037103176116943,59.805267333984375
2009-03-30,12.225137710571289,4.9874444007873535,6.091762542724609,17.883197784423828,13.219603538513184,6.897997856140137,57.738712310791016
2009-03-31,12.122353553771973,5.262202262878418,6.20700216293335,17.949934005737305,13.298983573913574,6.968913555145264,58.2736701965332
2009-04-01,12.379305839538574,5.411527633666992,6.3818464279174805,17.942506790161133,13.594834327697754,6.996189594268799,59.40221405029297
2009-04-02,12.887495040893555,5.560853481292725,6.54874324798584,18.016658782958984,14.323639869689941,7.0861992835998535,61.13899230957031
2009-04-03,13.1387357711792,5.787826061248779,6.640140533447266,17.720081329345703,14.3380765914917,7.132565498352051,61.74723434448242
2009-04-06,12.87321949005127,5.632530212402344,6.572587490081787,17.8906192779541,14.374156951904297,7.072564601898193,61.263572692871094
2009-04-07,12.487796783447266,5.465282917022705,6.3897929191589355,17.6904239654541,13.962847709655762,7.039828300476074,59.83457946777344
2009-04-08,12.647680282592773,5.495151519775391,6.485165119171143,17.809053421020508,14.085517883300781,7.108020782470703,60.47944641113281
2009-04-09,13.018823623657227,6.349287986755371,6.64808988571167,17.8906192779541,14.778247833251953,7.110747814178467,62.883060455322266
2009-04-13,12.87607479095459,6.618071556091309,6.64808988571167,18.031482696533203,14.821544647216797,7.018009662628174,62.89773178100586
2009-04-14,12.841819763183594,6.18204402923584,6.576561450958252,17.949934005737305,14.60506534576416,6.928003787994385,61.81319046020508
2009-04-15,12.858946800231934,6.4806928634643555,6.556692123413086,18.053726196289062,14.742173194885254,6.993460655212402,62.47274398803711
2009-04-16,12.918899536132812,6.5523681640625,6.751407146453857,18.13528060913086,15.240068435668945,7.04256010055542,63.388771057128906
2009-04-17,13.070218086242676,6.635991096496582,6.7394819259643555,18.34288215637207,15.232855796813965,7.031647205352783,63.81377410888672
2009-04-20,12.436408042907715,5.895339012145996,6.524904251098633,17.98700523376465,14.561773300170898,6.952548980712891,61.13899230957031
2009-04-21,12.681939125061035,6.331366062164307,6.636168956756592,17.816469192504883,14.915355682373047,6.9770965576171875,62.3334846496582
2009-04-22,12.547748565673828,6.10439395904541,6.6679558753967285,17.62369728088379,15.146265983581543,6.903451442718506,61.95240783691406
2009-04-23,12.7818603515625,6.391096115112305,6.699747085571289,17.63852882385254,15.31223201751709,6.928003787994385,62.560665130615234
2009-04-24,13.153011322021484,6.53444766998291,6.795118808746338,17.61628532409668,15.629735946655273,6.917091369628906,63.5059814453125
2009-04-27,12.904627799987793,6.426939487457275,6.763326168060303,17.809053421020508,15.319439888000488,6.966186046600342,62.90507125854492
2009-04-28,12.933177947998047,6.2298264503479,6.759352207183838,17.87578773498535,15.139045715332031,6.993460655212402,62.707210540771484
2009-04-29,13.290050506591797,6.498613357543945,6.834856986999512,17.942506790161133,15.644161224365234,7.045287132263184,64.04096984863281
2009-04-30,13.070218086242676,6.409016132354736,6.854724884033203,17.927682876586914,15.701887130737305,7.050741195678711,64.06291198730469
2009-05-01,13.49276351928711,6.361232757568359,6.946118354797363,17.89802360534668,15.87507438659668,7.23621940612793,64.40734100341797
2009-05-04,14.032357215881348,7.006312370300293,7.073280334472656,18.194599151611328,16.394622802734375,7.3453168869018555,66.59850311279297
2009-05-05,13.8439302444458,6.904773712158203,7.029569149017334,18.40219497680664,16.445133209228516,7.33167839050293,66.37132263183594
2009-05-06,14.380667686462402,7.454288482666016,7.069309234619141,18.290977478027344,16.704904556274414,7.288039207458496,67.52180480957031
2009-05-07,14.195085525512695,7.239264011383057,6.799091815948486,18.661701202392578,16.365747451782227,7.326222896575928,66.5838394165039
2009-05-08,14.800347328186035,7.776830196380615,6.791144371032715,18.97308921813965,16.964677810668945,7.432599067687988,68.13744354248047
2009-05-11,14.349259376525879,7.322883605957031,6.8110127449035645,18.646865844726562,16.45956802368164,7.399869918823242,66.86225128173828
2009-05-12,14.440622329711914,7.167585849761963,6.775247097015381,18.950841903686523,16.27916717529297,7.451692581176758,66.66442108154297
2009-05-13,13.963831901550293,6.8032331466674805,6.604376316070557,18.906362533569336,15.608086585998535,7.252579689025879,64.98628997802734
2009-05-14,14.003803253173828,7.030204772949219,6.675904273986816,18.92860984802246,15.723535537719727,7.24712610244751,65.54320526123047
2009-05-15,13.70402717590332,6.886855602264404,6.675904273986816,18.78032112121582,15.730751991271973,7.075287342071533,65.00826263427734
2009-05-18,14.17795467376709,7.340803146362305,6.858697414398193,18.965673446655273,16.30802345275879,7.075287342071533,66.85496520996094
2009-05-19,14.246482849121094,7.191475868225098,6.898434638977051,18.824804306030273,16.185348510742188,7.203484535217285,66.77438354492188
2009-05-20,14.295013427734375,7.0003437995910645,6.826906204223633,18.89894676208496,16.199787139892578,7.072564601898193,66.32733917236328
2009-05-21,13.872479438781738,7.012287139892578,6.707695007324219,18.72842025756836,15.709104537963867,6.988009452819824,65.37466430664062
2009-05-22,13.878186225891113,6.964503765106201,6.73153829574585,18.75067138671875,15.651374816894531,7.045287132263184,65.23546600341797
2009-05-26,14.17225170135498,7.191475868225098,6.906383037567139,18.92119789123535,16.2214412689209,7.249852657318115,66.90628051757812
2009-05-27,14.018080711364746,6.976451873779297,6.838829040527344,18.72842025756836,15.694672584533691,7.102560997009277,65.71179962158203
2009-05-28,14.48344612121582,7.173556327819824,6.938173294067383,18.824804306030273,15.846206665039062,7.249852657318115,66.6277847290039
2009-05-29,14.754672050476074,7.304964065551758,7.013672828674316,19.15103530883789,16.228660583496094,7.301676273345947,67.80766296386719
2009-06-01,15.297118186950684,7.382618427276611,7.2123613357543945,19.277070999145508,16.97911262512207,7.5362467765808105,69.44913482666016
2009-06-02,15.257149696350098,7.26315450668335,7.196464538574219,19.395700454711914,17.007978439331055,7.4462385177612305,69.50775909423828
2009-06-03,14.669022560119629,7.167585849761963,7.116990566253662,19.35122299194336,16.676042556762695,7.320770263671875,68.6283950805664
2009-06-04,15.000204086303711,7.424423694610596,7.216336250305176,19.084300994873047,16.97911262512207,7.388957977294922,69.27324676513672
2009-06-05,14.877436637878418,7.358722686767578,7.287864685058594,19.12138557434082,17.123428344726562,7.397139549255371,69.28793334960938
2009-06-08,14.843175888061523,7.412481784820557,7.244150638580322,18.91377830505371,17.166730880737305,7.350769519805908,69.00210571289062
2009-06-09,14.988776206970215,7.466237545013428,7.275938987731934,18.817394256591797,17.130643844604492,7.33167839050293,69.3538589477539
2009-06-10,15.122964859008789,7.352747917175293,7.295811653137207,18.73583984375,17.02240562438965,7.4462385177612305,69.177978515625
2009-06-11,15.425594329833984,7.412481784820557,7.323625087738037,18.93602180480957,16.99354362487793,7.590794086456299,69.48579406738281
2009-06-12,15.27713394165039,7.460260391235352,7.303757190704346,19.002748489379883,17.02240562438965,7.686262607574463,69.67637634277344
2009-06-15,14.871723175048828,7.269124984741211,7.228255748748779,18.417030334472656,16.502870559692383,7.5307936668396,68.07876586914062
2009-06-16,14.554821014404297,7.143692970275879,7.1368584632873535,18.491172790527344,16.199787139892578,7.478968620300293,67.1554183959961
2009-06-17,14.317848205566406,6.934638977050781,7.176601886749268,18.91377830505371,16.077116012573242,7.500787734985352,67.08946228027344
2009-06-18,14.26361083984375,7.101881980895996,7.1448073387146,19.277070999145508,16.091562271118164,7.669898509979248,67.5804443359375
2009-06-19,14.121277809143066,7.228564739227295,7.233024597167969,19.433561325073242,16.126415252685547,7.5780348777771,67.82955169677734
2009-06-22,13.415356636047363,6.808298110961914,7.053397178649902,19.08333969116211,15.588866233825684,7.555964469909668,65.79551696777344
2009-06-23,13.495704650878906,6.886345863342285,7.057389259338379,19.023731231689453,15.443589210510254,7.489756107330322,65.84712219238281
2009-06-24,13.550228118896484,6.970401287078857,7.157182693481445,19.1205997467041,15.54528522491455,7.55320405960083,66.41460418701172
2009-06-25,13.834319114685059,7.120497703552246,7.260963439941406,19.649654388427734,16.024721145629883,7.6801018714904785,67.85904693603516
2009-06-26,13.742488861083984,7.156518936157227,7.248993396759033,19.649654388427734,15.959341049194336,7.652514457702637,67.68218231201172
2009-06-29,13.871623039245605,7.246575832366943,7.324835300445557,19.76888084411621,16.11915397644043,7.751830101013184,68.31593322753906
2009-06-30,13.788408279418945,7.174531936645508,7.268946647644043,19.60494041442871,15.95207691192627,7.693897247314453,67.76321411132812
2009-07-01,13.799882888793945,7.13250207901001,7.300884246826172,19.657108306884766,16.0174560546875,7.793213367462158,68.04324340820312
2009-07-02,13.246047019958496,6.886345863342285,7.117263317108154,19.187664031982422,15.516231536865234,7.569760799407959,66.18614959716797
2009-07-06,13.11118221282959,6.892351150512695,7.097305774688721,19.33669090270996,15.523488998413086,7.613893508911133,66.17876434326172
2009-07-07,12.775442123413086,6.784284591674805,6.921668529510498,19.262182235717773,14.993206977844238,7.462169170379639,64.89647674560547
2009-07-08,12.778306007385254,6.670208930969238,6.925661087036133,19.441017150878906,14.935098648071289,7.429067134857178,64.85225677490234
2009-07-09,12.910313606262207,6.754263877868652,6.969571113586426,19.195106506347656,15.0731201171875,7.431824684143066,64.9775390625
2009-07-10,12.818477630615234,6.664207458496094,6.99751615524292,19.105693817138672,15.051329612731934,7.423548698425293,64.8227767944336
2009-07-13,13.0136137008667,7.090475559234619,7.129238605499268,19.441017150878906,15.436331748962402,7.55320405960083,66.39984130859375
2009-07-14,13.188658714294434,7.060457229614258,7.137223720550537,19.530431747436523,15.661511421203613,7.611138343811035,66.77570343017578
2009-07-15,13.656402587890625,7.360647678375244,7.404668807983398,19.701820373535156,16.14820671081543,7.7628655433654785,68.7286148071289
2009-07-16,13.822844505310059,7.336632251739502,7.51244592666626,19.828489303588867,16.446046829223633,7.765622615814209,68.61808776855469
2009-07-17,13.903190612792969,7.288603782653809,7.584295749664307,19.76888084411621,16.25717544555664,7.729763031005859,69.36981201171875
2009-07-20,14.14136028289795,7.348639488220215,7.652158737182617,19.813587188720703,16.584068298339844,7.787689208984375,70.10675811767578
2009-07-21,14.26475715637207,7.282596111297607,7.6960649490356445,20.104202270507812,16.591323852539062,7.864933967590332,70.43102264404297
2009-07-22,14.135628700256348,7.288603782653809,7.739974021911621,20.029680252075195,16.642173767089844,7.823553085327148,70.41627502441406
2009-07-23,14.537369728088379,7.4987335205078125,7.891663074493408,20.43206787109375,16.990854263305664,8.027695655822754,71.97126007080078
2009-07-24,14.689456939697266,7.456707000732422,7.843761444091797,20.789731979370117,17.005382537841797,8.15459156036377,72.26604461669922
2009-07-27,14.738239288330078,7.576783180236816,7.843761444091797,20.774839401245117,17.09981918334961,8.135283470153809,72.47976684570312
2009-07-28,14.523022651672363,7.558772087097168,7.8597283363342285,20.916410446166992,17.085283279418945,8.002867698669434,72.1407470703125
2009-07-29,14.187274932861328,7.558772087097168,7.851747989654541,20.901512145996094,17.005382537841797,7.964247226715088,71.96388244628906
2009-07-30,14.38528060913086,7.732881546020508,7.891663074493408,20.931310653686523,17.28142547607422,8.085627555847168,72.71559143066406
2009-07-31,14.525895118713379,7.810930252075195,7.863720893859863,20.767383575439453,17.346792221069336,7.983558654785156,72.8187484741211
2009-08-03,14.898942947387695,8.00905704498291,7.971493244171143,20.894062042236328,17.724533081054688,8.063553810119629,74.01998901367188
2009-08-04,14.87311840057373,8.171159744262695,7.947545528411865,20.946224212646484,17.85529136657715,7.944934844970703,74.21162414550781
2009-08-05,14.72389030456543,8.453340530395508,7.8756937980651855,20.648155212402344,17.71000099182129,7.889761447906494,73.99788665771484
2009-08-06,14.603368759155273,8.393298149108887,7.819811820983887,20.49913215637207,17.8044376373291,7.9035539627075195,73.61468505859375
2009-08-07,14.586153030395508,8.615436553955078,7.899644374847412,20.588542938232422,18.247549057006836,7.9780378341674805,74.580078125
2009-08-10,14.649286270141602,8.579416275024414,7.863720893859863,20.752473831176758,18.073213577270508,7.99459171295166,74.4253158569336
2009-08-11,14.436933517456055,8.261216163635254,7.751950263977051,20.72267723083496,17.83349609375,8.000109672546387,73.49673461914062
2009-08-12,14.591891288757324,8.429322242736816,7.907626628875732,20.83445167541504,18.145854949951172,8.038728713989258,74.28533172607422
2009-08-13,14.769805908203125,8.603431701660156,7.943553447723389,20.812095642089844,18.225759506225586,8.011140823364258,74.85276794433594
2009-08-14,14.551719665527344,8.549400329589844,7.867712497711182,20.812095642089844,17.964248657226562,8.011140823364258,74.2779312133789
2009-08-17,14.081099510192871,8.189170837402344,7.680096626281738,20.73012924194336,17.43396759033203,7.900796413421631,72.45027923583984
2009-08-18,14.221710205078125,8.357276916503906,7.795865058898926,20.71521759033203,17.64462661743164,7.917351245880127,73.02509307861328
2009-08-19,14.4857177734375,8.35127067565918,7.815817832946777,21.005834579467773,17.695478439331055,7.975281715393066,73.66622924804688
2009-08-20,14.609110832214355,8.567407608032227,7.9036407470703125,21.154863357543945,17.91339874267578,8.041487693786621,74.4253158569336
2009-08-21,15.022324562072754,8.735513687133789,8.019396781921387,21.37095069885254,18.378307342529297,8.19873332977295,75.88449096679688
2009-08-24,15.214590072631836,8.669473648071289,7.995443344116211,21.519981384277344,18.414627075195312,8.2125244140625,75.87715148925781
2009-08-25,14.982151985168457,8.777543067932129,8.015408515930176,21.519981384277344,18.51632308959961,8.160106658935547,76.02450561523438
2009-08-26,15.051023483276367,8.753527641296387,8.051329612731934,21.527442932128906,18.327455520629883,8.151833534240723,76.03190612792969
2009-08-27,15.005117416381836,8.843585014343262,8.067296028137207,21.519981384277344,18.494525909423828,8.151833534240723,76.20137023925781
2009-08-28,14.973551750183105,8.855588912963867,8.095242500305176,21.363506317138672,18.39283561706543,8.132526397705078,76.1866455078125
2009-08-31,14.683714866638184,8.825570106506348,7.991457939147949,21.326242446899414,18.17491340637207,8.063553810119629,75.50862884521484
2009-09-01,14.428323745727539,8.35127067565918,7.827794551849365,20.983476638793945,17.86981964111328,8.000109672546387,73.84312438964844
2009-09-02,14.322149276733398,8.279228210449219,7.843761444091797,21.028188705444336,17.797182083129883,7.944934844970703,73.56309509277344
2009-09-03,14.422584533691406,8.441327095031738,7.8796844482421875,20.931310653686523,18.029626846313477,7.939416408538818,74.17474365234375
2009-09-04,14.623455047607422,8.537389755249023,8.019396781921387,21.229373931884766,18.38556480407715,7.9780378341674805,75.21385955810547
2009-09-08,15.025201797485352,8.573410034179688,8.07927131652832,21.13251304626465,18.545377731323242,7.997347354888916,75.8624267578125
2009-09-09,15.059633255004883,8.70549488067627,8.13914966583252,21.37841033935547,18.857728958129883,7.986315727233887,76.444580078125
2009-09-10,15.320772171020508,8.777543067932129,8.2509183883667,21.542346954345703,19.01755714416504,7.986315727233887,77.22575378417969
2009-09-11,15.381028175354004,8.723509788513184,8.258899688720703,21.54979705810547,19.141036987304688,7.983558654785156,77.21102142333984
2009-09-14,15.49581241607666,8.837576866149902,8.230956077575684,21.63175392150879,19.322647094726562,8.099418640136719,77.58685302734375
2009-09-15,15.650769233703613,8.855588912963867,8.286843299865723,21.438018798828125,19.55510139465332,8.160106658935547,77.9111557006836
2009-09-16,16.038169860839844,9.161782264709473,8.350706100463867,21.63175392150879,19.802082061767578,8.28976821899414,79.09028625488281
2009-09-17,15.960686683654785,9.131763458251953,8.318777084350586,21.616849899291992,19.838403701782227,8.234594345092773,78.97235107421875
2009-09-18,15.904769897460938,9.117912292480469,8.369659423828125,21.524795532226562,19.724475860595703,8.272220611572266,79.02265930175781
2009-09-21,15.769303321838379,9.033596992492676,8.333603858947754,21.73435401916504,19.607637405395508,8.233199119567871,78.8227767944336
2009-09-22,16.017181396484375,9.238364219665527,8.377674102783203,21.66699981689453,19.84132194519043,8.210902214050293,79.28184509277344
2009-09-23,15.68282699584961,9.05167007446289,8.377674102783203,21.360137939453125,19.67336082458496,8.183032035827637,78.62286376953125
2009-09-24,15.458003044128418,8.870994567871094,8.297541618347168,21.337688446044922,19.352046966552734,8.160737037658691,77.75647735595703
2009-09-25,15.437836647033691,8.78668212890625,8.24545669555664,21.352663040161133,19.081844329833984,8.13843822479248,77.3418197631836
2009-09-28,15.685714721679688,9.081781387329102,8.38167953491211,21.58466911315918,19.47618865966797,8.20811653137207,78.72650146484375
2009-09-29,15.642470359802246,9.039621353149414,8.337608337402344,21.61460304260254,19.432373046875,8.224839210510254,78.48956298828125
2009-09-30,15.541598320007324,8.997466087341309,8.36164665222168,21.457441329956055,19.235198974609375,8.174671173095703,78.18597412109375
2009-10-01,15.057360649108887,8.599985122680664,8.113243103027344,21.150588989257812,18.75322723388672,8.035313606262207,76.24593353271484
2009-10-02,14.979534149169922,8.606009483337402,8.113243103027344,21.068256378173828,18.512239456176758,7.948913097381592,75.8905258178711
2009-10-05,15.311006546020508,8.877017974853516,8.181355476379395,21.202978134155273,18.8919734954834,8.035313606262207,77.0234603881836
2009-10-06,15.67418098449707,8.99144172668457,8.329591751098633,21.375110626220703,19.07453727722168,8.096630096435547,78.12675476074219
2009-10-07,15.79523754119873,9.08780288696289,8.313568115234375,21.390079498291016,19.001516342163086,8.102204322814941,78.34147644042969
2009-10-08,16.201650619506836,9.099849700927734,8.365657806396484,21.41252899169922,19.337438583374023,8.102204322814941,78.94125366210938
2009-10-09,16.18722915649414,9.17813777923584,8.42174243927002,21.61460304260254,19.388559341430664,8.152371406555176,79.42254638671875
2009-10-12,16.406291961669922,9.250405311584473,8.425747871398926,21.719390869140625,19.352046966552734,8.23598861694336,79.73355102539062
2009-10-13,16.432233810424805,9.16006851196289,8.457804679870605,21.50983238220215,19.366655349731445,8.177459716796875,79.57064819335938
2009-10-14,16.70606231689453,9.473237991333008,8.557962417602539,21.839141845703125,19.9289608001709,8.183032035827637,80.94049072265625
2009-10-15,17.05482292175293,9.388923645019531,8.541942596435547,21.89900779724121,19.899738311767578,8.247135162353516,81.23667907714844
2009-10-16,17.002941131591797,9.166092872619629,8.461812973022461,21.884042739868164,19.760997772216797,8.275004386901855,80.62947845458984
2009-10-19,17.224885940551758,9.208242416381836,8.553958892822266,22.071147918701172,19.972774505615234,8.392068862915039,81.29595184326172
2009-10-20,17.115352630615234,9.135981559753418,8.525910377502441,21.861591339111328,19.83401870727539,8.308456420898438,80.86646270751953
2009-10-21,17.069236755371094,8.961332321166992,8.52992057800293,21.57718849182129,19.695274353027344,8.319602012634277,80.14081573486328
2009-10-22,17.135534286499023,9.226314544677734,8.569991111755371,21.71190071105957,19.83401870727539,8.339110374450684,80.95533752441406
2009-10-23,16.804059982299805,9.09382438659668,8.54594612121582,21.487377166748047,19.483491897583008,8.202540397644043,80.02972412109375
2009-10-26,16.52735710144043,8.858951568603516,8.48985767364502,21.255359649658203,19.33013916015625,8.093840599060059,79.16339874267578
2009-10-27,16.674354553222656,8.792704582214355,8.445783615112305,21.345182418823242,19.067241668701172,8.074332237243652,78.80055236816406
2009-10-28,16.123823165893555,8.521692276000977,8.321577072143555,21.128135681152344,18.672901153564453,7.993505001068115,77.31221008300781
2009-10-29,16.55330467224121,8.877017974853516,8.481842041015625,21.315244674682617,19.118366241455078,8.063186645507812,78.97087097167969
2009-10-30,15.924944877624512,8.461471557617188,8.257476806640625,21.008386611938477,18.468425750732422,7.9126811027526855,76.6828384399414
2009-11-02,16.025827407836914,8.53374195098877,8.305554389953613,21.098188400268555,18.680208206176758,7.898745059967041,77.24554443359375
2009-11-03,16.23335838317871,8.557829856872559,8.2735013961792,21.10568618774414,19.001516342163086,7.882019996643066,77.48993682861328
2009-11-04,16.218942642211914,8.437381744384766,8.321577072143555,21.375110626220703,18.96500587463379,7.9349775314331055,77.68982696533203
2009-11-05,16.495651245117188,8.654186248779297,8.501876831054688,21.72687530517578,19.45429229736328,8.068760871887207,79.11896514892578
2009-11-06,16.452415466308594,8.618051528930664,8.513895034790039,21.824174880981445,19.629539489746094,8.060397148132324,79.32630157470703
2009-11-09,16.766590118408203,8.925193786621094,8.71021842956543,22.190900802612305,20.12612533569336,8.205327033996582,81.13302612304688
2009-11-10,16.778118133544922,8.8950834274292,8.706208229064941,22.34058380126953,20.009281158447266,8.244345664978027,81.1478500366211
2009-11-11,16.77235984802246,9.015532493591309,8.75829029083252,22.370525360107422,20.16263771057129,8.224839210510254,81.56249237060547
2009-11-12,16.403423309326172,8.84689998626709,8.69418716430664,22.243282318115234,19.9289608001709,8.110567092895508,80.73321533203125
2009-11-13,16.507177352905273,8.828836441040039,8.77431869506836,22.288198471069336,20.08230209350586,8.183032035827637,81.1700668334961
2009-11-16,16.939531326293945,8.925193786621094,8.870478630065918,22.512720108032227,20.542375564575195,8.29730224609375,82.34739685058594
2009-11-17,16.91070556640625,8.949285507202148,8.910543441772461,22.572589874267578,20.505868911743164,8.252713203430176,82.44367980957031
2009-11-18,16.844409942626953,9.02155590057373,8.86246395111084,22.69983673095703,20.39632797241211,8.21647834777832,82.39180755615234
2009-11-19,16.46682357788086,8.84689998626709,8.73425006866455,22.58756446838379,20.08961296081543,8.116141319274902,81.31816864013672
2009-11-20,16.314058303833008,8.792704582214355,8.690180778503418,22.74472999572754,20.053102493286133,8.152371406555176,81.02935791015625
2009-11-23,16.524473190307617,8.919175148010254,8.842432975769043,22.95429801940918,20.418230056762695,8.255498886108398,82.05860900878906
2009-11-24,16.619585037231445,8.85293197631836,8.82640266418457,23.13391876220703,20.25027084350586,8.272220611572266,82.18448638916016
2009-11-25,16.749298095703125,8.834861755371094,8.842432975769043,23.276124954223633,20.418230056762695,8.366982460021973,82.47329711914062
2009-11-27,16.435123443603516,8.599985122680664,8.698193550109863,23.044099807739258,20.023887634277344,8.224839210510254,81.13302612304688
2009-11-30,16.377471923828125,8.828836441040039,8.71422290802002,22.961774826049805,20.08961296081543,8.294517517089844,81.4070053100586
2009-12-01,16.593650817871094,8.834861755371094,8.854454040527344,23.36593246459961,20.418230056762695,8.450596809387207,82.41405487060547
2009-12-02,16.495651245117188,8.828836441040039,8.842432975769043,23.313547134399414,20.359813690185547,8.56486988067627,82.37700653076172
2009-12-03,16.230472564697266,8.648165702819824,8.846440315246582,23.201276779174805,20.264877319335938,8.592741012573242,81.73280334472656
2009-12-04,16.11229705810547,8.810773849487305,8.9025297164917,23.186315536499023,20.571592330932617,8.539783477783203,82.19929504394531
2009-12-07,16.074827194213867,8.66623306274414,8.886507034301758,23.156370162963867,20.49855613708496,8.61503791809082,82.07343292236328
2009-12-08,15.80100154876709,8.587944030761719,8.80637264251709,22.97674560546875,20.184551239013672,8.578804969787598,81.16265106201172
2009-12-09,15.80100154876709,8.618051528930664,8.890510559082031,23.171342849731445,20.27948570251465,8.609464645385742,81.46627044677734
2009-12-10,15.997004508972168,8.606009483337402,8.930574417114258,23.41083335876465,20.36711311340332,8.718160629272461,81.92535400390625
2009-12-11,16.005647659301758,8.66623306274414,8.910543441772461,23.41083335876465,20.571592330932617,8.868668556213379,82.27332305908203
2009-12-14,16.169946670532227,8.714412689208984,8.982662200927734,23.62787437438965,20.849092483520508,8.910472869873047,82.83609771728516
2009-12-15,16.221824645996094,8.575897216796875,8.926568031311035,23.635358810424805,20.79066276550293,8.854729652404785,82.45106506347656
2009-12-16,16.325593948364258,8.63010025024414,8.954620361328125,23.515625,20.703039169311523,8.815711975097656,82.57691192626953
2009-12-17,16.18722915649414,8.467493057250977,8.846440315246582,23.29857063293457,20.47664451599121,8.765543937683105,81.58472442626953
2009-12-18,16.27244758605957,8.595641136169434,8.978730201721191,23.427263259887695,20.470043182373047,8.841408729553223,82.0462875366211
2009-12-21,16.466609954833984,8.72258186340332,9.059142112731934,23.6455020904541,20.624391555786133,8.866788864135742,82.88005828857422
2009-12-22,16.54485511779785,8.740716934204102,9.131519317626953,23.75086784362793,20.646446228027344,8.793464660644531,83.17786407470703
2009-12-23,16.675262451171875,8.704448699951172,9.16771125793457,23.67560386657715,20.683191299438477,8.813204765319824,83.34162139892578
2009-12-24,16.753520965576172,8.78303050994873,9.252148628234863,23.67560386657715,20.764041900634766,8.878072738647461,83.7362060546875
2009-12-28,16.782495498657227,8.752803802490234,9.280295372009277,23.79601287841797,20.72730255126953,8.883707046508789,83.91487121582031
2009-12-29,16.6723690032959,8.716538429260254,9.26823616027832,23.765913009643555,20.786102294921875,8.878072738647461,83.7957534790039
2009-12-30,16.654985427856445,8.72258186340332,9.300406455993652,23.698179244995117,20.683191299438477,8.875248908996582,83.76595306396484
2009-12-31,16.52166748046875,8.704448699951172,9.21998405456543,23.382104873657227,20.42594337463379,8.74834156036377,82.96195983886719
2010-01-04,17.043319702148438,8.879740715026855,9.356691360473633,23.788494110107422,20.815494537353516,8.765260696411133,84.36898040771484
2010-01-05,17.182418823242188,9.042954444885254,9.34462833404541,23.555198669433594,20.888996124267578,8.660914421081543,84.59232330322266
2010-01-06,17.388181686401367,9.061090469360352,9.240084648132324,23.79601287841797,20.93309783935547,8.711678504943848,84.65184783935547
2010-01-07,17.362102508544922,9.25451946258545,9.203898429870605,23.87879753112793,21.160947799682617,8.672195434570312,85.00920104980469
2010-01-08,17.475130081176758,9.200117111206055,9.264212608337402,23.916433334350586,21.499055862426758,8.663732528686523,85.2921142578125
2010-01-11,17.451940536499023,9.20616626739502,9.228020668029785,24.051883697509766,21.7342586517334,8.75398063659668,85.41120910644531
2010-01-12,17.199817657470703,9.073177337646484,9.127504348754883,23.87879753112793,21.55784797668457,8.717317581176758,84.61463165283203
2010-01-13,17.263568878173828,9.17594051361084,9.215962409973145,24.194875717163086,21.64604949951172,8.813204765319824,85.32933044433594
2010-01-14,17.31283187866211,9.218250274658203,9.240084648132324,24.413116455078125,21.64604949951172,8.773720741271973,85.56008911132812
2010-01-15,17.17372703552246,9.030864715576172,9.111419677734375,24.24755096435547,21.366750717163086,8.717317581176758,84.59976959228516
2010-01-19,17.330219268798828,9.14571762084961,9.26823616027832,24.834550857543945,21.601961135864258,8.81884479522705,85.6568832397461
2010-01-20,17.060707092285156,9.121539115905762,9.119461059570312,24.62384033203125,21.27120590209961,8.725778579711914,84.78585052490234
2010-01-21,16.71294403076172,8.86160945892334,9.022957801818848,24.089515686035156,20.778745651245117,8.598869323730469,83.155517578125
2010-01-22,16.315916061401367,8.571460723876953,8.70932388305664,23.82611656188965,20.462692260742188,8.40991497039795,81.30182647705078
2010-01-25,16.42313575744629,8.61982250213623,8.78170394897461,23.82611656188965,20.594989776611328,8.466317176818848,81.71871185302734
2010-01-26,16.31881332397461,8.468703269958496,8.757574081420898,23.690654754638672,20.506784439086914,8.500161170959473,81.37628936767578
2010-01-27,16.25505828857422,8.674225807189941,8.82995319366455,23.856220245361328,20.565593719482422,8.443757057189941,81.7634048461914
2010-01-28,16.084060668945312,8.631911277770996,8.576634407043457,23.70570945739746,20.330385208129883,8.378889083862305,80.82534790039062
2010-01-29,15.794267654418945,8.571460723876953,8.427858352661133,23.540143966674805,20.124588012695312,8.328125953674316,79.9469223022461
2010-02-01,16.315916061401367,8.716538429260254,8.52436351776123,23.67560386657715,20.42594337463379,8.38171100616455,81.19015502929688
2010-02-02,16.530364990234375,8.801168441772461,8.608799934387207,24.16477394104004,20.815494537353516,8.4493989944458,82.17281341552734
2010-02-03,16.38836097717285,8.704448699951172,8.62890625,23.84117317199707,20.69053840637207,8.39017391204834,81.7634048461914
2010-02-04,15.716017723083496,8.329673767089844,8.387650489807129,23.239120483398438,20.080482482910156,8.17019271850586,79.23966217041016
2010-02-05,15.718918800354004,8.426389694213867,8.472091674804688,23.201496124267578,19.992279052734375,8.156091690063477,79.40348052978516
2010-02-08,15.574017524719238,8.257135391235352,8.435900688171387,23.088607788085938,19.771780014038086,8.063026428222656,78.83023834228516
2010-02-09,15.901485443115234,8.341765403747559,8.50827693939209,23.269222259521484,20.153982162475586,8.144810676574707,79.82036590576172
2010-02-10,15.83484172821045,8.408257484436035,8.48415470123291,23.126232147216797,20.124588012695312,8.108147621154785,79.66405487060547
2010-02-11,16.104352951049805,8.426389694213867,8.572612762451172,23.28428077697754,20.42594337463379,8.156091690063477,80.49779510498047
2010-02-12,16.110151290893555,8.432429313659668,8.58869743347168,23.231599807739258,20.264230728149414,8.125070571899414,80.43083953857422
2010-02-16,16.489797592163086,8.607730865478516,8.717364311218262,23.43479347229004,20.742000579833984,8.266079902648926,81.6964111328125
2010-02-17,16.466609954833984,8.637953758239746,8.741495132446289,23.615407943725586,20.918394088745117,8.2322416305542,82.08349609375
2010-02-18,16.559345245361328,8.692357063293457,8.797782897949219,23.728286743164062,21.1095027923584,8.277363777160645,82.56739807128906
2010-02-19,16.623104095458984,8.740716934204102,8.773658752441406,23.728286743164062,21.21240234375,8.39299201965332,82.73863220214844
2010-02-22,16.39415740966797,8.855567932128906,8.757574081420898,23.660558700561523,21.227088928222656,8.347867965698242,82.75352478027344
2010-02-23,16.121749877929688,8.692357063293457,8.64901065826416,23.43479347229004,20.955148696899414,8.291463851928711,81.74847412109375
2010-02-24,16.223167419433594,8.843480110168457,8.73344612121582,23.607873916625977,21.168296813964844,8.299922943115234,82.5003890991211
2010-02-25,16.23186492919922,8.819300651550293,8.70932388305664,23.6229248046875,21.116846084594727,8.283001899719238,82.38870239257812
2010-02-26,16.2695369720459,8.873703956604004,8.721389770507812,23.63045310974121,21.197704315185547,8.218137741088867,82.44083404541016
2010-03-01,16.420236587524414,8.897879600524902,8.83397388458252,23.856220245361328,21.477006912231445,8.336586952209473,83.29695892333984
2010-03-02,16.556447982788086,8.928105354309082,8.82190990447998,23.93900489807129,21.513751983642578,8.361967086791992,83.52772521972656
2010-03-03,16.628902435302734,8.934149742126465,8.825931549072266,23.84117317199707,21.54315185546875,8.347867965698242,83.60216522216797
2010-03-04,16.54195213317871,9.024821281433105,8.862122535705566,23.765913009643555,21.64604949951172,8.364790916442871,83.85530090332031
2010-03-05,16.852048873901367,9.200117111206055,8.970684051513672,24.097043991088867,21.97681427001953,8.4493989944458,85.05387115478516
2010-03-08,16.825963973999023,9.218250274658203,9.018939018249512,23.95406150817871,21.873910903930664,8.4493989944458,85.06877136230469
2010-03-09,16.825963973999023,9.2484712600708,9.059142112731934,23.93900489807129,22.05031394958496,8.438114166259766,85.210205078125
2010-03-10,16.97376251220703,9.351239204406738,9.119461059570312,23.95406150817871,22.09441375732422,8.44093132019043,85.58987426757812
2010-03-11,16.94478988647461,9.42982006072998,9.155646324157715,24.142194747924805,22.17525863647461,8.469138145446777,85.94722747802734
2010-03-12,16.953479766845703,9.393550872802734,9.147605895996094,23.961584091186523,22.32227325439453,8.41555404663086,85.95464324951172
2010-03-15,16.77959632873535,9.393550872802734,9.139561653137207,24.11961555480957,22.32227325439453,8.446576118469238,85.97700500488281
2010-03-16,16.93029022216797,9.508400917053223,9.207918167114258,24.187345504760742,22.623619079589844,8.545284271240234,86.66191101074219
2010-03-17,17.11576271057129,9.623250961303711,9.236066818237305,24.194875717163086,22.660369873046875,8.573486328125,87.17555236816406
2010-03-18,16.860748291015625,9.568846702575684,9.248132705688477,24.360429763793945,22.814727783203125,8.5339994430542,87.13089752197266
2010-03-19,16.658044815063477,9.50583553314209,9.192865371704102,24.35138511657715,22.7232666015625,8.524613380432129,86.68988037109375
2010-03-22,16.61441993713379,9.554309844970703,9.26144027709961,24.50994873046875,22.78964614868164,8.467704772949219,87.15331268310547
2010-03-23,16.678401947021484,9.63306999206543,9.350183486938477,24.63075065612793,23.04778289794922,8.501850128173828,87.76629638671875
2010-03-24,16.582429885864258,9.639127731323242,9.305813789367676,24.366477966308594,22.88552474975586,8.413644790649414,87.34019470214844
2010-03-25,16.303247451782227,9.681538581848145,9.321945190429688,24.2683162689209,22.870773315429688,8.35958480834961,87.19818878173828
2010-03-26,16.309059143066406,9.693653106689453,9.277576446533203,24.087093353271484,22.929779052734375,8.379500389099121,87.1458511352539
2010-03-29,16.626047134399414,9.705771446228027,9.305813789367676,24.34383201599121,23.136289596557617,8.481935501098633,87.69898986816406
2010-03-30,16.6522274017334,9.645185470581055,9.346148490905762,24.34383201599121,23.173166275024414,8.459169387817383,87.75881958007812
2010-03-31,16.72783851623535,9.663363456726074,9.317912101745605,24.260772705078125,23.040403366088867,8.439255714416504,87.45979309082031
2010-04-01,17.024471282958984,9.742121696472168,9.301778793334961,24.396686553955078,23.187904357910156,8.555914878845215,88.05784606933594
2010-04-05,17.326927185058594,9.839058876037598,9.410690307617188,24.328725814819336,23.357547760009766,8.607126235961914,88.77546691894531
2010-04-06,17.326927185058594,9.942056655883789,9.418752670288086,24.313627243041992,23.364917755126953,8.678260803222656,88.98474884033203
2010-04-07,17.15533447265625,9.905701637268066,9.382451057434082,24.207916259765625,23.232166290283203,8.592903137207031,88.47642517089844
2010-04-08,17.216411590576172,9.984465599060059,9.39858627319336,24.117300033569336,23.30591583251953,8.541685104370117,88.78292846679688
2010-04-09,17.399627685546875,10.020814895629883,9.471193313598633,24.223012924194336,23.43867301940918,8.60428237915039,89.36597442626953
2010-04-12,17.440340042114258,10.063226699829102,9.491363525390625,24.155054092407227,23.490304946899414,8.627044677734375,89.50799560546875
2010-04-13,17.379270553588867,10.069286346435547,9.519598960876465,24.177711486816406,23.52717399597168,8.581520080566406,89.5753173828125
2010-04-14,17.54503631591797,10.329797744750977,9.656744003295898,24.09465217590332,23.829561233520508,8.590058326721191,90.59194946289062
2010-04-15,17.542131423950195,10.287389755249023,9.701115608215332,24.026683807373047,24.058195114135742,8.587209701538086,90.66667938232422
2010-04-16,17.245492935180664,9.911759376525879,9.572041511535645,23.88322639465332,23.667308807373047,8.487624168395996,89.2239761352539
2010-04-19,17.268756866455078,10.00870132446289,9.592204093933105,24.07954978942871,23.623050689697266,8.4961576461792,89.56033325195312
2010-04-20,17.606111526489258,10.141986846923828,9.644648551940918,24.13239860534668,23.895938873291016,8.60428237915039,90.36019897460938
2010-04-21,17.58866310119629,10.081399917602539,9.664812088012695,23.709556579589844,24.058195114135742,8.612818717956543,90.19573211669922
2010-04-22,17.632286071777344,10.135926246643066,9.689013481140137,23.43773078918457,24.279447555541992,8.64127254486084,90.46480560302734
2010-04-23,18.056882858276367,10.166217803955078,9.71321964263916,23.671796798706055,24.42696762084961,8.709562301635742,91.05534362792969
2010-04-26,17.995803833007812,10.00870132446289,9.701115608215332,23.422626495361328,24.478591918945312,8.678260803222656,90.71154022216797
2010-04-27,17.443254470825195,9.669418334960938,9.511530876159668,23.15079116821289,23.888565063476562,8.530304908752441,88.56614685058594
2010-04-28,17.62066078186035,9.80876636505127,9.53976821899414,23.301820755004883,24.058195114135742,8.618508338928223,89.23890686035156
2010-04-29,17.64100456237793,10.032933235168457,9.636575698852539,23.618946075439453,24.603971481323242,8.627044677734375,90.34523010253906
2010-04-30,17.422895431518555,9.790592193603516,9.434890747070312,23.316913604736328,24.02132225036621,8.661189079284668,88.81278991699219
2010-05-03,17.62066078186035,9.978402137756348,9.56396484375,23.430179595947266,24.500715255737305,8.77215576171875,89.96403503417969
2010-05-04,17.14952278137207,9.705771446228027,9.289674758911133,23.294260025024414,23.726308822631836,8.621356010437012,87.84852600097656
2010-05-05,16.879060745239258,9.651243209838867,9.249341011047363,23.369770050048828,23.423919677734375,8.561602592468262,87.32524108886719
2010-05-06,16.303247451782227,9.245322227478027,8.9710111618042,22.74305534362793,22.649517059326172,8.325440406799316,84.42486572265625
2010-05-07,15.992066383361816,9.142328262329102,8.773362159729004,22.441022872924805,22.14800453186035,8.279915809631348,83.1690444946289
2010-05-10,16.675495147705078,9.651243209838867,9.176733016967773,23.04507827758789,23.416553497314453,8.535995483398438,86.83189392089844
2010-05-11,16.564983367919922,9.614893913269043,9.11622428894043,22.99977684020996,23.350168228149414,8.553065299987793,86.58519744873047
2010-05-12,16.79473114013672,9.723946571350098,9.354217529296875,23.188552856445312,23.86642837524414,8.624199867248535,87.79619598388672
2010-05-13,16.687124252319336,9.548248291015625,9.217069625854492,22.939376831054688,23.4976749420166,8.587209701538086,86.70480346679688
2010-05-14,16.355594635009766,9.299849510192871,9.039583206176758,22.629791259765625,23.003524780273438,8.51607608795166,85.13501739501953
2010-05-17,16.186918258666992,9.305908203125,9.083954811096191,22.629791259765625,22.94452476501465,8.524613380432129,85.17984771728516
2010-05-18,16.061864852905273,9.039334297180176,8.946808815002441,22.448577880859375,22.656888961791992,8.442096710205078,84.02120208740234
2010-05-19,15.878643035888672,9.051450729370117,8.878239631652832,22.395715713500977,22.369253158569336,8.356739044189453,83.54280853271484
2010-05-20,15.169052124023438,8.633411407470703,8.595873832702637,21.6934871673584,21.395719528198242,8.106348037719727,80.38829040527344
2010-05-21,15.433701515197754,8.9363374710083,8.660415649414062,21.746353149414062,21.69809913635254,8.143342018127441,81.56187438964844
2010-05-24,15.081811904907227,8.681879043579102,8.620075225830078,21.6934871673584,21.373586654663086,8.066514015197754,80.51536560058594
2010-05-25,15.116703987121582,8.760638236999512,8.595873832702637,21.602876663208008,21.358840942382812,8.023836135864258,80.5975570678711
2010-05-26,15.084711074829102,8.700055122375488,8.51116943359375,21.46697425842285,21.403085708618164,8.020990371704102,80.11170196533203
2010-05-27,15.724513053894043,9.093860626220703,8.801592826843262,21.9049072265625,22.125871658325195,8.174636840820312,82.7952880859375
2010-05-28,15.427876472473145,8.893930435180664,8.728987693786621,21.79920768737793,21.830854415893555,8.183175086975098,81.75625610351562
2010-06-01,14.695026397705078,8.706114768981934,8.644281387329102,21.557573318481445,21.344093322753906,7.992535591125488,80.38077545166016
2010-06-02,15.331910133361816,8.978743553161621,8.837896347045898,22.02573013305664,21.89723777770996,8.160409927368164,82.47383880615234
2010-06-03,15.5383939743042,8.930280685424805,8.926637649536133,22.154090881347656,22.000486373901367,8.245772361755371,82.75791931152344
2010-06-04,14.991660118103027,8.572823524475098,8.640244483947754,21.504724502563477,20.967960357666016,8.001073837280273,79.85006713867188
2010-06-07,14.860785484313965,8.403186798095703,8.515204429626465,21.474510192871094,20.429553985595703,8.049446105957031,78.85586547851562
2010-06-08,15.107982635498047,8.57888412475586,8.531335830688477,21.527366638183594,20.643436431884766,8.154719352722168,79.70057678222656
2010-06-09,14.950942993164062,8.488005638122559,8.486961364746094,21.429216384887695,20.643436431884766,8.109193801879883,79.27446746826172
2010-06-10,15.701251983642578,8.76669979095459,8.692681312561035,21.836959838867188,21.43996238708496,8.308366775512695,81.591796875
2010-06-11,15.797225952148438,8.79093074798584,8.769329071044922,22.018173217773438,21.513723373413086,8.314059257507324,81.98793029785156
2010-06-14,15.715789794921875,8.754581451416016,8.753191947937012,22.055927276611328,21.491596221923828,8.362431526184082,81.86091613769531
2010-06-15,16.1752872467041,8.960570335388184,8.983114242553711,22.433467864990234,22.1406192779541,8.524613380432129,83.72222900390625
2010-06-16,16.16365623474121,8.96662712097168,9.007317543029785,22.516529083251953,22.081621170043945,8.578675270080566,83.69230651855469
2010-06-17,16.146207809448242,8.954512596130371,9.039583206176758,22.54673194885254,22.14800453186035,8.64127254486084,83.82685852050781
2010-06-18,16.246112823486328,9.00368881225586,9.039186477661133,22.42606544494629,22.234710693359375,8.649036407470703,83.9177474975586
2010-06-21,16.2110595703125,8.991546630859375,8.974413871765137,22.38811492919922,22.271766662597656,8.588654518127441,83.67739868164062
2010-06-22,15.737785339355469,8.851910591125488,8.897500038146973,22.168033599853516,21.730716705322266,8.375874519348145,82.29540252685547
2010-06-23,15.618002891540527,8.809409141540527,8.881309509277344,22.07696533203125,21.649192810058594,8.301118850708008,82.0400619506836
2010-06-24,15.290806770324707,8.651556015014648,8.703194618225098,21.917583465576172,21.271209716796875,8.255111694335938,80.68060302734375
2010-06-25,15.33462905883789,8.888338088989258,8.695098876953125,22.01624298095703,21.43426513671875,8.292490005493164,81.01860046386719
2010-06-28,15.127202033996582,8.803337097167969,8.711291313171387,21.978302001953125,21.286029815673828,8.347123146057129,80.76323699951172
2010-06-29,14.627639770507812,8.487634658813477,8.387451171875,21.576082229614258,20.46333885192871,8.177478790283203,78.26964569091797
2010-06-30,14.513701438903809,8.384422302246094,8.257912635803223,21.40152359008789,20.32993507385254,8.125720977783203,77.52606964111328
2010-07-01,14.461116790771484,8.305495262145996,8.22553539276123,21.219383239746094,20.270648956298828,8.088346481323242,77.18059539794922
2010-07-02,14.426061630249023,8.208352088928223,8.213387489318848,21.272506713867188,20.01865577697754,8.096969604492188,76.76000213623047
2010-07-06,14.56628704071045,8.25692081451416,8.29434871673584,21.378747940063477,20.055709838867188,8.191853523254395,77.26324462890625
2010-07-07,15.080464363098145,8.621200561523438,8.561514854431152,21.796159744262695,20.752397537231445,8.44488525390625,79.69670104980469
2010-07-08,15.293726921081543,8.687987327575684,8.61413860321045,21.978302001953125,21.019216537475586,8.511017799377441,80.48533630371094
2010-07-09,15.372611045837402,8.809409141540527,8.658665657043457,22.03142738342285,21.226736068725586,8.568525314331055,81.08614349365234
2010-07-12,15.331708908081055,8.821554183959961,8.699149131774902,21.993480682373047,21.115564346313477,8.597278594970703,81.1387710571289
2010-07-13,15.515761375427246,9.040118217468262,8.824637413024902,22.160444259643555,21.48613739013672,8.626032829284668,82.36302185058594
2010-07-14,15.498220443725586,8.973336219787598,8.877262115478516,22.160444259643555,21.530607223510742,8.628907203674316,82.35552215576172
2010-07-15,15.480697631835938,8.955119132995605,8.905598640441895,22.228750228881836,21.523202896118164,8.686416625976562,82.37803649902344
2010-07-16,15.112595558166504,8.57870101928711,8.650569915771484,21.76580238342285,20.804271697998047,8.536896705627441,80.10977935791016
2010-07-19,15.20901107788086,8.572630882263184,8.735579490661621,21.864463806152344,20.922866821289062,8.669161796569824,80.58296966552734
2010-07-20,15.556658744812012,8.663700103759766,8.79224967956543,21.803747177124023,21.24897003173828,8.746795654296875,81.47675323486328
2010-07-21,15.302488327026367,8.524062156677246,8.68700122833252,21.447059631347656,21.197092056274414,8.611658096313477,80.41773223876953
2010-07-22,15.641378402709961,8.772981643676758,8.921791076660156,21.583662033081055,21.849313735961914,8.74967098236084,82.21276092529297
2010-07-23,15.711495399475098,8.839766502380371,8.982503890991211,21.576082229614258,22.28659439086914,8.764050483703613,82.92633056640625
2010-07-26,15.848797798156738,8.96119213104248,9.039186477661133,21.88722801208496,22.649757385253906,8.82730770111084,83.79006958007812
2010-07-27,15.772839546203613,8.985475540161133,9.06346321105957,21.910001754760742,22.494112014770508,8.956698417663574,83.78255462646484
2010-07-28,15.737785339355469,8.906551361083984,8.990605354309082,21.614023208618164,22.43482208251953,8.913566589355469,83.24178314208984
2010-07-29,15.761155128479004,8.936908721923828,8.909647941589355,21.598844528198242,22.360706329345703,8.77554988861084,82.8362045288086
2010-07-30,15.729016304016113,8.930837631225586,8.873209953308105,21.682327270507812,22.44964599609375,8.732422828674316,82.82117462158203
2010-08-02,16.27825164794922,9.155468940734863,9.059417724609375,22.092140197753906,22.89433479309082,8.913566589355469,84.69134521484375
2010-08-03,16.27241325378418,9.052261352539062,9.010844230651855,22.274280548095703,22.775747299194336,8.870437622070312,84.28579711914062
2010-08-04,16.398033142089844,9.088689804077148,9.083707809448242,22.49436378479004,22.975868225097656,8.907818794250488,84.8490982055664
2010-08-05,16.450618743896484,9.052261352539062,9.043225288391113,22.501956939697266,22.99068832397461,8.893441200256348,84.75896453857422
2010-08-06,16.254878997802734,8.973336219787598,9.018940925598145,22.5474910736084,22.864696502685547,8.910691261291504,84.41349792480469
2010-08-09,16.32207489013672,9.021904945373535,9.079660415649414,22.608205795288086,22.983280181884766,8.942320823669434,84.86412048339844
2010-08-10,16.18768310546875,8.942975997924805,8.986555099487305,22.66133689880371,22.82763671875,8.994077682495117,84.40592956542969
2010-08-11,15.705647468566895,8.627275466918945,8.772013664245605,22.07696533203125,21.97530174255371,8.812928199768066,82.0926513671875
2010-08-12,15.612156867980957,8.566558837890625,8.650569915771484,22.168033599853516,21.819664001464844,8.795680046081543,81.58940124511719
2010-08-13,15.5858736038208,8.542274475097656,8.610090255737305,22.084548950195312,21.79001235961914,8.82730770111084,81.34906005859375
2010-08-16,15.582955360412598,8.517991065979004,8.626283645629883,21.970712661743164,21.74554443359375,8.82730770111084,81.3115005493164
2010-08-17,15.842960357666016,8.584769248962402,8.719383239746094,22.274280548095703,22.12353515625,8.913566589355469,82.31046295166016
2010-08-18,15.691044807434082,8.621200561523438,8.767960548400879,22.24392318725586,22.20507049560547,8.864686965942383,82.46066284179688
2010-08-19,15.436881065368652,8.420846939086914,8.6627197265625,21.8341007232666,21.730716705322266,8.73817253112793,81.0261001586914
2010-08-20,15.246987342834473,8.396562576293945,8.642477989196777,21.758214950561523,21.619550704956055,8.761171340942383,80.76323699951172
2010-08-23,15.252827644348145,8.341923713684082,8.56556510925293,21.856884002685547,21.38237953186035,8.818683624267578,80.45528411865234
2010-08-24,15.016193389892578,8.202281951904297,8.448172569274902,21.386341094970703,20.945100784301758,8.833056449890137,79.26106262207031
2010-08-25,14.969444274902344,8.226569175720215,8.500797271728516,21.598844528198242,20.908039093017578,8.82730770111084,79.56901550292969
2010-08-26,14.835064888000488,8.159784317016602,8.415787696838379,21.462244033813477,20.878393173217773,8.787053108215332,79.03572845458984
2010-08-27,15.220685958862305,8.335850715637207,8.516986846923828,21.682327270507812,21.300853729248047,8.953821182250977,80.2600326538086
2010-08-30,14.998662948608398,8.159784317016602,8.403639793395996,21.409114837646484,20.974740982055664,8.818683624267578,79.0958251953125
2010-08-31,14.957757949829102,8.232640266418457,8.375308990478516,21.325641632080078,20.893213272094727,8.858936309814453,79.0958251953125
2010-09-01,15.515761375427246,8.548344612121582,8.589849472045898,21.81892204284668,21.723308563232422,9.051586151123047,81.46170043945312
2010-09-02,15.644295692443848,8.633339881896973,8.666764259338379,21.93276596069336,21.997539520263672,9.051586151123047,82.22032928466797
2010-09-03,15.834196090698242,8.81548023223877,8.79629898071289,22.13767433166504,22.331056594848633,9.091838836669922,83.28681182861328
2010-09-07,15.597563743591309,8.615129470825195,8.72343635559082,22.00865364074707,22.12353515625,9.045830726623535,82.34803009033203
2010-09-08,15.73194408416748,8.700125694274902,8.772013664245605,22.130088806152344,22.353303909301758,9.002707481384277,82.92633056640625
2010-09-09,15.764073371887207,8.809409141540527,8.79629898071289,22.365346908569336,22.331056594848633,9.091838836669922,83.30937194824219
2010-09-10,15.927678108215332,8.821554183959961,8.800349235534668,22.593021392822266,22.531177520751953,9.040081977844238,83.7299575805664
2010-09-13,16.056224822998047,9.009757995605469,8.958219528198242,22.64615249633789,22.753522872924805,9.071712493896484,84.66132354736328
2010-09-14,16.000715255737305,8.930837631225586,8.994653701782227,22.7220401763916,22.686817169189453,9.060211181640625,84.60874938964844
2010-09-15,15.96858024597168,8.96119213104248,9.051324844360352,22.934545516967773,22.686817169189453,9.008455276489258,84.93169403076172
2010-09-16,15.89554500579834,8.936908721923828,9.103946685791016,22.843463897705078,22.65717315673828,8.976825714111328,84.9091567993164
2010-09-17,15.816012382507324,8.890053749084473,9.153107643127441,22.83889389038086,22.869478225708008,8.96142864227295,84.94086456298828
2010-09-20,16.083086013793945,9.060430526733398,9.287172317504883,23.144018173217773,23.212148666381836,9.08052921295166,86.23965454101562
2010-09-21,16.094825744628906,8.975239753723145,9.270923614501953,23.159276962280273,23.25684356689453,9.034050941467285,86.06597137451172
2010-09-22,15.977423667907715,8.82919979095459,9.226231575012207,23.197420120239258,23.137659072875977,9.097956657409668,85.64309692382812
2010-09-23,15.877641677856445,8.658829689025879,9.214043617248535,23.07537078857422,22.794979095458984,8.99338150024414,84.94842529296875
2010-09-24,16.221019744873047,8.890053749084473,9.39279842376709,23.388126373291016,23.420724868774414,9.138623237609863,86.70024108886719
2010-09-27,16.159395217895508,8.792693138122559,9.396864891052246,23.212669372558594,23.27173614501953,9.15605354309082,86.28495025634766
2010-09-28,16.273849487304688,8.810951232910156,9.409050941467285,23.403379440307617,23.398380279541016,9.161863327026367,86.58696746826172
2010-09-29,16.447011947631836,8.744011878967285,9.388734817504883,23.319469451904297,23.390928268432617,9.14443302154541,86.43595123291016
2010-09-30,16.452869415283203,8.731846809387207,9.352171897888184,23.25844955444336,23.301538467407227,9.115384101867676,86.17926025390625
2010-10-01,16.672990798950195,8.823116302490234,9.356240272521973,23.25844955444336,23.323881149291992,9.164769172668457,86.54169464111328
2010-10-04,16.464614868164062,8.762269020080566,9.279047966003418,23.02960205078125,23.07805061340332,9.147340774536133,85.89229583740234
2010-10-05,16.85201644897461,8.963069915771484,9.461867332458496,23.4567813873291,23.696348190307617,9.249006271362305,87.62147521972656
2010-10-06,17.00169563293457,8.956984519958496,9.417174339294434,23.36524200439453,23.8378963470459,9.205436706542969,87.61392211914062
2010-10-07,16.91657829284668,8.920476913452148,9.417174339294434,23.411014556884766,23.785741806030273,9.222865104675293,87.50823974609375
2010-10-08,17.127899169921875,8.944814682006836,9.469993591308594,23.472043991088867,23.98687744140625,9.25191593170166,87.99903869628906
2010-10-11,17.174848556518555,8.932647705078125,9.48624038696289,23.48729133605957,23.919836044311523,9.254817962646484,88.08206939697266
2010-10-12,17.1484375,9.036092758178711,9.543118476867676,23.54068946838379,23.904935836791992,9.21705436706543,88.35391235351562
2010-10-13,17.3568115234375,9.042177200317383,9.620308876037598,23.708498001098633,24.29975128173828,9.25191593170166,89.04103088378906
2010-10-14,17.330394744873047,8.8839693069458,9.624370574951172,23.662748336791992,24.158212661743164,9.237387657165527,88.6937255859375
2010-10-15,17.377361297607422,8.731846809387207,9.786876678466797,23.76190757751465,24.00922203063965,9.266437530517578,88.87492370605469
2010-10-18,17.424314498901367,8.926562309265137,9.851879119873047,23.983121871948242,23.994325637817383,9.266437530517578,89.31291198730469
2010-10-19,17.078004837036133,8.804864883422852,9.67718505859375,23.53306007385254,23.67400360107422,9.283867835998535,88.14251708984375
2010-10-20,17.298112869262695,8.890053749084473,9.758440017700195,23.754281997680664,24.00922203063965,9.359394073486328,89.00330352783203
2010-10-21,17.28931999206543,8.890053749084473,9.766559600830078,23.815305709838867,24.202911376953125,9.3187255859375,89.19963836669922
2010-10-22,17.403778076171875,8.8839693069458,9.794999122619629,23.82293701171875,24.19546127319336,9.257721900939941,89.3657455444336
2010-10-25,17.450733184814453,8.853544235229492,9.82343864440918,23.952611923217773,24.277393341064453,9.237387657165527,89.63001251220703
2010-10-26,17.485946655273438,8.86571216583252,9.847814559936523,23.883955001831055,24.1656551361084,9.214150428771973,89.64515686035156
2010-10-27,17.41257667541504,8.871798515319824,9.876253128051758,23.73902130126953,23.98687744140625,9.176387786865234,89.38841247558594
2010-10-28,17.374420166015625,8.871798515319824,9.876253128051758,23.876333236694336,23.934736251831055,9.199625015258789,89.40348815917969
2010-10-29,17.386159896850586,8.859628677368164,9.892507553100586,23.777164459228516,23.97197914123535,9.214150428771973,89.47144317626953
2010-11-01,17.406709671020508,8.859628677368164,9.900630950927734,23.777164459228516,23.97197914123535,9.124100685119629,89.50165557861328
2010-11-02,17.59747314453125,8.8839693069458,9.998133659362793,24.00600814819336,24.202911376953125,9.23158073425293,90.21142578125
2010-11-03,17.635629653930664,8.969157218933105,10.055010795593262,24.02126121520996,24.240154266357422,9.214150428771973,90.57394409179688
2010-11-04,18.19618034362793,9.267319679260254,10.205331802368164,24.13568687438965,24.754167556762695,9.312917709350586,92.31819152832031
2010-11-05,18.287181854248047,9.4802885055542,10.197200775146484,23.990755081176758,24.903146743774414,9.310009002685547,92.66552734375
2010-11-08,18.342927932739258,9.407269477844238,10.205331802368164,23.929731369018555,24.798858642578125,9.257721900939941,92.49185943603516
2010-11-09,18.307716369628906,9.230806350708008,10.17689037322998,23.830564498901367,24.57537841796875,9.225769996643066,91.82736206054688
2010-11-10,18.542503356933594,9.334251403808594,10.185013771057129,23.82293701171875,24.567922592163086,9.185099601745605,92.19734954833984
2010-11-11,18.747940063476562,9.2429780960083,10.030634880065918,23.89158821105957,24.426389694213867,9.179290771484375,91.85002899169922
2010-11-12,18.472063064575195,9.09085750579834,9.888442039489746,23.594085693359375,24.14331817626953,9.103768348693848,90.76268768310547
2010-11-15,18.378149032592773,9.13344955444336,9.860004425048828,23.601716995239258,24.21780776977539,9.135723114013672,90.63432312011719
2010-11-16,18.034767150878906,8.981328964233398,9.681248664855957,23.25844955444336,23.830442428588867,9.028241157531738,89.2222900390625
2010-11-17,18.108139038085938,8.920476913452148,9.685307502746582,23.296585083007812,23.845335006713867,9.025333404541016,89.26758575439453
2010-11-18,18.507282257080078,9.042177200317383,9.847814559936523,23.624597549438477,24.329545974731445,9.077624320983887,90.58145904541016
2010-11-19,18.66282844543457,9.042177200317383,9.876253128051758,23.647485733032227,24.404037475585938,9.042764663696289,90.83068084716797
2010-11-22,18.604135513305664,8.908308029174805,9.93312931060791,23.655109405517578,24.35189437866211,9.0689115524292,90.75511169433594
2010-11-23,18.240211486816406,8.768351554870605,9.786876678466797,23.311847686767578,24.016679763793945,8.97014331817627,89.44126892089844
2010-11-24,18.568912506103516,8.902223587036133,9.949377059936523,23.53306007385254,24.56048011779785,9.025333404541016,90.76268768310547
2010-11-26,18.34586524963379,8.774438858032227,9.851879119873047,23.327096939086914,24.359344482421875,8.964335441589355,89.7055435180664
2010-11-29,18.469127655029297,8.847456932067871,9.827500343322754,23.30421257019043,24.35189437866211,8.94690227508545,89.97738647460938
2010-11-30,18.404558181762695,8.798778533935547,9.729996681213379,23.090633392333984,24.29230308532715,8.935284614562988,89.47144317626953
2010-12-01,18.9504451751709,8.975239753723145,9.937190055847168,23.53306007385254,24.918041229248047,9.0398588180542,91.37430572509766
2010-12-02,19.232194900512695,9.206470489501953,10.055010795593262,23.71613121032715,25.305408477783203,9.066001892089844,92.5447006225586
2010-12-03,19.31730842590332,9.236894607543945,10.079385757446289,23.71613121032715,25.357559204101562,9.086336135864258,92.79388427734375
2010-12-06,19.38187599182129,9.224724769592285,10.079385757446289,23.56357192993164,25.342666625976562,9.060193061828613,92.6957015991211
2010-12-07,19.308496475219727,9.236894607543945,10.091573715209961,23.578828811645508,25.409706115722656,8.999194145202637,92.74856567382812
2010-12-08,19.2175235748291,9.389019012451172,10.17689037322998,23.601716995239258,25.320310592651367,8.96723747253418,93.08837127685547
2010-12-09,19.261539459228516,9.504627227783203,10.185013771057129,23.63985252380371,25.394800186157227,9.005001068115234,93.4508285522461
2010-12-10,19.340782165527344,9.589818954467773,10.233766555786133,23.86870574951172,25.625736236572266,9.0398588180542,93.99449157714844
2010-12-13,19.50514030456543,9.583734512329102,10.213448524475098,23.90683937072754,25.640634536743164,9.083433151245117,94.05487823486328
2010-12-14,19.414159774780273,9.498546600341797,10.229701042175293,24.150951385498047,25.75982093811035,9.106672286987305,94.1379623413086
2010-12-15,19.308496475219727,9.419441223144531,10.189079284667969,24.07466697692871,25.655529022216797,9.028241157531738,93.70751953125
2010-12-16,19.41709327697754,9.43160629272461,10.205331802368164,24.242481231689453,25.9386043548584,9.109577178955078,94.25125885009766
2010-12-17,19.423873901367188,9.484129905700684,10.225715637207031,24.283893585205078,25.86147689819336,9.156905174255371,94.3521957397461
2010-12-20,19.55063247680664,9.490235328674316,10.233868598937988,24.276222229003906,25.854007720947266,9.168661117553711,94.57991027832031
2010-12-21,19.748140335083008,9.655121803283691,10.295024871826172,24.214874267578125,26.06365394592285,9.171601295471191,95.17958068847656
2010-12-22,19.815948486328125,9.765048027038574,10.282797813415527,24.283893585205078,26.123550415039062,9.21275806427002,95.4756088256836
2010-12-23,19.871957778930664,9.691765785217285,10.278717994689941,24.2685604095459,26.071128845214844,9.218634605407715,95.3389663696289
2010-12-27,19.80120849609375,9.777262687683105,10.299103736877441,24.22254180908203,26.11606216430664,9.224514961242676,95.37689971923828
2010-12-28,19.87490463256836,9.777262687683105,10.286870956420898,24.237884521484375,26.1010799407959,9.256851196289062,95.51356506347656
2010-12-29,20.072418212890625,9.758941650390625,10.307258605957031,24.24554443359375,26.123550415039062,9.224514961242676,95.58185577392578
2010-12-30,20.090106964111328,9.728405952453613,10.282797813415527,24.16120719909668,26.0786190032959,9.209817886352539,95.43008422851562
2010-12-31,20.119583129882812,9.740619659423828,10.270563125610352,24.153535842895508,26.108570098876953,9.21275806427002,95.45284271240234
2011-01-03,20.269926071166992,9.954365730285645,10.384718894958496,24.375904083251953,26.295757293701172,9.256851196289062,96.43961334228516
2011-01-04,20.09600257873535,9.94214916229248,10.425498008728027,24.452579498291016,26.258319854736328,9.300945281982422,96.38651275634766
2011-01-05,20.175600051879883,10.058184623718262,10.486655235290527,24.506261825561523,26.393096923828125,9.24215030670166,96.887451171875
2011-01-06,19.98398208618164,9.991009712219238,10.547816276550293,24.60594367980957,26.348173141479492,9.250968933105469,96.69770812988281
2011-01-07,20.128433227539062,9.905513763427734,10.498887062072754,24.590604782104492,26.400575637817383,9.283308982849121,96.50794219970703
2011-01-10,20.048831939697266,9.881080627441406,10.507040023803711,24.521589279174805,26.438018798828125,9.233332633972168,96.38651275634766
2011-01-11,20.381942749023438,9.917722702026367,10.490734100341797,24.644277572631836,26.535354614257812,9.248030662536621,96.7280502319336
2011-01-12,20.662006378173828,10.082610130310059,10.584507942199707,24.774627685546875,26.752487182617188,9.295063972473145,97.60098266601562
2011-01-13,20.603038787841797,10.052078247070312,10.576356887817383,24.644277572631836,26.78243064880371,9.286246299743652,97.44158935546875
2011-01-14,20.827089309692383,10.210860252380371,10.670133590698242,24.67494773864746,26.887258529663086,9.330342292785645,98.14751434326172
2011-01-18,20.956790924072266,10.149787902832031,10.682361602783203,24.7669620513916,27.081928253173828,9.353859901428223,98.31451416015625
2011-01-19,20.703279495239258,9.923829078674316,10.604899406433105,24.59827423095703,26.797414779663086,9.330342292785645,97.35050201416016
2011-01-20,20.555879592895508,9.972688674926758,10.547816276550293,24.65961265563965,26.662635803222656,9.40089225769043,97.2214584350586
2011-01-21,20.664947509765625,10.052078247070312,10.486655235290527,24.682619094848633,26.879770278930664,9.392073631286621,97.44158935546875
2011-01-24,20.741594314575195,10.039863586425781,10.633439064025879,24.651948928833008,27.13434410095215,9.444986343383789,97.99571990966797
2011-01-25,20.682636260986328,10.021541595458984,10.682361602783203,24.651948928833008,27.104387283325195,9.430289268493652,98.048828125
2011-01-26,21.17788314819336,10.015435218811035,10.743523597717285,24.62127685546875,27.261629104614258,9.395011901855469,98.42840576171875
2011-01-27,21.054067611694336,10.100934028625488,10.780219078063965,24.682619094848633,27.35896873474121,9.430289268493652,98.67127227783203
2011-01-28,20.96268653869629,9.923829078674316,10.531505584716797,24.237884521484375,26.827346801757812,9.303882598876953,96.94819641113281
2011-01-31,21.56406021118164,10.015435218811035,10.59674072265625,24.291563034057617,27.13434410095215,9.324463844299316,97.67689514160156
2011-02-01,21.914873123168945,10.22307014465332,10.776143074035645,24.72862434387207,27.516206741333008,9.418529510498047,99.2406005859375
2011-02-02,21.89717674255371,10.143682479858398,10.796525955200195,24.644277572631836,27.426349639892578,9.36855411529541,99.05084228515625
2011-02-03,21.908979415893555,10.149787902832031,10.812835693359375,24.67494773864746,27.441322326660156,9.406771659851074,99.27095794677734
2011-02-04,21.852956771850586,10.143682479858398,10.882145881652832,24.789968490600586,27.538652420043945,9.347976684570312,99.55181884765625
2011-02-07,21.979726791381836,10.29024600982666,10.935152053833008,24.75162124633789,27.800718307495117,9.409708023071289,100.17425537109375
2011-02-08,21.90602684020996,10.363533020019531,10.980001449584961,24.820632934570312,27.98790168762207,9.406771659851074,100.6296615600586
2011-02-09,21.628923416137695,10.29024600982666,10.959613800048828,24.7669620513916,27.980419158935547,9.406771659851074,100.40196990966797
2011-02-10,21.850019454956055,10.29024600982666,10.910693168640137,24.774627685546875,28.13017463684082,9.424407005310059,100.43991088867188
2011-02-11,21.847068786621094,10.430706977844238,10.967771530151367,24.828306198120117,28.339813232421875,9.406771659851074,101.03956604003906
2011-02-14,22.327571868896484,10.43681812286377,10.984078407287598,24.912649154663086,28.30986213684082,9.339157104492188,101.28250122070312
2011-02-15,22.09469223022461,10.424598693847656,10.943305015563965,24.85896873474121,28.205039978027344,9.36855411529541,100.96366882324219
2011-02-16,22.389482498168945,10.479565620422363,11.004465103149414,24.989337921142578,28.339813232421875,9.347976684570312,101.60130310058594
2011-02-17,22.61058235168457,10.467351913452148,11.024853706359863,25.096677780151367,28.40719985961914,9.365615844726562,101.90489196777344
2011-02-18,22.70491600036621,10.491776466369629,11.008543968200684,25.158016204833984,28.482074737548828,9.380311965942383,102.117431640625
2011-02-22,22.483814239501953,10.168110847473145,10.739442825317383,24.774627685546875,27.658462524414062,9.339157104492188,100.06798553466797
2011-02-23,22.94074821472168,10.125360488891602,10.61305046081543,24.53692054748535,27.171777725219727,9.318584442138672,99.45315551757812
2011-02-24,22.616479873657227,10.100934028625488,10.649744987487793,24.62127685546875,27.329008102416992,9.283308982849121,99.38478088378906
2011-02-25,22.97612190246582,10.24139404296875,10.784296035766602,24.774627685546875,27.576091766357422,9.336220741271973,100.44749450683594
2011-02-28,23.152992248535156,10.29024600982666,10.829143524169922,25.050668716430664,27.710880279541016,9.439105033874512,101.0699462890625
2011-03-01,22.719655990600586,10.070395469665527,10.621206283569336,24.85130500793457,27.119367599487305,9.345038414001465,99.38478088378906
2011-03-02,22.849363327026367,10.009326934814453,10.686441421508789,24.927989959716797,27.254140853881836,9.359739303588867,99.59734344482422
2011-03-03,23.241436004638672,10.216965675354004,10.857685089111328,25.441726684570312,27.913028717041016,9.465563774108887,101.31281280517578
2011-03-04,23.094039916992188,10.088720321655273,10.772063255310059,25.40338706970215,27.583585739135742,9.409708023071289,100.55375671386719
2011-03-07,22.93190574645996,10.021541595458984,10.633439064025879,25.211694717407227,27.329008102416992,9.444986343383789,99.76435852050781
2011-03-08,22.74323272705078,10.24139404296875,10.72313404083252,25.349708557128906,27.755800247192383,9.550812721252441,100.63728332519531
2011-03-09,22.58700180053711,10.24139404296875,10.678290367126465,25.3880615234375,27.69589614868164,9.647818565368652,100.49304962158203
2011-03-10,21.7645320892334,10.033756256103516,10.47850227355957,24.989337921142578,27.13434410095215,9.539054870605469,98.63331604003906
2011-03-11,22.141862869262695,10.100934028625488,10.51927375793457,25.07367515563965,27.456310272216797,9.55963134765625,99.31649017333984
2011-03-14,22.262720108032227,10.009326934814453,10.47034740447998,24.950979232788086,27.224191665649414,9.433226585388184,98.71683502197266
2011-03-15,22.09469223022461,9.893296241760254,10.315413475036621,24.65961265563965,26.969621658325195,9.253911972045898,97.5858154296875
2011-03-16,21.740936279296875,9.71008586883545,10.062623977661133,24.230220794677734,26.46796226501465,9.109871864318848,95.77924346923828
2011-03-17,22.404224395751953,9.826119422912598,10.168633460998535,24.513919830322266,26.879770278930664,9.121631622314453,97.046875
2011-03-18,22.29922103881836,9.96204948425293,10.18663215637207,24.62561798095703,27.05048942565918,9.167046546936035,97.39985656738281
2011-03-21,22.976564407348633,10.01103401184082,10.358457565307617,24.833589553833008,27.64459228515625,9.273919105529785,98.90937042236328
2011-03-22,22.92629051208496,9.955926895141602,10.342090606689453,24.81818389892578,27.426494598388672,9.288759231567383,98.5662841796875
2011-03-23,22.985441207885742,9.931435585021973,10.399361610412598,24.802780151367188,27.516742706298828,9.282824516296387,98.8483657836914
2011-03-24,23.06826400756836,9.980420112609863,10.563006401062012,25.095483779907227,27.802515029907227,9.321413040161133,99.79369354248047
2011-03-25,23.275318145751953,10.004910469055176,10.587549209594727,25.16480255126953,27.90027618408203,9.318445205688477,100.09864044189453
2011-03-28,23.2191162109375,9.974295616149902,10.563006401062012,25.157100677490234,27.877714157104492,9.285791397094727,99.85464477539062
2011-03-29,23.503070831298828,9.992661476135254,10.63664436340332,25.303451538085938,28.103317260742188,9.37781810760498,100.52555084228516
2011-03-30,23.665748596191406,10.072261810302734,10.681646347045898,25.48832893371582,28.216129302978516,9.484689712524414,101.21929931640625
2011-03-31,23.588838577270508,10.0355224609375,10.661190032958984,25.503719329833984,28.328935623168945,9.460938453674316,101.08206176757812
2011-04-01,23.65983009338379,10.121246337890625,10.640737533569336,25.634672164916992,28.56205177307129,9.535154342651367,101.5090103149414
2011-04-04,23.67461585998535,10.108999252319336,10.60391616821289,25.788726806640625,28.599655151367188,9.529217720031738,101.59288024902344
2011-04-05,23.74561309814453,10.102873802185059,10.587549209594727,25.673185348510742,28.494382858276367,9.49062442779541,101.57760620117188
2011-04-06,23.497148513793945,10.219215393066406,10.665282249450684,25.72710418701172,28.52446174621582,9.558905601501465,101.8978042602539
2011-04-07,23.497148513793945,10.170228958129883,10.669373512268066,25.68088150024414,28.389087677001953,9.520312309265137,101.63860321044922
2011-04-08,23.57996940612793,10.078386306762695,10.608007431030273,25.66547966003418,28.14092445373535,9.49359130859375,101.28791809082031
2011-04-11,23.115581512451172,10.078386306762695,10.591643333435059,25.811830520629883,28.118366241455078,9.368911743164062,100.98300170898438
2011-04-12,22.399789810180664,10.041646957397461,10.505730628967285,25.781030654907227,27.907793045043945,9.345163345336914,100.22820281982422
2011-04-13,22.491483688354492,9.96817398071289,10.571186065673828,25.757909774780273,27.825063705444336,9.368911743164062,100.2206039428711
2011-04-14,22.64529037475586,9.876326560974121,10.55073356628418,25.89655876159668,27.825063705444336,9.425314903259277,100.29684448242188
2011-04-15,22.831636428833008,9.88244915008545,10.53027629852295,26.127635955810547,27.92282485961914,9.529217720031738,100.66279602050781
2011-04-18,22.491483688354492,9.7477445602417,10.436182975769043,25.834941864013672,27.524263381958008,9.446101188659668,99.53447723388672
2011-04-19,22.719236373901367,9.778360366821289,10.464820861816406,26.050617218017578,27.764921188354492,9.449066162109375,100.10627746582031
2011-04-20,23.254613876342773,9.802847862243652,10.685736656188965,26.3048095703125,28.216129302978516,9.570779800415039,101.47087860107422
2011-04-21,23.3610897064209,9.857962608337402,10.779830932617188,26.3818359375,28.298856735229492,9.570779800415039,101.98931884765625
2011-04-25,23.23982048034668,9.845711708068848,10.788009643554688,26.41264533996582,28.216129302978516,9.58265495300293,101.88255310058594
2011-04-26,23.470531463623047,9.906946182250977,10.878013610839844,26.720748901367188,28.757585525512695,9.65983772277832,102.75928497314453
2011-04-27,23.45869255065918,9.96817398071289,10.94346809387207,27.02116584777832,28.885433197021484,9.737018585205078,103.43013763427734
2011-04-28,23.45574188232422,10.047772407531738,10.947563171386719,27.159801483154297,28.983196258544922,9.823105812072754,103.7656478881836
2011-04-29,23.80476951599121,10.029402732849121,10.939377784729004,27.144399642944336,29.103519439697266,9.843889236450195,104.00956726074219
2011-05-02,23.488279342651367,9.986542701721191,10.898467063903809,27.42171287536621,29.058399200439453,9.846857070922852,103.8494644165039
2011-05-03,22.899667739868164,10.029402732849121,10.902557373046875,27.352378845214844,28.938072204589844,9.909198760986328,103.47594451904297
2011-05-04,22.494443893432617,9.943678855895996,10.869829177856445,27.329273223876953,28.51694107055664,9.897324562072754,102.78974151611328
2011-05-05,22.027097702026367,9.815095901489258,10.81256103515625,27.152118682861328,28.381572723388672,9.826075553894043,101.85968780517578
2011-05-06,22.124710083007812,9.86408519744873,10.833012580871582,27.344676971435547,28.629751205444336,9.882482528686523,102.30949401855469
2011-05-09,22.512184143066406,9.839587211608887,10.878013610839844,27.49872589111328,28.750070571899414,9.903263092041016,102.7059555053711
2011-05-10,22.618667602539062,9.931435585021973,10.97619915008545,27.66818618774414,29.013290405273438,10.045754432678223,103.58259582519531
2011-05-11,21.964982986450195,9.796730041503906,10.878013610839844,27.62197494506836,28.62222671508789,10.013097763061523,102.49246215820312
2011-05-12,21.932449340820312,9.796730041503906,10.959834098815918,27.876174926757812,28.68238639831543,10.114031791687012,102.98038482666016
2011-05-13,21.82596778869629,9.655904769897461,10.82483196258545,27.79143714904785,28.33645248413086,10.066534996032715,102.1874771118164
2011-05-16,21.660329818725586,9.643653869628906,10.669373512268066,27.837648391723633,28.231164932250977,10.078409194946289,101.53951263427734
2011-05-17,21.660329818725586,9.717130661010742,10.669373512268066,27.837648391723633,27.847623825073242,10.152626991271973,101.52423858642578
2011-05-18,22.09807777404785,9.759990692138672,10.747103691101074,28.053327560424805,28.22364616394043,10.119970321655273,102.43147277832031
2011-05-19,22.101049423217773,9.759990692138672,10.767555236816406,27.991708755493164,28.404130935668945,10.143715858459473,102.67542266845703
2011-05-20,22.074430465698242,9.625284194946289,10.706193923950195,27.760623931884766,28.103317260742188,10.13184642791748,101.85968780517578
2011-05-23,21.731319427490234,9.490580558776855,10.55482292175293,27.475608825683594,27.704748153686523,10.013097763061523,100.67803192138672
2011-05-24,22.0389347076416,9.478336334228516,10.522093772888184,27.398591995239258,27.561859130859375,10.004196166992188,100.59416198730469
2011-05-25,22.411617279052734,9.484461784362793,10.55482292175293,27.43710708618164,27.79498291015625,9.983414649963379,100.92959594726562
2011-05-26,22.524009704589844,9.533441543579102,10.624369621276855,27.475608825683594,27.907793045043945,9.980443954467773,101.3946304321289
2011-05-27,22.580224990844727,9.600796699523926,10.677555084228516,27.491029739379883,28.043161392211914,9.980443954467773,101.78349304199219
2011-05-31,22.807971954345703,9.698761940002441,10.82483196258545,27.814542770385742,28.298856735229492,10.054656982421875,102.84315490722656
2011-06-01,22.26372528076172,9.374245643615723,10.599823951721191,27.42940902709961,27.373855590820312,9.950759887695312,100.53318786621094
2011-06-02,22.254852294921875,9.380366325378418,10.608007431030273,27.3677921295166,27.516742706298828,9.921072959899902,100.4264144897461
2011-06-03,22.260765075683594,9.31913948059082,10.448458671569824,27.105878829956055,27.14824104309082,9.852795600891113,99.42776489257812
2011-06-06,21.757936477661133,9.141573905944824,10.370726585388184,26.944135665893555,26.952720642089844,9.808269500732422,98.37568664550781
2011-06-07,21.757936477661133,9.123204231262207,10.337998390197754,26.998058319091797,26.937685012817383,9.820143699645996,98.314697265625
2011-06-08,21.82301902770996,9.037485122680664,10.268451690673828,27.02885627746582,26.704551696777344,9.843889236450195,97.90303039550781
2011-06-09,22.11878776550293,9.141573905944824,10.276633262634277,27.313873291015625,26.907588958740234,9.852795600891113,98.65013885498047
2011-06-10,21.689908981323242,9.080342292785645,10.133448600769043,26.813186645507812,26.478927612304688,9.787487030029297,97.27787780761719
2011-06-13,21.3467960357666,9.172187805175781,10.14162826538086,26.944135665893555,26.486448287963867,9.832012176513672,97.35411834716797
2011-06-14,21.802303314208984,9.221169471740723,10.268451690673828,27.17521858215332,26.990318298339844,9.870606422424316,98.589111328125
2011-06-15,21.302419662475586,9.019110679626465,10.076173782348633,26.80547523498535,26.58422088623047,9.748893737792969,96.83572387695312
2011-06-16,21.334962844848633,9.068097114562988,10.051628112792969,26.85169219970703,26.67446517944336,9.826075553894043,97.04915618896484
2011-06-17,21.280040740966797,9.149822235107422,10.042591094970703,26.91362762451172,26.7916202545166,9.893251419067383,97.33879852294922
2011-06-20,21.339412689208984,9.143682479858398,10.079558372497559,27.184537887573242,27.025897979736328,9.95022964477539,97.83676147460938
2011-06-21,21.76394271850586,9.272723197937012,10.260286331176758,27.354835510253906,27.449125289916992,9.956228256225586,99.17749786376953
2011-06-22,21.70160675048828,9.217419624328613,10.186349868774414,27.192277908325195,27.2979679107666,9.89025592803955,98.57994079589844
2011-06-23,21.4641056060791,9.125245094299316,10.256175994873047,27.16131591796875,27.237512588500977,9.80628490447998,98.29644775390625
2011-06-24,21.05738639831543,9.069941520690918,10.079558372497559,26.843969345092773,26.927650451660156,9.836271286010742,97.1548843383789
2011-06-27,21.17019271850586,9.162113189697266,10.215103149414062,26.983285903930664,27.13925552368164,9.908246994018555,98.02063751220703
2011-06-28,21.787696838378906,9.205129623413086,10.342429161071777,27.362567901611328,27.56247901916504,9.953228950500488,99.30011749267578
2011-06-29,22.043012619018555,9.395621299743652,10.424582481384277,27.416759490966797,27.706079483032227,10.01920223236084,100.15052795410156
2011-06-30,22.369571685791016,9.432491302490234,10.55601978302002,27.501911163330078,28.1444149017334,10.04019546508789,101.10821533203125
2011-07-01,22.580352783203125,9.6045503616333,10.728527069091797,27.834754943847656,28.650774002075195,10.16015338897705,102.60220336914062
2011-07-05,22.719884872436523,9.518524169921875,10.74495792388916,27.757339477539062,28.4920654296875,10.10017204284668,102.5179214477539
2011-07-06,22.678333282470703,9.469361305236816,10.7942476272583,27.834754943847656,28.643217086791992,10.121162414550781,102.64049530029297
2011-07-07,23.01973533630371,9.6229887008667,10.92568588256836,27.81926155090332,28.94551658630371,10.163148880004883,103.70543670654297
2011-07-08,22.82676124572754,9.500085830688477,10.872285842895508,27.69541358947754,28.582752227783203,10.124166488647461,102.96994018554688
2011-07-11,22.28644561767578,9.241997718811035,10.691564559936523,27.316150665283203,28.053720474243164,10.016205787658691,101.10821533203125
2011-07-12,22.203330993652344,9.205129623413086,10.597088813781738,27.316150665283203,27.781646728515625,10.061187744140625,100.67150115966797
2011-07-13,22.369571685791016,9.211276054382324,10.621736526489258,27.424495697021484,27.895017623901367,10.034197807312012,101.00859069824219
2011-07-14,22.22113609313965,9.143682479858398,10.53137493133545,27.378063201904297,27.592714309692383,9.989215850830078,100.3114013671875
2011-07-15,22.81785774230957,9.125245094299316,10.646379470825195,27.23872184753418,27.61539077758789,10.0042142868042,100.89369201660156
2011-07-18,22.740673065185547,9.002349853515625,10.609410285949707,27.037473678588867,27.305517196655273,9.908246994018555,100.06623840332031
2011-07-19,23.156295776367188,9.112956047058105,10.864072799682617,27.27742576599121,27.66073989868164,9.995213508605957,101.69047546386719
2011-07-20,23.096927642822266,9.217419624328613,10.83121395111084,27.184537887573242,27.713638305664062,10.05518913269043,101.6291732788086
2011-07-21,23.551145553588867,9.438638687133789,10.880498886108398,27.59479331970215,28.129297256469727,10.205130577087402,103.03889465332031
2011-07-22,23.669889450073242,9.414058685302734,10.974971771240234,27.548341751098633,27.834556579589844,10.142157554626465,103.10784149169922
2011-07-25,23.574888229370117,9.34646224975586,10.94621753692627,27.261953353881836,27.819454193115234,10.178143501281738,102.53321838378906
2011-07-26,23.462072372436523,9.334174156188965,10.995509147644043,27.045211791992188,27.305517196655273,10.142157554626465,102.15020751953125
2011-07-27,23.01973533630371,9.112956047058105,10.703879356384277,26.57305145263672,26.56488037109375,10.11217212677002,100.05860137939453
2011-07-28,22.924732208251953,9.119101524353027,10.687454223632812,26.54981803894043,26.338172912597656,10.049195289611816,99.7674560546875
2011-07-29,22.696142196655273,9.094523429870605,10.601198196411133,26.410497665405273,26.209686279296875,9.947230339050293,99.0855941772461
2011-08-01,22.663484573364258,9.063791275024414,10.592982292175293,25.9615535736084,26.043420791625977,9.977222442626953,98.66419219970703
2011-08-02,22.0311336517334,8.817997932434082,10.371184349060059,25.404237747192383,25.136507034301758,9.80628490447998,96.14356994628906
2011-08-03,21.906450271606445,8.861014366149902,10.47797679901123,25.450672149658203,25.363224029541016,9.80628490447998,96.66456604003906
2011-08-04,20.404260635375977,8.412430763244629,10.054916381835938,24.436670303344727,24.00286102294922,9.485408782958984,92.13662719726562
2011-08-05,20.208316802978516,8.252662658691406,9.993307113647461,24.62244415283203,24.00286102294922,9.563377380371094,91.99874114990234
2011-08-08,18.489408493041992,7.472254276275635,9.43058967590332,23.360746383666992,22.309965133666992,9.056570053100586,86.00746154785156
2011-08-09,19.430503845214844,8.049880981445312,9.861865043640137,24.212196350097656,23.413372039794922,9.353456497192383,90.0067138671875
2011-08-10,18.75956916809082,7.490687847137451,9.47576904296875,23.19046401977539,22.219274520874023,9.176526069641113,86.03047943115234
2011-08-11,19.733318328857422,7.9085493087768555,9.837220191955566,24.250904083251953,23.27733612060547,9.563377380371094,89.89180755615234
2011-08-12,19.8787899017334,7.853240489959717,9.907048225402832,24.490854263305664,23.730789184570312,9.506400108337402,90.49710083007812
2011-08-15,20.549728393554688,8.10518741607666,10.083662033081055,24.901103973388672,24.08600425720215,9.830275535583496,92.4124526977539
2011-08-16,20.208316802978516,7.945415496826172,10.009732246398926,24.87788200378418,23.74590492248535,9.818278312683105,91.6233139038086
2011-08-17,20.288471221923828,7.994575023651123,9.964552879333496,24.901103973388672,23.67032814025879,9.89025592803955,91.68463897705078
2011-08-18,19.112850189208984,7.607442378997803,9.479877471923828,24.080608367919922,22.362876892089844,9.773296356201172,87.73127746582031
2011-08-19,18.7744140625,7.453817844390869,9.249863624572754,24.01868438720703,22.01521873474121,9.713321685791016,86.29863739013672
2011-08-22,18.62299919128418,7.3616414070129395,9.299152374267578,24.003211975097656,22.098356246948242,9.689329147338867,86.36758422851562
2011-08-23,19.463167190551758,7.6012983322143555,9.640068054199219,24.785005569458008,22.876779556274414,9.863266944885254,89.2099838256836
2011-08-24,19.578943252563477,7.804080486297607,9.726324081420898,25.071393966674805,23.337799072265625,10.076180458068848,90.46644592285156
2011-08-25,19.166288375854492,7.779500961303711,9.586668014526367,24.645668029785156,22.899456024169922,9.911247253417969,89.08736419677734
2011-08-26,19.537384033203125,7.8470964431762695,9.77560806274414,24.955291748046875,23.375591278076172,9.896249771118164,90.3821792602539
2011-08-29,20.107379913330078,8.172779083251953,10.02205753326416,25.590015411376953,24.116230010986328,10.09117603302002,92.9793930053711
2011-08-30,20.226123809814453,8.117473602294922,10.063131332397461,25.675140380859375,24.32028579711914,10.097174644470215,93.22454071044922
2011-08-31,20.37754249572754,8.221938133239746,10.038485527038574,25.853179931640625,24.486557006835938,10.163148880004883,93.63829803466797
2011-09-01,20.22316551208496,8.037592887878418,9.927586555480957,25.682897567749023,24.08600425720215,10.097174644470215,92.65762329101562
2011-09-02,19.659099578857422,7.705761432647705,9.701677322387695,25.117839813232422,23.31512451171875,9.9832181930542,90.29022979736328
2011-09-06,19.445343017578125,7.570574760437012,9.656498908996582,25.17975616455078,23.073278427124023,9.935239791870117,89.63135528564453
2011-09-07,20.157859802246094,7.9331231117248535,9.907048225402832,25.783519744873047,23.79125213623047,10.04619312286377,92.1596450805664
2011-09-08,19.923322677612305,7.761066913604736,9.85776138305664,25.504863739013672,23.43604278564453,10.04019546508789,91.20195007324219
2011-09-09,19.264259338378906,7.515268802642822,9.648284912109375,24.746295928955078,22.80876922607422,9.836271286010742,88.81155395507812
2011-09-12,19.35628890991211,7.6012983322143555,9.763288497924805,24.831438064575195,22.854106903076172,9.917242050170898,89.38616943359375
2011-09-13,19.409717559814453,7.65045690536499,9.87829303741455,25.086877822875977,23.27733612060547,9.9832181930542,90.20594024658203
2011-09-14,19.650196075439453,7.74263334274292,10.026164054870605,25.326828002929688,23.685443878173828,10.052193641662598,91.4548110961914
2011-09-15,20.039098739624023,7.939272403717041,10.186349868774414,25.55904197692871,24.169124603271484,10.178143501281738,93.03304290771484
2011-09-16,19.995580673217773,7.963943004608154,10.299322128295898,25.696786880493164,24.296804428100586,10.294173240661621,93.58367156982422
2011-09-19,19.67966651916504,7.7480363845825195,10.27458381652832,25.455535888671875,24.06881332397461,10.236612319946289,92.65181732177734
2011-09-20,19.55746078491211,7.723360061645508,10.249844551086426,25.689010620117188,23.894012451171875,10.38505744934082,92.54402160644531
2011-09-21,18.743812561035156,7.340895175933838,10.0972900390625,24.996389389038086,22.90604019165039,10.194197654724121,89.81783294677734
2011-09-22,17.685771942138672,7.131154537200928,9.783945083618164,24.49054527282715,22.0472469329834,10.02152156829834,86.91450500488281
2011-09-23,17.495023727416992,7.2051801681518555,9.895267486572266,24.498332977294922,22.275238037109375,10.121491432189941,87.43820190429688
2011-09-26,18.132835388183594,7.525959491729736,10.018956184387207,24.902996063232422,22.837635040283203,10.203289985656738,89.5174560546875
2011-09-27,18.398086547851562,7.562971591949463,10.146773338317871,25.28432846069336,23.240428924560547,10.239643096923828,90.51862335205078
2011-09-28,17.796043395996094,7.347061634063721,10.00246524810791,24.848527908325195,22.64763641357422,10.136638641357422,88.67039489746094
2011-09-29,17.965925216674805,7.550636291503906,9.981849670410156,25.011951446533203,22.974428176879883,10.300230026245117,89.37116241455078
2011-09-30,17.43839454650879,7.285377025604248,9.7303466796875,24.69288444519043,22.206846237182617,10.185111045837402,87.13780212402344
2011-10-03,16.84528923034668,6.9584269523620605,9.511821746826172,23.906879425048828,21.58364486694336,9.942754745483398,84.6581039428711
2011-10-04,17.396665573120117,7.236022472381592,9.705604553222656,24.163692474365234,22.184043884277344,9.894280433654785,86.5140380859375
2011-10-05,18.037450790405273,7.340895175933838,9.907635688781738,24.552797317504883,22.65523338317871,9.900341033935547,88.11587524414062
2011-10-06,18.37721824645996,7.569144248962402,10.056063652038574,24.848527908325195,23.111228942871094,10.076050758361816,89.71000671386719
2011-10-07,18.15071678161621,7.297712802886963,10.018956184387207,24.825176239013672,23.05803108215332,10.118462562561035,89.10929870605469
2011-10-10,18.973302841186523,7.674009799957275,10.328185081481934,25.393274307250977,23.863615036010742,10.31537914276123,92.08965301513672
2011-10-11,19.01205062866211,7.667842388153076,10.37353515625,25.3543758392334,23.9320068359375,10.221467018127441,92.18204498291016
2011-10-12,19.113378524780273,7.865242958068848,10.418889045715332,25.369935989379883,24.236019134521484,10.197227478027344,92.99067687988281
2011-10-13,19.08656120300293,7.680178642272949,10.53433609008789,25.346586227416992,24.03081512451172,10.197227478027344,92.80583190917969
2011-10-14,19.849546432495117,7.7727131843566895,10.719870567321777,25.58783531188965,24.46399688720703,10.294173240661621,94.39228057861328
2011-10-17,19.48891830444336,7.53212833404541,10.55082893371582,25.144254684448242,23.76482391357422,10.251760482788086,92.59020233154297
2011-10-18,20.114805221557617,7.889920234680176,10.645655632019043,25.331022262573242,24.448801040649414,10.324469566345215,94.39997863769531
2011-10-19,19.906171798706055,7.778881072998047,10.439506530761719,25.28432846069336,24.15241050720215,10.33355712890625,93.2833251953125
2011-10-20,20.0611515045166,7.896086692810059,10.394152641296387,25.2609806060791,24.357606887817383,10.391115188598633,93.69147491455078
2011-10-21,20.43073081970215,8.09965991973877,10.526086807250977,25.766822814941406,24.828798294067383,10.566828727722168,95.47042083740234
2011-10-24,20.698963165283203,8.27855396270752,10.691011428833008,26.155941009521484,25.29239845275879,10.521381378173828,96.64098358154297
2011-10-25,20.266803741455078,8.031801223754883,10.521964073181152,25.626747131347656,24.77560043334961,10.403233528137207,94.76193237304688
2011-10-26,20.704927444458008,8.173685073852539,10.5673189163208,25.969167709350586,24.95040512084961,10.44564437866211,95.72457122802734
2011-10-27,21.62289810180664,8.66102123260498,10.880669593811035,26.59951400756836,26.037179946899414,10.694063186645508,99.05912780761719
2011-10-28,21.76893424987793,8.667192459106445,10.917776107788086,26.62287139892578,26.037179946899414,10.606210708618164,99.03604125976562
2011-10-31,20.77646255493164,8.32790470123291,10.723998069763184,26.117036819458008,25.398780822753906,10.557737350463867,96.6487045288086
2011-11-01,20.105865478515625,7.933100700378418,10.427138328552246,25.61896514892578,24.63121223449707,10.336587905883789,93.95329284667969
2011-11-02,20.710887908935547,8.167516708374023,10.554947853088379,25.790170669555664,25.117591857910156,10.518354415893555,95.48582458496094
2011-11-03,21.256296157836914,8.309399604797363,10.80645751953125,26.070329666137695,25.733190536499023,10.645598411560059,97.22630310058594
2011-11-04,21.238414764404297,8.198362350463867,10.740486145019531,25.829078674316406,25.53558921813965,10.59712028503418,96.6332778930664
2011-11-07,21.354658126831055,8.24154281616211,10.80645751953125,26.13258934020996,25.596393585205078,10.654683113098145,97.2340087890625
2011-11-08,21.7033634185791,8.395763397216797,10.930147171020508,26.45166015625,25.88518714904785,10.724363327026367,98.48155212402344
2011-11-09,20.743675231933594,7.939273834228516,10.55082893371582,25.689010620117188,24.881999969482422,10.491093635559082,94.84666442871094
2011-11-10,21.10430145263672,7.976283550262451,10.583808898925781,26.054771423339844,25.185991287231445,10.560768127441406,95.73993682861328
2011-11-11,21.536468505859375,8.167516708374023,10.78584098815918,26.513927459716797,25.78638458251953,10.712240219116211,97.54202270507812
2011-11-14,21.25331687927246,8.000959396362305,10.70337963104248,26.334924697875977,25.62679100036621,10.585001945495605,96.61788940429688
2011-11-15,21.22947883605957,8.037971496582031,10.847683906555176,26.397188186645508,25.778785705566406,10.60318374633789,97.0953598022461
2011-11-16,20.91057777404785,7.840569496154785,10.686884880065918,25.891332626342773,25.398780822753906,10.475946426391602,95.55514526367188
2011-11-17,20.4337100982666,7.6863508224487305,10.480735778808594,25.61896514892578,24.957996368408203,10.421409606933594,94.03802490234375
2011-11-18,20.311513900756836,7.711023330688477,10.394152641296387,25.564489364624023,25.01879119873047,10.494119644165039,93.93793487548828
2011-11-21,19.947900772094727,7.519789218902588,10.212738037109375,25.074214935302734,24.441211700439453,10.363853454589844,92.1512451171875
2011-11-22,19.760129928588867,7.451930999755859,10.196248054504395,25.1364688873291,24.281604766845703,10.236612319946289,91.789306640625
2011-11-23,19.161075592041016,7.248361110687256,9.952987670898438,24.77071189880371,23.71922492980957,10.076050758361816,89.76390838623047
2011-11-25,19.023971557617188,7.26686954498291,9.899385452270508,24.67732048034668,23.681222915649414,10.127552032470703,89.59449005126953
2011-11-28,19.736291885375977,7.482775688171387,10.225107192993164,25.338809967041016,24.47921371459961,10.254792213439941,92.18981170654297
2011-11-29,20.019428253173828,7.445762634277344,10.171504974365234,25.447763442993164,24.502010345458984,10.36688232421875,92.45162963867188
2011-11-30,21.122182846069336,7.902254581451416,10.563194274902344,26.366060256958008,25.755979537963867,10.666800498962402,96.25593566894531
2011-12-01,21.005945205688477,7.859077453613281,10.620917320251465,26.404977798461914,25.672382354736328,10.63650131225586,96.24054718017578
2011-12-02,20.988061904907227,7.963943004608154,10.6126708984375,26.078115463256836,25.619190216064453,10.527443885803223,96.15581512451172
2011-12-05,21.24736213684082,8.124332427978516,10.7322416305542,26.124807357788086,25.892791748046875,10.609240531921387,97.20315551757812
2011-12-06,21.244375228881836,8.130505561828613,10.728116035461426,26.233760833740234,25.88518714904785,10.639534950256348,97.2340087890625
2011-12-07,21.041717529296875,8.229203224182129,10.740486145019531,26.428316116333008,25.87758445739746,10.624385833740234,97.59593200683594
2011-12-08,20.45456886291504,7.90842342376709,10.57144546508789,25.93804168701172,25.239200592041016,10.469881057739258,95.45502471923828
2011-12-09,20.919517517089844,8.081154823303223,10.736361503601074,26.31935691833496,25.816787719726562,10.60318374633789,97.0722427368164
2011-12-12,20.43073081970215,7.889920234680176,10.600300788879395,26.008073806762695,25.3455867767334,10.512295722961426,95.65526580810547
2011-12-13,20.239986419677734,7.778881072998047,10.501348495483398,25.96137809753418,25.011194229125977,10.551678657531738,94.76193237304688
2011-12-14,19.670724868774414,7.7480363845825195,10.340555191040039,25.945817947387695,24.714799880981445,10.485030174255371,93.75306701660156
2011-12-15,19.587265014648438,7.754204273223877,10.315816879272461,26.233760833740234,24.889602661132812,10.612268447875977,94.09196472167969
2011-12-16,19.795881271362305,7.7852463722229,10.34438705444336,26.14611053466797,24.995174407958984,10.581023216247559,94.23145294189453
2011-12-19,19.448694229125977,7.61141300201416,10.245003700256348,26.14611053466797,24.735050201416016,10.501372337341309,93.22398376464844
2011-12-20,20.24782943725586,7.896998882293701,10.534875869750977,26.693912506103516,25.584285736083984,10.72500228881836,96.04489135742188
2011-12-21,20.47231101989746,7.940457344055176,10.360950469970703,26.866086959838867,25.591941833496094,10.884303092956543,96.23090362548828
2011-12-22,20.71175193786621,8.108078002929688,10.481040000915527,27.061735153198242,25.836772918701172,10.896554946899414,97.0833740234375
2011-12-23,20.83147430419922,8.163957595825195,10.584571838378906,27.233901977539062,26.081588745117188,10.967012405395508,97.95140838623047
2011-12-27,20.885343551635742,8.120500564575195,10.6011323928833,27.296506881713867,26.073942184448242,11.055852890014648,98.02892303466797
2011-12-28,20.487276077270508,7.990126609802246,10.493467330932617,26.999114990234375,25.660795211791992,11.016023635864258,96.74237823486328
2011-12-29,20.699779510498047,8.114291191101074,10.572145462036133,27.194772720336914,25.982133865356445,11.101802825927734,97.74214172363281
2011-12-30,20.6908016204834,8.070830345153809,10.539016723632812,27.147811889648438,25.821460723876953,11.0221529006958,97.26165008544922
2012-01-03,21.265457153320312,8.281911849975586,10.688095092773438,27.499984741210938,26.387624740600586,10.826093673706055,98.81163787841797
2012-01-04,21.310359954833984,8.257081031799316,10.717082977294922,27.3669376373291,26.51004409790039,10.764829635620117,98.96663665771484
2012-01-05,21.208593368530273,8.368828773498535,10.75020980834961,27.445205688476562,26.517684936523438,10.786269187927246,99.23014068603516
2012-01-06,21.0828857421875,8.319165229797363,10.754351615905762,27.492151260375977,26.464130401611328,10.728067398071289,98.974365234375
2012-01-09,21.184648513793945,8.36262321472168,10.737789154052734,27.53910255432129,26.663057327270508,10.743383407592773,99.21466064453125
2012-01-10,21.373201370239258,8.51162338256836,10.775060653686523,27.742591857910156,27.04559898376465,10.758697509765625,100.07489776611328
2012-01-11,21.085878372192383,8.610955238342285,10.808189392089844,27.76605224609375,27.129758834838867,10.709684371948242,100.12913513183594
2012-01-12,20.888341903686523,8.641997337341309,10.862022399902344,27.852142333984375,27.366924285888672,10.694372177124023,100.36936950683594
2012-01-13,20.783588409423828,8.579911231994629,10.799905776977539,27.7269287109375,27.152700424194336,10.688241004943848,99.85015106201172
2012-01-17,20.93024253845215,8.51162338256836,10.84959602355957,27.89909553527832,27.2904109954834,10.679049491882324,100.23762512207031
2012-01-18,21.27444076538086,8.641997337341309,11.006956100463867,28.05560874938965,27.53525733947754,10.675987243652344,101.34586334228516
2012-01-19,21.361244201660156,8.722707748413086,11.085638999938965,28.05560874938965,27.825984954833984,10.587148666381836,101.880615234375
2012-01-20,21.364227294921875,8.778581619262695,11.098062515258789,28.05560874938965,27.665313720703125,10.602463722229004,102.2603759765625
2012-01-23,21.534835815429688,8.809621810913086,11.135329246520996,27.930408477783203,27.63470458984375,10.645356178283691,101.99687194824219
2012-01-24,21.471986770629883,8.79720687866211,11.127046585083008,27.938228607177734,27.665313720703125,10.559579849243164,101.880615234375
2012-01-25,21.735363006591797,8.815832138061523,11.214007377624512,28.141695022583008,27.971345901489258,10.734192848205566,102.73312377929688
2012-01-26,21.439054489135742,8.74133014678955,11.139471054077148,28.016483306884766,27.91779327392578,10.770955085754395,102.20610809326172
2012-01-27,21.394163131713867,8.77237319946289,11.139471054077148,28.03213119506836,27.894834518432617,10.639225006103516,102.15960693359375
2012-01-30,21.29239845275879,8.691662788391113,11.172599792480469,27.992998123168945,27.79537010192871,10.571829795837402,101.81084442138672
2012-01-31,21.15771484375,8.728911399841309,11.193307876586914,28.016483306884766,27.71122169494629,10.623908042907715,101.7721176147461
2012-02-01,21.241525650024414,8.865496635437012,11.305116653442383,28.290393829345703,28.009593963623047,10.66067123413086,102.66333770751953
2012-02-02,21.40314292907715,8.908955574035645,11.33410358428955,28.180824279785156,28.024898529052734,10.642289161682129,102.82608795166016
2012-02-03,21.78026008605957,9.151081085205078,11.479042053222656,28.345163345336914,28.506898880004883,10.669862747192383,104.26759338378906
2012-02-06,22.040653228759766,9.107625007629395,11.483177185058594,28.188648223876953,28.438045501708984,10.623908042907715,104.19786834716797
2012-02-07,22.154380798339844,9.101411819458008,11.512167930603027,28.290393829345703,28.407438278198242,10.700493812561035,104.46134185791016
2012-02-08,22.079557418823242,9.16970443725586,11.582565307617188,28.290393829345703,28.46864128112793,10.712754249572754,104.77135467529297
2012-02-09,22.082565307617188,9.132457733154297,11.694374084472656,28.141695022583008,28.545150756835938,10.682114601135254,104.903076171875
2012-02-10,21.8610782623291,9.045539855957031,11.607414245605469,28.024309158325195,28.285024642944336,10.66067123413086,104.12811279296875
2012-02-13,22.0346622467041,9.12624740600586,11.681952476501465,28.235618591308594,28.629304885864258,10.648417472839355,104.903076171875
2012-02-14,22.073575973510742,9.039329528808594,11.702657699584961,28.352989196777344,28.52985382080078,10.651479721069336,104.77135467529297
2012-02-15,22.03766632080078,8.983454704284668,11.640541076660156,28.29821014404297,28.154966354370117,10.63003921508789,104.28308868408203
2012-02-16,22.324996948242188,9.12624740600586,11.810325622558594,28.454721450805664,28.41508674621582,10.743383407592773,105.43785095214844
2012-02-17,22.408794403076172,9.182120323181152,11.810325622558594,28.360830307006836,28.522197723388672,10.73725700378418,105.71685791015625
2012-02-21,22.561445236206055,9.17591667175293,11.860020637512207,28.157346725463867,28.621660232543945,10.697431564331055,105.76335144042969
2012-02-22,22.612327575683594,9.057957649230957,11.818609237670898,28.157346725463867,28.591045379638672,10.709684371948242,105.42233276367188
2012-02-23,22.726058959960938,9.138666152954102,11.864161491394043,28.180824279785156,28.682865142822266,10.700493812561035,105.88733673095703
2012-02-24,22.815845489501953,9.107625007629395,11.93455696105957,28.321691513061523,28.675230026245117,10.74644660949707,106.11984252929688
2012-02-27,22.744014739990234,9.17591667175293,11.955265045166016,28.376476287841797,28.698162078857422,10.743383407592773,106.29808044433594
2012-02-28,22.669185638427734,9.20074462890625,12.04222583770752,28.48602294921875,28.659900665283203,10.691306114196777,106.60806274414062
2012-02-29,22.411788940429688,9.163497924804688,11.988394737243652,28.313861846923828,28.483951568603516,10.688241004943848,106.18958282470703
2012-03-01,22.62728500366211,9.262829780578613,12.058788299560547,28.46255111694336,28.58340072631836,10.715810775756836,106.73979187011719
2012-03-02,22.369888305664062,9.231789588928223,12.04222583770752,28.415611267089844,28.41508674621582,10.709684371948242,106.414306640625
2012-03-05,22.22621726989746,9.194535255432129,11.938694953918457,28.352989196777344,28.216167449951172,10.734192848205566,105.98033905029297
2012-03-06,21.864072799682617,8.971039772033691,11.822746276855469,27.98518180847168,27.58115005493164,10.691306114196777,104.43035888671875
2012-03-07,22.046646118164062,9.082788467407227,11.909710884094238,28.11039161682129,27.864234924316406,10.697431564331055,105.15882110595703
2012-03-08,22.22621726989746,9.16970443725586,12.029801368713379,28.423439025878906,28.26207733154297,10.73112964630127,106.20507049560547
2012-03-09,22.205272674560547,9.244203567504883,12.083637237548828,28.54082679748535,28.32327651977539,10.774018287658691,106.61582946777344
2012-03-12,22.082565307617188,9.219372749328613,12.10019588470459,28.54082679748535,28.31562614440918,10.896554946899414,106.62357330322266
2012-03-13,22.348941802978516,9.573246955871582,12.340381622314453,28.947755813598633,28.90473175048828,10.933313369750977,108.5455322265625
2012-03-14,22.13344383239746,9.585661888122559,12.385932922363281,28.939937591552734,28.835880279541016,10.770955085754395,108.4292984008789
2012-03-15,22.16935157775879,9.753292083740234,12.419059753417969,28.986888885498047,29.180160522460938,10.761762619018555,109.05706024169922
2012-03-16,22.47431755065918,9.790654182434082,12.41324520111084,28.983734130859375,29.19324493408203,10.753105163574219,109.20803833007812
2012-03-19,22.576475143432617,9.840485572814941,12.50464153289795,28.97588348388672,29.19324493408203,10.678905487060547,109.63615417480469
2012-03-20,22.23695182800293,9.89030647277832,12.492179870605469,28.826433181762695,28.855030059814453,10.691274642944336,109.31700897216797
2012-03-21,21.97256088256836,9.846709251403809,12.48802661895752,28.81069564819336,28.839662551879883,10.66962718963623,109.1380386352539
2012-03-22,21.476802825927734,9.715919494628906,12.458946228027344,28.716327667236328,28.516834259033203,10.694363594055176,108.35185241699219
2012-03-23,21.711166381835938,9.796884536743164,12.458946228027344,28.802841186523438,28.562946319580078,10.697455406188965,108.70207977294922
2012-03-26,21.87340545654297,9.952589988708496,12.641738891601562,29.30622100830078,28.985702514648438,10.771657943725586,110.22774505615234
2012-03-27,21.654064178466797,9.859167098999023,12.637580871582031,29.361268997192383,28.893470764160156,10.824213027954102,109.88525390625
2012-03-28,21.38365364074707,9.88408088684082,12.591885566711426,29.298358917236328,28.616756439208984,10.734554290771484,109.34039306640625
2012-03-29,21.38365364074707,9.784435272216797,12.566954612731934,29.361268997192383,28.632129669189453,10.777840614318848,109.15357971191406
2012-03-30,21.557920455932617,9.840485572814941,12.529573440551758,29.581501007080078,28.762786865234375,10.83349323272705,109.60501861572266
2012-04-02,21.76824188232422,9.915220260620117,12.662508010864258,29.683746337890625,28.947265625,10.889142990112305,110.40680694580078
2012-04-03,21.578962326049805,9.859167098999023,12.654197692871094,29.668041229248047,28.739736557006836,10.882960319519043,109.955322265625
2012-04-04,21.30253028869629,9.703465461730957,12.50464153289795,29.510705947875977,28.53220558166504,10.867502212524414,108.86558532714844
2012-04-05,21.182350158691406,9.67855453491211,12.533720970153809,29.502859115600586,28.416902542114258,10.787116050720215,108.81107330322266
2012-04-09,20.914939880371094,9.52907657623291,12.446481704711914,29.13317108154297,27.95572280883789,10.731461524963379,107.58901977539062
2012-04-10,20.50330924987793,9.3235445022583,12.271995544433594,28.802841186523438,27.38691520690918,10.59233283996582,105.78313446044922
2012-04-11,20.509323120117188,9.473015785217285,12.342625617980957,28.905086517333984,27.694377899169922,10.617066383361816,106.63935852050781
2012-04-12,20.95699691772461,9.64741325378418,12.49633502960205,29.062397003173828,28.286237716674805,10.651078224182129,108.03263854980469
2012-04-13,20.641523361206055,9.423197746276855,12.301078796386719,28.77138900756836,27.924964904785156,10.613975524902344,106.74833679199219
2012-04-16,20.50330924987793,9.491705894470215,12.172289848327637,28.779247283935547,28.0018367767334,10.712909698486328,106.67830657958984
2012-04-17,20.836814880371094,9.616263389587402,12.438170433044434,29.203981399536133,28.463014602661133,10.768566131591797,108.25840759277344
2012-04-18,20.794757843017578,9.55398941040039,12.346776008605957,29.125314712524414,28.340049743652344,10.75001335144043,107.89260864257812
2012-04-19,20.767715454101562,9.510387420654297,12.209683418273926,29.172496795654297,28.024892807006836,10.722187042236328,107.19981384277344
2012-04-20,20.719646453857422,9.460566520690918,12.163986206054688,29.32981300354004,28.2631778717041,10.827310562133789,107.37886810302734
2012-04-23,20.6986083984375,9.392056465148926,12.068432807922363,29.101720809936523,27.948030471801758,10.780933380126953,106.47589874267578
2012-04-24,20.85184097290039,9.49793529510498,12.04350757598877,29.203981399536133,28.316978454589844,10.855134010314941,106.88066864013672
2012-04-25,21.05915069580078,9.578898429870605,12.38416576385498,29.510705947875977,28.37079429626465,10.910785675048828,108.34403228759766
2012-04-26,21.2814998626709,9.659866333007812,12.479714393615723,29.502859115600586,28.539886474609375,10.97261905670166,109.09912109375
2012-04-27,21.27248764038086,9.666092872619629,12.475564002990723,29.518579483032227,28.7166690826416,11.009724617004395,109.27815246582031
2012-04-30,21.404678344726562,9.610042572021484,12.388322830200195,29.502859115600586,28.447647094726562,11.025181770324707,108.87335968017578
2012-05-01,21.711166381835938,9.709692001342773,12.429862976074219,29.61296272277832,28.53220558166504,11.080835342407227,109.55059051513672
2012-05-02,21.35661506652832,9.634955406188965,12.438170433044434,29.557918548583984,28.539886474609375,11.015902519226074,109.22367858886719
2012-05-03,21.002071380615234,9.55398941040039,12.334314346313477,29.447797775268555,28.309293746948242,10.981897354125977,108.39076232910156
2012-05-04,20.521339416503906,9.404508590698242,12.076737403869629,29.062397003173828,27.901901245117188,10.997356414794922,106.63935852050781
2012-05-07,20.461244583129883,9.460566520690918,12.04350757598877,29.125314712524414,27.825044631958008,10.975713729858398,106.71724700927734
2012-05-08,20.395145416259766,9.398284912109375,12.001964569091797,29.13317108154297,27.755874633789062,10.994263648986816,106.2890853881836
2012-05-09,20.29599380493164,9.29240608215332,12.001964569091797,28.936548233032227,27.43303680419922,11.000446319580078,105.65860748291016
2012-05-10,20.383129119873047,9.32977294921875,11.910565376281738,29.14104652404785,27.47146987915039,11.102468490600586,105.8765640258789
2012-05-11,20.23289680480957,9.223891258239746,11.918876647949219,29.109582901000977,27.417652130126953,11.108660697937012,105.55743408203125
2012-05-14,19.89638328552246,9.037052154541016,11.815019607543945,29.015209197998047,27.102519989013672,11.096291542053223,104.38984680175781
2012-05-15,19.565876007080078,8.987226486206055,11.781781196594238,28.8421688079834,26.964170455932617,11.01899528503418,103.79044342041016
2012-05-16,19.454715728759766,8.856433868408203,11.686232566833496,28.88935661315918,26.933414459228516,11.034455299377441,103.39349365234375
2012-05-17,19.33152198791504,8.675817489624023,11.520054817199707,28.62194061279297,26.35693359375,10.97261905670166,101.86007690429688
2012-05-18,19.211334228515625,8.576168060302734,11.412043571472168,28.370243072509766,26.226261138916016,10.950979232788086,100.98827362060547
2012-05-21,19.65301513671875,8.657133102416992,11.694543838500977,28.64553451538086,26.810436248779297,10.963346481323242,102.72407531738281
2012-05-22,19.60494041442871,8.725643157958984,11.657153129577637,28.566877365112305,26.910350799560547,11.040640830993652,102.90312957763672
2012-05-23,19.677053451538086,8.756778717041016,11.669615745544434,28.4410343170166,27.056396484375,10.981897354125977,102.95761108398438
2012-05-24,19.66202735900879,8.76301383972168,11.603141784667969,28.716327667236328,27.025650024414062,11.025181770324707,103.15997314453125
2012-05-25,19.568876266479492,8.73187255859375,11.578218460083008,28.64553451538086,26.84117317199707,11.062283515930176,102.82528686523438
2012-05-29,19.89638328552246,8.856433868408203,11.731927871704102,28.739913940429688,27.202438354492188,11.096291542053223,104.07070922851562
2012-05-30,19.286453247070312,8.650904655456543,11.657153129577637,28.57474708557129,26.748943328857422,11.028271675109863,102.56060791015625
2012-05-31,19.118196487426758,8.725643157958984,11.603141784667969,28.43317413330078,26.649011611938477,11.087016105651855,102.33488464355469
2012-06-01,18.640466690063477,8.401778221130371,11.299877166748047,27.929777145385742,25.911115646362305,11.040640830993652,99.75841522216797
2012-06-04,18.62544059753418,8.32081127166748,11.36634635925293,27.992719650268555,25.64208984375,11.077740669250488,99.71171569824219
2012-06-05,18.784683227539062,8.457830429077148,11.436969757080078,28.150012969970703,25.71894073486328,11.117929458618164,100.46673583984375
2012-06-06,19.364572525024414,8.706955909729004,11.698695182800293,28.590469360351562,26.403051376342773,11.272522926330566,102.72407531738281
2012-06-07,19.376588821411133,8.700732231140137,11.640531539916992,28.606199264526367,26.549089431762695,11.359092712402344,102.78633117675781
2012-06-08,19.379596710205078,8.806610107421875,11.769317626953125,28.779247283935547,26.748943328857422,11.383828163146973,103.60365295410156
2012-06-11,19.115196228027344,8.644675254821777,11.603141784667969,28.527555465698242,26.403051376342773,11.374549865722656,102.2881851196289
2012-06-12,19.385610580444336,8.775469779968262,11.719464302062988,28.794981002807617,26.825803756713867,11.386916160583496,103.46353149414062
2012-06-13,19.13922691345215,8.744325637817383,11.648839950561523,28.763507843017578,26.556781768798828,11.390005111694336,102.8019027709961
2012-06-14,19.43968391418457,8.850205421447754,11.707006454467773,29.196096420288086,26.764312744140625,11.467299461364746,103.89163970947266
2012-06-15,19.811338424682617,8.974116325378418,11.831703186035156,29.30601692199707,26.999086380004883,11.52409553527832,104.9542007446289
2012-06-18,19.63320541381836,8.924054145812988,11.91928482055664,29.50371551513672,27.060871124267578,11.567781448364258,105.15760803222656
2012-06-19,19.91700553894043,9.074246406555176,12.011032104492188,29.77257537841797,27.423851013183594,11.542817115783691,106.17477416992188
2012-06-20,19.83851432800293,9.093021392822266,12.03188705444336,29.69350242614746,27.27711296081543,11.430480003356934,106.00264739990234
2012-06-21,19.026365280151367,8.89276123046875,11.748291969299316,29.282297134399414,26.74424171447754,11.31190013885498,103.62410736083984
2012-06-22,19.15317726135254,8.974116325378418,11.877575874328613,29.590688705444336,26.83690643310547,11.315021514892578,104.42216491699219
2012-06-25,18.72446060180664,8.786373138427734,11.635690689086914,29.226951599121094,26.34264373779297,11.293173789978027,102.74774932861328
2012-06-26,18.926738739013672,8.830183029174805,11.681564331054688,29.313932418823242,26.388986587524414,11.308780670166016,103.2641372680664
2012-06-27,19.319223403930664,8.936570167541504,11.752463340759277,29.630247116088867,26.643827438354492,11.436718940734863,104.19524383544922
2012-06-28,19.452068328857422,8.930304527282715,11.656542778015137,29.495813369750977,26.620668411254883,11.477288246154785,103.89791870117188
2012-06-29,20.03777503967285,9.161860466003418,11.981842041015625,30.057252883911133,27.54740333557129,11.542817115783691,106.48776245117188
2012-07-02,20.046833038330078,9.218181610107422,12.048566818237305,30.152145385742188,27.308006286621094,11.614590644836426,106.80854034423828
2012-07-03,20.52686882019043,9.268243789672852,12.144487380981445,30.144235610961914,27.593751907348633,11.586503982543945,107.51273345947266
2012-07-05,20.258155822753906,9.13056755065918,12.144487380981445,29.95444679260254,27.562856674194336,11.517853736877441,107.02759552001953
2012-07-06,20.01361656188965,9.055471420288086,11.965155601501465,29.756765365600586,27.192153930664062,11.492890357971191,106.01043701171875
2012-07-09,19.923038482666016,9.042957305908203,11.94013500213623,29.914913177490234,27.176713943481445,11.45544147491455,105.87748718261719
2012-07-10,19.61207389831543,8.974116325378418,11.806678771972656,29.77257537841797,26.736509323120117,11.474166870117188,104.9542007446289
2012-07-11,19.877761840820312,9.049215316772461,11.752463340759277,29.748870849609375,26.5202693939209,11.53345775604248,104.9698715209961
2012-07-12,19.811338424682617,8.955340385437012,11.635690689086914,29.820030212402344,26.419872283935547,11.549059867858887,104.46128845214844
2012-07-13,20.15853500366211,9.205666542053223,11.789997100830078,30.152145385742188,26.92958641052246,11.652034759521484,106.21387481689453
2012-07-16,20.224950790405273,9.186888694763184,11.777485847473145,30.207496643066406,26.74424171447754,11.645792961120605,105.9635238647461
2012-07-17,20.47856330871582,9.236957550048828,11.82336139678955,30.594980239868164,26.860074996948242,11.670760154724121,106.69117736816406
2012-07-18,20.656681060791016,9.19314956665039,12.027711868286133,30.64242172241211,27.362070083618164,11.708207130432129,107.48139953613281
2012-07-19,20.720083236694336,9.136829376220703,12.131978034973145,30.64242172241211,27.493350982666016,11.730050086975098,107.7630386352539
2012-07-20,20.76839256286621,8.99914836883545,11.994353294372559,30.247045516967773,27.153541564941406,11.755011558532715,106.77721405029297
2012-07-23,20.569129943847656,8.924054145812988,11.877575874328613,29.891183853149414,27.01453971862793,11.67699909210205,105.69749450683594
2012-07-24,20.24004554748535,8.899019241333008,11.756633758544922,29.55907440185547,26.713342666625977,11.57402229309082,104.78987884521484
2012-07-25,20.255138397216797,8.930304527282715,11.710758209228516,29.7014102935791,26.806013107299805,11.567781448364258,104.81334686279297
2012-07-26,20.831790924072266,9.06799030303955,11.890087127685547,29.98607635498047,27.215328216552734,11.748774528503418,106.54253387451172
2012-07-27,21.200124740600586,9.236957550048828,12.148655891418457,30.70569610595703,27.80999183654785,11.886075019836426,108.50639343261719
2012-07-30,21.260501861572266,9.218181610107422,12.152827262878418,30.54752540588379,27.73276138305664,11.929764747619629,108.50639343261719
2012-07-31,21.028026580810547,9.174371719360352,12.202874183654785,30.357742309570312,27.655532836914062,11.833023071289062,107.74748229980469
2012-08-01,21.13068199157715,9.13056755065918,12.161169052124023,30.373559951782227,27.47017478942871,11.742535591125488,107.65348052978516
2012-08-02,20.77745246887207,9.061726570129395,12.08193302154541,30.080970764160156,27.331157684326172,11.67699909210205,106.91024017333984
2012-08-03,21.26654815673828,9.274505615234375,12.319647789001465,30.436832427978516,27.925832748413086,11.814298629760742,109.03063201904297
2012-08-06,21.32390594482422,9.312057495117188,12.407232284545898,30.444734573364258,27.925832748413086,11.786215782165527,109.24188232421875
2012-08-07,21.643939971923828,9.349600791931152,12.490640640258789,30.373559951782227,28.211572647094727,11.664518356323242,109.78961944580078
2012-08-08,21.662044525146484,9.349600791931152,12.4948091506958,30.484272003173828,28.17295265197754,11.680124282836914,109.92254638671875
2012-08-09,21.809982299804688,9.343344688415527,12.536517143249512,30.46845245361328,28.196123123168945,11.680124282836914,110.0164794921875
2012-08-10,21.84922981262207,9.349600791931152,12.565707206726074,30.594980239868164,28.327411651611328,11.714447975158691,110.19642639160156
2012-08-13,21.767717361450195,9.355865478515625,12.60324478149414,30.515913009643555,28.265634536743164,11.70196533203125,110.14163970947266
2012-08-14,21.728471755981445,9.343344688415527,12.578224182128906,30.594980239868164,28.227022171020508,11.68947982788086,110.15731811523438
2012-08-15,21.725446701049805,9.3746337890625,12.582391738891602,30.66615867614746,28.288806915283203,11.633313179016113,110.28250122070312
2012-08-16,21.91867446899414,9.437217712402344,12.753381729125977,30.587081909179688,28.574556350708008,11.605229377746582,111.0962142944336
2012-08-17,21.90961456298828,9.468507766723633,12.82427978515625,30.428926467895508,28.71354866027832,11.57402229309082,111.244873046875
2012-08-20,21.834142684936523,9.493541717529297,12.83679485321045,30.492185592651367,28.65178108215332,11.595867156982422,111.25271606445312
2012-08-21,21.764694213867188,9.524832725524902,12.753381729125977,30.389379501342773,28.589998245239258,11.511611938476562,110.916259765625
2012-08-22,21.846214294433594,9.512312889099121,12.774231910705566,30.413110733032227,28.450986862182617,11.492890357971191,110.96327209472656
2012-08-23,21.60468864440918,9.418441772460938,12.669973373413086,30.373559951782227,28.21929931640625,11.374307632446289,110.05564880371094
2012-08-24,21.73149299621582,9.468507766723633,12.749214172363281,30.6345157623291,28.350589752197266,11.427358627319336,110.72063446044922
2012-08-27,21.74054718017578,9.462249755859375,12.761722564697266,30.66615867614746,28.265634536743164,11.452322006225586,110.74412536621094
2012-08-28,21.75563621520996,9.449729919433594,12.732529640197754,30.618701934814453,28.157512664794922,11.430480003356934,110.63455200195312
2012-08-29,21.610721588134766,9.468507766723633,12.757554054260254,30.72150230407715,28.14978790283203,11.41175651550293,110.72063446044922
2012-08-30,21.381269454956055,9.418441772460938,12.615755081176758,30.618701934814453,27.91037940979004,11.355583190917969,109.92254638671875
2012-08-31,21.59562873840332,9.48728084564209,12.715847969055176,30.713600158691406,28.080289840698242,11.343103408813477,110.44684600830078
2012-09-04,21.429580688476562,9.48728084564209,12.715847969055176,30.7768611907959,27.786813735961914,11.386791229248047,110.34505462646484
2012-09-05,21.34805679321289,9.48728084564209,12.70333480834961,30.784751892089844,27.709592819213867,11.33686637878418,110.25119018554688
2012-09-06,21.79790496826172,9.71257209777832,12.986928939819336,31.275047302246094,28.33513069152832,11.464807510375977,112.48892211914062
2012-09-07,22.175296783447266,9.812705039978027,12.966075897216797,31.25922966003418,28.574556350708008,11.427358627319336,112.92709350585938
2012-09-10,22.07868194580078,9.731343269348145,12.828446388244629,31.148527145385742,28.389202117919922,11.414876937866211,112.28547668457031
2012-09-11,22.31416893005371,9.812705039978027,12.861811637878418,31.164323806762695,28.543663024902344,11.386791229248047,112.59845733642578
2012-09-12,22.450029373168945,9.850251197814941,12.932714462280273,31.180158615112305,28.65949249267578,11.321261405944824,112.97404479980469
2012-09-13,22.815340042114258,10.106833457946777,13.107873916625977,31.49646759033203,28.983856201171875,11.480411529541016,114.69539642333984
2012-09-14,23.11724853515625,10.188190460205078,13.170431137084961,31.36994171142578,29.16149139404297,11.402393341064453,115.20391845703125
2012-09-17,22.942138671875,10.094316482543945,13.182947158813477,31.551822662353516,29.022472381591797,11.330620765686035,114.812744140625
2012-09-18,22.77910614013672,10.0442533493042,13.191282272338867,31.65460968017578,29.030202865600586,11.29629898071289,114.71882629394531
2012-09-19,22.558725357055664,10.037992477416992,13.2037935256958,31.686248779296875,29.099721908569336,11.308780670166016,114.7813949584961
2012-09-20,22.62212371826172,9.981672286987305,13.17877197265625,31.82068634033203,28.82167625427246,11.355583190917969,114.78925323486328
2012-09-21,22.64759635925293,9.947736740112305,13.195521354675293,31.939088821411133,28.736173629760742,11.362205505371094,114.74124908447266
2012-09-24,22.532350540161133,9.954023361206055,13.111767768859863,32.0265007019043,28.736173629760742,11.469429969787598,114.5682373046875
2012-09-25,22.28671646118164,9.803203582763672,12.927510261535645,32.00265884399414,28.355310440063477,11.44420051574707,113.34893798828125
2012-09-26,22.07442283630371,9.740362167358398,12.83537769317627,31.835771560668945,28.246492385864258,11.469429969787598,112.71183013916016
2012-09-27,22.374662399291992,9.828337669372559,13.002886772155762,32.018558502197266,28.510765075683594,11.422126770019531,113.77371978759766
2012-09-28,22.268522262573242,9.796921730041504,12.910755157470703,31.883453369140625,28.394163131713867,11.47573471069336,113.24674987792969
2012-10-01,22.380725860595703,9.840906143188477,12.881438255310059,32.07419967651367,28.526315689086914,11.422126770019531,113.54563903808594
2012-10-02,22.42015266418457,9.859761238098145,12.89819622039795,32.21723556518555,28.479679107666016,11.482048034667969,113.66365051269531
2012-10-03,22.144180297851562,9.947736740112305,12.965197563171387,32.4874267578125,28.627357482910156,11.538806915283203,114.12767791748047
2012-10-04,22.36556053161621,10.098552703857422,13.002886772155762,32.68609619140625,28.790586471557617,11.605032920837402,114.94580078125
2012-10-05,22.31399917602539,10.092273712158203,12.935883522033691,32.7178840637207,28.88385772705078,11.586111068725586,114.95367431640625
2012-10-08,22.350400924682617,10.085988998413086,12.801880836486816,32.69404602050781,28.81391143798828,11.605032920837402,114.56033325195312
2012-10-09,22.380725860595703,10.023146629333496,12.638556480407715,32.29670715332031,28.479679107666016,11.58295726776123,113.42762756347656
2012-10-10,21.96221923828125,10.016860961914062,12.588303565979004,32.058284759521484,28.215389251708984,11.564033508300781,112.70399475097656
2012-10-11,22.125991821289062,10.073419570922852,12.538049697875977,32.082130432128906,28.30088996887207,11.576647758483887,112.7668685913086
2012-10-12,22.00467872619629,9.93516731262207,12.52967357635498,32.03445816040039,28.331987380981445,11.51042366027832,112.3971939086914
2012-10-15,22.116886138916016,10.048282623291016,12.592491149902344,32.495384216308594,28.526315689086914,11.557729721069336,113.333251953125
2012-10-16,22.468664169311523,10.11112117767334,12.764185905456543,32.84505081176758,28.829444885253906,11.601881980895996,114.4817123413086
2012-10-17,22.750703811645508,10.24308967590332,12.697183609008789,32.84505081176758,29.000450134277344,11.74378490447998,115.00078582763672
2012-10-18,22.747682571411133,10.261943817138672,12.550615310668945,32.85301971435547,29.08594512939453,11.79739761352539,114.70195007324219
2012-10-19,22.38982582092285,10.123692512512207,12.265846252441406,32.26491165161133,28.596267700195312,11.702789306640625,112.79048156738281
2012-10-22,22.27762222290039,10.123692512512207,12.349602699279785,32.28876876831055,28.518535614013672,11.67125415802002,112.80622863769531
2012-10-23,21.759033203125,9.954023361206055,12.215593338012695,31.859621047973633,28.2309513092041,11.564033508300781,111.24089050292969
2012-10-24,21.592243194580078,9.954023361206055,12.144401550292969,31.915258407592773,28.052160263061523,11.478891372680664,110.92626190185547
2012-10-25,21.795429229736328,9.979154586791992,12.119278907775879,32.1695556640625,28.207632064819336,11.535654067993164,111.24877166748047
2012-10-26,21.822721481323242,9.928887367248535,12.140214920043945,32.04241180419922,28.2309513092041,11.535654067993164,111.18580627441406
2012-10-31,21.81665802001953,9.99172592163086,12.08996295928955,31.811925888061523,28.363088607788086,11.636568069458008,111.18580627441406
2012-11-01,21.91067123413086,10.117411613464355,12.286785125732422,32.07419967651367,28.86830711364746,11.513580322265625,112.3499984741211
2012-11-02,21.54978370666504,10.054569244384766,12.127654075622559,31.899349212646484,28.627357482910156,11.43474292755127,111.35102081298828
2012-11-05,21.713542938232422,10.03571605682373,12.194655418395996,31.915258407592773,28.782808303833008,11.248680114746094,111.57915496826172
2012-11-06,22.062294006347656,10.148829460144043,12.249098777770996,31.9470272064209,29.09374237060547,11.254989624023438,112.45222473144531
2012-11-07,21.48610496520996,9.809488296508789,11.94339370727539,31.41458511352539,28.40972328186035,11.018473625183105,109.90367126464844
2012-11-08,21.097932815551758,9.727794647216797,11.771700859069824,31.041080474853516,28.114347457885742,10.999549865722656,108.58216094970703
2012-11-09,21.091856002807617,9.740362167358398,11.826138496398926,31.128496170043945,28.192073822021484,10.933328628540039,108.67659759521484
2012-11-12,21.134319305419922,9.759212493896484,11.809382438659668,31.287433624267578,28.269805908203125,10.841872215270996,108.76313018798828
2012-11-13,21.046371459960938,9.690086364746094,11.75075626373291,31.168237686157227,28.192073822021484,10.882872581481934,108.38554382324219
2012-11-14,20.791635513305664,9.520417213439941,11.633502006530762,30.794721603393555,27.53137969970703,10.8071870803833,106.92247009277344
2012-11-15,20.818927764892578,9.53927230834961,11.566497802734375,30.707307815551758,27.53137969970703,10.744112968444824,106.7415542602539
2012-11-16,20.90080451965332,9.602109909057617,11.583248138427734,30.9377498626709,27.609106063842773,10.835567474365234,107.26856994628906
2012-11-19,21.382993698120117,9.784350395202637,11.901518821716309,31.263587951660156,28.12989616394043,10.845026969909668,109.4395751953125
2012-11-20,21.298084259033203,9.834625244140625,11.851261138916016,31.438425064086914,28.153213500976562,10.826106071472168,109.48677062988281
2012-11-21,21.413320541381836,9.834625244140625,11.888952255249023,31.41458511352539,28.192073822021484,10.77880573272705,109.69131469726562
2012-11-23,21.716575622558594,9.954023361206055,12.081589698791504,31.803983688354492,28.557405471801758,10.750420570373535,111.18580627441406
2012-11-26,21.504301071166992,9.916316032409668,12.136030197143555,31.660940170288086,28.58072280883789,10.886026382446289,110.94984436035156
2012-11-27,21.32537269592285,9.828337669372559,12.081589698791504,31.470216751098633,28.518535614013672,10.914403915405273,110.38348388671875
2012-11-28,21.519460678100586,9.866040229797363,12.152782440185547,31.716567993164062,28.759496688842773,10.958556175231934,111.27237701416016
2012-11-29,21.567989349365234,9.916316032409668,12.211407661437988,31.939088821411133,28.9227237701416,11.021621704101562,111.79151153564453
2012-11-30,21.54978370666504,9.90374755859375,12.198841094970703,31.978822708129883,28.86054801940918,11.138300895690918,111.8150863647461
2012-12-03,21.4315185546875,9.866040229797363,12.182095527648926,31.907289505004883,28.549633026123047,11.068927764892578,111.26451110839844
2012-12-04,21.352670669555664,9.840906143188477,12.161154747009277,31.978822708129883,28.658458709716797,11.012162208557129,111.10716247558594
2012-12-05,21.501256942749023,9.960307121276855,12.039709091186523,32.082130432128906,28.96158790588379,11.179300308227539,111.30380249023438
2012-12-06,21.57101058959961,9.99172592163086,12.110902786254883,32.066246032714844,28.953821182250977,11.172996520996094,111.68138122558594
2012-12-07,21.701414108276367,10.073419570922852,12.048083305358887,32.1695556640625,29.140369415283203,11.182456970214844,112.01961517333984
2012-12-10,21.677160263061523,10.048282623291016,12.077397346496582,32.30464553833008,29.288047790527344,11.185614585876465,112.06681060791016
2012-12-11,21.80452537536621,10.098552703857422,12.24071979522705,32.64636993408203,29.350236892700195,11.21083927154541,112.82981872558594
2012-12-12,21.883378982543945,10.142542839050293,12.219783782958984,32.598697662353516,29.396869659423828,11.191912651062012,112.88488006591797
2012-12-13,21.680185317993164,10.092273712158203,12.131843566894531,32.320552825927734,29.303604125976562,11.147768020629883,112.19268798828125
2012-12-14,21.59830093383789,10.054569244384766,12.014582633972168,32.19340133666992,29.241409301757812,11.103620529174805,111.77578735351562
2012-12-17,21.795429229736328,10.261943817138672,12.161154747009277,32.44770431518555,29.51347541809082,11.273911476135254,113.08940887451172
2012-12-18,22.195730209350586,10.412762641906738,12.341226577758789,32.70200729370117,29.89432716369629,11.352750778198242,114.3479995727539
2012-12-19,22.044103622436523,10.349916458129883,12.278410911560059,32.352333068847656,29.731088638305664,11.267603874206543,113.49840545654297
2012-12-20,22.19270133972168,10.494454383850098,12.299351692199707,32.400001525878906,29.88655662536621,11.30229377746582,114.15128326416016
2012-12-21,21.967449188232422,10.370513916015625,12.193216323852539,32.12755584716797,29.698650360107422,11.260831832885742,113.1151351928711
2012-12-24,21.799802780151367,10.351544380187988,12.159516334533691,31.99970054626465,29.61250877380371,11.212995529174805,112.76658630371094
2012-12-26,21.7022705078125,10.351544380187988,12.092127799987793,31.887849807739258,29.51072883605957,11.117321014404297,112.29129028320312
2012-12-27,21.662635803222656,10.313605308532715,12.079490661621094,31.83991241455078,29.4637451171875,11.098185539245605,112.1407470703125
2012-12-28,21.284677505493164,10.231400489807129,11.944717407226562,31.5283145904541,29.14272117614746,10.986568450927734,110.92870330810547
2012-12-31,21.769319534301758,10.364192962646484,12.151095390319824,31.863882064819336,29.675153732299805,11.136456489562988,112.8141098022461
2013-01-02,22.25091552734375,10.667717933654785,12.555429458618164,32.49509048461914,30.387666702270508,11.340561866760254,115.70558166503906
2013-01-03,22.244821548461914,10.655070304870605,12.4754056930542,32.53505325317383,30.4033260345459,11.340561866760254,115.44418334960938
2013-01-04,22.491714477539062,10.781540870666504,12.424860954284668,32.67886734008789,30.63039779663086,11.397965431213379,115.95118713378906
2013-01-07,22.31798553466797,10.756247520446777,12.408012390136719,32.78273010253906,30.497285842895508,11.286348342895508,115.63427734375
2013-01-08,22.244821548461914,10.724627494812012,12.36168384552002,32.79072952270508,30.262380599975586,11.251264572143555,115.30152130126953
2013-01-09,22.208248138427734,10.711983680725098,12.382741928100586,33.15027618408203,30.567747116088867,11.228940963745117,115.59467315673828
2013-01-10,22.40941619873047,10.844780921936035,12.445918083190918,33.38197708129883,30.71652603149414,11.276775360107422,116.51361846923828
2013-01-11,22.436857223510742,10.819480895996094,12.4627685546875,33.373992919921875,30.60691261291504,11.28953742980957,116.50569152832031
2013-01-14,22.439897537231445,10.787861824035645,12.382741928100586,33.40595245361328,30.724361419677734,11.2672119140625,116.42647552490234
2013-01-15,22.540481567382812,10.832130432128906,12.302718162536621,33.36599349975586,30.81048583984375,11.299104690551758,116.50569152832031
2013-01-16,22.641071319580078,10.838448524475098,12.34483814239502,33.294097900390625,30.68520736694336,11.244885444641113,116.48983764648438
2013-01-17,22.784337997436523,10.832130432128906,12.395380020141602,33.5897102355957,31.014049530029297,11.28953742980957,117.24240112304688
2013-01-18,23.0098876953125,10.844780921936035,12.378530502319336,33.70157241821289,31.264619827270508,11.37883186340332,117.50379943847656
2013-01-22,23.229352951049805,10.945950508117676,12.412223815917969,33.797454833984375,31.389892578125,11.474505424499512,118.13760375976562
2013-01-23,23.150102615356445,10.939626693725586,12.542792320251465,33.75751495361328,31.397727966308594,11.445801734924316,118.32769012451172
2013-01-24,23.2171573638916,10.996538162231445,12.32799243927002,33.97324752807617,31.585649490356445,11.496829986572266,118.35938262939453
2013-01-25,23.436614990234375,11.047123908996582,12.34062671661377,34.236900329589844,31.687437057495117,11.554231643676758,119.02482604980469
2013-01-28,23.396995544433594,11.002861976623535,12.382741928100586,34.11705017089844,31.71091651916504,11.54785442352295,118.88221740722656
2013-01-29,23.77495002746582,11.047123908996582,12.399593353271484,34.48459243774414,31.781391143798828,11.627582550048828,119.34959411621094
2013-01-30,23.656078338623047,10.996538162231445,12.36168384552002,34.38071823120117,31.491676330566406,11.637151718139648,118.88221740722656
2013-01-31,23.57683753967285,10.990214347839355,12.382741928100586,34.284820556640625,31.382062911987305,11.665852546691895,118.589111328125
2013-02-01,23.796287536621094,11.13565731048584,12.521736145019531,34.55649185180664,31.687437057495117,11.697746276855469,119.80908203125
2013-02-04,23.570724487304688,11.009184837341309,12.35746955871582,34.17299270629883,31.413373947143555,11.618013381958008,118.46236419677734
2013-02-05,23.77495002746582,11.116683959960938,12.5006742477417,34.548519134521484,31.703083038330078,11.649907112121582,119.65853881835938
2013-02-06,23.790193557739258,11.13565731048584,12.496463775634766,34.54051208496094,31.71091651916504,11.68498706817627,119.74568176269531
2013-02-07,23.72923469543457,11.104036331176758,12.496463775634766,34.412681579589844,31.67176628112793,11.700935363769531,119.58723449707031
2013-02-08,23.951744079589844,11.129331588745117,12.605969429016113,34.66835403442383,31.797042846679688,11.700935363769531,120.252685546875
2013-02-11,23.832868576049805,11.179923057556152,12.631243705749512,34.59645462036133,31.773542404174805,11.729635238647461,120.22891235351562
2013-02-12,23.89687728881836,11.268446922302246,12.589125633239746,34.55649185180664,31.91448974609375,11.780662536621094,120.42691802978516
2013-02-13,23.982223510742188,11.243155479431152,12.58491039276123,34.532535552978516,32.08675003051758,11.780662536621094,120.52995300292969
2013-02-14,24.18950080871582,11.28109359741211,12.551214218139648,34.60445022583008,32.133731842041016,11.68498706817627,120.640869140625
2013-02-15,23.912118911743164,11.23050594329834,12.542792320251465,34.68434524536133,32.149375915527344,11.710500717163086,120.49825286865234
2013-02-19,24.18950080871582,11.338005065917969,12.62702751159668,34.90006637573242,32.384281158447266,11.812551498413086,121.40135955810547
2013-02-20,23.68350601196289,11.16727066040039,12.454344749450684,34.676353454589844,31.961467742919922,11.790226936340332,119.88832092285156
2013-02-21,23.518911361694336,11.078743934631348,12.35326099395752,34.51654815673828,31.726560592651367,11.739200592041016,119.15948486328125
2013-02-22,23.765811920166016,11.217862129211426,12.504888534545898,34.66835403442383,31.97713851928711,11.857195854187012,120.32394409179688
2013-02-25,23.143997192382812,10.914335250854492,12.32799243927002,34.284820556640625,31.31942367553711,11.751957893371582,118.03460693359375
2013-02-26,23.37261199951172,10.971244812011719,12.399593353271484,34.37274169921875,31.50733757019043,11.787038803100586,118.84257507324219
2013-02-27,23.72923469543457,11.141977310180664,12.504888534545898,34.748260498046875,32.1024055480957,11.895471572875977,120.33980560302734
2013-02-28,23.68046760559082,11.123006820678711,12.479615211486816,34.71630096435547,32.07891845703125,11.936929702758789,120.1021499633789
2013-03-01,23.7109432220459,11.154624938964844,12.5006742477417,34.9799690246582,32.02410888671875,11.95925521850586,120.49825286865234
2013-03-04,23.659137725830078,11.24947738647461,12.538578987121582,35.17173385620117,31.961467742919922,12.080443382263184,121.13990783691406
2013-03-05,23.811527252197266,11.344329833984375,12.711267471313477,35.475345611572266,32.41559982299805,12.144221305847168,122.2251968383789
2013-03-06,23.838966369628906,11.420209884643555,12.702841758728027,35.547245025634766,32.41559982299805,12.137847900390625,122.39157104492188
2013-03-07,23.960887908935547,11.502415657043457,12.73232650756836,35.523284912109375,32.43910217285156,12.083627700805664,122.61336517333984
2013-03-08,24.07671356201172,11.534036636352539,12.757596015930176,35.58722686767578,32.74446105957031,12.109142303466797,123.13624572753906
2013-03-11,24.088903427124023,11.622564315795898,12.78708267211914,35.770965576171875,32.854095458984375,12.137847900390625,123.6036148071289
2013-03-12,24.11634635925293,11.559326171875,12.740744590759277,35.93077850341797,32.66616439819336,12.105951309204102,123.32633972167969
2013-03-13,24.061466217041016,11.590947151184082,12.73232650756836,35.93876647949219,32.82277297973633,12.160168647766113,123.50061798095703
2013-03-14,24.390670776367188,11.666829109191895,12.82498550415039,35.970733642578125,32.9793586730957,12.18567943572998,124.15808868408203
2013-03-15,24.371376037597656,11.70616626739502,12.771700859069824,35.893680572509766,33.0045166015625,12.265780448913574,123.99415588378906
2013-03-18,24.175426483154297,11.591959953308105,12.77592658996582,35.660972595214844,32.80006408691406,12.198226928710938,123.30995178222656
2013-03-19,23.9090518951416,11.528511047363281,12.75900936126709,35.68504333496094,32.768592834472656,12.23039436340332,123.02345275878906
2013-03-20,24.043773651123047,11.604646682739258,12.8224458694458,35.9819450378418,32.807926177978516,12.320466041564941,123.88279724121094
2013-03-21,23.92130470275879,11.465062141418457,12.678657531738281,35.78135299682617,32.47764587402344,12.259346961975098,122.82447814941406
2013-03-22,24.11113739013672,11.534856796264648,12.75900936126709,36.0541877746582,32.72929382324219,12.278644561767578,123.8111801147461
2013-03-25,24.019275665283203,11.503131866455078,12.72940731048584,35.94986343383789,32.43832015991211,12.252911567687988,123.29399108886719
2013-03-26,24.273399353027344,11.579269409179688,12.809759140014648,36.36713409423828,32.60346603393555,12.368715286254883,124.28067779541016
2013-03-27,24.353010177612305,11.52216625213623,12.77592658996582,36.551700592041016,32.60346603393555,12.426624298095703,124.28067779541016
2013-03-28,24.28257942199707,11.553893089294434,12.801304817199707,36.87266540527344,32.83937454223633,12.57780933380127,124.6625747680664
2013-04-01,24.233606338500977,11.496788024902344,12.716721534729004,36.968963623046875,32.43832015991211,12.548861503601074,124.16919708251953
2013-04-02,24.095821380615234,11.56657886505127,12.767471313476562,37.50660705566406,32.336097717285156,12.590686798095703,124.7819595336914
2013-04-03,23.645750045776367,11.37623405456543,12.665972709655762,37.28192901611328,32.139488220214844,12.555294036865234,123.51677703857422
2013-04-04,23.61513328552246,11.477751731872559,12.670201301574707,37.4504280090332,32.281028747558594,12.67431354522705,124.01807403564453
2013-04-05,23.667179107666016,11.439685821533203,12.572936058044434,37.24180221557617,32.218135833740234,12.729001998901367,123.46107482910156
2013-04-08,23.82638931274414,11.553893089294434,12.627910614013672,37.27391052246094,32.40686798095703,12.825510025024414,124.29655456542969
2013-04-09,24.02845573425293,11.585616111755371,12.716721534729004,37.39426803588867,32.509090423583984,12.786909103393555,124.72628784179688
2013-04-10,24.157062530517578,11.744235038757324,12.9408597946167,38.02019500732422,32.94159698486328,12.88984489440918,126.25402069091797
2013-04-11,24.261159896850586,11.769613265991211,12.89857006072998,38.38930892944336,33.028099060058594,12.918797492980957,126.66776275634766
2013-04-12,23.881498336791992,11.718857765197754,12.843591690063477,38.46153259277344,32.83937454223633,12.973482131958008,126.357421875
2013-04-15,22.907867431640625,11.47140884399414,12.632140159606934,37.76339340209961,31.840665817260742,12.786909103393555,123.42926025390625
2013-04-16,23.189544677734375,11.649066925048828,12.788615226745605,38.30906677246094,32.2731819152832,12.94130802154541,125.25141143798828
2013-04-17,22.681299209594727,11.433337211608887,12.52641487121582,38.13252639770508,31.738452911376953,12.867328643798828,123.4212875366211
2013-04-18,22.874189376831055,11.312788963317871,12.39531421661377,37.66709518432617,31.596881866455078,12.909146308898926,122.64947509765625
2013-04-19,22.828264236450195,11.47140884399414,12.412230491638184,38.19673156738281,31.754169464111328,13.102156639099121,123.71574401855469
2013-04-22,23.073204040527344,11.484099388122559,12.509500503540039,38.42943572998047,31.793485641479492,13.086073875427246,124.26470947265625
2013-04-23,23.33957290649414,11.693474769592285,12.644830703735352,38.67017364501953,32.021541595458984,13.118244171142578,125.54585266113281
2013-04-24,23.651872634887695,11.76327133178711,12.665972709655762,38.004146575927734,32.35182189941406,13.160057067871094,125.62537384033203
2013-04-25,23.670230865478516,11.833059310913086,12.70826244354248,38.156593322753906,32.51696014404297,13.163276672363281,126.13469696044922
2013-04-26,23.63043785095215,11.782302856445312,12.704032897949219,38.148563385009766,32.42259979248047,13.182578086853027,125.91183471679688
2013-04-29,23.86925506591797,11.833059310913086,12.885880470275879,38.26893997192383,32.587738037109375,13.291952133178711,126.7552719116211
2013-04-30,23.96416664123535,11.864786148071289,13.02544116973877,37.980064392089844,32.59560012817383,13.32734203338623,127.05767822265625
2013-05-01,23.590641021728516,11.731549263000488,12.91125774383545,37.578834533691406,32.17094802856445,13.195444107055664,125.94364166259766
2013-05-02,23.89986801147461,11.833059310913086,13.076189994812012,37.996116638183594,32.57201385498047,13.17935848236084,127.11334991455078
2013-05-03,24.331575393676758,11.959961891174316,13.198830604553223,38.25289535522461,33.130348205566406,13.1536226272583,128.40234375
2013-05-06,24.496906280517578,12.086854934692383,13.262269020080566,38.004146575927734,33.34265899658203,12.970267295837402,128.72865295410156
2013-05-07,24.686738967895508,12.150301933288574,13.253806114196777,38.124488830566406,33.64936447143555,13.095725059509277,129.381103515625
2013-05-08,24.726543426513672,12.251821517944336,13.359538078308105,38.23685073852539,33.86167907714844,12.9799165725708,129.96986389160156
2013-05-09,24.705106735229492,12.162992477416992,13.321470260620117,38.28498458862305,33.86167907714844,12.783693313598633,129.60389709472656
2013-05-10,24.576507568359375,12.213748931884766,13.359538078308105,38.66215133666992,33.96390151977539,12.812641143798828,130.02565002441406
2013-05-13,24.57345199584961,12.251821517944336,13.325703620910645,38.98311233520508,33.830223083496094,12.745086669921875,130.12905883789062
2013-05-14,24.92249870300293,12.461196899414062,13.367999076843262,39.3763313293457,34.24699783325195,12.831941604614258,131.47377014160156
2013-05-15,24.85207176208496,12.575403213500977,13.41028118133545,39.584964752197266,34.3885498046875,12.954180717468262,132.18190002441406
2013-05-16,24.72959327697754,12.492921829223633,13.482176780700684,39.17571258544922,34.215538024902344,12.848023414611816,131.5613250732422
2013-05-17,25.142934799194336,12.657882690429688,13.617508888244629,39.4004020690918,34.73455047607422,12.970267295837402,132.83444213867188
2013-05-20,25.49809455871582,12.683268547058105,13.617508888244629,39.1275749206543,34.836795806884766,12.905928611755371,132.8264923095703
2013-05-21,25.446043014526367,12.714993476867676,13.575214385986328,39.55286407470703,34.88397216796875,12.931666374206543,133.01744079589844
2013-05-22,25.152124404907227,12.581748008728027,13.427199363708496,39.55286407470703,34.57728576660156,12.712920188903809,132.03079223632812
2013-05-23,25.16436195373535,12.505609512329102,13.4229736328125,39.53681564331055,34.4829216003418,12.626066207885742,131.64886474609375
2013-05-24,25.01740074157715,12.518301963806152,13.401823997497559,39.41645050048828,34.3728141784668,12.490960121154785,131.53741455078125
2013-05-28,25.280710220336914,12.6451997756958,13.465262413024902,39.81767654418945,34.5536994934082,12.34620189666748,132.32516479492188
2013-05-29,25.225597381591797,12.6451997756958,13.431431770324707,39.191768646240234,34.357093811035156,12.162842750549316,131.4658203125
2013-05-30,25.167430877685547,12.797472953796387,13.516009330749512,39.472618103027344,34.56154251098633,12.195006370544434,131.95118713378906
2013-05-31,24.646930694580078,12.588088035583496,13.389139175415039,38.60597229003906,34.23127365112305,12.121023178100586,130.05740356445312
2013-06-03,24.885744094848633,12.600784301757812,13.456803321838379,38.814605712890625,34.39642333984375,12.146759986877441,130.77359008789062
2013-06-04,24.689802169799805,12.486576080322266,13.397595405578613,38.57386779785156,34.20767593383789,12.104939460754395,130.14500427246094
2013-06-05,24.40199851989746,12.283543586730957,13.266495704650879,38.012149810791016,33.58644104003906,11.998785018920898,128.3228302001953
2013-06-06,24.58570098876953,12.454854965209961,13.296098709106445,38.56583023071289,33.79877471923828,12.140321731567383,129.48448181152344
2013-06-07,24.894933700561523,12.670577049255371,13.418742179870605,38.91892623901367,34.435733795166016,12.214315414428711,131.13165283203125
2013-06-10,24.82451820373535,12.676923751831055,13.448345184326172,38.97510528564453,34.3335075378418,12.211091041564941,131.13165283203125
2013-06-11,24.447919845581055,12.467541694641113,13.308786392211914,38.814605712890625,34.01894760131836,12.13067626953125,129.7789764404297
2013-06-12,24.297901153564453,12.334303855895996,13.219978332519531,38.421417236328125,33.783050537109375,12.011648178100586,128.7047882080078
2013-06-13,24.705106735229492,12.569060325622559,13.372220039367676,39.01522445678711,34.27846908569336,12.20787525177002,130.66220092773438
2013-06-14,24.466297149658203,12.404095649719238,13.270726203918457,38.9510383605957,34.050411224365234,12.223958015441895,129.8426055908203
2013-06-17,24.818378448486328,12.524643898010254,13.393365859985352,39.039302825927734,34.31778335571289,12.262564659118652,130.84519958496094
2013-06-18,24.959226608276367,12.607128143310547,13.499096870422363,39.3682975769043,34.718841552734375,12.34620189666748,131.87960815429688
2013-06-19,24.72959327697754,12.435818672180176,13.342620849609375,38.74240493774414,34.191959381103516,12.063124656677246,130.05740356445312
2013-06-20,24.007038116455078,12.16933822631836,13.046581268310547,37.747344970703125,33.413448333740234,11.722134590148926,126.83486938476562
2013-06-21,24.048254013061523,12.180164337158203,12.96795654296875,38.1197624206543,33.43398666381836,11.875211715698242,127.24203491210938
2013-06-24,23.691394805908203,11.96357250213623,12.810690879821777,37.797325134277344,32.872806549072266,11.865457534790039,125.63414764404297
2013-06-25,23.995954513549805,12.186534881591797,12.916949272155762,37.99079895019531,33.244285583496094,12.021455764770508,126.84204864501953
2013-06-26,24.14362144470215,12.307574272155762,12.993459701538086,38.53892135620117,33.568359375,12.174192428588867,128.09788513183594
2013-06-27,24.18976402282715,12.466835975646973,13.057217597961426,38.67596435546875,33.90031814575195,12.200201034545898,128.84979248046875
2013-06-28,24.0882568359375,12.390390396118164,13.001958847045898,38.377716064453125,33.70272445678711,12.229452133178711,128.32186889648438
2013-07-01,24.260530471801758,12.428608894348145,13.069966316223145,38.48249053955078,34.04259490966797,12.076703071594238,129.07383728027344
2013-07-02,24.312824249267578,12.441354751586914,13.091215133666992,38.401893615722656,33.67900848388672,12.073451042175293,128.95387268066406
2013-07-03,24.29743766784668,12.403131484985352,13.167723655700684,38.345455169677734,33.6948127746582,12.0279541015625,129.0098876953125
2013-07-05,24.59893226623535,12.626091957092285,13.252732276916504,38.869415283203125,34.22439956665039,11.992207527160645,130.4016876220703
2013-07-08,24.7589054107666,12.721649169921875,13.244231224060059,39.087059020996094,34.319236755371094,12.164450645446777,131.14556884765625
2013-07-09,25.011180877685547,12.829947471618652,13.295236587524414,39.19992446899414,34.801368713378906,12.25220012664795,132.08950805664062
2013-07-10,24.857358932495117,12.753500938415527,13.337738037109375,39.457862854003906,34.7934684753418,12.320443153381348,132.137451171875
2013-07-11,25.057315826416016,12.874541282653809,13.563007354736328,39.9656982421875,35.346763610839844,12.518691062927246,133.93728637695312
2013-07-12,25.198829650878906,12.963723182678223,13.57150936126709,40.20753479003906,35.133338928222656,12.557690620422363,133.99327087402344
2013-07-15,25.177291870117188,13.021055221557617,13.609762191772461,40.247833251953125,35.25980758666992,12.762436866760254,134.5051727294922
2013-07-16,25.023475646972656,12.970094680786133,13.618267059326172,40.01406478881836,35.07012176513672,12.694186210632324,134.0012664794922
2013-07-17,25.134225845336914,13.027427673339844,13.631016731262207,40.11885452270508,35.17287063598633,12.687691688537598,134.34521484375
2013-07-18,25.401872634887695,13.19942855834961,13.597014427185059,40.2317008972168,35.52854537963867,12.798187255859375,135.0811309814453
2013-07-19,25.75566291809082,13.205799102783203,13.367491722106934,40.76371383666992,35.89213943481445,12.801432609558105,135.32115173339844
2013-07-22,25.67259979248047,13.294981002807617,13.405744552612305,40.96523666381836,35.91585159301758,12.788436889648438,135.58509826660156
2013-07-23,25.715667724609375,13.244019508361816,13.35048770904541,40.82014846801758,35.89213943481445,12.820934295654297,135.29718017578125
2013-07-24,25.429561614990234,13.148467063903809,13.43974781036377,40.75566101074219,35.615482330322266,12.62594223022461,134.80117797851562
2013-07-25,25.59876823425293,13.16120433807373,13.448249816894531,40.957176208496094,35.63130569458008,12.742936134338379,135.12913513183594
2013-07-26,25.53415298461914,13.148467063903809,13.486502647399902,41.22318649291992,35.51274490356445,12.788436889648438,135.2730712890625
2013-07-29,25.32189178466797,13.052909851074219,13.465248107910156,41.102294921875,35.41788864135742,12.81118392944336,134.85720825195312
2013-07-30,25.27266502380371,13.046534538269043,13.533258438110352,41.11034393310547,35.56807327270508,12.853429794311523,134.85720825195312
2013-07-31,25.355724334716797,13.052909851074219,13.486502647399902,41.126468658447266,35.69453430175781,12.759181022644043,134.95318603515625
2013-08-01,25.767972946166992,13.263129234313965,13.631016731262207,41.384403228759766,36.30315017700195,12.866433143615723,136.5130157470703
2013-08-02,25.654136657714844,13.25676155090332,13.690522193908691,41.40053939819336,36.37427520751953,12.850184440612793,136.74496459960938
2013-08-05,25.592607498168945,13.231278419494629,13.720274925231934,41.34410095214844,36.23202133178711,12.765685081481934,136.54490661621094
2013-08-06,25.435718536376953,13.110245704650879,13.648015022277832,41.15064239501953,35.96327590942383,12.700688362121582,135.7690887451172
2013-08-07,25.34648895263672,13.021055221557617,13.614014625549316,41.18289566040039,35.90793991088867,12.759181022644043,135.3291015625
2013-08-08,25.484935760498047,13.052909851074219,13.65651798248291,41.18289566040039,36.07392501831055,12.807934761047363,135.82505798339844
2013-08-09,25.408023834228516,13.008316993713379,13.58851146697998,41.037803649902344,35.95535659790039,12.720191955566406,135.43312072753906
2013-08-12,25.30034828186035,12.957350730895996,13.677770614624023,40.86851119995117,36.00278854370117,12.651942253112793,135.2730712890625
2013-08-13,25.34648895263672,13.021055221557617,13.771280288696289,41.02165985107422,36.1608772277832,12.583691596984863,135.6730499267578
2013-08-14,25.22959327697754,12.970094680786133,13.75853157043457,40.69923782348633,35.90793991088867,12.502442359924316,134.97720336914062
2013-08-15,25.091154098510742,12.778984069824219,13.537508010864258,40.01406478881836,35.50483322143555,12.343194007873535,133.08932495117188
2013-08-16,24.9896240234375,12.753500938415527,13.524757385253906,39.828670501708984,35.5522575378418,12.200201034545898,132.6494140625
2013-08-19,24.5927734375,12.587871551513672,13.482251167297363,39.901206970214844,35.36256790161133,12.096202850341797,131.8015594482422
2013-08-20,24.74352264404297,12.708904266357422,13.503506660461426,40.01406478881836,35.42579650878906,12.209948539733887,132.44940185546875
2013-08-21,24.608152389526367,12.619723320007324,13.47375202178955,39.77223205566406,35.18077087402344,12.070199012756348,131.633544921875
2013-08-22,24.974252700805664,12.766244888305664,13.533258438110352,40.03017807006836,35.66291427612305,12.138448715209961,132.8334503173828
2013-08-23,25.15268898010254,12.778984069824219,13.631016731262207,40.13497543334961,35.67082595825195,12.2391996383667,133.2813720703125
2013-08-26,25.1096134185791,12.69616985321045,13.567264556884766,40.191402435302734,35.59178924560547,12.148198127746582,132.7853546142578
2013-08-27,24.952716827392578,12.390390396118164,13.329238891601562,39.538455963134766,34.872528076171875,12.14169979095459,130.64962768554688
2013-08-28,25.368032455444336,12.409501075744629,13.337738037109375,39.707763671875,34.90413284301758,12.18394947052002,131.11358642578125
2013-08-29,25.103464126586914,12.441354751586914,13.40999698638916,39.828670501708984,35.00688552856445,12.112452507019043,131.32154846191406
2013-08-30,25.09423828125,12.384020805358887,13.346240997314453,39.675506591796875,34.809295654296875,12.12220287322998,130.9055938720703
2013-09-03,25.278820037841797,12.485944747924805,13.358992576599121,39.933433532714844,35.03059005737305,11.982454299926758,131.49749755859375
2013-09-04,25.41417121887207,12.581501007080078,13.486502647399902,40.392913818359375,35.38627624511719,11.982454299926758,132.58541870117188
2013-09-05,25.50031852722168,12.61335277557373,13.495001792907715,40.44934844970703,35.47323226928711,11.933703422546387,132.75343322753906
2013-09-06,25.497238159179688,12.61335277557373,13.503506660461426,40.465476989746094,35.45742416381836,12.018202781677246,132.81736755371094
2013-09-09,25.783353805541992,12.759870529174805,13.665019035339355,40.715354919433594,35.9000358581543,12.060453414916992,134.0891876220703
2013-09-10,25.792572021484375,12.912764549255371,13.750024795532227,40.97330093383789,36.42170333862305,12.154704093933105,135.0811309814453
2013-09-11,25.989463806152344,12.925501823425293,13.686272621154785,41.24737548828125,36.57186508178711,12.034451484680176,135.5050811767578
2013-09-12,25.83564567565918,12.829947471618652,13.69902229309082,41.18289566040039,36.42170333862305,12.001955032348633,135.14512634277344
2013-09-13,25.826412200927734,12.868165016174316,13.711771011352539,41.27961349487305,36.52444076538086,12.092954635620117,135.44906616210938
2013-09-16,25.820274353027344,13.008316993713379,13.690522193908691,41.650413513183594,36.99871063232422,12.125452041625977,136.2330322265625
2013-09-17,25.937166213989258,13.07202434539795,13.75853157043457,41.674591064453125,37.15677261352539,12.196948051452637,136.8409881591797
2013-09-18,26.250965118408203,13.186687469482422,13.932795524597168,41.93254470825195,37.62310791015625,12.560943603515625,138.42477416992188
2013-09-19,26.186357498168945,13.135729789733887,13.94129753112793,41.79550552368164,37.749568939208984,12.502442359924316,138.1928253173828
2013-09-20,25.974023818969727,13.066015243530273,13.84221076965332,41.71699523925781,37.28824234008789,12.313780784606934,137.2266082763672
2013-09-23,25.847307205200195,12.880545616149902,13.884919166564941,41.425594329833984,37.169132232666016,12.46142864227295,136.59161376953125
2013-09-24,25.872041702270508,12.797403335571289,13.825128555297852,41.21514892578125,37.30412292480469,12.454869270324707,136.27012634277344
2013-09-25,25.865859985351562,12.86774730682373,13.8037691116333,40.89140701293945,37.13737869262695,12.369562149047852,135.87620544433594
2013-09-26,25.91221046447754,12.86774730682373,13.855020523071289,41.03710174560547,37.30412292480469,12.353157997131348,136.39871215820312
2013-09-27,25.822586059570312,12.822979927062988,13.769606590270996,41.03710174560547,37.065914154052734,12.274410247802734,135.77175903320312
2013-09-30,25.624778747558594,12.733448028564453,13.684184074401855,40.94805908203125,36.85151290893555,12.261282920837402,135.0482940673828
2013-10-01,25.788585662841797,12.822979927062988,13.8037691116333,41.46608352661133,37.081787109375,12.297378540039062,136.11740112304688
2013-10-02,25.847307205200195,12.8165922164917,13.8080415725708,41.36894607543945,36.90709686279297,12.310503005981445,135.98876953125
2013-10-03,25.62169647216797,12.720658302307129,13.688455581665039,41.00471878051758,36.50213623046875,12.16613483428955,134.7347869873047
2013-10-04,25.881301879882812,12.822979927062988,13.743976593017578,41.457984924316406,36.74034118652344,12.189102172851562,135.7556610107422
2013-10-07,25.668052673339844,12.675888061523438,13.684184074401855,40.99663543701172,36.48626708984375,12.130043029785156,134.58204650878906
2013-10-08,25.392982482910156,12.515998840332031,13.466363906860352,40.40573501586914,36.07334518432617,12.215351104736328,133.01467895507812
2013-10-09,25.303356170654297,12.560770034790039,13.517614364624023,40.332908630371094,36.057472229003906,12.264562606811523,133.1111602783203
2013-10-10,25.773134231567383,12.918916702270508,13.743976593017578,41.27182388305664,36.98650360107422,12.448301315307617,135.980712890625
2013-10-11,26.05129051208496,12.989267349243164,13.859291076660156,41.46608352661133,37.16118240356445,12.507362365722656,136.8568572998047
2013-10-14,26.227466583251953,13.05321979522705,13.906271934509277,41.76555252075195,37.30412292480469,12.438459396362305,137.40345764160156
2013-10-15,26.131656646728516,12.957290649414062,13.820856094360352,41.49845504760742,36.93092346191406,12.264562606811523,136.40676879882812
2013-10-16,26.524171829223633,13.23229694366455,13.953252792358398,42.34834671020508,37.17707443237305,12.376123428344727,138.31179809570312
2013-10-17,26.579801559448242,13.34741497039795,13.957528114318848,42.70448684692383,37.46293640136719,12.576269149780273,139.23619079589844
2013-10-18,26.870317459106445,13.372997283935547,14.196697235107422,42.53449630737305,37.867889404296875,12.609075546264648,140.17662048339844
2013-10-21,26.749794006347656,13.34741497039795,14.273571968078613,42.315948486328125,37.96318054199219,12.582825660705566,140.18463134765625
2013-10-22,26.898128509521484,13.372997283935547,14.269303321838379,42.71257400512695,38.2172737121582,12.743597030639648,140.99649047851562
2013-10-23,26.477807998657227,13.264272689819336,14.200968742370605,42.63162612915039,38.233154296875,12.753439903259277,140.32131958007812
2013-10-24,26.604515075683594,13.28346061706543,14.235138893127441,42.63162612915039,38.51899719238281,12.727193832397461,140.78749084472656
2013-10-25,26.765247344970703,13.341024398803711,14.307744979858398,42.68829345703125,38.71751022338867,12.861715316772461,141.43055725097656
2013-10-28,26.786884307861328,13.309041023254395,14.354726791381836,42.83397674560547,38.66194534301758,12.835469245910645,141.65565490722656
2013-10-29,26.975406646728516,13.34741497039795,14.448687553405762,43.11725997924805,38.77311325073242,12.851873397827148,142.41122436523438
2013-10-30,26.793054580688477,13.296250343322754,14.41878890991211,42.882537841796875,38.59842300415039,12.769845008850098,141.7038116455078
2013-10-31,26.700336456298828,13.155550003051758,14.371805191040039,42.71257400512695,38.60634231567383,12.72391414642334,141.30198669433594
2013-11-01,26.604515075683594,13.187530517578125,14.376078605651855,42.99585723876953,38.8842658996582,12.81578254699707,141.63951110839844
2013-11-04,26.93523597717285,13.193920135498047,14.431600570678711,43.02824020385742,39.02719497680664,12.84203052520752,142.1378936767578
2013-11-05,26.69106674194336,13.123573303222656,14.393166542053223,42.882537841796875,38.987483978271484,12.750160217285156,141.68780517578125
2013-11-06,26.77142333984375,13.187530517578125,14.538373947143555,42.785423278808594,39.09866714477539,12.924057960510254,142.41122436523438
2013-11-07,26.357269287109375,13.040431022644043,14.350457191467285,42.40499496459961,38.685752868652344,12.802654266357422,140.61068725585938
2013-11-08,26.749794006347656,13.341024398803711,14.478581428527832,43.02824020385742,39.209835052490234,12.779694557189941,142.50767517089844
2013-11-11,26.799240112304688,13.34741497039795,14.495667457580566,43.13346481323242,39.17806625366211,12.776411056518555,142.53179931640625
2013-11-12,26.55198860168457,13.219504356384277,14.534104347229004,43.10917663574219,39.19395446777344,12.66813850402832,142.242431640625
2013-11-13,26.78377914428711,13.334620475769043,14.657958984375,43.352012634277344,39.424217224121094,12.730476379394531,143.3838348388672
2013-11-14,26.944503784179688,13.449742317199707,14.619522094726562,43.71623229980469,39.57508087158203,12.84203052520752,144.09918212890625
2013-11-15,27.09285545349121,13.513697624206543,14.649419784545898,43.9671516418457,39.7100715637207,12.91749382019043,144.72616577148438
2013-11-18,26.885786056518555,13.50730037689209,14.593899726867676,43.77289581298828,39.773590087890625,12.901092529296875,144.2198028564453
2013-11-19,26.932130813598633,13.52649211883545,14.54265022277832,43.82145690917969,39.487735748291016,12.805941581726074,143.9062957763672
2013-11-20,26.86722755432129,13.488118171691895,14.495667457580566,43.95097732543945,39.31306076049805,12.664852142333984,143.45620727539062
2013-11-21,27.123750686645508,13.679983139038086,14.619522094726562,44.1290397644043,39.630680084228516,12.69438362121582,144.61363220214844
2013-11-22,27.26902198791504,13.743937492370605,14.589632034301758,44.71992111206055,39.98004913330078,12.684538841247559,145.33705139160156
2013-11-25,27.02176856994629,13.763124465942383,14.589632034301758,44.89797592163086,39.89270782470703,12.635324478149414,145.1923828125
2013-11-26,26.95376968383789,13.750335693359375,14.640875816345215,44.76846694946289,39.972103118896484,12.510650634765625,145.23257446289062
2013-11-27,26.77142333984375,13.78870677947998,14.756193161010742,44.75228500366211,40.130916595458984,12.48439884185791,145.58624267578125
2013-11-29,26.715801239013672,13.737539291381836,14.815988540649414,44.727996826171875,40.01974868774414,12.477831840515137,145.4897918701172
2013-12-02,26.734329223632812,13.731146812438965,14.76900863647461,44.744171142578125,39.85300064086914,12.425337791442871,145.1120147705078
2013-12-03,26.799240112304688,13.590442657470703,14.803174018859863,44.35567092895508,39.511566162109375,12.487676620483398,144.4850311279297
2013-12-04,26.712697982788086,13.622417449951172,14.815988540649414,44.2018928527832,39.35276412963867,12.543453216552734,144.468994140625
2013-12-05,26.623062133789062,13.494514465332031,14.76900863647461,44.12093734741211,39.36863708496094,12.441743850708008,143.83396911621094
2013-12-06,26.706512451171875,13.679983139038086,14.87151050567627,44.695621490478516,39.972103118896484,12.612357139587402,145.44161987304688
2013-12-09,26.743608474731445,13.737539291381836,14.91849136352539,44.78465270996094,40.07533645629883,12.53688907623291,145.8113250732422
2013-12-10,26.66324806213379,13.68637752532959,14.888594627380371,44.60658264160156,39.98799133300781,12.412216186523438,145.2888946533203
2013-12-11,26.28618812561035,13.500907897949219,14.751920700073242,43.837646484375,39.36069107055664,12.310503005981445,143.65708923339844
2013-12-12,26.397443771362305,13.500907897949219,14.653691291809082,43.52199172973633,39.400390625,12.326906204223633,143.18287658691406
2013-12-13,26.310909271240234,13.513697624206543,14.606710433959961,43.55436325073242,39.51950454711914,12.307221412658691,143.1667938232422
2013-12-16,26.539621353149414,13.596843719482422,14.751920700073242,43.63529586791992,39.89270782470703,12.372844696044922,144.0590362548828
2013-12-17,26.388172149658203,13.50730037689209,14.747652053833008,43.42485046386719,39.87682342529297,12.349871635437012,143.600830078125
2013-12-18,26.786884307861328,13.820682525634766,14.862971305847168,44.501373291015625,40.54383087158203,12.513921737670898,146.052490234375
2013-12-19,26.8641414642334,13.801495552062988,14.888594627380371,44.40424346923828,40.58353042602539,12.42205810546875,145.88369750976562
2013-12-20,26.91164779663086,13.885669708251953,15.004905700683594,44.62773895263672,40.909942626953125,12.545086860656738,146.73226928710938
2013-12-23,26.93959617614746,13.949925422668457,15.202346801757812,44.798423767089844,41.069549560546875,12.495343208312988,147.5161590576172
2013-12-24,27.088642120361328,13.975630760192871,15.24526309967041,44.71714401245117,41.26109313964844,12.545086860656738,147.8394775390625
2013-12-26,27.28116798400879,14.007760047912598,15.283892631530762,45.05036926269531,41.54841232299805,12.488710403442383,148.59104919433594
2013-12-27,27.41466522216797,14.001325607299805,15.271018028259277,45.009735107421875,41.50050735473633,12.538453102111816,148.5829315185547
2013-12-30,27.21904754638672,13.975630760192871,15.240964889526367,45.0828742980957,41.460601806640625,12.56829833984375,148.55874633789062
2013-12-31,27.482980728149414,14.046306610107422,15.33968734741211,45.05848693847656,41.70802688598633,12.59151554107666,149.26187133789062
2014-01-02,27.09174156188965,13.969202041625977,15.18946647644043,44.80656051635742,41.12541580200195,12.39917278289795,147.8314208984375
2014-01-03,26.992387771606445,14.06558609008789,15.116500854492188,44.91218566894531,41.237144470214844,12.35938549041748,147.80714416503906
2014-01-06,27.02963638305664,14.078438758850098,15.090747833251953,44.72527313232422,40.99772262573242,12.379277229309082,147.3788299560547
2014-01-07,27.23457145690918,14.084864616394043,15.228096008300781,45.19667434692383,41.25311279296875,12.488710403442383,148.28395080566406
2014-01-08,27.04517936706543,14.129839897155762,15.228096008300781,45.59490966796875,41.181278228759766,12.42238712310791,148.31631469726562
2014-01-09,26.96133804321289,14.181243896484375,15.129376411437988,45.936248779296875,41.38080978393555,12.495343208312988,148.4132537841797
2014-01-10,26.98306655883789,14.155546188354492,15.159418106079102,46.11506271362305,41.444664001464844,12.674416542053223,148.8173370361328
2014-01-13,26.44588279724121,13.943504333496094,14.996329307556152,45.74119567871094,40.941856384277344,12.545086860656738,146.83731079101562
2014-01-14,26.790552139282227,14.059165954589844,15.249551773071289,46.31825256347656,41.3728141784668,12.56166934967041,148.43753051757812
2014-01-15,26.71292495727539,14.226226806640625,15.434110641479492,46.277610778808594,41.668113708496094,12.538453102111816,149.23757934570312
2014-01-16,26.750186920166016,14.136269569396973,15.429816246032715,46.39139175415039,41.56436538696289,12.624672889709473,149.04364013671875
2014-01-17,26.706722259521484,14.091294288635254,15.34398078918457,46.342613220214844,41.35686111450195,12.621356010437012,148.4132537841797
2014-01-21,26.927167892456055,14.104143142700195,15.42123794555664,46.610843658447266,41.396766662597656,12.760636329650879,148.8496551513672
2014-01-22,27.05137062072754,14.110568046569824,15.404062271118164,46.65148162841797,41.52445602416992,12.773902893066406,148.94668579101562
2014-01-23,26.743980407714844,13.879240989685059,15.374022483825684,46.32637405395508,41.0296630859375,12.737422943115234,147.72634887695312
2014-01-24,26.185060501098633,13.564390182495117,15.077875137329102,45.23728942871094,39.75271224975586,12.594828605651855,144.57443237304688
2014-01-27,26.0919132232666,13.480863571166992,14.936238288879395,44.87155532836914,39.79262161254883,12.624672889709473,143.8632354736328
2014-01-28,26.290634155273438,13.660778999328613,14.846102714538574,45.47298812866211,40.16770935058594,12.671097755432129,144.71990966796875
2014-01-29,26.144691467285156,13.500140190124512,14.730216979980469,45.05848693847656,39.73674392700195,12.664469718933105,143.32981872558594
2014-01-30,26.228527069091797,13.692906379699707,14.910484313964844,45.879371643066406,40.127811431884766,12.860122680664062,144.84921264648438
2014-01-31,25.890079498291016,13.532268524169922,14.944819450378418,45.48112106323242,39.928287506103516,12.966239929199219,144.00067138671875
2014-02-03,25.42742919921875,13.191702842712402,14.631505966186523,44.58710861206055,38.818946838378906,12.86343765258789,140.75987243652344
2014-02-04,25.688241958618164,13.320219993591309,14.687297821044922,45.02598571777344,39.06636428833008,12.787164688110352,141.74578857421875
2014-02-05,25.436750411987305,13.307369232177734,14.700175285339355,44.774024963378906,39.0504035949707,12.730788230895996,141.56802368164062
2014-02-06,25.81556510925293,13.512986183166504,14.863268852233887,45.02598571777344,39.593101501464844,12.823644638061523,143.4348907470703
2014-02-07,26.09501075744629,13.680057525634766,15.064996719360352,45.79808044433594,40.27946853637695,12.893282890319824,145.212890625
2014-02-10,25.967702865600586,13.692906379699707,15.095037460327148,46.18008804321289,40.02406311035156,12.989453315734863,145.47958374023438
2014-02-11,26.306167602539062,13.834264755249023,15.279600143432617,46.8058967590332,40.470977783203125,13.112154006958008,147.07176208496094
2014-02-12,26.244054794311523,13.834264755249023,15.33968734741211,46.8058967590332,40.70243835449219,13.128730773925781,147.14439392089844
2014-02-13,26.368267059326172,13.885669708251953,15.45128059387207,47.13912582397461,40.73435974121094,13.271326065063477,147.9040985107422
2014-02-14,26.71292495727539,13.904946327209473,15.481324195861816,47.309783935546875,40.99772262573242,13.357549667358398,148.72036743164062
2014-02-18,26.834020614624023,13.93065071105957,15.489911079406738,47.748680114746094,40.96580505371094,13.403975486755371,148.89817810058594
2014-02-19,26.868179321289062,13.737879753112793,15.438400268554688,47.45608901977539,40.582725524902344,13.32771110534668,147.9122772216797
2014-02-20,27.04517936706543,13.776442527770996,15.489911079406738,47.88683319091797,40.96580505371094,13.430506706237793,148.7849884033203
2014-02-21,26.830917358398438,13.80213737487793,15.429816246032715,47.79743576049805,41.01369094848633,13.447083473205566,148.6153106689453
2014-02-24,27.23457145690918,13.904946327209473,15.489911079406738,48.15504455566406,41.32493591308594,13.413925170898438,149.4396514892578
2014-02-25,27.222156524658203,13.821414947509766,15.446986198425293,48.03313064575195,41.18928146362305,13.397342681884766,149.38304138183594
2014-02-26,27.05137062072754,13.80213737487793,15.459864616394043,48.03313064575195,41.229183197021484,13.354231834411621,149.39117431640625
2014-02-27,27.079326629638672,13.872820854187012,15.584327697753906,48.309471130371094,41.468597412109375,13.321070671081543,150.17510986328125
2014-02-28,27.215944290161133,13.943504333496094,15.6014986038208,48.309471130371094,41.54841232299805,13.413925170898438,150.55490112304688
2014-03-03,27.042057037353516,13.834264755249023,15.434110641479492,47.95185852050781,41.26908493041992,13.281281471252441,149.49615478515625
2014-03-04,27.337047576904297,14.116994857788086,15.635836601257324,48.86213684082031,41.867645263671875,13.37744140625,151.5974578857422
2014-03-05,27.08242416381836,14.26478099822998,15.657295227050781,48.74021530151367,41.923492431640625,13.287906646728516,151.73492431640625
2014-03-06,27.278045654296875,14.309759140014648,15.678756713867188,48.43950653076172,42.1629524230957,13.221588134765625,152.08233642578125
2014-03-07,27.330827713012695,14.374014854431152,15.631540298461914,48.31760025024414,42.29861831665039,13.261378288269043,152.14703369140625
2014-03-10,27.37430191040039,14.38044261932373,15.605792999267578,48.520774841308594,42.115055084228516,13.228216171264648,152.06619262695312
2014-03-11,27.063798904418945,14.2840576171875,15.571454048156738,48.423248291015625,41.811763763427734,13.191743850708008,151.3146209716797
2014-03-12,27.06689453125,14.258353233337402,15.597211837768555,48.41511535644531,41.73196029663086,13.357549667358398,151.3550262451172
2014-03-13,26.796754837036133,14.097713470458984,15.386895179748535,47.756797790527344,41.14137268066406,13.496827125549316,149.65785217285156
2014-03-14,26.821613311767578,14.007760047912598,15.292479515075684,47.496707916259766,40.98176193237305,13.559836387634277,149.23757934570312
2014-03-17,26.964431762695312,14.155546188354492,15.472737312316895,47.959983825683594,41.484554290771484,13.649374961853027,150.58724975585938
2014-03-18,27.19110679626465,14.226226806640625,15.674466133117676,48.472015380859375,41.70802688598633,13.629471778869629,151.66212463378906
2014-03-19,26.986169815063477,14.21979808807373,15.610081672668457,48.32571792602539,41.27704620361328,13.413925170898438,150.85391235351562
2014-03-20,27.09174156188965,14.44469928741455,15.730263710021973,48.32571792602539,41.396766662597656,13.443775177001953,151.73492431640625
2014-03-21,27.165693283081055,14.446627616882324,15.651379585266113,47.44900894165039,41.40077590942383,13.545754432678223,151.14633178710938
2014-03-24,27.10953140258789,14.440185546875,15.638450622558594,46.918888092041016,41.2645149230957,13.582538604736328,150.52130126953125
2014-03-25,27.3529109954834,14.427285194396973,15.7332763671875,47.33482360839844,41.64125061035156,13.639378547668457,151.2356414794922
2014-03-26,27.224979400634766,14.278948783874512,15.54361343383789,47.35112762451172,41.21642303466797,13.582538604736328,150.14791870117188
2014-03-27,27.446529388427734,14.201554298400879,15.487579345703125,47.245113372802734,41.16030502319336,13.692878723144531,149.83132934570312
2014-03-28,27.789764404296875,14.259600639343262,15.547927856445312,47.0656852722168,41.46489715576172,13.712944984436035,150.57000732421875
2014-03-31,27.789764404296875,14.40793514251709,15.668621063232422,47.70182418823242,41.945838928222656,13.863421440124512,151.8038330078125
2014-04-01,27.955135345458984,14.433733940124512,15.85396671295166,48.00358963012695,42.2424201965332,13.766443252563477,152.8103790283203
2014-04-02,28.054994583129883,14.465981483459473,15.862592697143555,48.21561813354492,42.53899383544922,13.74638557434082,153.32183837890625
2014-04-03,28.23596954345703,14.440185546875,15.784998893737793,48.10961151123047,42.60313415527344,13.789855003356934,153.118896484375
2014-04-04,28.133005142211914,14.29829216003418,15.48326301574707,47.310359954833984,42.114173889160156,13.863421440124512,151.3086700439453
2014-04-07,27.661836624145508,14.079014778137207,15.362580299377441,46.837337493896484,41.51298904418945,13.840009689331055,149.63645935058594
2014-04-08,27.939533233642578,14.09836196899414,15.500509262084961,46.45403289794922,41.51298904418945,14.037294387817383,150.25344848632812
2014-04-09,28.06747055053711,14.220903396606445,15.707412719726562,47.44900894165039,42.04202651977539,14.007196426391602,151.86878967285156
2014-04-10,27.677433013916016,13.891985893249512,15.345340728759766,45.866825103759766,41.20840835571289,13.95370101928711,148.6786346435547
2014-04-11,27.59942054748535,13.724299430847168,15.172908782958984,45.434574127197266,40.79961395263672,13.940320014953613,147.3392333984375
2014-04-14,27.97698974609375,13.83393669128418,15.3237886428833,45.687408447265625,41.032066345214844,14.02392292022705,148.5000457763672
2014-04-15,28.351421356201172,13.96292781829834,15.401373863220215,46.17674255371094,41.320621490478516,14.217863082885742,149.52284240722656
2014-04-16,28.691551208496094,14.072563171386719,15.55223560333252,46.405086517333984,41.953853607177734,14.321517944335938,151.0894775390625
2014-04-17,28.953649520874023,14.09836196899414,15.53068733215332,46.396942138671875,42.282493591308594,14.144294738769531,151.30062866210938
2014-04-21,29.150226593017578,14.085460662841797,15.591032981872559,46.95153045654297,42.402732849121094,14.127578735351562,151.82821655273438
2014-04-22,29.103422164916992,14.182201385498047,15.655691146850586,47.46532440185547,42.42679214477539,14.147644996643066,152.51820373535156
2014-04-23,29.256322860717773,14.214449882507324,15.487579345703125,47.22880554199219,42.58708953857422,14.154326438903809,152.1610565185547
2014-04-24,29.26568603515625,14.208003997802734,15.60827350616455,47.155399322509766,42.50694274902344,14.251296997070312,152.46949768066406
2014-04-25,29.0909423828125,14.091917991638184,15.409988403320312,46.80471420288086,42.09011459350586,14.415151596069336,151.21939086914062
2014-04-28,29.1408748626709,14.008071899414062,15.55655288696289,47.08199691772461,42.114173889160156,14.485363960266113,151.6982879638672
2014-04-29,29.275047302246094,14.143514633178711,15.664311408996582,47.359283447265625,42.226402282714844,14.425172805786133,152.40460205078125
2014-04-30,29.250089645385742,14.162860870361328,15.711730003356934,47.40007400512695,42.50694274902344,14.448587417602539,152.859130859375
2014-05-01,29.184555053710938,14.188653945922852,15.728967666625977,47.50609588623047,42.402732849121094,14.508771896362305,152.8753204345703
2014-05-02,29.24384307861328,14.182201385498047,15.685867309570312,47.098323822021484,42.33860778808594,14.211170196533203,152.6562042236328
2014-05-05,29.381139755249023,14.124163627624512,15.767763137817383,47.408226013183594,42.42679214477539,14.338235855102539,152.94842529296875
2014-05-06,29.42481803894043,13.924232482910156,15.591032981872559,46.9922981262207,42.106136322021484,14.268016815185547,151.6171417236328
2014-05-07,29.68068504333496,14.1112642288208,15.599655151367188,47.12277603149414,42.466861724853516,14.498739242553711,152.5100860595703
2014-05-08,29.256322860717773,14.149962425231934,15.642762184143066,46.86996078491211,42.4588508605957,14.341575622558594,152.34771728515625
2014-05-09,29.22825050354004,14.143514633178711,15.659998893737793,47.155399322509766,42.490901947021484,14.130916595458984,152.57501220703125
2014-05-12,29.43418312072754,14.285393714904785,15.871216773986816,47.63658142089844,43.1241340637207,14.000515937805176,154.060546875
2014-05-13,29.543397903442383,14.272500038146973,15.879830360412598,47.709983825683594,43.19628143310547,14.033952713012695,154.19845581054688
2014-05-14,29.555870056152344,14.1693115234375,15.80655574798584,47.74260711669922,42.87564468383789,14.104168891906738,153.46786499023438
2014-05-15,29.21887969970703,14.008071899414062,15.711730003356934,47.26143264770508,42.498924255371094,14.047322273254395,152.12042236328125
2014-05-16,29.143997192382812,14.027425765991211,15.810867309570312,47.42454528808594,42.55503845214844,14.090797424316406,152.6480712890625
2014-05-19,29.23447608947754,14.09836196899414,15.914313316345215,47.71812057495117,42.72336196899414,13.873448371887207,153.2082061767578
2014-05-20,29.150226593017578,14.014525413513184,15.823800086975098,47.4163818359375,42.15424728393555,13.873448371887207,152.2421875
2014-05-21,29.465391159057617,14.104814529418945,15.931562423706055,47.816001892089844,42.57106399536133,13.883480072021484,153.52474975585938
2014-05-22,29.437314987182617,14.1693115234375,15.961729049682617,48.1014518737793,42.65121078491211,13.997174263000488,153.8981475830078
2014-05-23,29.378015518188477,14.214449882507324,16.095354080200195,48.125911712646484,42.92374038696289,13.963733673095703,154.51510620117188
2014-05-27,29.459152221679688,14.336993217468262,16.233291625976562,48.38689422607422,43.148193359375,14.074077606201172,155.46478271484375
2014-05-28,29.50907325744629,14.31119441986084,16.190185546875,48.248252868652344,43.18024826049805,14.157671928405762,155.3511199951172
2014-05-29,29.76181983947754,14.343433380126953,16.285018920898438,48.63156509399414,43.35658645629883,14.197793006896973,156.15476989746094
2014-05-30,29.739971160888672,14.375687599182129,16.30225944519043,48.762046813964844,43.32452392578125,14.291424751281738,156.40638732910156
2014-06-02,29.70254135131836,14.414389610290527,16.27640151977539,48.82729721069336,43.50889205932617,14.288081169128418,156.58497619628906
2014-06-03,29.805511474609375,14.433733940124512,16.250547409057617,48.916996002197266,43.46080017089844,14.341575622558594,156.5038604736328
2014-06-04,29.789899826049805,14.472429275512695,16.280712127685547,49.055641174316406,43.452781677246094,14.33488941192627,156.8204345703125
2014-06-05,29.961524963378906,14.607863426208496,16.388469696044922,49.112735748291016,43.89363098144531,14.455268859863281,157.8431854248047
2014-06-06,30.208030700683594,14.704606056213379,16.461748123168945,49.063804626464844,44.334495544433594,14.405111312866211,158.59811401367188
2014-06-09,30.25483512878418,14.769100189208984,16.513479232788086,48.81098556518555,44.55894470214844,14.308137893676758,158.7604217529297
2014-06-10,30.204910278320312,14.762652397155762,16.522106170654297,48.97410202026367,44.45474624633789,14.274703979492188,158.77671813964844
2014-06-11,30.320371627807617,14.665916442871094,16.483308792114258,48.916996002197266,44.1261100769043,14.094136238098145,158.2247314453125
2014-06-12,30.420209884643555,14.575613975524902,16.34105682373047,48.67234802246094,43.53293228149414,14.13760757446289,157.1045379638672
2014-06-13,30.710397720336914,14.582066535949707,16.435894012451172,48.63156509399414,43.68524169921875,14.227890968322754,157.58349609375
2014-06-16,30.894500732421875,14.511119842529297,16.435894012451172,48.729427337646484,43.63713455200195,14.32486343383789,157.71337890625
2014-06-17,30.872661590576172,14.659459114074707,16.474681854248047,48.70497131347656,43.75737380981445,14.30479907989502,158.1516571044922
2014-06-18,31.106691360473633,14.743309020996094,16.560890197753906,49.0964241027832,44.00586700439453,14.62914752960205,159.3125
2014-06-19,31.32823371887207,14.72395133972168,16.530719757080078,49.25954818725586,44.11808395385742,14.749526023864746,159.49102783203125
2014-06-20,31.639833450317383,14.7822265625,16.494346618652344,49.67375183105469,44.303287506103516,14.659825325012207,159.8148193359375
2014-06-23,31.752681732177734,14.814597129821777,16.541982650756836,49.48548126220703,44.045616149902344,14.609236717224121,159.76596069335938
2014-06-24,31.084970474243164,14.717476844787598,16.455371856689453,49.51821517944336,43.60274887084961,14.653077125549316,158.80345153808594
2014-06-25,31.320087432861328,14.73043155670166,16.520326614379883,50.058509826660156,43.64300537109375,14.70703411102295,159.52117919921875
2014-06-26,31.35456657409668,14.678632736206055,16.50299835205078,50.123992919921875,43.61079406738281,14.75087833404541,159.4070587158203
2014-06-27,31.35456657409668,14.73690128326416,16.602602005004883,49.99302673339844,43.715457916259766,14.808204650878906,159.71702575683594
2014-06-30,31.3796443939209,14.723958015441895,16.606935501098633,49.79655456542969,43.53026580810547,14.926241874694824,159.6354522705078
2014-07-01,31.398452758789062,14.814597129821777,16.775821685791016,50.426883697509766,43.795989990234375,14.777851104736328,160.70387268066406
2014-07-02,31.35141944885254,14.801657676696777,16.79313087463379,50.811641693115234,43.72352600097656,14.491199493408203,160.86703491210938
2014-07-03,31.470542907714844,14.918204307556152,16.86676025390625,51.016300201416016,44.08587646484375,14.332696914672852,161.6581573486328
2014-07-07,31.229171752929688,14.853453636169434,16.88408088684082,50.63154602050781,43.771827697753906,14.400145530700684,161.0953826904297
2014-07-08,31.179025650024414,14.723958015441895,16.73251724243164,50.15675735473633,43.473899841308594,14.497942924499512,160.0595245361328
2014-07-09,31.385908126831055,14.762804985046387,16.81479263305664,50.36958312988281,43.54637145996094,14.457472801208496,160.77732849121094
2014-07-10,31.084970474243164,14.665679931640625,16.767148971557617,50.33684158325195,43.2887077331543,14.555279731750488,160.14108276367188
2014-07-11,30.846717834472656,14.691583633422852,16.8537654876709,50.443267822265625,43.53832244873047,14.443988800048828,160.36135864257812
2014-07-14,31.113182067871094,14.7822265625,16.975021362304688,50.60698318481445,43.78794479370117,14.278739929199219,161.16876220703125
2014-07-15,30.9783878326416,14.88582992553711,16.944704055786133,50.17311477661133,43.812095642089844,14.352930068969727,160.86703491210938
2014-07-16,31.4486141204834,14.859928131103516,17.100595474243164,50.0093879699707,43.997291564941406,14.400145530700684,161.46246337890625
2014-07-17,30.940765380859375,14.665679931640625,16.87974739074707,49.460906982421875,43.3128662109375,14.268616676330566,159.62725830078125
2014-07-18,31.03168487548828,14.834026336669922,17.083282470703125,50.271339416503906,43.67522048950195,14.4136323928833,161.2584991455078
2014-07-21,31.078702926635742,14.795178413391113,17.06162452697754,50.06669235229492,43.65104293823242,14.400145530700684,160.95669555664062
2014-07-22,31.30127716064453,14.840505599975586,17.204526901245117,50.50054931640625,43.812095642089844,14.369791030883789,161.6581573486328
2014-07-23,31.501903533935547,14.872879028320312,17.23483657836914,50.90985870361328,43.63496017456055,14.383282661437988,162.0171356201172
2014-07-24,31.530115127563477,14.905255317687988,17.221851348876953,50.80345153808594,43.425594329833984,14.427123069763184,162.0252227783203
2014-07-25,31.298139572143555,14.821081161499023,17.20018768310547,50.61517333984375,43.3128662109375,14.312461853027344,161.2667236328125
2014-07-28,31.222902297973633,14.827554702758789,17.230501174926758,50.664276123046875,43.09543991088867,14.511430740356445,161.3319091796875
2014-07-29,31.144527435302734,14.749858856201172,17.195858001708984,50.70521545410156,42.55595397949219,14.37653923034668,160.63864135742188
2014-07-30,30.959579467773438,14.814597129821777,17.213178634643555,50.90985870361328,42.59621810913086,14.133728981018066,160.6631622314453
2014-07-31,30.291860580444336,14.510283470153809,16.888404846191406,49.86204147338867,41.734622955322266,13.911144256591797,157.49024963378906
2014-08-01,30.047340393066406,14.387261390686035,16.79747200012207,49.90296936035156,41.694358825683594,13.965109825134277,157.0091094970703
2014-08-04,30.55204963684082,14.503805160522461,16.918720245361328,50.11581039428711,41.83930969238281,13.890915870666504,158.142822265625
2014-08-05,29.884326934814453,14.354881286621094,16.758495330810547,49.63283157348633,41.58967971801758,13.722294807434082,156.60940551757812
2014-08-06,29.97210121154785,14.41315746307373,16.706533432006836,49.6082763671875,41.38032531738281,13.546929359436035,156.6584014892578
2014-08-07,29.78401756286621,14.348407745361328,16.637243270874023,48.96974182128906,41.42057800292969,13.702058792114258,155.81008911132812
2014-08-08,30.282455444335938,14.490857124328613,16.74551010131836,49.55097198486328,42.008384704589844,13.975220680236816,157.61265563964844
2014-08-11,30.28558349609375,14.503805160522461,16.827777862548828,49.52640151977539,42.17749786376953,13.924637794494629,158.06939697265625
2014-08-12,30.063007354736328,14.536182403564453,16.819114685058594,49.48548126220703,42.08087921142578,13.914518356323242,157.8491973876953
2014-08-13,30.160194396972656,14.600933074951172,16.98367691040039,50.08306884765625,42.491539001464844,13.978593826293945,158.9176788330078
2014-08-14,29.987770080566406,14.691583633422852,17.013992309570312,50.67246627807617,42.676734924316406,14.100003242492676,159.66798400878906
2014-08-15,30.210351943969727,14.620359420776367,17.013992309570312,50.72159194946289,42.58816146850586,14.153955459594727,159.6354522705078
2014-08-18,30.291860580444336,14.7822265625,17.17420768737793,51.114524841308594,43.23233413696289,14.116865158081055,160.9730224609375
2014-08-19,30.523841857910156,14.80813217163086,17.282466888427734,51.45015335083008,43.337005615234375,14.295605659484863,161.81312561035156
2014-08-20,30.589662551879883,14.846976280212402,17.282466888427734,51.44196701049805,43.795989990234375,14.32595443725586,162.24546813964844
2014-08-21,30.614744186401367,15.021797180175781,17.36474609375,51.515647888183594,43.7557373046875,14.359679222106934,162.71849060058594
2014-08-22,30.41098403930664,14.970002174377441,17.36907386779785,51.56477737426758,43.60274887084961,14.315834999084473,162.46572875976562
2014-08-25,30.680572509765625,15.099495887756348,17.386402130126953,51.957698822021484,43.771827697753906,14.4136323928833,163.28944396972656
2014-08-26,30.837318420410156,15.131875991821289,17.395061492919922,52.14598083496094,43.626895904541016,14.241646766662598,163.3955078125
2014-08-27,30.774616241455078,15.099495887756348,17.39073371887207,52.10505294799805,43.60274887084961,14.396768569946289,163.33018493652344
2014-08-28,30.78089141845703,15.054178237915039,17.36474609375,52.088687896728516,43.53832244873047,14.501317024230957,163.24050903320312
2014-08-29,30.95330238342285,15.125397682189941,17.44268798828125,52.27696990966797,43.49806594848633,14.595745086669922,163.7053985595703
2014-09-02,30.561452865600586,15.183672904968262,17.447019577026367,52.25239944458008,43.64300537109375,14.464219093322754,163.62391662597656
2014-09-03,30.64296531677246,15.15777587890625,17.351757049560547,52.489810943603516,43.58662796020508,14.535037994384766,163.53408813476562
2014-09-04,30.229156494140625,15.170720100402832,17.343095779418945,52.22783279418945,43.60274887084961,14.528300285339355,163.297607421875
2014-09-05,30.432926177978516,15.19015121459961,17.447019577026367,52.530738830566406,43.7476806640625,14.710403442382812,164.03164672851562
2014-09-08,29.959564208984375,15.196626663208008,17.472999572753906,52.53891372680664,43.70741653442383,14.622723579406738,163.60748291015625
2014-09-09,29.827899932861328,15.041229248046875,17.347434997558594,52.3997688293457,43.5705451965332,14.454107284545898,162.5717010498047
2014-09-10,29.755800247192383,15.11892318725586,17.45136260986328,52.768131256103516,43.60274887084961,14.390029907226562,163.18344116210938
2014-09-11,29.774608612060547,15.15777587890625,17.490327835083008,52.62078094482422,43.618839263916016,14.511430740356445,163.3709716796875
2014-09-12,29.329458236694336,15.14482593536377,17.41670799255371,52.23604965209961,43.473899841308594,14.251760482788086,162.4166717529297
2014-09-15,29.536359786987305,15.138347625732422,17.312782287597656,52.096858978271484,43.45780563354492,14.295605659484863,162.2943572998047
2014-09-16,29.893739700317383,15.203095436096191,17.44268798828125,52.80906295776367,43.69935989379883,14.47771167755127,163.51779174804688
2014-09-17,29.730722427368164,15.267847061157227,17.477338790893555,52.849998474121094,43.86845779418945,14.450727462768555,163.73800659179688
2014-09-18,29.57711410522461,15.416773796081543,17.581266403198242,53.24293899536133,44.077823638916016,14.346189498901367,164.61077880859375
2014-09-19,29.552854537963867,15.376459121704102,17.543867111206055,53.30125045776367,44.034942626953125,14.475495338439941,164.46246337890625
2014-09-22,29.118022918701172,15.272433280944824,17.42643928527832,53.01372146606445,43.541446685791016,14.366604804992676,163.19227600097656
2014-09-23,29.03294563293457,15.168410301208496,17.387300491333008,52.7015380859375,43.18547058105469,14.325769424438477,162.25811767578125
2014-09-24,29.058155059814453,15.252928733825684,17.500377655029297,53.62165069580078,43.41199493408203,14.274728775024414,163.52825927734375
2014-09-25,28.61386489868164,14.999363899230957,17.117664337158203,52.74262237548828,42.732421875,14.18966007232666,160.88966369628906
2014-09-26,28.98253631591797,15.142403602600098,17.304668426513672,52.90693283081055,43.12884521484375,14.210074424743652,162.16796875
2014-09-29,28.91635513305664,15.090384483337402,17.30031967163086,52.79191589355469,43.06410598754883,14.30195426940918,161.87298583984375
2014-09-30,28.554000854492188,15.064377784729004,17.352508544921875,52.504371643066406,42.99939727783203,14.322369575500488,161.44692993164062
2014-10-01,27.9710750579834,14.882336616516113,17.082870483398438,51.95395278930664,42.19038391113281,14.404033660888672,159.25901794433594
2014-10-02,27.826126098632812,14.921343803405762,17.074172973632812,51.84714126586914,42.14183807373047,14.383622169494629,159.2835693359375
2014-10-03,27.78201675415039,15.135900497436523,17.213340759277344,52.91514587402344,42.71623611450195,14.475495338439941,161.03721618652344
2014-10-06,27.813535690307617,15.090384483337402,17.21769142150879,52.66869354248047,42.586795806884766,14.475495338439941,160.8487548828125
2014-10-07,27.4511661529541,14.836822509765625,16.948043823242188,51.83070373535156,41.55124282836914,14.455074310302734,158.36578369140625
2014-10-08,27.718994140625,15.116392135620117,17.26987075805664,53.153385162353516,42.29555130004883,14.781743049621582,161.1355438232422
2014-10-09,26.701234817504883,14.79781436920166,16.98283576965332,52.05252456665039,41.31663131713867,14.540146827697754,157.939697265625
2014-10-10,26.32627296447754,14.6807861328125,16.54793930053711,51.732120513916016,40.70987319946289,14.608203887939453,156.13690185546875
2014-10-13,25.513315200805664,14.550748825073242,16.365285873413086,50.50803756713867,40.07883834838867,14.594590187072754,153.5720672607422
2014-10-14,25.19192886352539,14.609265327453613,16.391380310058594,50.130130767822266,40.637062072753906,14.727298736572266,153.80972290039062
2014-10-15,25.38413429260254,14.329689979553223,16.27830696105957,49.7193717956543,40.53998565673828,14.533334732055664,152.76895141601562
2014-10-16,25.837873458862305,14.329689979553223,16.182626724243164,49.464683532714844,40.83930206298828,14.54694938659668,152.63792419433594
2014-10-17,26.058441162109375,14.511739730834961,16.37398338317871,50.25336837768555,41.64833068847656,14.6320219039917,154.440673828125
2014-10-20,26.28531265258789,14.596260070800781,16.491409301757812,50.861289978027344,41.76968002319336,14.83619213104248,155.9402618408203
2014-10-21,27.085657119750977,14.869329452514648,16.813234329223633,52.20861053466797,42.7000617980957,14.887231826782227,159.02952575683594
2014-10-22,26.572046279907227,14.732792854309082,16.734947204589844,51.94572830200195,42.14183807373047,14.979104995727539,157.89871215820312
2014-10-23,27.06675148010254,14.875835418701172,16.921958923339844,52.83298873901367,43.072200775146484,15.006330490112305,159.73428344726562
2014-10-24,26.972217559814453,15.01887035369873,17.0698184967041,53.57236862182617,43.45244216918945,15.152652740478516,160.96343994140625
2014-10-27,26.40504264831543,15.03837776184082,17.087223052978516,53.6298713684082,43.4362678527832,15.118619918823242,160.7421875
2014-10-28,27.006874084472656,15.200920104980469,17.32206153869629,54.02421569824219,44.204833984375,15.224111557006836,162.58592224121094
2014-10-29,27.09510040283203,15.239931106567383,17.304668426513672,54.04886245727539,44.051116943359375,15.135634422302246,162.34014892578125
2014-10-30,26.997432708740234,15.324448585510254,17.361202239990234,55.04291915893555,44.229095458984375,15.469104766845703,163.3807830810547
2014-10-31,27.545690536499023,15.499996185302734,17.630847930908203,55.26472473144531,44.66598129272461,15.472511291503906,165.2490997314453
2014-11-03,27.110864639282227,15.55850601196289,17.704774856567383,55.33045196533203,44.60934066772461,15.574592590332031,165.33926391601562
2014-11-04,26.553136825561523,15.5650053024292,17.700424194335938,55.33866500854492,44.58507537841797,15.492928504943848,164.76564025878906
2014-11-05,27.019479751586914,15.669035911560059,17.748266220092773,55.28117370605469,44.86014175415039,15.843417167663574,165.80633544921875
2014-11-06,27.359792709350586,15.695036888122559,17.73956871032715,55.61798095703125,45.32937240600586,15.574592590332031,166.4700469970703
2014-11-07,27.662267684936523,15.701546669006348,17.76131248474121,55.06757354736328,45.39408874511719,15.737930297851562,166.6257781982422
2014-11-10,27.413345336914062,15.786060333251953,17.80915069580078,55.626197814941406,45.62062072753906,15.816198348999023,167.15025329589844
2014-11-11,27.495290756225586,15.734048843383789,17.81785011291504,55.83159255981445,45.564002990722656,15.758347511291504,167.3140869140625
2014-11-12,27.25265121459961,15.701546669006348,17.874393463134766,55.74946212768555,45.62870407104492,15.482718467712402,167.13381958007812
2014-11-13,26.890302658081055,15.695036888122559,17.970064163208008,55.708370208740234,45.499263763427734,15.356812477111816,167.3223419189453
2014-11-14,27.1644287109375,15.643026351928711,18.09619140625,55.24830627441406,45.55589294433594,15.292166709899902,167.36328125
2014-11-17,27.022634506225586,15.643026351928711,18.06139373779297,55.51942825317383,45.491172790527344,15.492928504943848,167.4698028564453
2014-11-18,27.044689178466797,15.695036888122559,18.122283935546875,56.414886474609375,45.83097839355469,15.537168502807617,168.436767578125
2014-11-19,27.186481475830078,15.6625337600708,18.004859924316406,56.10271453857422,45.69343566894531,15.523560523986816,168.16635131835938
2014-11-20,27.526779174804688,15.6625337600708,18.09619140625,55.864471435546875,45.81478500366211,15.489527702331543,168.4613494873047
2014-11-21,27.8859920501709,15.740554809570312,18.122283935546875,56.127342224121094,46.25974655151367,15.550780296325684,169.36273193359375
2014-11-24,27.671728134155273,15.844584465026855,18.21796226501465,56.414886474609375,46.38109588623047,15.421466827392578,169.83802795410156
2014-11-25,27.221141815185547,15.831571578979492,18.22665023803711,56.48881912231445,46.51862716674805,15.421466827392578,169.71510314941406
2014-11-26,26.877695083618164,15.85107707977295,18.391921997070312,56.83385467529297,46.42964172363281,15.489527702331543,170.14938354492188
2014-11-28,25.150968551635742,15.86408805847168,18.47889518737793,57.18714141845703,46.04131317138672,15.652857780456543,169.78887939453125
2014-12-01,25.23918914794922,15.753554344177246,18.2701473236084,57.04745864868164,45.45073318481445,15.683483123779297,168.60882568359375
2014-12-02,25.513315200805664,15.903088569641113,18.274492263793945,57.68003845214844,45.83906555175781,15.788971900939941,169.6986846923828
2014-12-03,25.82527732849121,15.97461223602295,18.339731216430664,57.770423889160156,46.45391082763672,15.744734764099121,170.354248046875
2014-12-04,25.60154914855957,15.994112968444824,18.339731216430664,57.696468353271484,46.219303131103516,15.731122016906738,170.16580200195312
2014-12-05,25.295902252197266,16.137161254882812,18.31798553466797,58.15652847290039,46.324459075927734,15.608627319335938,170.4443817138672
2014-12-08,24.271841049194336,16.21516990661621,18.1309757232666,58.36191940307617,45.81478500366211,15.73452377319336,169.30535888671875
2014-12-09,24.53652572631836,16.176164627075195,18.126625061035156,58.115474700927734,45.82286834716797,15.812792778015137,169.1906280517578
2014-12-10,23.78030014038086,15.968124389648438,17.852636337280273,57.22000503540039,44.94913864135742,15.615431785583496,166.47828674316406
2014-12-11,23.764545440673828,16.007125854492188,17.930923461914062,57.38429260253906,45.167564392089844,15.77196216583252,167.3223419189453
2014-12-12,23.32340431213379,15.695036888122559,17.665637969970703,56.5052604675293,44.350467681884766,15.622234344482422,164.61813354492188
2014-12-15,23.115447998046875,15.552001953125,17.55691146850586,55.98768615722656,44.204833984375,15.489527702331543,163.48733520507812
2014-12-16,23.32025718688965,15.402473449707031,17.32206153869629,55.33866500854492,44.24529266357422,15.475915908813477,162.17623901367188
2014-12-17,24.2876033782959,15.753554344177246,17.648242950439453,56.373802185058594,44.65787887573242,15.751544952392578,165.3556365966797
2014-12-18,24.75394058227539,16.117658615112305,18.152719497680664,57.918312072753906,45.78242111206055,16.061201095581055,169.44467163085938
2014-12-19,25.544986724853516,16.12810707092285,18.172828674316406,58.058475494384766,46.03950500488281,16.08763313293457,170.16567993164062
2014-12-22,25.285005569458008,16.23920249938965,18.391420364379883,57.50598907470703,46.47883987426758,16.128822326660156,170.9484100341797
2014-12-23,25.592544555664062,16.330686569213867,18.43950080871582,56.186668395996094,46.649681091308594,16.170024871826172,171.17906188964844
2014-12-24,25.405487060546875,16.304550170898438,18.422008514404297,56.59896469116211,46.69849395751953,16.468706130981445,171.19558715820312
2014-12-26,25.39914894104004,16.304550170898438,18.500703811645508,57.003021240234375,46.69849395751953,16.667823791503906,171.74765014648438
2014-12-29,25.4910888671875,16.363361358642578,18.40890121459961,57.20090866088867,46.77172088623047,16.860090255737305,171.97833251953125
2014-12-30,25.288169860839844,16.34375762939453,18.27775764465332,56.95355224609375,46.49510192871094,16.509904861450195,171.0555419921875
2014-12-31,25.09794807434082,16.160781860351562,18.07665252685547,56.384586334228516,46.0313835144043,16.211219787597656,169.358154296875
2015-01-02,25.21525764465332,16.160781860351562,18.04168128967285,56.5906982421875,45.97442626953125,16.286746978759766,169.2675018310547
2015-01-05,24.172151565551758,15.820966720581055,17.766273498535156,56.30211639404297,44.900516510009766,16.08763313293457,166.21063232421875
2015-01-06,23.81705093383789,15.579181671142578,17.55205726623535,56.11247634887695,44.347293853759766,16.097932815551758,164.64505004882812
2015-01-07,23.867769241333008,15.742548942565918,17.700700759887695,57.431793212890625,44.68087387084961,16.255847930908203,166.69677734375
2015-01-08,24.403596878051758,15.977800369262695,18.08977699279785,58.413047790527344,45.575775146484375,16.36914825439453,169.6547393798828
2015-01-09,24.210187911987305,15.762155532836914,18.032936096191406,57.89353942871094,45.0876350402832,16.26615333557129,168.2952423095703
2015-01-12,23.512676239013672,15.631453514099121,17.823104858398438,57.918296813964844,44.77849197387695,16.22838592529297,166.9768829345703
2015-01-13,23.325613021850586,15.579181671142578,17.80998420715332,57.662681579589844,44.688987731933594,16.273019790649414,166.5072021484375
2015-01-14,23.398544311523438,15.35699462890625,17.709442138671875,57.57194900512695,44.444923400878906,16.413776397705078,165.5019989013672
2015-01-15,23.100507736206055,15.167476654052734,17.48212432861328,56.95355224609375,44.233402252197266,16.544231414794922,163.9859161376953
2015-01-16,23.851924896240234,15.350457191467285,17.65261459350586,58.025482177734375,44.52627944946289,16.691858291625977,166.136474609375
2015-01-20,23.880462646484375,15.285109519958496,17.801246643066406,58.025482177734375,44.84357452392578,16.733064651489258,166.49075317382812
2015-01-21,24.365549087524414,15.324316024780273,17.831846237182617,58.140926361083984,45.209678649902344,16.894411087036133,167.33116149902344
2015-01-22,24.479692459106445,15.703340530395508,18.124744415283203,58.83357238769531,45.93374252319336,16.822324752807617,169.81956481933594
2015-01-23,24.305313110351562,15.533428192138672,18.120372772216797,58.49551010131836,45.55136489868164,16.870384216308594,168.8885040283203
2015-01-26,24.65406608581543,15.611844062805176,18.046056747436523,58.80059051513672,45.608333587646484,16.860090255737305,169.28396606445312
2015-01-27,24.638221740722656,15.441941261291504,17.525833129882812,58.38005828857422,45.006290435791016,16.88411521911621,167.05101013183594
2015-01-28,23.66802978515625,15.1609468460083,17.49523162841797,57.53898620605469,44.61576843261719,16.739919662475586,164.90872192382812
2015-01-29,23.74729347229004,15.285109519958496,17.661354064941406,58.025482177734375,45.1283073425293,16.963075637817383,166.43304443359375
2015-01-30,23.953386306762695,15.03677749633789,17.442771911621094,57.118446350097656,44.3961067199707,16.588871002197266,164.34019470214844
2015-02-02,24.68577003479004,15.27857780456543,17.62200164794922,57.44003677368164,45.055091857910156,16.660961151123047,166.3753662109375
2015-02-03,25.361095428466797,15.533428192138672,17.823104858398438,57.827571868896484,45.78730392456055,16.722755432128906,168.78138732910156
2015-02-04,24.94259262084961,15.49422550201416,17.858076095581055,57.10197067260742,45.437477111816406,16.520206451416016,168.1387176513672
2015-02-05,25.300857543945312,15.651065826416016,18.024198532104492,58.06672286987305,45.8279914855957,16.671266555786133,169.8360595703125
2015-02-06,25.30720329284668,15.77521800994873,17.967369079589844,57.53898620605469,45.722225189208984,15.98463249206543,169.36639404296875
2015-02-09,25.332569122314453,15.696806907653809,17.94113540649414,56.86284255981445,45.600181579589844,15.843876838684082,168.60836791992188
2015-02-10,25.319883346557617,15.820966720581055,18.20780372619629,57.8193473815918,45.85239028930664,16.170024871826172,170.40457153320312
2015-02-11,25.142335891723633,15.820966720581055,18.27775764465332,57.87705993652344,45.8686637878418,15.819849967956543,170.50347900390625
2015-02-12,25.472063064575195,15.977800369262695,18.526935577392578,58.08320999145508,46.29985046386719,15.747756958007812,172.14315795898438
2015-02-13,26.011064529418945,15.96473503112793,18.64495849609375,58.314083099365234,46.511375427246094,15.507429122924805,172.8517608642578
2015-02-17,26.09032440185547,16.017017364501953,18.65370750427246,58.73462677001953,46.57645797729492,15.493695259094238,173.12364196777344
2015-02-18,25.779617309570312,15.918991088867188,18.671192169189453,58.80059051513672,46.83679962158203,15.861041069030762,173.14016723632812
2015-02-19,25.659137725830078,15.853643417358398,18.736774444580078,58.8995475769043,46.918155670166016,15.682518005371094,173.01657104492188
2015-02-20,25.535478591918945,15.971268653869629,18.832950592041016,59.517974853515625,47.31680679321289,15.685956001281738,174.05477905273438
2015-02-23,25.430845260620117,15.932050704956055,18.846057891845703,59.79008865356445,47.11341094970703,15.792383193969727,174.03005981445312
2015-02-24,25.500598907470703,16.010473251342773,18.902894973754883,59.715858459472656,47.30052947998047,15.909111976623535,174.52444458007812
2015-02-25,25.64011573791504,16.010473251342773,18.78485870361328,59.69114303588867,47.20291519165039,15.648186683654785,174.3761444091797
2015-02-26,25.16452407836914,15.971268653869629,18.902894973754883,59.85604476928711,46.991371154785156,15.545198440551758,174.1701202392578
2015-02-27,25.053558349609375,15.912453651428223,18.837312698364258,59.567447662353516,46.77172088623047,15.52802848815918,173.5768585205078
2015-03-02,24.879182815551758,16.03008270263672,18.98595428466797,60.10342025756836,47.20291519165039,15.229352951049805,174.6726837158203
2015-03-03,24.97112274169922,15.984330177307129,18.859169006347656,59.55921173095703,46.90189743041992,15.322046279907227,173.95594787597656
2015-03-04,24.936246871948242,15.88631534576416,18.78485870361328,59.84779739379883,46.5357780456543,15.236211776733398,173.2225799560547
2015-03-05,24.7872371673584,15.951668739318848,18.763002395629883,60.06219482421875,46.568321228027344,15.356376647949219,173.41207885742188
2015-03-06,24.343355178833008,15.834033966064453,18.531301498413086,58.88304138183594,45.93374252319336,14.896328926086426,170.97314453125
2015-03-09,24.168973922729492,15.905916213989258,18.618741989135742,59.24584197998047,46.36492919921875,14.923802375793457,171.68174743652344
2015-03-10,23.832897186279297,15.566104888916016,18.238407135009766,58.58621597290039,45.51068878173828,14.896328926086426,168.89674377441406
2015-03-11,23.90264892578125,15.664129257202148,18.120372772216797,58.55320739746094,45.461875915527344,14.800215721130371,168.50120544433594
2015-03-12,23.750471115112305,16.003942489624023,18.238407135009766,59.328304290771484,46.04764938354492,15.08172607421875,170.64356994628906
2015-03-13,23.661691665649414,15.89284896850586,18.137861251831055,59.21287155151367,45.62458419799805,14.927231788635254,169.5970916748047
2015-03-16,23.981914520263672,16.088897705078125,18.352066040039062,60.523948669433594,46.38120651245117,15.18471622467041,171.86300659179688
2015-03-17,23.889970779418945,16.049694061279297,18.356441497802734,60.350830078125,46.194087982177734,15.160687446594238,171.35215759277344
2015-03-18,24.584327697753906,16.14117431640625,18.605627059936523,61.134151458740234,46.73917770385742,15.56922435760498,173.41207885742188
2015-03-19,24.1943416595459,15.990877151489258,18.553165435791016,61.488704681396484,46.4218864440918,15.425037384033203,172.62109375
2015-03-20,24.550268173217773,16.207984924316406,18.673002243041992,61.933589935302734,46.684242248535156,15.56379222869873,174.144775390625
2015-03-23,24.46407699584961,16.11615562438965,18.673002243041992,61.75992965698242,46.29194259643555,15.57417106628418,173.805419921875
2015-03-24,24.301280975341797,15.984973907470703,18.611541748046875,61.22244644165039,46.13665008544922,15.401164054870605,172.82882690429688
2015-03-25,24.617292404174805,15.729161262512207,18.133081436157227,60.10618591308594,45.3520393371582,15.221236228942871,170.29624938964844
2015-03-26,24.58856201171875,15.716039657592773,18.146255493164062,59.96560287475586,45.229434967041016,15.093205451965332,169.8906707763672
2015-03-27,24.387460708618164,15.696364402770996,18.1594295501709,60.395572662353516,45.40107727050781,15.183176040649414,170.2796630859375
2015-03-30,24.91097068786621,15.925934791564941,18.3789005279541,61.007469177246094,46.03855895996094,15.37002182006836,172.35708618164062
2015-03-31,24.764127731323242,15.814420700073242,18.190149307250977,59.949039459228516,45.58088302612305,15.373477935791016,170.85073852539062
2015-04-01,24.75774383544922,15.801311492919922,18.163814544677734,59.345420837402344,45.27847671508789,15.38731861114502,170.2465057373047
2015-04-02,24.808818817138672,15.880023956298828,18.1594295501709,59.5273551940918,45.30300521850586,15.415002822875977,170.85902404785156
2015-04-06,25.255706787109375,15.90626049041748,18.335002899169922,59.61830520629883,45.64625549316406,15.629535675048828,172.0093994140625
2015-04-07,25.27166175842285,15.820984840393066,18.295499801635742,59.758888244628906,45.54001235961914,15.449605941772461,171.55426025390625
2015-04-08,25.0673770904541,15.880023956298828,18.352563858032227,60.26326370239258,45.69530487060547,15.404622077941895,172.13357543945312
2015-04-09,25.469581604003906,15.90626049041748,18.400842666625977,60.71804428100586,45.91596984863281,15.338878631591797,172.89503479003906
2015-04-10,25.5813045501709,15.899702072143555,18.471084594726562,61.23899841308594,46.56165313720703,15.4530611038208,173.83851623535156
2015-04-13,25.3259334564209,15.958734512329102,18.418405532836914,60.90827560424805,46.12030029296875,15.300817489624023,173.0522918701172
2015-04-14,25.782400131225586,15.958734512329102,18.361337661743164,61.007469177246094,46.177513122558594,15.37693977355957,173.38333129882812
2015-04-15,26.398473739624023,16.01776695251465,18.523757934570312,61.164573669433594,46.259246826171875,15.415002822875977,174.16136169433594
2015-04-16,26.337825775146484,16.044002532958984,18.457904815673828,61.13151168823242,46.161170959472656,15.314659118652344,174.11166381835938
2015-04-17,26.14629364013672,15.827547073364258,18.20332145690918,60.60228729248047,45.60539245605469,15.25929069519043,172.1087188720703
2015-04-20,26.245258331298828,15.893142700195312,18.514968872070312,60.97438430786133,46.13665008544922,15.4876708984375,173.68128967285156
2015-04-21,25.967538833618164,15.814420700073242,18.50619125366211,61.37958526611328,46.07944869995117,15.349263191223145,173.474365234375
2015-04-22,26.139911651611328,15.925934791564941,18.6949462890625,61.4787712097168,46.27558517456055,15.380398750305176,174.32681274414062
2015-04-23,26.31866455078125,15.952176094055176,18.76956558227539,61.710296630859375,46.2265510559082,15.466902732849121,174.7655029296875
2015-04-24,26.168643951416016,15.925934791564941,18.931978225708008,61.511871337890625,46.030399322509766,15.622611999511719,175.17105102539062
2015-04-27,26.139911651611328,15.866908073425293,18.984657287597656,60.395572662353516,46.01405334472656,15.435765266418457,174.4427032470703
2015-04-28,26.270788192749023,15.958734512329102,19.046104431152344,60.693233489990234,46.09577941894531,15.546483993530273,174.99722290039062
2015-04-29,26.475074768066406,15.952176094055176,18.953927993774414,60.13923645019531,45.866943359375,15.480746269226074,174.27720642089844
2015-04-30,26.39207649230957,15.827547073364258,18.690555572509766,59.29582977294922,45.466468811035156,15.300817489624023,172.53085327148438
2015-05-01,26.45273780822754,15.965292930603027,18.91880989074707,60.0978889465332,46.03855895996094,15.38731861114502,174.4013214111328
2015-05-04,26.385698318481445,16.122713088989258,18.936368942260742,60.47826385498047,46.11212158203125,15.501510620117188,174.89794921875
2015-05-05,26.060110092163086,15.978413581848145,18.642274856567383,59.717525482177734,45.490970611572266,15.155488967895508,172.89503479003906
2015-05-06,25.95796012878418,15.899702072143555,18.484251022338867,59.48601531982422,45.466468811035156,15.072443962097168,172.18325805664062
2015-05-07,25.67706298828125,16.01120948791504,18.62032127380371,59.76713943481445,45.703468322753906,15.12781047821045,172.87022399902344
2015-05-08,26.09841537475586,16.24078369140625,18.888080596923828,60.73458480834961,46.24289321899414,15.23507308959961,175.14620971679688
2015-05-11,25.60683822631836,16.181753158569336,18.791515350341797,60.76765060424805,46.202022552490234,15.131267547607422,174.31028747558594
2015-05-12,25.72494125366211,16.122713088989258,18.690555572509766,60.37901306152344,46.15298843383789,15.113967895507812,173.7888641357422
2015-05-13,25.657907485961914,16.1292781829834,18.76956558227539,60.44520568847656,46.25106430053711,14.965184211730957,173.82196044921875
2015-05-14,25.648330688476562,16.27358055114746,19.072446823120117,61.28032684326172,46.7169303894043,15.138191223144531,175.63453674316406
2015-05-15,25.750478744506836,16.201427459716797,19.010990142822266,61.40439224243164,46.67606735229492,15.335419654846191,175.82484436035156
2015-05-18,25.7728271484375,16.293256759643555,19.10317039489746,61.76820755004883,46.765968322753906,15.394245147705078,176.3711395263672
2015-05-19,25.405736923217773,16.385086059570312,19.054885864257812,62.05762481689453,46.63520050048828,15.428841590881348,176.31320190429688
2015-05-20,25.45362091064453,16.339170455932617,19.068056106567383,62.14030075073242,46.46356964111328,15.4530611038208,176.1890106201172
2015-05-21,25.693021774291992,16.299816131591797,19.15145492553711,62.14855194091797,46.7169303894043,15.44614028930664,176.70220947265625
2015-05-22,25.600448608398438,16.306381225585938,19.138282775878906,61.999732971191406,46.50443649291992,15.421923637390137,176.28005981445312
2015-05-26,25.195056915283203,16.122713088989258,18.86174774169922,61.37129592895508,45.9976921081543,15.32503890991211,174.38479614257812
2015-05-27,25.15036964416504,16.299816131591797,19.217302322387695,62.082420349121094,46.29194259643555,15.38731861114502,176.0400848388672
2015-05-28,25.051406860351562,16.280141830444336,19.17778968811035,62.1237678527832,46.07126235961914,15.421923637390137,175.84146118164062
2015-05-29,25.02269172668457,16.135833740234375,19.037328720092773,61.96666717529297,45.61357116699219,15.397699356079102,174.7489471435547
2015-06-01,24.958839416503906,16.148950576782227,19.09000587463379,62.2147216796875,45.81791305541992,15.418464660644531,175.10484313964844
2015-06-02,25.13121223449707,16.175188064575195,19.05049705505371,61.80955123901367,45.90779113769531,15.21431827545166,174.9310302734375
2015-06-03,24.958839416503906,16.312936782836914,19.09000587463379,61.92531967163086,46.13665008544922,14.989405632019043,175.39454650878906
2015-06-04,24.620479583740234,16.168638229370117,18.914424896240234,61.49534606933594,45.62175369262695,14.968643188476562,173.91297912597656
2015-06-05,24.79285430908203,16.260461807250977,18.85296630859375,61.47052764892578,45.654449462890625,14.781797409057617,173.61505126953125
2015-06-08,24.652400970458984,16.162073135375977,18.642274856567383,61.164573669433594,45.319339752197266,14.695292472839355,172.5474090576172
2015-06-09,24.649213790893555,16.201427459716797,18.59837532043457,61.148040771484375,45.311161041259766,14.660688400268555,172.5225372314453
2015-06-10,24.95245933532715,16.43100357055664,18.888080596923828,61.90053176879883,45.760684967041016,14.733358383178711,174.59170532226562
2015-06-11,24.840736389160156,16.49659538269043,18.89685821533203,62.322235107421875,46.0222282409668,14.850995063781738,175.15451049804688
2015-06-12,24.563030242919922,16.424442291259766,18.730052947998047,61.55320358276367,45.75251007080078,14.719511985778809,173.81370544433594
2015-06-15,24.505563735961914,16.3522891998291,18.61593246459961,61.62765884399414,45.36837387084961,14.695292472839355,173.06884765625
2015-06-16,24.69710350036621,16.444116592407227,18.738840103149414,61.933589935302734,45.40925216674805,14.764493942260742,174.01234436035156
2015-06-17,24.636449813842773,16.424442291259766,18.747615814208984,61.99147033691406,45.53184127807617,14.889054298400879,174.29376220703125
2015-06-18,24.620479583740234,16.57530403137207,18.914424896240234,62.86796569824219,45.98953628540039,15.086285591125488,176.10630798339844
2015-06-19,24.39202308654785,16.298616409301758,18.75701332092285,62.819000244140625,45.766117095947266,14.940683364868164,175.3245086669922
2015-06-22,24.69085121154785,16.54895782470703,18.911338806152344,63.308536529541016,46.04539489746094,14.919739723205566,176.2227325439453
2015-06-23,24.771190643310547,16.58189582824707,18.92456817626953,63.433006286621094,45.93038558959961,14.717223167419434,176.34742736816406
2015-06-24,24.616939544677734,16.44355010986328,18.836374282836914,62.79411315917969,45.503292083740234,14.601998329162598,175.0666961669922
2015-06-25,24.36631202697754,16.344728469848633,18.792282104492188,63.142608642578125,45.15010452270508,14.504229545593262,174.53445434570312
2015-06-26,24.4466495513916,16.39743423461914,18.6335506439209,63.05131149291992,45.23223114013672,14.591519355773926,174.50120544433594
2015-06-29,23.98394012451172,16.002147674560547,18.236717224121094,61.508018493652344,44.378028869628906,14.514705657958984,170.84181213378906
2015-06-30,24.15102767944336,16.06144905090332,18.254356384277344,61.723758697509766,44.402671813964844,14.476295471191406,171.19944763183594
2015-07-01,23.842546463012695,16.305192947387695,18.377811431884766,62.38754653930664,44.62443161010742,14.563589096069336,172.5716552734375
2015-07-02,23.948589324951172,16.23273468017578,18.404268264770508,62.09711837768555,44.542301177978516,14.745157241821289,172.41363525390625
2015-07-06,23.633682250976562,16.166847229003906,18.329317092895508,62.072261810302734,44.369808197021484,14.804509162902832,171.92300415039062
2015-07-07,23.848976135253906,16.199792861938477,18.35576820373535,62.370941162109375,44.73119354248047,15.171131134033203,173.00413513183594
2015-07-08,23.366985321044922,15.916505813598633,18.055936813354492,61.30059051513672,43.926265716552734,15.09083080291748,170.1015625
2015-07-09,23.485868453979492,16.04167938232422,17.98539161682129,61.63247299194336,44.03304672241211,14.92323112487793,170.4093475341797
2015-07-10,23.614402770996094,16.23273468017578,18.271989822387695,62.462223052978516,44.49302673339844,15.00353717803955,172.55503845214844
2015-07-13,23.781496047973633,16.430374145507812,18.549776077270508,62.99324417114258,44.985843658447266,15.010526657104492,174.45956420898438
2015-07-14,23.951799392700195,16.469900131225586,18.620323181152344,63.62382888793945,45.1090202331543,14.98957347869873,175.21633911132812
2015-07-15,23.530866622924805,16.608245849609375,18.624732971191406,63.70682907104492,44.92010498046875,15.062895774841309,175.15814208984375
2015-07-16,23.56299591064453,16.772945404052734,18.862831115722656,64.00552368164062,45.125465393066406,15.286359786987305,176.56375122070312
2015-07-17,23.277015686035156,16.726829528808594,19.15384864807129,63.86445617675781,45.1090202331543,15.136223793029785,176.71339416503906
2015-07-20,22.968538284301758,16.746601104736328,19.255258560180664,64.07188415527344,45.11723709106445,15.05940055847168,176.80490112304688
2015-07-21,22.978181838989258,16.726829528808594,19.127384185791016,63.789772033691406,44.63264846801758,14.92323112487793,176.10629272460938
2015-07-22,22.791805267333984,16.85200309753418,18.818737030029297,63.93084716796875,44.435523986816406,14.98957347869873,175.7902374267578
2015-07-23,22.772523880004883,16.707073211669922,18.77906036376953,63.69850540161133,44.02482986450195,14.766106605529785,174.80055236816406
2015-07-24,22.335521697998047,16.54895782470703,18.677642822265625,62.10540008544922,43.44988250732422,14.780075073242188,172.98751831054688
2015-07-27,22.01420021057129,16.430374145507812,18.510086059570312,62.04736328125,43.23634338378906,14.96861743927002,171.981201171875
2015-07-28,22.644001007080078,16.496244430541992,18.677642822265625,63.16749572753906,44.074127197265625,15.0384521484375,174.09368896484375
2015-07-29,22.952470779418945,16.66095733642578,18.801103591918945,63.27535629272461,44.61621856689453,15.094311714172363,175.29122924804688
2015-07-30,22.791805267333984,16.66095733642578,18.836374282836914,63.184085845947266,44.57514572143555,15.206050872802734,175.3328857421875
2015-07-31,22.293746948242188,16.608245849609375,18.77465057373047,63.54917907714844,44.53406524658203,15.359684944152832,175.0666961669922
2015-08-03,21.824609756469727,16.588478088378906,18.673234939575195,63.49938201904297,44.320526123046875,15.439993858337402,174.47621154785156
2015-08-04,21.750701904296875,16.562135696411133,18.56300163269043,63.46620178222656,44.29589080810547,15.192083358764648,174.13526916503906
2015-08-05,21.58682632446289,16.628009796142578,18.74378776550293,63.99722671508789,44.542301177978516,15.23049259185791,174.7091064453125
2015-08-06,21.930644989013672,16.568721771240234,18.558595657348633,62.60329055786133,44.31230545043945,15.31080150604248,173.27857971191406
2015-08-07,21.53862762451172,16.601661682128906,18.571821212768555,62.495426177978516,44.0987548828125,15.499346733093262,172.94595336914062
2015-08-10,22.226266860961914,16.759767532348633,18.862831115722656,63.00156784057617,44.9611930847168,15.43649959564209,175.12489318847656
2015-08-11,22.268041610717773,16.608245849609375,18.580638885498047,62.47050094604492,44.410892486572266,15.513314247131348,173.5447540283203
2015-08-12,22.672914505004883,16.456724166870117,18.664417266845703,62.51199722290039,44.41909408569336,15.789154052734375,173.75265502929688
2015-08-13,22.32909393310547,16.516014099121094,18.61150360107422,62.370941162109375,44.386234283447266,15.792642593383789,173.5364227294922
2015-08-14,22.280895233154297,16.634599685668945,18.7040958404541,62.545204162597656,44.66549301147461,15.91136360168457,174.16851806640625
2015-08-17,22.32909393310547,16.66754150390625,18.809919357299805,63.175785064697266,44.887271881103516,15.988176345825195,175.1415557861328
2015-08-18,22.245553970336914,16.65436553955078,18.712915420532227,63.08452606201172,44.80513000488281,15.949769020080566,174.63427734375
2015-08-19,21.631813049316406,16.502840042114258,18.589452743530273,62.82731246948242,44.386234283447266,16.01610565185547,173.25363159179688
2015-08-20,21.143390655517578,16.15367889404297,18.13530158996582,61.36697769165039,43.46631622314453,15.92183780670166,169.6359100341797
2015-08-21,20.404335021972656,15.57393741607666,17.443050384521484,59.49176025390625,42.26713180541992,15.729788780212402,164.52944946289062
2015-08-24,19.308610916137695,14.908557891845703,16.755203247070312,56.96110916137695,40.76403045654297,15.13970947265625,157.60159301757812
2015-08-25,19.02906036376953,14.71091365814209,16.622926712036133,56.38859176635742,40.23015594482422,14.675324440002441,155.7469940185547
2015-08-26,19.6845703125,15.264303207397461,17.460683822631836,58.76990509033203,41.48684310913086,14.9371919631958,161.72671508789062
2015-08-27,20.658187866210938,15.63982105255127,17.866336822509766,59.91493606567383,42.48889923095703,15.111781120300293,165.72703552246094
2015-08-28,21.127328872680664,15.567347526550293,17.901615142822266,59.574764251708984,42.50531768798828,15.066381454467773,165.7353057861328
2015-08-31,21.345829010009766,15.435590744018555,17.73847007751465,58.48780059814453,42.127506256103516,14.825464248657227,164.3963623046875
2015-09-01,20.593923568725586,14.934910774230957,17.169673919677734,56.95279312133789,41.010440826416016,14.42392349243164,159.48948669433594
2015-09-02,20.783504486083984,15.139142036437988,17.584150314331055,58.122718811035156,41.92216873168945,14.43439769744873,162.5167999267578
2015-09-03,20.84134292602539,15.224776268005371,17.597373962402344,57.707847595214844,41.946807861328125,14.500738143920898,162.63319396972656
2015-09-04,20.49751853942871,14.92172622680664,17.32840919494629,56.98599624633789,41.3636360168457,14.301717758178711,160.17153930664062
2015-09-08,20.8188533782959,15.303832054138184,17.813434600830078,58.579071044921875,42.50531768798828,14.60549545288086,164.19674682617188
2015-09-09,20.42682456970215,15.093012809753418,17.57973861694336,57.67466354370117,42.05358123779297,14.42392349243164,162.00112915039062
2015-09-10,20.54572105407715,15.165477752685547,17.756107330322266,58.2305908203125,42.078224182128906,14.399486541748047,162.88275146484375
2015-09-11,20.36256217956543,15.231363296508789,17.839879989624023,58.603946685791016,42.308197021484375,14.50772476196289,163.6229248046875
2015-09-14,20.18583106994629,15.198426246643066,17.79578971862793,58.42142868041992,42.09465026855469,14.542640686035156,163.0157928466797
2015-09-15,20.410764694213867,15.415825843811035,18.025074005126953,59.25945281982422,42.82566833496094,14.619458198547363,165.05337524414062
2015-09-16,20.989154815673828,15.514653205871582,18.10002899169922,59.42542266845703,43.13777160644531,14.766106605529785,166.4838409423828
2015-09-17,20.976308822631836,15.2972412109375,17.976572036743164,59.96474075317383,42.94887161254883,14.96861743927002,166.10960388183594
2015-09-18,20.42536163330078,15.001321792602539,17.743154525756836,59.049560546875,42.00001907348633,14.884379386901855,163.39512634277344
2015-09-21,20.541900634765625,15.17345142364502,17.920316696166992,58.26675796508789,42.20646667480469,14.94430160522461,164.23948669433594
2015-09-22,20.325023651123047,14.981463432312012,17.619138717651367,57.90869140625,41.59537887573242,14.757499694824219,162.107666015625
2015-09-23,20.062822341918945,14.988080024719238,17.663434982299805,57.850399017333984,41.30636215209961,14.79626750946045,161.84852600097656
2015-09-24,20.150226593017578,14.882161140441895,17.663434982299805,57.2591552734375,41.05034255981445,14.91610336303711,161.2633056640625
2015-09-25,20.189069747924805,15.10062026977539,17.63242530822754,55.69359588623047,41.1329345703125,15.060611724853516,161.22154235839844
2015-09-28,19.383060455322266,14.749752044677734,17.229379653930664,53.53680419921875,40.32365417480469,14.986595153808594,157.1753387451172
2015-09-29,19.353923797607422,14.776230812072754,17.154081344604492,54.028114318847656,40.587913513183594,14.990123748779297,157.2672882080078
2015-09-30,19.810348510742188,15.001321792602539,17.49512481689453,55.15232849121094,41.198997497558594,15.257989883422852,160.20164489746094
2015-10-01,19.849185943603516,15.007949829101562,17.503978729248047,55.71027374267578,41.108150482177734,15.07823657989502,160.61961364746094
2015-10-02,20.668140411376953,15.027802467346191,17.752010345458984,56.867759704589844,41.628414154052734,15.279138565063477,163.01895141601562
2015-10-05,21.292879104614258,15.345571517944336,18.10191535949707,57.01765441894531,42.80930709838867,15.476518630981445,165.91986083984375
2015-10-06,21.765485763549805,15.272751808166504,18.12406349182129,55.676944732666016,42.768009185791016,15.370777130126953,165.35133361816406
2015-10-07,22.040620803833008,15.3919095993042,18.20821762084961,56.567989349365234,43.32954788208008,15.31790828704834,166.7056427001953
2015-10-08,22.4614315032959,15.484590530395508,18.292373657226562,56.734519958496094,43.93238067626953,15.508233070373535,168.21043395996094
2015-10-09,22.315763473510742,15.385292053222656,18.37209129333496,56.992679595947266,44.08102798461914,15.434216499328613,168.310791015625
2015-10-12,22.027671813964844,15.398531913757324,18.39423942565918,57.1425666809082,44.08927536010742,15.571682929992676,168.4696044921875
2015-10-13,21.797847747802734,15.279369354248047,18.354373931884766,56.42643356323242,43.618587493896484,15.53643798828125,167.40786743164062
2015-10-14,21.985593795776367,15.153585433959961,18.31894302368164,56.31814956665039,43.14787673950195,15.532913208007812,166.60528564453125
2015-10-15,22.380508422851562,15.497832298278809,18.553686141967773,57.57558822631836,43.618587493896484,15.762009620666504,169.16348266601562
2015-10-16,22.409637451171875,15.590523719787598,18.589120864868164,58.09191131591797,43.395606994628906,15.783153533935547,169.93258666992188
2015-10-19,21.96617317199707,15.577275276184082,18.65999412536621,58.30010223388672,43.453426361083984,15.793733596801758,170.01617431640625
2015-10-20,22.027671813964844,15.669954299926758,18.611263275146484,57.38407516479492,43.742462158203125,15.846599578857422,169.79884338378906
2015-10-21,21.755769729614258,15.557422637939453,18.469532012939453,56.867759704589844,43.75071716308594,15.814870834350586,168.74549865722656
2015-10-22,22.147443771362305,15.808980941772461,18.885875701904297,56.526329040527344,44.972877502441406,15.998159408569336,171.5962371826172
2015-10-23,22.09565544128418,15.981101989746094,19.41293716430664,57.733829498291016,45.13805389404297,15.7161865234375,173.47720336914062
2015-10-26,21.555076599121094,15.914901733398438,19.337648391723633,57.95866012573242,45.038963317871094,15.659794807434082,173.05081176757812
2015-10-27,21.296113967895508,15.82222843170166,19.226913452148438,59.02456283569336,44.54347229003906,15.603397369384766,172.71641540527344
2015-10-28,21.768718719482422,16.192955017089844,19.514816284179688,59.5158805847168,44.898563385009766,15.437742233276367,174.68104553222656
2015-10-29,21.87877082824707,16.173095703125,19.461660385131836,59.7823486328125,44.87378692626953,15.349629402160645,174.58074951171875
2015-10-30,22.021194458007812,15.941383361816406,19.333219528198242,59.40761184692383,44.81598663330078,15.42011547088623,173.82827758789062
2015-11-02,22.535879135131836,16.159847259521484,19.505952835083008,60.673377990722656,45.336238861083984,15.437742233276367,175.88490295410156
2015-11-03,23.112062454223633,16.18633460998535,19.607812881469727,60.45686340332031,45.3692741394043,15.483567237854004,176.39480590820312
2015-11-04,22.904895782470703,16.139989852905273,19.62997817993164,60.19040298461914,45.24539566040039,15.564627647399902,175.85983276367188
2015-11-05,22.71068000793457,16.20619010925293,19.57239532470703,59.998870849609375,45.30320358276367,15.430693626403809,175.68429565429688
2015-11-06,22.594141006469727,16.371688842773438,19.638830184936523,59.74905014038086,45.30320358276367,14.891433715820312,175.59231567382812
2015-11-09,22.37079429626465,16.192955017089844,19.448375701904297,59.29104232788086,44.95637893676758,14.930203437805176,173.9537353515625
2015-11-10,22.419347763061523,16.265771865844727,19.31993293762207,59.69075012207031,44.94811248779297,15.06413745880127,174.35501098632812
2015-11-11,21.943511962890625,16.21281623840332,19.311065673828125,59.0994987487793,45.00592041015625,15.194541931152344,173.6694793701172
2015-11-12,21.44502067565918,15.967862129211426,19.14276885986328,58.075225830078125,44.39482498168945,15.050040245056152,171.2451171875
2015-11-13,21.35761833190918,15.835456848144531,18.76628303527832,57.933685302734375,44.19664001464844,14.993645668029785,169.3223114013672
2015-11-16,22.06975555419922,16.027448654174805,19.054182052612305,58.65815734863281,44.76644515991211,15.247421264648438,171.89715576171875
2015-11-17,21.82698631286621,15.994348526000977,19.058609008789062,58.90797424316406,44.675594329833984,14.972497940063477,171.77182006835938
2015-11-18,22.18629264831543,16.279020309448242,19.346511840820312,60.05714797973633,45.29495620727539,15.06766128540039,174.4971466064453
2015-11-19,21.888486862182617,16.305492401123047,19.43508529663086,59.049560546875,45.493141174316406,15.229787826538086,174.34671020507812
2015-11-20,21.655418395996094,16.331972122192383,19.576828002929688,59.55751419067383,45.7243537902832,15.293231010437012,174.9819793701172
2015-11-23,21.8107967376709,16.265771865844727,19.461660385131836,59.40761184692383,45.493141174316406,15.152252197265625,174.78138732910156
2015-11-24,22.27692413330078,16.21943473815918,19.46609115600586,59.590824127197266,45.41880416870117,15.131111145019531,175.01547241210938
2015-11-25,22.09565544128418,16.23267364501953,19.404083251953125,59.915584564208984,45.41880416870117,15.03946304321289,174.99038696289062
2015-11-27,21.93703842163086,16.272390365600586,19.448375701904297,60.03217315673828,45.501399993896484,15.06766128540039,175.1910400390625
2015-11-30,22.017961502075195,16.259159088134766,19.470518112182617,59.216102600097656,45.204105377197266,15.092334747314453,174.4636993408203
2015-12-01,22.192760467529297,16.43790054321289,19.64325714111328,60.21537399291992,45.41880416870117,15.212177276611328,176.1273193359375
2015-12-02,21.50651741027832,16.245912551879883,19.519237518310547,59.70738983154297,44.95637893676758,14.873811721801758,174.32994079589844
2015-12-03,21.076004028320312,15.981101989746094,19.26677703857422,58.40000534057617,44.39482498168945,14.761016845703125,171.88882446289062
2015-12-04,20.943279266357422,16.404800415039062,19.74070167541504,59.77399826049805,45.05547332763672,14.968972206115723,175.24118041992188
2015-12-07,20.146989822387695,16.25253677368164,19.64325714111328,59.44094467163086,44.8325080871582,15.035937309265137,174.17941284179688
2015-12-08,19.9398193359375,16.047306060791016,19.594539642333984,59.57417297363281,44.11405944824219,15.014789581298828,173.00906372070312
2015-12-09,20.20200538635254,15.86194133758545,19.306642532348633,58.97458267211914,43.98194122314453,15.018320083618164,171.66310119628906
2015-12-10,20.33149528503418,15.87518310546875,19.359790802001953,59.41593551635742,44.188377380371094,14.771596908569336,172.106201171875
2015-12-11,19.570804595947266,15.524311065673828,18.95673179626465,58.541561126708984,43.44515609741211,14.729302406311035,168.77056884765625
2015-12-14,19.674386978149414,15.557422637939453,19.102901458740234,58.92463302612305,43.60206604003906,14.80331039428711,169.6232452392578
2015-12-15,20.169645309448242,15.921533584594727,19.18705177307129,59.69075012207031,43.610321044921875,14.91963005065918,171.4038848876953
2015-12-16,20.03692626953125,16.179712295532227,19.448375701904297,60.465206146240234,44.38656997680664,15.296761512756348,173.9119110107422
2015-12-17,19.5449161529541,15.948002815246582,19.14276885986328,59.8156852722168,43.651611328125,15.32847785949707,171.26185607910156
2015-12-18,19.202606201171875,15.521657943725586,18.771516799926758,58.948455810546875,42.98612594604492,15.137964248657227,168.2108154296875
2015-12-21,19.222200393676758,15.674874305725098,18.962923049926758,59.48366165161133,43.31845474243164,15.12728500366211,169.598388671875
2015-12-22,19.447572708129883,15.821435928344727,19.100921630859375,59.88505172729492,43.91664123535156,15.255476951599121,171.1373291015625
2015-12-23,20.293540954589844,16.007957458496094,19.261171340942383,60.529022216796875,44.431739807128906,15.490506172180176,173.25662231445312
2015-12-24,20.110633850097656,15.994636535644531,19.252269744873047,60.58753967285156,44.415122985839844,15.479825973510742,172.97068786621094
2015-12-28,19.74480628967285,15.981310844421387,19.238916397094727,60.30322265625,44.31542205810547,15.508315086364746,172.57542419433594
2015-12-29,19.881990432739258,16.147850036621094,19.501544952392578,61.03911590576172,44.7391357421875,15.593770980834961,174.41714477539062
2015-12-30,19.61415672302246,16.034608840942383,19.33684730529785,60.779876708984375,44.36528015136719,15.579530715942383,173.18092346191406
2015-12-31,19.702341079711914,15.874725341796875,19.065309524536133,60.23629379272461,44.041263580322266,15.412165641784668,171.44850158691406
2016-01-04,19.69580841064453,15.568292617797852,18.816030502319336,59.149169921875,43.4514045715332,15.380119323730469,169.0517578125
2016-01-05,19.770933151245117,15.62824821472168,18.76706314086914,59.43349838256836,43.56770324707031,15.490506172180176,169.33767700195312
2016-01-06,19.009889602661133,15.388426780700684,18.53558921813965,58.948455810546875,42.894737243652344,15.462018013000488,167.20167541503906
2016-01-07,18.546072006225586,14.95541763305664,17.988067626953125,57.752593994140625,41.73160934448242,15.358744621276855,163.190185546875
2016-01-08,18.30763053894043,14.722265243530273,17.845626831054688,56.88286590576172,41.307899475097656,15.35162353515625,161.39894104003906
2016-01-11,17.91567611694336,14.742247581481934,17.961362838745117,56.205509185791016,41.33281707763672,15.4335298538208,161.55874633789062
2016-01-12,17.958139419555664,14.85549545288086,18.175031661987305,56.9246826171875,41.66515350341797,15.372990608215332,162.8622283935547
2016-01-13,17.5269832611084,14.4691162109375,17.685379028320312,55.23544692993164,40.65986633300781,15.365870475769043,158.8003692626953
2016-01-14,18.2814998626709,14.59568977355957,18.01923370361328,56.71561813354492,41.1417350769043,15.597341537475586,161.40736389160156
2016-01-15,17.752361297607422,14.269271850585938,17.51177978515625,55.921165466308594,40.41893005371094,15.458459854125977,157.94253540039062
2016-01-19,17.37019920349121,14.26260757446289,17.52958106994629,55.912803649902344,40.410621643066406,15.68993091583252,158.1527862548828
2016-01-20,16.909652709960938,13.982818603515625,17.391584396362305,56.02151107788086,39.887210845947266,15.337382316589355,156.12606811523438
2016-01-21,17.435529708862305,13.922869682312012,17.489511489868164,55.85426712036133,40.061676025390625,15.323141098022461,157.00062561035156
2016-01-22,18.206378936767578,14.176006317138672,17.974720001220703,56.7407112121582,40.410621643066406,15.597341537475586,160.2216033935547
2016-01-25,17.357139587402344,13.88955307006836,17.765506744384766,56.213863372802734,39.912139892578125,15.465580940246582,157.79954528808594
2016-01-26,18.013662338256836,14.12271499633789,17.939105987548828,56.64037322998047,40.66816329956055,15.572410583496094,159.95242309570312
2016-01-27,17.928743362426758,14.06942081451416,17.569644927978516,55.996437072753906,40.21122360229492,15.608024597167969,158.21170043945312
2016-01-28,18.47421646118164,14.076082229614258,17.79666519165039,54.69184875488281,40.4438591003418,15.857295989990234,159.03582763671875
2016-01-29,19.013160705566406,14.4691162109375,18.357528686523438,55.58665466308594,41.53221130371094,16.17422866821289,162.91270446777344
2016-02-01,18.696319580078125,14.409161567687988,18.4243106842041,55.670284271240234,41.4325065612793,16.32735252380371,162.85386657714844
2016-02-02,18.072458267211914,14.009464263916016,18.09490203857422,54.86747741699219,40.60169219970703,16.39857292175293,159.91888427734375
2016-02-03,18.715911865234375,14.022785186767578,18.072649002075195,55.2270622253418,41.25804901123047,16.60154914855957,160.8775177001953
2016-02-04,18.706119537353516,14.1427001953125,18.090457916259766,54.92601013183594,41.9725456237793,16.53033447265625,161.12986755371094
2016-02-05,18.271696090698242,13.956169128417969,17.582996368408203,53.855594635009766,41.57374572753906,16.5837459564209,158.06027221679688
2016-02-08,18.17698097229004,13.603107452392578,17.329261779785156,53.11967468261719,41.224815368652344,16.52676773071289,155.93267822265625
2016-02-09,17.739288330078125,13.58311939239502,17.24913787841797,53.5127067565918,41.47404479980469,16.5837459564209,155.94107055664062
2016-02-10,17.667434692382812,13.50983715057373,17.275848388671875,53.9893913269043,41.25804901123047,16.565946578979492,155.8064422607422
2016-02-11,17.592308044433594,13.096816062927246,17.24024200439453,53.11967468261719,40.4521598815918,16.273937225341797,153.77976989746094
2016-02-12,18.056123733520508,13.649736404418945,17.480609893798828,53.83049774169922,41.26634979248047,16.224084854125977,156.9501953125
2016-02-16,18.23577308654785,13.869565963745117,17.79221534729004,54.842376708984375,42.09717559814453,16.32735252380371,159.59925842285156
2016-02-17,18.833507537841797,14.056093215942383,18.1572322845459,55.536495208740234,42.74519348144531,16.295303344726562,162.20626831054688
2016-02-18,18.598337173461914,13.97615909576416,18.08599853515625,55.19361114501953,42.72027587890625,16.562379837036133,161.54190063476562
2016-02-19,18.55586814880371,13.97615909576416,18.099363327026367,55.13507843017578,42.637184143066406,16.451988220214844,161.4662322998047
2016-02-22,19.029478073120117,14.195988655090332,18.33973503112793,55.921165466308594,43.360008239746094,16.644283294677734,163.80410766601562
2016-02-23,18.37948989868164,13.942852020263672,18.050399780273438,55.50303268432617,42.92797088623047,16.658527374267578,161.73532104492188
2016-02-24,18.565670013427734,13.909541130065918,18.18838882446289,55.6870002746582,42.95289993286133,16.736867904663086,162.475341796875
2016-02-25,18.582002639770508,14.102723121643066,18.4154109954834,56.381141662597656,43.51786422729492,16.907798767089844,164.44325256347656
2016-02-26,18.69305992126465,14.202651977539062,18.366439819335938,56.280757904052734,43.576019287109375,16.441307067871094,164.0647735595703
2016-02-29,18.480743408203125,14.049434661865234,18.237348556518555,55.385955810546875,43.30184555053711,16.487598419189453,162.77816772460938
2016-03-01,18.964160919189453,14.522412300109863,18.780420303344727,56.573455810546875,44.149261474609375,16.405691146850586,166.60455322265625
2016-03-02,19.42797088623047,14.682292938232422,18.833837509155273,56.66545486450195,44.1825065612793,16.491161346435547,167.35299682617188
2016-03-03,19.721946716308594,14.78221607208252,18.833837509155273,56.506561279296875,44.498199462890625,16.59087371826172,168.00900268554688
2016-03-04,19.911380767822266,14.842168807983398,18.882802963256836,56.37274932861328,44.68097686767578,16.776042938232422,168.5556182861328
2016-03-07,20.37847137451172,14.8355131149292,18.76706314086914,56.82431411743164,44.81392288208008,16.868629455566406,168.69015502929688
2016-03-08,19.522695541381836,14.59568977355957,18.65133285522461,56.13024139404297,44.1825065612793,17.035999298095703,166.84841918945312
2016-03-09,19.83953094482422,14.61567497253418,18.81157684326172,56.230594635009766,44.3237419128418,17.114337921142578,167.67257690429688
2016-03-10,19.855854034423828,14.602349281311035,18.79377555847168,56.2640495300293,44.25727844238281,17.128583908081055,167.80709838867188
2016-03-11,20.36867332458496,14.982063293457031,19.083112716674805,57.359535217285156,44.897003173828125,17.14639663696289,170.51502990722656
2016-03-14,20.234750747680664,14.93543529510498,19.10537338256836,57.117027282714844,44.93853759765625,17.167757034301758,170.29637145996094
2016-03-15,20.195558547973633,14.928776741027832,19.176593780517578,56.230594635009766,44.913612365722656,17.199804306030273,170.01885986328125
2016-03-16,20.545047760009766,14.895465850830078,19.399158477783203,56.0967903137207,45.07147216796875,17.46332359313965,171.00283813476562
2016-03-17,20.825956344604492,15.075333595275879,19.47038459777832,55.444496154785156,46.060123443603516,17.559473037719727,172.087646484375
2016-03-18,20.885822296142578,15.209147453308105,19.5017032623291,56.096595764160156,46.45512008666992,17.44753074645996,172.76393127441406
2016-03-21,20.81344985961914,15.18238353729248,19.56881332397461,56.42394256591797,46.73069763183594,17.42959976196289,173.0090789794922
2016-03-22,20.69831657409668,15.13554573059082,19.573286056518555,56.986228942871094,46.463478088378906,17.3721866607666,172.9160614013672
2016-03-23,20.244346618652344,15.021796226501465,19.461435317993164,56.58338165283203,46.16282653808594,17.501354217529297,171.77493286132812
2016-03-24,20.343034744262695,14.928120613098145,19.51512908935547,56.558189392089844,46.029239654541016,17.54798698425293,171.69882202148438
2016-03-28,20.234472274780273,14.97496223449707,19.465911865234375,56.398738861083984,46.04594039916992,17.483409881591797,171.80026245117188
2016-03-29,20.329879760742188,15.001728057861328,19.770143508911133,57.053375244140625,46.346553802490234,17.741735458374023,173.389404296875
2016-03-30,20.369348526000977,15.08870792388916,19.886463165283203,57.06175994873047,46.43007278442383,17.698680877685547,174.15020751953125
2016-03-31,20.359481811523438,15.055254936218262,19.846195220947266,56.88551330566406,46.321502685546875,17.8027286529541,173.7275390625
2016-04-01,20.08644676208496,15.18907642364502,19.99830436706543,57.531768798828125,46.53862762451172,17.870893478393555,174.9109649658203
2016-04-04,19.93840980529785,15.11547565460205,19.9222469329834,58.219947814941406,46.01252746582031,17.795549392700195,174.34463500976562
2016-04-05,19.803539276123047,14.901359558105469,19.729869842529297,57.4646110534668,45.72861099243164,17.461883544921875,172.6033172607422
2016-04-06,20.231191635131836,14.981653213500977,19.9222469329834,59.008853912353516,45.95406723022461,17.44035530090332,174.48834228515625
2016-04-07,20.112764358520508,14.700623512268066,19.635921478271484,58.36261749267578,45.5114860534668,17.43317222595215,172.40040588378906
2016-04-08,20.51738739013672,14.754148483276367,19.635921478271484,58.20317077636719,45.68685531616211,17.526460647583008,172.86538696289062
2016-04-11,20.43185806274414,14.814372062683105,19.582237243652344,57.758338928222656,45.70355224609375,17.45111846923828,172.4595947265625
2016-04-12,21.040437698364258,15.001728057861328,19.716453552246094,58.228336334228516,45.970767974853516,17.573102951049805,174.0657196044922
2016-04-13,21.139123916625977,15.342982292175293,19.917776107788086,58.77384948730469,46.655540466308594,17.465471267700195,175.82391357421875
2016-04-14,21.188467025756836,15.376432418823242,19.913301467895508,58.80741882324219,46.739051818847656,17.443944931030273,175.8323974609375
2016-04-15,20.902271270751953,15.322901725769043,19.837249755859375,58.76546859741211,46.80584716796875,17.54081153869629,175.63792419433594
2016-04-18,21.247676849365234,15.436657905578613,19.9222469329834,59.310997009277344,46.84760665893555,17.60898780822754,176.87208557128906
2016-04-19,21.672040939331055,15.630705833435059,19.810401916503906,59.52082443237305,47.181636810302734,17.637685775756836,177.4300079345703
2016-04-20,21.86612892150879,15.75114917755127,19.850662231445312,59.8397331237793,47.10647964477539,17.19638442993164,177.59906005859375
2016-04-21,21.73783302307129,15.610630989074707,19.779077529907227,60.19224548339844,46.98956298828125,16.837604522705078,176.6438751220703
2016-04-22,22.05363655090332,15.757834434509277,19.43459701538086,60.318111419677734,47.10647964477539,16.98828887939453,176.6438751220703
2016-04-25,21.806915283203125,15.724381446838379,19.439067840576172,60.08311462402344,46.88099670410156,17.020580291748047,176.33958435058594
2016-04-26,22.15561866760254,15.824746131896973,19.345115661621094,59.85652160644531,47.29853439331055,17.04568862915039,176.6016082763672
2016-04-27,22.576690673828125,15.851513862609863,19.255643844604492,59.789371490478516,47.632568359375,17.29325294494629,176.96510314941406
2016-04-28,22.24114990234375,15.68423080444336,19.014053344726562,59.5040283203125,47.17329025268555,17.268142700195312,175.3589324951172
2016-04-29,22.20496368408203,15.597245216369629,18.8485164642334,58.57246398925781,46.8977165222168,17.3721866607666,174.4122314453125
2016-05-02,22.181943893432617,15.737763404846191,18.98720932006836,58.90816879272461,47.1398811340332,17.512109756469727,175.7985382080078
2016-05-03,21.658878326416016,15.537020683288574,18.812721252441406,58.723533630371094,46.75574493408203,17.497760772705078,174.26856994628906
2016-05-04,21.346376419067383,15.416581153869629,18.75455665588379,58.16121292114258,46.17955017089844,17.702268600463867,173.29641723632812
2016-05-05,21.52072525024414,15.409893035888672,18.763507843017578,58.404571533203125,46.15448760986328,17.63409996032715,173.26263427734375
2016-05-06,21.471376419067383,15.476798057556152,18.902204513549805,58.06049728393555,46.463478088378906,17.519287109375,173.8966064453125
2016-05-09,21.15886116027832,15.436657905578613,18.902204513549805,58.723533630371094,46.254703521728516,17.619749069213867,174.0403289794922
2016-05-10,21.53058624267578,15.657462120056152,19.148256301879883,59.21869659423828,47.04802322387695,17.637685775756836,176.2042999267578
2016-05-11,21.596385955810547,15.490185737609863,19.00957489013672,58.50529479980469,46.655540466308594,17.702268600463867,174.5559844970703
2016-05-12,21.65559196472168,15.496874809265137,18.95588493347168,58.16121292114258,46.55533218383789,17.80631446838379,174.606689453125
2016-05-13,21.379268646240234,15.309523582458496,18.88430404663086,58.02690887451172,45.970767974853516,17.720199584960938,173.0851287841797
2016-05-16,21.741117477416992,15.389811515808105,19.148256301879883,58.81583023071289,46.53862762451172,17.741735458374023,174.79261779785156
2016-05-17,21.843101501464844,15.30283260345459,18.95588493347168,58.20317077636719,46.313148498535156,17.44035530090332,173.16116333007812
2016-05-18,21.632564544677734,15.57048225402832,18.991676330566406,58.44655227661133,46.15448760986328,17.113861083984375,173.21194458007812
2016-05-19,21.6358585357666,15.423273086547852,18.88878059387207,57.9514045715332,45.72026443481445,17.28607940673828,172.61178588867188
2016-05-20,21.76415252685547,15.53033447265625,19.116947174072266,58.488529205322266,45.95406723022461,17.325544357299805,173.7022705078125
2016-05-23,21.708227157592773,15.51695442199707,19.081157684326172,58.25352096557617,45.87057113647461,17.171266555786133,173.4655303955078
2016-05-24,21.816781997680664,15.75114917755127,19.439067840576172,59.09278869628906,46.346553802490234,17.34347915649414,175.71401977539062
2016-05-25,22.162199020385742,15.918421745300293,19.573286056518555,59.4620475769043,46.66388702392578,17.29325294494629,176.90589904785156
2016-05-26,22.070085525512695,15.824746131896973,19.635921478271484,59.4704704284668,46.53029251098633,17.49057960510254,176.95660400390625
2016-05-27,22.08324432373047,15.931805610656738,19.729869842529297,59.73900604248047,46.70563888549805,17.519287109375,177.71742248535156
2016-05-31,21.997711181640625,15.891660690307617,19.770143508911133,59.881690979003906,46.69728469848633,17.63409996032715,177.3792724609375
2016-06-01,22.004295349121094,15.925116539001465,19.72092056274414,60.09989547729492,46.739051818847656,17.680736541748047,177.74278259277344
2016-06-02,21.974689483642578,15.958569526672363,19.703025817871094,60.87205123901367,46.797508239746094,17.687910079956055,178.28379821777344
2016-06-03,21.889156341552734,15.731067657470703,19.65828514099121,60.67061233520508,46.75574493408203,17.96776008605957,177.75115966796875
2016-06-06,22.37273597717285,15.824746131896973,19.694076538085938,60.99791717529297,47.198333740234375,17.942646026611328,178.65573120117188
2016-06-07,22.879329681396484,15.791292190551758,19.774621963500977,60.62025451660156,47.42379379272461,17.928298950195312,178.9346466064453
2016-06-08,22.82670021057129,15.804680824279785,19.81487464904785,60.830055236816406,47.72443389892578,18.035930633544922,179.51791381835938
2016-06-09,22.652353286743164,15.690921783447266,19.819351196289062,60.72935104370117,47.716087341308594,18.19021224975586,179.2728271484375
2016-06-10,22.162199020385742,15.496874809265137,19.667232513427734,60.24259567260742,47.15658950805664,18.14356231689453,177.57369995117188
2016-06-13,22.096403121948242,15.389811515808105,19.448017120361328,59.76420593261719,46.647178649902344,18.12204360961914,176.2042999267578
2016-06-14,22.08324432373047,15.162313461303711,19.492755889892578,59.85652160644531,46.655540466308594,18.218908309936523,175.85775756835938
2016-06-15,22.030609130859375,15.18238353729248,19.44353675842285,59.445281982421875,46.67224884033203,18.10409927368164,175.61257934570312
2016-06-16,21.92534828186035,15.222536087036133,19.483806610107422,59.65510177612305,46.75574493408203,18.218908309936523,176.13671875
2016-06-17,22.149194717407227,15.209755897521973,19.353885650634766,59.035743713378906,46.79521179199219,18.28474235534668,175.48072814941406
2016-06-20,22.34124183654785,15.297205924987793,19.434804916381836,59.40650939941406,47.223453521728516,18.216020584106445,176.61085510253906
2016-06-21,22.606143951416016,15.38465404510498,19.56967544555664,59.20429992675781,47.18986511230469,18.2413387298584,177.11216735839844
2016-06-22,22.480314254760742,15.371198654174805,19.502233505249023,59.3727912902832,47.055519104003906,18.15452003479004,176.82322692871094
2016-06-23,22.851177215576172,15.694093704223633,19.767486572265625,60.148040771484375,47.60131072998047,18.205163955688477,179.12591552734375
2016-06-24,22.112760543823242,14.853227615356445,19.007715225219727,58.40378189086914,45.66164779663086,18.23410415649414,172.6937255859375
2016-06-27,21.404144287109375,14.429420471191406,18.625585556030273,57.620113372802734,44.58686828613281,18.45836639404297,169.6007843017578
2016-06-28,22.00017738342285,14.799408912658691,18.994232177734375,58.74081802368164,45.34257507324219,18.52709197998047,172.65965270996094
2016-06-29,22.417394638061523,15.135758399963379,19.286447525024414,59.86155319213867,46.14866638183594,18.577730178833008,175.5996551513672
2016-06-30,22.596210479736328,15.377930641174316,19.49774932861328,60.426124572753906,47.03032302856445,18.979236602783203,177.9958038330078
2016-07-01,22.715415954589844,15.297205924987793,19.54269790649414,60.805301666259766,47.18145751953125,18.98285484313965,178.36965942382812
2016-07-05,22.258459091186523,15.068490028381348,19.398841857910156,60.746307373046875,46.75323486328125,19.123924255371094,177.086669921875
2016-07-06,22.3544921875,15.10884952545166,19.533714294433594,61.428871154785156,46.988338470458984,19.163711547851562,178.1487579345703
2016-07-07,22.126008987426758,15.129030227661133,19.533714294433594,61.3361701965332,47.11429214477539,18.809226989746094,178.03831481933594
2016-07-08,22.42070960998535,15.418292045593262,19.83941650390625,62.09454345703125,48.05474090576172,19.004558563232422,180.6893768310547
2016-07-11,22.463762283325195,15.505743026733398,19.9563045501709,61.92604446411133,48.357025146484375,18.990087509155273,181.32669067382812
2016-07-12,23.02005386352539,15.700823783874512,20.118141174316406,62.229373931884766,48.80204391479492,18.72964859008789,182.64366149902344
2016-07-13,22.821374893188477,15.700823783874512,20.122642517089844,62.2040901184082,48.91960144042969,18.877958297729492,182.6182403564453
2016-07-14,22.937271118164062,15.848821640014648,20.253021240234375,62.47373580932617,49.289058685302734,18.754974365234375,183.63784790039062
2016-07-15,22.924030303955078,15.821916580200195,20.235031127929688,62.42319107055664,49.28065872192383,18.809226989746094,183.39146423339844
2016-07-18,22.940584182739258,15.875731468200684,20.369901657104492,62.44846725463867,49.23867416381836,18.86349105834961,183.88430786132812
2016-07-19,22.811443328857422,15.882452011108398,20.324947357177734,62.31363296508789,49.26386642456055,18.8309383392334,183.69732666015625
2016-07-20,22.778331756591797,15.909361839294434,20.590192794799805,62.878211975097656,49.356224060058594,18.722415924072266,184.4620361328125
2016-07-21,22.553165435791016,15.82863712310791,20.482301712036133,63.06361770629883,48.852413177490234,18.834552764892578,183.7653045654297
2016-07-22,22.622697830200195,15.929544448852539,20.603683471679688,63.18999481201172,48.944786071777344,19.084136962890625,184.5895233154297
2016-07-25,22.172365188598633,15.89591121673584,20.57670783996582,63.12257766723633,48.684478759765625,19.051578521728516,184.08822631835938
2016-07-26,22.301509857177734,15.909361839294434,20.621658325195312,63.013038635253906,49.08753204345703,18.885190963745117,184.1732177734375
2016-07-27,22.082956314086914,15.902639389038086,20.792497634887695,63.2995491027832,48.89441680908203,18.66815948486328,183.9777374267578
2016-07-28,22.086278915405273,15.936271667480469,20.805986404418945,63.24055099487305,48.87760543823242,18.74050521850586,184.19015502929688
2016-07-29,22.31144142150879,15.909361839294434,20.88240623474121,63.366939544677734,48.73487091064453,18.852642059326172,184.4876251220703
2016-08-01,21.576330184936523,15.869009017944336,20.922868728637695,63.77143096923828,48.67609786987305,18.86349105834961,184.33462524414062
2016-08-02,21.77170181274414,15.734463691711426,20.76552963256836,63.52706527709961,48.222679138183594,18.74050521850586,183.1534881591797
2016-08-03,22.192235946655273,15.89591121673584,20.837453842163086,63.3500862121582,48.4577751159668,18.628374099731445,183.68882751464844
2016-08-04,22.159120559692383,15.855549812316895,20.949846267700195,63.25740051269531,48.474571228027344,18.617523193359375,183.88430786132812
2016-08-05,22.361116409301758,16.158260345458984,21.15215492248535,63.409080505371094,48.96158981323242,18.349849700927734,185.38827514648438
2016-08-08,22.65912437438965,16.178443908691406,21.14765167236328,62.869789123535156,49.02875900268555,18.342618942260742,185.27780151367188
2016-08-09,22.539920806884766,16.191904067993164,21.192617416381836,63.0214729309082,49.01194381713867,18.339004516601562,185.38827514648438
2016-08-10,22.29488182067871,16.0640811920166,21.125179290771484,62.81079864501953,48.98677062988281,18.342618942260742,184.929443359375
2016-08-11,22.622697830200195,16.097721099853516,21.201608657836914,63.17314910888672,49.30584716796875,18.38602638244629,185.78762817382812
2016-08-12,22.74852752685547,16.050630569458008,21.17911720275879,63.013038635253906,49.17150115966797,18.411348342895508,185.6261749267578
2016-08-15,22.930644989013672,16.158260345458984,21.282527923583984,63.12257766723633,49.49897003173828,18.129201889038086,186.16151428222656
2016-08-16,22.967077255249023,16.11789894104004,21.125179290771484,62.55801010131836,49.28065872192383,17.91579818725586,185.2013702392578
2016-08-17,23.0366153717041,16.17171859741211,21.116182327270508,62.68441390991211,49.423397064208984,18.1834659576416,185.54969787597656
2016-08-18,23.51012420654297,16.158260345458984,21.125179290771484,62.709693908691406,49.57455062866211,18.407726287841797,185.96609497070312
2016-08-19,23.31476402282715,16.151531219482422,21.1386661529541,62.65912628173828,49.5577392578125,18.1834659576416,185.6941680908203
2016-08-22,23.046550750732422,16.151531219482422,21.1386661529541,62.78553771972656,49.51576232910156,18.230484008789062,185.6856689453125
2016-08-23,23.20879554748535,16.17171859741211,21.2150936126709,62.844520568847656,49.5577392578125,18.150907516479492,186.05950927734375
2016-08-24,23.1160831451416,16.164989471435547,21.09820556640625,61.8586311340332,49.40660858154297,18.1436767578125,185.1078338623047
2016-08-25,23.053163528442383,16.198625564575195,21.14316177368164,61.3361701965332,49.39820098876953,18.15452003479004,184.9803466796875
2016-08-26,22.97368812561035,16.21880531311035,21.15215492248535,61.572113037109375,49.25545883178711,17.778337478637695,184.63198852539062
2016-08-29,23.12932586669922,16.360071182250977,21.233076095581055,61.706947326660156,49.608131408691406,17.92302131652832,185.5412139892578
2016-08-30,23.049850463867188,16.50806999206543,21.161142349243164,61.49629592895508,49.47380065917969,17.73493766784668,185.2352752685547
2016-08-31,22.685617446899414,16.52152442932129,21.125179290771484,61.310909271240234,49.196685791015625,17.807279586791992,184.70846557617188
2016-09-01,22.619388580322266,16.45425033569336,21.192617416381836,61.15079116821289,49.23867416381836,17.716848373413086,184.71693420410156
2016-09-02,22.87435531616211,16.528247833251953,21.287023544311523,61.21819305419922,49.48218536376953,17.95196533203125,185.54969787597656
2016-09-06,23.218730926513672,16.501346588134766,21.394912719726562,61.43730163574219,49.339447021484375,18.147287368774414,186.1105194091797
2016-09-07,23.35118293762207,16.494613647460938,21.448871612548828,61.43730163574219,49.39820098876953,18.150907516479492,186.09344482421875
2016-09-08,23.78826141357422,16.481159210205078,21.273540496826172,61.487850189208984,49.356224060058594,18.212398529052734,185.66860961914062
2016-09-09,23.07965850830078,16.17171859741211,20.752033233642578,60.257598876953125,47.962364196777344,17.528759002685547,181.22471618652344
2016-09-12,23.308141708374023,16.353351593017578,21.09820556640625,61.15079116821289,48.57533645629883,17.839834213256836,183.82479858398438
2016-09-13,22.642566680908203,16.0640811920166,20.94535255432129,60.33341979980469,47.861610412597656,17.59386444091797,181.1822052001953
2016-09-14,22.374347686767578,16.02371597290039,21.04425621032715,60.33341979980469,47.819618225097656,17.6625919342041,181.1142578125
2016-09-15,22.652503967285156,16.11789894104004,21.39042091369629,60.95698928833008,48.19746398925781,17.79642677307129,182.924072265625
2016-09-16,22.46961212158203,15.9651517868042,21.311880111694336,60.998435974121094,47.793914794921875,17.970069885253906,182.2169647216797
2016-09-19,22.456289291381836,16.066946029663086,21.2712459564209,60.77850341796875,48.00497055053711,18.148820877075195,182.25115966796875
2016-09-20,22.29305648803711,16.075267791748047,21.257705688476562,60.96458435058594,48.04718780517578,18.11599349975586,182.25973510742188
2016-09-21,22.809412002563477,16.175111770629883,21.496965408325195,61.573638916015625,48.67194366455078,18.484439849853516,184.30929565429688
2016-09-22,22.8360595703125,16.208393096923828,21.62787437438965,62.038875579833984,49.018096923828125,18.5975284576416,185.470703125
2016-09-23,22.532909393310547,16.12518310546875,21.438278198242188,61.844356536865234,48.731048583984375,18.58293342590332,184.45449829101562
2016-09-26,22.432973861694336,15.86724853515625,21.311880111694336,61.12532043457031,48.519989013671875,18.535511016845703,182.95994567871094
2016-09-27,22.28306770324707,15.992055892944336,21.54662322998047,61.55673599243164,48.857696533203125,18.29474449157715,184.09584045410156
2016-09-28,23.245811462402344,16.066946029663086,21.587251663208008,61.463687896728516,49.237613677978516,18.269208908081055,185.0095672607422
2016-09-29,23.20583152770996,15.84228801727295,21.456335067749023,60.38091278076172,48.8492546081543,17.995609283447266,183.33570861816406
2016-09-30,23.522306442260742,16.058622360229492,21.569189071655273,60.998435974121094,49.288265228271484,17.871578216552734,184.71920776367188
2016-10-03,23.505647659301758,15.98373794555664,21.50598907470703,60.94768524169922,49.33047866821289,17.619861602783203,184.27513122558594
2016-10-04,23.265792846679688,16.050304412841797,21.429248809814453,60.82925796508789,48.91678237915039,17.251413345336914,183.33570861816406
2016-10-05,23.622249603271484,16.30824089050293,21.50598907470703,61.06611251831055,49.22916030883789,17.21493911743164,184.14707946777344
2016-10-06,23.658885955810547,16.33319664001465,21.555646896362305,60.837711334228516,49.22916030883789,17.211288452148438,184.27513122558594
2016-10-07,23.522306442260742,16.324886322021484,21.496965408325195,60.795406341552734,48.59596633911133,17.18939781188965,183.6431884765625
2016-10-10,23.89208221435547,16.4080867767334,21.645931243896484,61.07457733154297,48.646629333496094,17.3316650390625,184.59962463378906
2016-10-11,23.61890411376953,16.258316040039062,21.402164459228516,59.543453216552734,48.14004898071289,17.134675979614258,182.2682647705078
2016-10-12,23.51898193359375,16.241674423217773,21.438278198242188,59.264305114746094,48.23293685913086,17.302486419677734,182.50732421875
2016-10-13,23.3890438079834,16.08358383178711,21.30284881591797,59.289703369140625,48.21604919433594,17.517715454101562,181.90956115722656
2016-10-14,23.25246810913086,16.158470153808594,21.384105682373047,58.89211654663086,48.317359924316406,17.419227600097656,182.0035400390625
2016-10-17,23.13920021057129,16.08358383178711,21.338966369628906,58.69756317138672,48.19070816040039,17.51407241821289,181.37156677246094
2016-10-18,23.232481002807617,16.21671485900879,21.456335067749023,59.39967346191406,48.292030334472656,17.66364097595215,182.50732421875
2016-10-19,23.56228256225586,16.358163833618164,21.496965408325195,59.179725646972656,48.444007873535156,17.62351417541504,182.99412536621094
2016-10-20,23.535633087158203,16.358163833618164,21.397645950317383,59.45887756347656,48.18227005004883,17.61256980895996,182.6525421142578
2016-10-21,23.382387161254883,16.349842071533203,21.456335067749023,58.96824264526367,48.11472702026367,17.510421752929688,182.73794555664062
2016-10-24,23.312437057495117,16.399768829345703,21.66398811340332,58.85828399658203,48.20759582519531,17.57608985900879,183.5150604248047
2016-10-25,23.20583152770996,16.38312530517578,21.587251663208008,58.689090728759766,48.08095932006836,17.685523986816406,182.90025329589844
2016-10-26,23.259132385253906,16.482969284057617,21.46535873413086,58.333831787109375,48.24981689453125,17.729299545288086,182.5330047607422
2016-10-27,23.172517776489258,16.524578094482422,21.438278198242188,58.60451126098633,47.9205436706543,17.62351417541504,182.04617309570312
2016-10-28,23.109220504760742,16.44968605041504,21.415700912475586,57.33564376831055,48.20759582519531,17.67823028564453,181.5081787109375
2016-10-31,22.859371185302734,16.424726486206055,21.406681060791016,56.980377197265625,48.30045700073242,18.032085418701172,181.51673889160156
2016-11-01,22.86270523071289,16.358163833618164,21.221586227416992,56.675838470458984,47.886783599853516,17.70376205444336,180.20156860351562
2016-11-02,22.609529495239258,16.2499942779541,21.086164474487305,56.3797607421875,47.7094841003418,17.481237411499023,179.11697387695312
2016-11-03,22.699472427368164,16.266637802124023,20.883020401000977,55.84684753417969,47.63349914550781,17.546905517578125,178.2971649169922
2016-11-04,22.576213836669922,16.21671485900879,20.846904754638672,56.2359733581543,47.67572784423828,17.492183685302734,178.10076904296875
2016-11-07,23.06258773803711,16.624422073364258,21.298328399658203,57.67401123046875,48.8492546081543,17.79861831665039,182.02906799316406
2016-11-08,23.09256362915039,16.63274383544922,21.402164459228516,57.83474349975586,49.144737243652344,17.937238693237305,182.84896850585938
2016-11-09,23.469003677368164,17.339988708496094,21.375076293945312,59.87336730957031,50.37736511230469,17.276948928833008,184.78753662109375
2016-11-10,23.568941116333008,17.980667114257812,21.031991958618164,60.53318405151367,51.449581146240234,16.8610782623291,185.24868774414062
2016-11-11,23.13920021057129,18.030590057373047,21.095190048217773,59.628055572509766,51.54246139526367,16.791767120361328,184.82167053222656
2016-11-14,23.26912498474121,18.471572875976562,20.774682998657227,59.44197082519531,51.7619743347168,16.780826568603516,184.96682739257812
2016-11-15,23.925395965576172,18.454940795898438,21.06810188293457,59.61113357543945,51.95615005493164,17.050777435302734,186.4101104736328
2016-11-16,23.758831024169922,18.18868064880371,21.262222290039062,59.35736846923828,51.66065979003906,16.934040069580078,186.05995178222656
2016-11-17,23.598922729492188,18.43829345703125,21.397645950317383,59.594234466552734,51.77042007446289,16.93768310546875,187.01644897460938
2016-11-18,23.695526123046875,18.43829345703125,21.379589080810547,58.959800720214844,51.75352478027344,16.886611938476562,186.59800720214844
2016-11-21,24.258520126342773,18.50485610961914,21.596275329589844,59.1712646484375,52.032135009765625,17.06536293029785,188.00709533691406
2016-11-22,24.245189666748047,18.513181686401367,21.66398811340332,58.31690216064453,52.26852798461914,17.131031036376953,188.3743133544922
2016-11-23,24.345142364501953,18.62135124206543,21.57821273803711,58.54529571533203,52.656890869140625,16.959577560424805,188.4767303466797
2016-11-25,24.225204467773438,18.64630699157715,21.668500900268555,58.7736930847168,52.94393539428711,17.203994750976562,189.1770477294922
2016-11-28,23.888742446899414,18.42997169494629,21.68655776977539,58.333831787109375,52.580909729003906,17.53595733642578,188.2889404296875
2016-11-29,23.595596313476562,18.47989273071289,21.700105667114258,58.7144889831543,52.623104095458984,17.608919143676758,188.6561279296875
2016-11-30,24.794864654541016,18.729516983032227,21.442785263061523,58.15618896484375,52.69065856933594,17.054420471191406,188.20346069335938
2016-12-01,24.85482406616211,19.054014205932617,21.000396728515625,57.73320770263672,53.036808013916016,16.919445037841797,187.51173400878906
2016-12-02,24.928110122680664,18.84600257873535,21.077136993408203,57.86857223510742,53.02836608886719,17.072664260864258,187.60569763183594
2016-12-05,25.147977828979492,19.070653915405273,21.2802791595459,57.76708221435547,52.986141204833984,17.09454917907715,188.73300170898438
2016-12-06,25.10133934020996,19.237070083618164,21.343475341796875,57.92780303955078,53.08746337890625,17.061716079711914,189.33074951171875
2016-12-07,25.301219940185547,19.536605834960938,21.749759674072266,57.4287109375,54.075252532958984,17.284244537353516,191.8073272705078
2016-12-08,25.43779754638672,19.719655990600586,21.803926467895508,57.53866195678711,53.771331787109375,17.313432693481445,192.27706909179688
2016-12-09,25.517749786376953,19.761262893676758,21.961931228637695,58.24077224731445,54.016170501708984,17.495826721191406,193.43846130371094
2016-12-12,25.63767433166504,19.569887161254883,21.894216537475586,58.51992416381836,53.82197952270508,17.67823028564453,193.2164306640625
2016-12-13,25.927507400512695,19.61980438232422,22.16958999633789,58.99363708496094,53.745994567871094,17.860628128051758,194.5059814453125
2016-12-14,25.407819747924805,19.528289794921875,22.09284782409668,58.689090728759766,53.20566177368164,17.492183685302734,192.90049743652344
2016-12-15,25.464458465576172,19.694692611694336,22.192157745361328,59.06976318359375,53.26476287841797,17.6162166595459,193.6947021484375
2016-12-16,25.62251853942871,19.5250186920166,22.03165054321289,59.11650466918945,53.15772247314453,17.830949783325195,193.31582641601562
2016-12-19,25.50531005859375,19.53338050842285,22.190343856811523,58.8701057434082,53.455039978027344,17.897253036499023,193.73678588867188
2016-12-20,25.44837760925293,19.775768280029297,22.271963119506836,58.82761764526367,53.76083755493164,17.919355392456055,194.484130859375
2016-12-21,25.488563537597656,19.725624084472656,22.22661590576172,58.49626159667969,53.556968688964844,17.845684051513672,193.94296264648438
2016-12-22,25.592376708984375,19.67546844482422,22.181278228759766,58.57272720336914,53.455039978027344,17.90829849243164,193.60792541503906
2016-12-23,25.56893539428711,19.708900451660156,22.203947067260742,59.01454544067383,53.506004333496094,17.90462303161621,193.8914337158203
2016-12-27,25.62586784362793,19.733978271484375,22.294633865356445,59.13349533081055,53.61640930175781,17.919355392456055,194.3724365234375
2016-12-28,25.34791374206543,19.53338050842285,22.09512710571289,58.68317794799805,53.05580520629883,17.749916076660156,192.76605224609375
2016-12-29,25.29767608642578,19.391281127929688,22.09966278076172,58.78512954711914,53.038814544677734,17.989334106445312,192.72315979003906
2016-12-30,25.224002838134766,19.433082580566406,21.9273624420166,58.57272720336914,52.85193634033203,17.889881134033203,192.01870727539062
2017-01-03,25.508651733398438,19.650394439697266,22.122337341308594,59.3373908996582,53.166221618652344,17.845684051513672,193.4876708984375
2017-01-04,25.4550838470459,19.809206008911133,22.199417114257812,59.80469512939453,53.48051452636719,17.911983489990234,194.6387939453125
2017-01-05,25.391443252563477,19.60860252380371,22.23569107055664,60.110538482666016,53.32762145996094,17.930402755737305,194.484130859375
2017-01-06,25.414894104003906,19.67546844482422,22.39891815185547,60.28047561645508,53.6334228515625,17.985654830932617,195.1799774169922
2017-01-09,25.04650115966797,19.54173469543457,22.394380569458008,60.53535842895508,53.217193603515625,17.749916076660156,194.53567504882812
2017-01-10,24.818784713745117,19.583532333374023,22.39891815185547,60.747764587402344,53.43804168701172,17.694671630859375,194.53567504882812
2017-01-11,25.08669662475586,19.708900451660156,22.503198623657227,60.13602066040039,53.71835708618164,17.878835678100586,195.08551025390625
2017-01-12,24.982879638671875,19.54173469543457,22.44879722595215,60.19551086425781,53.49751281738281,17.893569946289062,194.5958709716797
2017-01-13,24.909196853637695,19.650394439697266,22.51680564880371,60.25498962402344,53.70137023925781,17.867782592773438,195.0425262451172
2017-01-17,25.063241958618164,19.182334899902344,22.430654525756836,59.94910430908203,53.2851448059082,18.06300163269043,194.35528564453125
2017-01-18,25.006324768066406,19.34113311767578,22.489604949951172,59.87266159057617,53.489009857177734,18.04090690612793,194.78477478027344
2017-01-19,24.8690128326416,19.257556915283203,22.45786476135254,59.49033737182617,53.879756927490234,17.882518768310547,194.0632781982422
2017-01-20,24.962787628173828,19.3494873046875,22.580289840698242,59.3373908996582,53.88823699951172,17.91567039489746,194.7761993408203
2017-01-23,24.698226928710938,19.224124908447266,22.6210994720459,59.090999603271484,53.590946197509766,17.82358741760254,194.2694091796875
2017-01-24,24.9694881439209,19.46651268005371,22.761653900146484,58.68317794799805,54.126075744628906,17.81990623474121,195.5149688720703
2017-01-25,25.100088119506836,19.792491912841797,22.979291915893555,59.23544692993164,54.69520950317383,17.81990623474121,197.20730590820312
2017-01-26,25.120182037353516,19.84263801574707,22.915817260742188,58.776649475097656,54.822635650634766,17.827268600463867,197.00111389160156
2017-01-27,24.85896873474121,19.767414093017578,23.006502151489258,59.26093292236328,54.780147552490234,17.82358741760254,196.69183349609375
2017-01-30,24.403518676757812,19.60860252380371,22.82059669494629,58.9720573425293,54.31296157836914,17.83832359313965,195.47201538085938
2017-01-31,24.413564682006836,19.483226776123047,22.70724105834961,59.91511535644531,53.837276458740234,18.11456298828125,195.45481872558594
2017-02-01,24.232728958129883,19.508302688598633,22.87955093383789,60.433387756347656,53.74384689331055,17.80148696899414,195.53213500976562
2017-02-02,24.37002944946289,19.433082580566406,22.834203720092773,60.41639709472656,53.64190673828125,17.989334106445312,195.6610565185547
2017-02-03,24.581016540527344,19.8259220123291,22.983823776245117,60.67979431152344,54.04114532470703,18.011430740356445,197.0097198486328
2017-02-06,24.373382568359375,19.733978271484375,22.997432708740234,60.747764587402344,54.11758804321289,17.9746036529541,196.65740966796875
2017-02-07,24.028444290161133,19.6838321685791,23.08811378479004,60.80726623535156,54.21103286743164,18.018800735473633,196.66610717773438
2017-02-08,24.08537483215332,19.550090789794922,23.128921508789062,60.71376419067383,54.13459014892578,18.195602416992188,196.92384338378906
2017-02-09,24.356632232666016,19.817564010620117,23.20146942138672,60.9346809387207,54.55082321166992,18.04090690612793,198.09213256835938
2017-02-10,24.54081916809082,19.876068115234375,23.269485473632812,61.05363464355469,54.9840202331543,18.15509033203125,198.87380981445312
2017-02-13,24.587705612182617,20.101749420166016,23.373769760131836,61.427467346191406,55.5361328125,18.243480682373047,199.9561309814453
2017-02-14,24.668087005615234,20.335773468017578,23.450851440429688,61.911739349365234,55.5616340637207,18.110883712768555,200.75506591796875
2017-02-15,24.570959091186523,20.494585037231445,23.527929306030273,62.58293914794922,55.85892105102539,18.066680908203125,201.8031005859375
2017-02-16,24.236074447631836,20.444427490234375,23.582345962524414,62.49796676635742,55.87593460083008,18.247169494628906,201.6313018798828
2017-02-17,24.10211181640625,20.45279312133789,23.663957595825195,62.58293914794922,55.96937942504883,18.258211135864258,201.94912719726562
2017-02-21,24.266206741333008,20.55309295654297,23.786388397216797,62.863304138183594,56.24967956542969,18.449748992919922,203.15176391601562
2017-02-22,23.8978271484375,20.569808959960938,23.813589096069336,62.769859313964844,56.0967903137207,18.527099609375,202.97134399414062
2017-02-23,23.998294830322266,20.569808959960938,23.809053421020508,63.2286262512207,55.731510162353516,18.718637466430664,203.10879516601562
2017-02-24,23.773916244506836,20.411006927490234,23.863466262817383,63.53449630737305,55.96937942504883,19.002248764038086,203.3665008544922
2017-02-27,23.97820472717285,20.519655227661133,23.849855422973633,63.840370178222656,56.173240661621094,18.895435333251953,203.68438720703125
2017-02-28,23.904525756835938,20.511302947998047,23.73650360107422,63.712921142578125,55.94388961791992,19.06854820251465,203.13453674316406
2017-03-01,24.3834228515625,21.096378326416016,24.072038650512695,64.35015106201172,56.886749267578125,18.899112701416016,205.9779510498047
2017-03-02,24.15235137939453,20.770410537719727,23.91333770751953,64.146240234375,56.275169372558594,19.035400390625,204.6808319091797
2017-03-03,24.10880470275879,20.870712280273438,23.967754364013672,64.4011459350586,56.33464431762695,18.97646713256836,204.8096923828125
2017-03-06,24.162395477294922,20.711896896362305,23.931482315063477,64.15475463867188,56.1987190246582,18.939638137817383,204.1997528076172
2017-03-07,23.94806480407715,20.65338897705078,23.931482315063477,63.704437255859375,56.03732681274414,18.928579330444336,203.58987426757812
2017-03-08,23.325164794921875,20.6617488861084,23.958675384521484,63.95933532714844,55.841941833496094,18.656017303466797,203.2118682861328
2017-03-09,23.479217529296875,20.736974716186523,23.954147338867188,64.30765533447266,55.58711624145508,18.615503311157227,203.46961975097656
2017-03-10,23.445724487304688,20.720266342163086,24.08111000061035,64.5540771484375,55.92689514160156,18.77019500732422,204.18260192871094
2017-03-13,23.449077606201172,20.770410537719727,24.103776931762695,64.50303649902344,55.89292526245117,18.82544708251953,204.2857208251953
2017-03-14,23.18451499938965,20.711896896362305,24.049365997314453,64.26517486572266,55.36626434326172,18.80703353881836,203.50390625
2017-03-15,23.70025062561035,20.678464889526367,24.212596893310547,65.07230377197266,55.99485778808594,19.10906219482422,205.2649688720703
2017-03-16,23.532798767089844,20.711896896362305,24.226198196411133,64.443603515625,55.740020751953125,18.899112701416016,204.86122131347656
2017-03-17,23.51561737060547,20.508913040161133,24.278535842895508,64.08892059326172,56.044654846191406,19.013051986694336,204.5014190673828
2017-03-20,23.48192596435547,20.341148376464844,24.301300048828125,63.99506759643555,55.94225311279297,18.88686752319336,204.27719116210938
2017-03-21,23.316848754882812,19.770751953125,23.946269989013672,63.49200439453125,55.08894348144531,19.154083251953125,201.65431213378906
2017-03-22,23.283159255981445,19.728811264038086,24.096473693847656,63.509033203125,55.28520202636719,19.24686622619629,202.12884521484375
2017-03-23,23.188825607299805,19.770751953125,24.03274917602539,63.312923431396484,55.20842361450195,19.187480926513672,201.9131317138672
2017-03-24,23.09786033630371,19.745590209960938,24.05095863342285,63.34705352783203,55.0633544921875,19.25798988342285,201.7664337158203
2017-03-27,22.990053176879883,19.67009925842285,24.05095863342285,63.51758575439453,54.867103576660156,19.18377113342285,201.5594024658203
2017-03-28,23.316848754882812,19.938514709472656,24.223918914794922,63.56021499633789,55.44735336303711,19.168926239013672,203.02609252929688
2017-03-29,23.636905670166016,19.812702178955078,24.2648868560791,63.577266693115234,55.43879318237305,19.11697006225586,203.2159423828125
2017-03-30,23.630165100097656,20.072725296020508,24.31040382385254,63.5858039855957,55.74598693847656,18.96851348876953,203.8629913330078
2017-03-31,23.549299240112305,19.904966354370117,24.2648868560791,63.406707763671875,55.51560592651367,19.042739868164062,203.38845825195312
2017-04-03,23.50887680053711,19.863033294677734,24.242130279541016,63.4578742980957,55.396141052246094,19.039033889770508,203.0347442626953
2017-04-04,23.68069839477539,19.83786392211914,24.260332107543945,63.42378234863281,55.54118728637695,19.098411560058594,203.16419982910156
2017-04-05,23.606582641601562,19.68688201904297,24.160198211669922,63.227664947509766,55.362003326416016,19.20604133605957,202.5602264404297
2017-04-06,23.795242309570312,19.812702178955078,24.164752960205078,63.3385124206543,55.51560592651367,19.15778923034668,203.12965393066406
2017-04-07,23.704280853271484,19.728811264038086,24.151094436645508,63.44935607910156,55.575321197509766,19.07614517211914,202.92254638671875
2017-04-10,23.882837295532227,19.678483963012695,24.10557746887207,63.32997512817383,55.711856842041016,19.109548568725586,203.04335021972656
2017-04-11,23.886199951171875,19.619766235351562,24.014549255371094,63.24472427368164,55.78864288330078,19.102127075195312,202.80178833007812
2017-04-12,23.785140991210938,19.460397720336914,23.932619094848633,63.24472427368164,55.02069091796875,19.243152618408203,201.9131317138672
2017-04-13,23.350534439086914,19.208751678466797,23.83702850341797,63.082706451416016,54.6281623840332,19.18006134033203,200.60174560546875
2017-04-17,23.401077270507812,19.544275283813477,24.055513381958008,63.312923431396484,55.2254753112793,19.265417098999023,202.3790740966797
2017-04-18,23.182086944580078,19.3597412109375,24.05095863342285,62.62222671508789,55.04629135131836,19.309961318969727,201.7750701904297
2017-04-19,22.841815948486328,19.3010196685791,24.03274917602539,62.80983352661133,55.097476959228516,19.176353454589844,201.40411376953125
2017-04-20,22.952993392944336,19.628156661987305,24.25123405456543,63.20206832885742,55.763057708740234,19.102127075195312,203.04335021972656
2017-04-21,22.838449478149414,19.426841735839844,24.201169967651367,62.826866149902344,55.81425094604492,19.198617935180664,202.3962860107422
2017-04-24,22.973207473754883,19.863033294677734,24.4879150390625,63.44935607910156,56.60782241821289,19.29882049560547,204.62225341796875
2017-04-25,23.168609619140625,20.039173126220703,24.61536407470703,63.72222137451172,56.88087844848633,19.272846221923828,205.81285095214844
2017-04-26,23.091123580932617,20.02239990234375,24.588056564331055,64.07182312011719,56.8894157409668,19.213464736938477,205.6833953857422
2017-04-27,22.838449478149414,19.930126190185547,24.68819236755371,64.208251953125,56.872352600097656,19.280263900756836,205.85597229003906
2017-04-28,22.85529899597168,19.737201690673828,24.751920700073242,64.37879943847656,56.60782241821289,19.187480926513672,205.4073486328125
2017-05-01,22.791282653808594,19.863033294677734,24.938539505004883,64.52375793457031,56.43717956542969,19.072431564331055,205.9250030517578
2017-05-02,22.676738739013672,19.83786392211914,24.99315643310547,64.70281982421875,56.710227966308594,19.09469985961914,206.002685546875
2017-05-03,22.740745544433594,19.997236251831055,24.9476375579834,64.3873291015625,56.75289535522461,19.02789306640625,205.75244140625
2017-05-04,22.322988510131836,20.030794143676758,24.929428100585938,64.8136978149414,56.812625885009766,19.09469985961914,205.99398803710938
2017-05-05,22.676738739013672,19.997236251831055,25.02046775817871,64.77957916259766,57.10272216796875,19.198617935180664,206.8050079345703
2017-05-08,22.838449478149414,19.980457305908203,25.129701614379883,64.37879943847656,56.94914627075195,19.191190719604492,206.77056884765625
2017-05-09,22.6497859954834,19.904966354370117,25.161563873291016,64.45553588867188,57.025943756103516,19.050161361694336,206.5807342529297
2017-05-10,22.949628829956055,19.972070693969727,25.257150650024414,64.26793670654297,56.906494140625,19.07985496520996,206.9517059326172
2017-05-11,22.9024600982666,19.846254348754883,25.225284576416016,64.30203247070312,56.8894157409668,19.1058349609375,206.5289306640625
2017-05-12,22.824975967407227,19.762371063232422,25.289011001586914,64.19120788574219,56.57371520996094,19.198617935180664,206.18382263183594
2017-05-15,23.003528594970703,19.913358688354492,25.430110931396484,64.6090087890625,56.83821105957031,19.280263900756836,207.32272338867188
2017-05-16,22.888986587524414,19.972070693969727,25.548460006713867,64.36178588867188,56.77848434448242,19.13922882080078,207.13287353515625
2017-05-17,22.66325569152832,19.342967987060547,24.85205078125,63.51758575439453,55.64359664916992,19.187480926513672,203.45745849609375
2017-05-18,22.656524658203125,19.418453216552734,24.997703552246094,63.79897689819336,55.720394134521484,19.254287719726562,204.27719116210938
2017-05-19,22.9361515045166,19.586217880249023,25.143360137939453,63.97804641723633,56.45423126220703,19.32851219177246,205.60581970214844
2017-05-22,22.8856201171875,19.63654899597168,25.343626022338867,64.14857482910156,56.8894157409668,19.495519638061523,206.6497344970703
2017-05-23,22.939523696899414,19.787534713745117,25.389142990112305,64.36178588867188,57.008872985839844,19.5474853515625,207.10702514648438
2017-05-24,22.8182373046875,19.779142379760742,25.493831634521484,64.52375793457031,57.07712936401367,19.658817291259766,207.59011840820312
2017-05-25,22.403846740722656,19.812702178955078,25.675901412963867,64.8307113647461,57.45257568359375,19.818401336669922,208.5823211669922
2017-05-26,22.440914154052734,19.804304122924805,25.662250518798828,64.71136474609375,57.5208625793457,19.818401336669922,208.5391845703125
2017-05-30,22.141069412231445,19.67009925842285,25.771486282348633,64.6175537109375,57.50377655029297,19.881500244140625,208.3580322265625
2017-05-31,22.046733856201172,19.502338409423828,25.730514526367188,64.87335968017578,57.614707946777344,19.981704711914062,208.3061981201172
2017-06-01,22.184856414794922,19.745590209960938,25.79424476623535,65.58963775634766,57.97309875488281,20.12273597717285,209.96273803710938
2017-06-02,21.928817749023438,19.67009925842285,26.030929565429688,66.01595306396484,58.20349884033203,20.145002365112305,210.66159057617188
2017-06-05,21.969240188598633,19.703649520874023,26.053691864013672,65.82840728759766,57.99871063232422,20.081911087036133,210.50631713867188
2017-06-06,22.228662490844727,19.619766235351562,26.003623962402344,65.6663589477539,57.60617446899414,20.037370681762695,209.83331298828125
2017-06-07,21.91534423828125,19.770751953125,26.085554122924805,65.845458984375,57.53792190551758,20.104177474975586,210.22157287597656
2017-06-08,21.851333618164062,19.997236251831055,26.144718170166016,65.65785217285156,57.725643157958984,19.937170028686523,210.3251190185547
2017-06-09,22.376895904541016,20.37470054626465,25.498394012451172,66.10125732421875,57.94750213623047,19.918611526489258,210.00592041015625
2017-06-12,22.535242080688477,20.416637420654297,25.34817886352539,66.01595306396484,58.16082000732422,19.881500244140625,209.96273803710938
2017-06-13,22.703691482543945,20.525686264038086,25.53025245666504,66.15242004394531,58.39974594116211,19.929746627807617,210.9894561767578
2017-06-14,22.292665481567383,20.55923080444336,25.407358169555664,66.46791076660156,58.340023040771484,20.037370681762695,210.72195434570312
2017-06-15,22.124221801757812,20.475357055664062,25.293554306030273,66.39971160888672,58.68988037109375,20.15242576599121,210.31646728515625
2017-06-16,22.4902400970459,20.45262336730957,25.249231338500977,66.50927734375,58.88191604614258,20.24483871459961,210.36244201660156
2017-06-19,22.347768783569336,20.663129806518555,25.623971939086914,67.20269775390625,59.24199676513672,20.177490234375,212.11373901367188
2017-06-20,22.062822341918945,20.486299514770508,25.418323516845703,67.42527770996094,58.607574462890625,20.188718795776367,210.6831817626953
2017-06-21,21.706640243530273,20.317895889282227,25.55998992919922,68.2813720703125,58.21319580078125,20.068994522094727,210.6312255859375
2017-06-22,21.693078994750977,20.19159507751465,25.569133758544922,68.99189758300781,58.093162536621094,19.975452423095703,210.53578186035156
2017-06-23,21.838937759399414,20.115814208984375,25.729082107543945,68.88919830322266,58.30751037597656,19.90811538696289,210.7872772216797
2017-06-26,21.79144859313965,20.22528076171875,25.591983795166016,68.82070922851562,58.32465362548828,20.042800903320312,210.9259796142578
2017-06-27,21.757522583007812,20.326318740844727,25.17154884338379,68.19576263427734,57.88740158081055,19.818317413330078,209.22671508789062
2017-06-28,21.876251220703125,20.646289825439453,25.486873626708984,68.55533599853516,58.41038513183594,19.62750244140625,211.09938049316406
2017-06-29,21.923738479614258,20.789426803588867,25.029876708984375,67.93037414550781,57.913150787353516,19.470365524291992,209.24403381347656
2017-06-30,22.022111892700195,20.7725887298584,25.007017135620117,67.8362045288086,58.393226623535156,19.4404296875,209.6342010498047
2017-07-03,22.446136474609375,21.07571792602539,24.833358764648438,67.95603942871094,58.7533073425293,19.35063934326172,209.98965454101562
2017-07-05,21.99159049987793,21.109394073486328,25.08014678955078,68.3584213256836,58.92476272583008,19.257104873657227,210.47515869140625
2017-07-06,21.747344970703125,20.94941520690918,24.851648330688477,67.47663879394531,58.41038513183594,19.249618530273438,208.55050659179688
2017-07-07,21.71342658996582,21.092561721801758,25.13955307006836,67.81908416748047,58.86479187011719,19.26458740234375,209.90293884277344
2017-07-10,21.7846622467041,21.067291259765625,25.32235336303711,67.69068145751953,59.03624725341797,19.249618530273438,210.12832641601562
2017-07-11,21.903385162353516,20.882049560546875,25.37718963623047,67.61363983154297,58.98480224609375,19.238399505615234,209.97225952148438
2017-07-12,21.96445083618164,20.94941520690918,25.706233978271484,68.07593536376953,59.31056594848633,19.403018951416016,211.55018615722656
2017-07-13,22.052644729614258,21.07571792602539,25.75650405883789,68.1358413696289,59.26771926879883,19.33567237854004,211.9056396484375
2017-07-14,22.18494415283203,20.98309326171875,25.98499870300293,68.59810638427734,59.524898529052734,19.425464630126953,212.89395141601562
2017-07-17,22.157798767089844,20.915733337402344,25.989572525024414,68.34983825683594,59.490631103515625,19.515260696411133,212.86801147460938
2017-07-18,22.052644729614258,20.882049560546875,26.108394622802734,68.4012222290039,59.35347366333008,19.57137680053711,212.980712890625
2017-07-19,22.37490463256836,20.890472412109375,26.24092674255371,68.95767211914062,59.4134521484375,19.653690338134766,214.13375854492188
2017-07-20,22.30706024169922,20.882049560546875,26.295761108398438,69.4113998413086,59.079097747802734,19.795866012573242,214.22911071777344
2017-07-21,22.086565017700195,20.882049560546875,26.263769149780273,69.33436584472656,58.96766662597656,19.938045501708984,214.03846740722656
2017-07-24,22.045856475830078,20.974674224853516,26.3277587890625,69.30868530273438,58.83903884887695,19.75096321105957,213.9864044189453
2017-07-25,22.324026107788086,21.235702514648438,26.27748680114746,68.81214141845703,58.761898040771484,19.638729095458984,214.50660705566406
2017-07-26,22.347768783569336,21.092561721801758,26.378023147583008,68.58101654052734,58.83903884887695,19.825794219970703,214.51522827148438
2017-07-27,22.575040817260742,20.974674224853516,26.27748680114746,68.11016845703125,58.50468826293945,19.87443733215332,214.31581115722656
2017-07-28,22.547910690307617,20.974674224853516,26.250057220458984,68.45259094238281,58.64186096191406,19.844505310058594,214.06443786621094
2017-07-31,22.59878921508789,21.126235961914062,26.122102737426758,68.39264678955078,58.56468963623047,19.91185188293457,213.94305419921875
2017-08-01,22.59539794921875,21.277803421020508,26.2546329498291,68.2385482788086,58.393226623535156,20.024093627929688,214.4198455810547
2017-08-02,22.51059341430664,21.31148338317871,26.3277587890625,68.08447265625,58.650428771972656,20.110143661499023,214.52391052246094
2017-08-03,22.19511604309082,21.235702514648438,26.268342971801758,68.19576263427734,58.94194030761719,20.211166381835938,214.10777282714844
2017-08-04,22.2663516998291,21.37883949279785,26.3277587890625,68.04166412353516,59.053375244140625,20.121368408203125,214.4979248046875
2017-08-07,22.09674072265625,21.34515953063965,26.487701416015625,68.18721008300781,59.053375244140625,20.184968948364258,214.8966827392578
2017-08-08,22.045856475830078,21.286218643188477,26.451147079467773,67.87043762207031,58.87333297729492,20.267284393310547,214.3678741455078
2017-08-09,22.06621742248535,21.286218643188477,26.43743133544922,67.94751739501953,58.8904914855957,20.162521362304688,214.3592071533203
2017-08-10,21.832157135009766,20.90731430053711,25.91645050048828,67.0999526977539,58.14459991455078,20.226123809814453,211.33349609375
2017-08-11,21.689678192138672,20.8231143951416,26.094676971435547,67.28831481933594,58.17887496948242,20.106403350830078,211.64556884765625
2017-08-14,21.625232696533203,21.109394073486328,26.51055145263672,67.74203491210938,58.78760528564453,20.22239112854004,213.74363708496094
2017-08-15,21.543821334838867,21.126235961914062,26.551679611206055,67.74203491210938,58.65899658203125,20.334627151489258,213.71766662597656
2017-08-16,21.33689308166504,21.084135055541992,26.62937355041504,67.93037414550781,58.821895599365234,20.416940689086914,214.09043884277344
2017-08-17,21.034988403320312,20.72206687927246,26.108394622802734,67.0828628540039,57.80167007446289,20.271028518676758,210.75257873535156
2017-08-18,21.140138626098633,20.73048973083496,26.080968856811523,66.77466583251953,57.570186614990234,20.390750885009766,210.423095703125
2017-08-21,21.03159523010254,20.671546936035156,26.071826934814453,67.07430267333984,57.66450119018555,20.465576171875,210.58786010742188
2017-08-22,21.170677185058594,20.898889541625977,26.460285186767578,67.8875732421875,58.32465362548828,20.510478973388672,212.7899932861328
2017-08-23,21.26226043701172,20.83152961730957,26.39630126953125,67.37393188476562,57.77595138549805,20.577821731567383,212.0270233154297
2017-08-24,21.275829315185547,20.83152961730957,26.373449325561523,67.57080841064453,57.595909118652344,20.562856674194336,211.53286743164062
2017-08-25,21.370813369750977,20.890472412109375,26.368885040283203,67.58795928955078,57.8702507019043,20.63020896911621,212.0270233154297
2017-08-28,21.275829315185547,20.755752563476562,26.419157028198242,67.94751739501953,57.835960388183594,20.667619705200195,212.0357208251953
2017-08-29,21.248699188232422,20.688386917114258,26.533397674560547,68.07593536376953,58.256046295166016,20.62272071838379,212.27845764160156
2017-08-30,21.258874893188477,20.7725887298584,26.725345611572266,68.42691802978516,58.496124267578125,20.562856674194336,213.28411865234375
2017-08-31,21.360641479492188,20.797847747802734,26.88529396057129,69.59120178222656,58.693302154541016,20.56659698486328,214.5672149658203
2017-09-01,21.567564010620117,20.856792449951172,26.862442016601562,69.53981018066406,58.7447395324707,20.502994537353516,214.87069702148438
2017-09-05,21.686288833618164,20.410520553588867,26.624797821044922,69.24017333984375,58.1531867980957,20.555377960205078,213.3275146484375
2017-09-06,22.039073944091797,20.461036682128906,26.64765167236328,69.57404327392578,58.21319580078125,20.461835861206055,214.05572509765625
2017-09-07,22.079782485961914,20.107402801513672,26.73905372619629,70.34452819824219,58.333221435546875,20.615234375,214.0297393798828
2017-09-08,21.845722198486328,20.292638778686523,26.51969337463379,70.66130065917969,58.530399322509766,20.712514877319336,213.77828979492188
2017-09-11,22.052644729614258,20.646289825439453,26.894432067871094,71.20918273925781,59.03624725341797,20.88836669921875,216.0585174560547
2017-09-12,22.188335418701172,20.890472412109375,26.958419799804688,71.36328887939453,59.31916809082031,20.540414810180664,216.7866973876953
2017-09-13,22.46649169921875,20.924150466918945,26.921846389770508,71.0978775024414,59.23341369628906,20.439388275146484,216.89077758789062
2017-09-14,22.575040817260742,20.882049560546875,26.83045196533203,71.19207000732422,59.51633834838867,20.61150360107422,216.8213653564453
2017-09-15,22.628311157226562,20.94377326965332,26.940065383911133,70.96436309814453,59.76266098022461,20.640527725219727,217.11329650878906
2017-09-18,22.724546432495117,21.188980102539062,26.96299934387207,70.94721221923828,60.098548889160156,20.429410934448242,217.57504272460938
2017-09-19,22.817344665527344,21.349632263183594,27.08224105834961,70.38867950439453,60.158836364746094,20.387939453125,217.79290771484375
2017-09-20,22.97199249267578,21.476457595825195,26.97217559814453,70.45743560791016,60.59808349609375,20.237136840820312,217.87124633789062
2017-09-21,22.97887420654297,21.527191162109375,26.825416564941406,70.09654998779297,60.778953552246094,20.233369827270508,217.28753662109375
2017-09-22,23.095731735229492,21.5018253326416,26.839168548583984,70.09654998779297,60.9339599609375,20.067485809326172,217.33106994628906
2017-09-25,23.429100036621094,21.476457595825195,26.522716522216797,69.89032745361328,60.9339599609375,20.252220153808594,216.8867645263672
2017-09-26,23.41878890991211,21.468000411987305,26.619016647338867,69.77862548828125,60.9339599609375,20.214519500732422,217.01744079589844
2017-09-27,23.518468856811523,21.730119705200195,26.889617919921875,69.75285339355469,61.00288009643555,19.943084716796875,217.862548828125
2017-09-28,23.53908348083496,21.763938903808594,26.921720504760742,69.81300354003906,60.96843338012695,20.014711380004883,218.1239471435547
2017-09-29,23.53565216064453,21.86540412902832,27.10517120361328,70.22543334960938,61.14927291870117,19.999637603759766,218.8907012939453
2017-10-02,23.528779983520508,22.05141830444336,27.146442413330078,70.93859100341797,61.57129669189453,20.03355598449707,219.84034729003906
2017-10-03,23.50471305847168,22.127513885498047,27.210660934448242,70.9214096069336,61.83830642700195,19.97701072692871,220.31085205078125
2017-10-04,23.487524032592773,22.02605438232422,27.19231605529785,71.26510620117188,61.821067810058594,20.176820755004883,220.57225036621094
2017-10-05,23.594074249267578,22.25434112548828,27.4537353515625,71.316650390625,61.96747970581055,20.15797233581543,221.87916564941406
2017-10-06,23.394737243652344,22.27971649169922,27.495014190673828,71.22213745117188,61.95887756347656,20.142892837524414,221.62643432617188
2017-10-09,23.442853927612305,22.19516372680664,27.563806533813477,70.77532958984375,61.786617279052734,20.169281005859375,221.26055908203125
2017-10-10,23.46347427368164,22.296630859375,27.591323852539062,70.93859100341797,61.881343841552734,20.36531639099121,221.8443145751953
2017-10-11,23.518468856811523,22.25434112548828,27.683055877685547,71.07605743408203,61.84690475463867,20.4520263671875,222.19284057617188
2017-10-12,23.432538986206055,22.085247039794922,27.614259719848633,70.99873352050781,62.1741943359375,20.55759048461914,221.86170959472656
2017-10-13,23.41878890991211,22.09369659423828,27.74725914001465,70.81827545166016,62.062225341796875,20.414329528808594,222.13180541992188
2017-10-16,23.47035026550293,22.237438201904297,27.848159790039062,70.50897216796875,62.13111114501953,20.369089126586914,222.42803955078125
2017-10-17,23.484098434448242,22.127513885498047,27.848159790039062,71.45413970947266,61.96747970581055,20.489721298217773,222.5849151611328
2017-10-18,23.31911849975586,22.245899200439453,27.916954040527344,71.55723571777344,61.99333190917969,20.4520263671875,222.80270385742188
2017-10-19,23.246950149536133,22.26279640197754,27.83439826965332,71.99545288085938,62.16554641723633,20.666915893554688,222.8637237548828
2017-10-20,23.29163360595703,22.52491569519043,28.022438049316406,72.0727767944336,62.83734893798828,20.681997299194336,224.01373291015625
2017-10-23,23.171335220336914,22.508007049560547,27.88943862915039,71.89231872558594,62.44117736816406,20.69330406188965,223.14248657226562
2017-10-24,23.216014862060547,22.668663024902344,27.967403411865234,71.41117858886719,62.794288635253906,20.712158203125,223.53460693359375
2017-10-25,23.054489135742188,22.53337287902832,27.81605339050293,71.30805206298828,62.1741943359375,20.62167739868164,222.42803955078125
2017-10-26,23.102602005004883,22.660202026367188,27.930709838867188,70.59489440917969,62.26033020019531,20.625450134277344,222.71551513671875
2017-10-27,23.143842697143555,22.643295288085938,28.68286895751953,70.57771301269531,62.28615188598633,20.753623962402344,224.5365447998047
2017-10-30,23.264135360717773,22.550281524658203,28.747081756591797,69.82157897949219,61.85551834106445,20.75739288330078,223.7001495361328
2017-10-31,23.339744567871094,22.491092681884766,28.87091064453125,69.69268035888672,61.605751037597656,20.78001594543457,224.04864501953125
2017-11-01,23.604389190673828,22.52491569519043,28.8754940032959,69.86455535888672,61.57129669189453,20.663145065307617,224.34486389160156
2017-11-02,23.53565216064453,22.736303329467773,28.889253616333008,69.546630859375,61.924415588378906,20.738542556762695,224.4320526123047
2017-11-03,23.604389190673828,22.643295288085938,29.118568420410156,70.12229919433594,61.8641242980957,20.813945770263672,225.18125915527344
2017-11-06,24.143972396850586,22.6179256439209,29.182777404785156,69.90750122070312,61.89860153198242,20.734769821166992,225.52980041503906
2017-11-07,24.11304473876953,22.30508041381836,29.196544647216797,70.05357360839844,61.99333190917969,20.983591079711914,225.37295532226562
2017-11-08,23.996187210083008,22.19516372680664,29.357059478759766,70.21680450439453,61.88998794555664,20.998672485351562,225.75634765625
2017-11-09,24.068363189697266,22.119064331054688,29.12315559387207,70.22543334960938,61.11483383178711,21.025060653686523,224.93739318847656
2017-11-10,23.941200256347656,22.05141830444336,29.12315559387207,69.77002716064453,61.200958251953125,20.927043914794922,224.86758422851562
2017-11-13,23.80372428894043,22.085247039794922,29.113985061645508,69.8387451171875,60.9942512512207,21.175857543945312,225.0767059326172
2017-11-14,23.41878890991211,22.076784133911133,29.054365158081055,69.55522155761719,60.83063507080078,21.43975830078125,224.55397033691406
2017-11-15,23.15416145324707,22.135974884033203,28.838808059692383,69.35758972167969,60.486114501953125,21.255027770996094,223.4300537109375
2017-11-16,23.06136131286621,22.14442253112793,29.242395401000977,70.07933807373047,61.05455017089844,21.187166213989258,225.32937622070312
2017-11-17,23.174779891967773,22.119064331054688,29.054365158081055,69.80439758300781,60.718666076660156,21.04014015197754,224.667236328125
2017-11-20,23.119779586791992,22.22052574157715,29.1644344329834,69.51225280761719,60.9942512512207,20.976049423217773,225.05059814453125
2017-11-21,23.171335220336914,22.288169860839844,29.471721649169922,70.12229919433594,61.433502197265625,21.032608032226562,226.5230712890625
2017-11-22,23.264135360717773,22.17824935913086,29.416683197021484,70.09654998779297,61.50241470336914,21.032608032226562,226.3227081298828
2017-11-24,23.329437255859375,22.169790267944336,29.5817928314209,70.2597885131836,61.50241470336914,21.066539764404297,226.84542846679688
2017-11-27,23.092294692993164,22.152883529663086,29.5817928314209,70.3199234008789,61.605751037597656,21.157011032104492,226.73220825195312
2017-11-28,23.271007537841797,22.727840423583984,29.6780948638916,70.83547973632812,62.544517517089844,21.255027770996094,229.0323028564453
2017-11-29,23.39817237854004,23.116785049438477,29.02225685119629,71.18775939941406,63.09574508666992,21.26633644104004,228.89292907714844
2017-11-30,23.748729705810547,23.268985748291016,29.27909278869629,71.72048950195312,64.17230224609375,21.337966918945312,230.89691162109375
2017-12-01,23.94806671142578,23.31971549987793,29.12774085998535,71.57443237304688,63.37994384765625,21.26633644104004,230.41763305664062
2017-12-04,23.93775749206543,23.67484474182129,28.65993881225586,70.69798278808594,63.913936614990234,21.14569854736328,230.1388397216797
2017-12-05,23.834651947021484,23.548009872436523,28.669113159179688,70.57771301269531,63.371341705322266,20.878032684326172,229.31112670898438
2017-12-06,23.52533531188965,23.46346092224121,28.852563858032227,70.51756286621094,63.466060638427734,20.957202911376953,229.3546142578125
2017-12-07,23.594074249267578,23.539552688598633,29.031429290771484,70.53475189208984,64.05171203613281,20.994895935058594,230.07786560058594
2017-12-08,23.810592651367188,23.683292388916016,29.16901969909668,71.32523345947266,64.32732391357422,21.062761306762695,231.3324737548828
2017-12-11,23.982437133789062,23.624109268188477,29.421262741088867,71.62599182128906,64.19812774658203,21.190937042236328,232.0294647216797
2017-12-12,23.917142868041992,23.860855102539062,29.41209602355957,71.9095230102539,64.26704406738281,20.82902717590332,232.43898010253906
2017-12-13,23.882776260375977,23.56492042541504,29.421262741088867,72.15870666503906,64.51681518554688,20.885574340820312,232.41285705566406
2017-12-14,23.796850204467773,23.412721633911133,29.38457679748535,71.42833709716797,64.07755279541016,20.859180450439453,231.46315002441406
2017-12-15,23.775394439697266,23.62339210510254,29.719711303710938,72.21424102783203,64.5295639038086,20.9356689453125,233.39071655273438
2017-12-18,23.958765029907227,23.83574867248535,29.98209571838379,72.2401351928711,64.988525390625,20.703556060791016,234.87069702148438
2017-12-19,23.993358612060547,23.733816146850586,29.797964096069336,72.15386199951172,65.0058364868164,20.32685089111328,233.96868896484375
2017-12-20,24.332416534423828,23.691341400146484,29.788747787475586,71.92095184326172,65.22232055664062,20.167036056518555,233.84603881835938
2017-12-21,24.84792137145996,23.895217895507812,29.728914260864258,71.75702667236328,65.27428436279297,19.927310943603516,234.32769775390625
2017-12-22,24.899812698364258,23.827255249023438,29.710500717163086,71.52411651611328,65.29161071777344,19.9577579498291,234.2664337158203
2017-12-26,25.117782592773438,23.75929832458496,29.512548446655273,71.54137420654297,65.36087799072266,19.839794158935547,233.98623657226562
2017-12-27,25.034748077392578,23.784786224365234,29.544780731201172,71.66214752197266,65.5167465209961,19.92350959777832,234.10003662109375
2017-12-28,25.07280731201172,23.878231048583984,29.59541130065918,71.76567077636719,65.64662170410156,20.03386116027832,234.58164978027344
2017-12-29,25.000152587890625,23.708332061767578,29.43889617919922,71.32569122314453,65.52539825439453,20.045272827148438,233.69715881347656
2018-01-02,25.411867141723633,23.71683120727539,29.80257225036621,72.12799072265625,65.91507720947266,19.858823776245117,235.3697967529297
2018-01-03,25.792436599731445,23.844242095947266,30.051151275634766,72.81809997558594,66.27012634277344,19.702808380126953,236.8585205078125
2018-01-04,25.948123931884766,24.065109252929688,30.203054428100586,72.921630859375,66.75504302978516,19.5391902923584,237.85687255859375
2018-01-05,25.93773651123047,24.1330623626709,30.52070426940918,73.54277038574219,67.2139892578125,19.531585693359375,239.44200134277344
2018-01-08,26.093416213989258,24.099084854125977,30.635791778564453,73.27534484863281,67.4911117553711,19.714229583740234,239.8798065185547
2018-01-09,26.027690887451172,24.285961151123047,30.557527542114258,74.13799285888672,67.92403411865234,19.520160675048828,240.42276000976562
2018-01-10,25.99656105041504,24.489830017089844,30.4516544342041,74.00862121582031,67.9154052734375,19.307077407836914,240.05496215820312
2018-01-11,26.529359817504883,24.608755111694336,30.575939178466797,74.32778930664062,68.78131103515625,19.234783172607422,241.80650329589844
2018-01-12,26.785385131835938,24.82961082458496,30.755470275878906,74.89718627929688,69.42210388183594,19.124439239501953,243.38275146484375
2018-01-16,26.44632911682129,24.761661529541016,30.635791778564453,75.2680892944336,68.79863739013672,19.082582473754883,242.55079650878906
2018-01-17,26.67812728881836,24.94853401184082,31.096126556396484,75.99275207519531,69.17967224121094,19.200538635253906,244.86277770996094
2018-01-18,26.460166931152344,24.914562225341797,31.1513671875,76.0099868774414,68.80728149414062,19.078777313232422,244.45118713378906
2018-01-19,26.425559997558594,25.09295082092285,31.211219787597656,76.2947006225586,69.00648498535156,19.021699905395508,245.5633544921875
2018-01-22,26.996429443359375,25.296815872192383,31.515039443969727,76.79502868652344,69.00648498535156,19.048336029052734,247.56004333496094
2018-01-23,26.954914093017578,25.322301864624023,31.65314292907715,76.4240493774414,69.0411148071289,19.230981826782227,248.0853729248047
2018-01-24,26.88225555419922,25.4921932220459,31.409162521362305,76.64837646484375,68.98049926757812,19.11302375793457,247.98919677734375
2018-01-25,26.671218872070312,25.44122886657715,31.35391616821289,77.30400848388672,69.04977416992188,19.409820556640625,248.09414672851562
2018-01-26,26.81651496887207,25.628097534179688,31.851093292236328,78.96896362304688,69.84644317626953,19.421234130859375,250.9665985107422
2018-01-29,26.411727905273438,25.526168823242188,31.561084747314453,78.75331115722656,69.37882232666016,19.173904418945312,249.30267333984375
2018-01-30,25.878923416137695,25.194883346557617,31.275665283203125,77.09696960449219,68.83328247070312,19.20815086364746,246.74557495117188
2018-01-31,25.896221160888672,25.262836456298828,31.510440826416016,76.00139617919922,69.0411148071289,19.421234130859375,246.8681182861328
2018-02-01,26.162628173828125,25.500688552856445,31.538057327270508,76.02726745605469,68.91987609863281,19.116830825805664,246.5879669189453
2018-02-02,25.0693416595459,24.94005012512207,30.603561401367188,74.9575424194336,67.53440856933594,18.979841232299805,241.21971130371094
2018-02-05,24.017576217651367,23.68285369873047,29.323808670043945,71.63626861572266,64.4689712524414,18.667821884155273,231.13125610351562
2018-02-06,24.207868576049805,24.116073608398438,30.166227340698242,72.4299087524414,65.64662170410156,18.39005470275879,235.68507385253906
2018-02-07,23.803077697753906,24.1330623626709,29.7795467376709,72.34364318847656,65.76786804199219,18.302536010742188,234.40652465820312
2018-02-08,23.083444595336914,23.071239471435547,28.545835494995117,69.83326721191406,63.2307014465332,18.09705924987793,225.61422729492188
2018-02-09,23.06614875793457,23.512962341308594,29.24555206298828,70.82534790039062,63.914764404296875,18.477575302124023,229.00328063964844
2018-02-12,23.44326400756836,23.844242095947266,29.770334243774414,71.48959350585938,64.94522857666016,18.618356704711914,232.36605834960938
2018-02-13,23.346391677856445,23.946182250976562,29.8439998626709,71.54137420654297,65.0924301147461,18.702072143554688,232.94400024414062
2018-02-14,23.685443878173828,24.515321731567383,30.39180564880371,72.35226440429688,65.91507720947266,18.492788314819336,236.08790588378906
2018-02-15,23.626630783081055,24.651229858398438,30.971830368041992,73.154541015625,66.91090393066406,18.903738021850586,239.1004638671875
2018-02-16,23.56781578063965,24.617250442504883,30.92580223083496,73.68079376220703,66.92821502685547,19.071170806884766,239.1704864501953
2018-02-20,23.439800262451172,24.540803909301758,30.953420639038086,72.8698959350586,66.25279235839844,18.823841094970703,237.67303466796875
2018-02-21,23.045392990112305,24.574783325195312,30.755470275878906,72.56796264648438,66.27012634277344,18.576505661010742,236.4907684326172
2018-02-22,23.29795265197754,24.370914459228516,30.792306900024414,72.45580291748047,66.71173858642578,18.671627044677734,236.79722595214844
2018-02-23,23.803077697753906,24.736177444458008,31.43678855895996,73.61177062988281,67.26594543457031,19.15868377685547,240.57162475585938
2018-02-26,23.944931030273438,25.109933853149414,31.929336547851562,74.54346466064453,68.1925048828125,19.101606369018555,243.36520385742188
2018-02-27,23.633546829223633,24.872093200683594,31.60711669921875,73.76703643798828,67.33522033691406,18.797199249267578,240.32647705078125
2018-02-28,23.090364456176758,24.523815155029297,31.381547927856445,72.58519744873047,66.37401580810547,18.667821884155273,237.89187622070312
2018-03-01,23.055770874023438,24.099084854125977,30.861358642578125,71.42921447753906,65.07511901855469,18.671627044677734,234.43275451660156
2018-03-02,23.163021087646484,24.158540725708008,31.15597915649414,72.15386199951172,65.05780029296875,18.622156143188477,235.6412353515625
2018-03-05,23.408668518066406,24.49832534790039,31.473617553710938,72.80949401855469,65.83712768554688,19.002674102783203,238.3648223876953
2018-03-06,23.422500610351562,24.600263595581055,31.542659759521484,72.70597076416016,66.13155364990234,18.747732162475586,238.9690704345703
2018-03-07,23.246061325073242,24.557788848876953,31.71759033203125,73.07691192626953,66.12291717529297,18.606945037841797,238.88145446777344
2018-03-08,23.239137649536133,24.634241104125977,31.855690002441406,73.56864166259766,66.46928405761719,18.74393081665039,240.0375213623047
2018-03-09,23.68198013305664,25.22886848449707,32.45874786376953,74.6297378540039,67.93270111083984,18.797199249267578,244.21473693847656
2018-03-12,23.675071716308594,25.14391326904297,32.560020446777344,74.3105239868164,67.0927505493164,18.877103805541992,243.90818786621094
2018-03-13,23.505542755126953,24.86359214782715,32.1871223449707,74.40544128417969,66.76368713378906,18.918964385986328,242.3319091796875
2018-03-14,23.367145538330078,24.583276748657227,32.159515380859375,74.04312133789062,66.03629302978516,19.11302375793457,241.08831787109375
2018-03-15,23.246061325073242,24.591766357421875,32.17792892456055,73.9223403930664,66.22682189941406,19.101606369018555,240.82557678222656
2018-03-16,23.453378677368164,24.613082885742188,32.14468765258789,73.92233276367188,66.58069610595703,19.269180297851562,241.08676147460938
2018-03-19,23.091005325317383,24.43404769897461,31.507427215576172,72.72767639160156,66.06771850585938,19.150306701660156,237.82479858398438
2018-03-20,23.286128997802734,24.49372673034668,31.49357795715332,72.83154296875,66.29376220703125,19.062110900878906,238.22926330566406
2018-03-21,23.895896911621094,24.485198974609375,31.304235458374023,72.51988220214844,66.37201690673828,18.99692153930664,237.77207946777344
2018-03-22,23.408077239990234,23.581497192382812,30.496126174926758,70.4335708618164,64.1810531616211,19.081283569335938,231.828369140625
2018-03-23,23.265214920043945,22.8653621673584,29.683385848999023,68.97051239013672,63.24208450317383,18.81285285949707,226.88710021972656
2018-03-26,23.6833438873291,23.607072830200195,30.810131072998047,70.39894104003906,64.77227783203125,19.008419036865234,233.09451293945312
2018-03-27,23.460346221923828,23.146703720092773,29.821922302246094,69.56783294677734,63.876747131347656,19.280683517456055,229.129150390625
2018-03-28,23.003887176513672,23.189327239990234,29.623361587524414,69.94011688232422,63.65938949584961,19.27301788330078,228.45208740234375
2018-03-29,23.488224029541016,23.504770278930664,30.20981788635254,70.46819305419922,64.58967590332031,19.37654685974121,231.37123107910156
2018-04-02,23.0178279876709,22.984710693359375,29.489431381225586,68.86662292480469,63.25946044921875,19.227001190185547,226.3771209716797
2018-04-03,23.509126663208008,23.300155639648438,29.780359268188477,69.91413879394531,64.13756561279297,19.292184829711914,229.27853393554688
2018-04-04,23.477767944335938,23.54739761352539,30.195960998535156,70.90967559814453,64.41580200195312,19.334369659423828,231.731689453125
2018-04-05,23.899377822875977,23.73495864868164,30.32064437866211,70.85771942138672,65.0678939819336,19.48775863647461,233.560546875
2018-04-06,23.467317581176758,23.16374969482422,29.577177047729492,69.15229797363281,63.268157958984375,19.334369659423828,228.3553924560547
2018-04-09,23.578813552856445,23.291627883911133,29.808059692382812,69.83621215820312,63.07689666748047,19.372713088989258,229.4808807373047
2018-04-10,24.359317779541016,23.641172409057617,30.542299270629883,71.0135726928711,64.04195404052734,19.22316551208496,233.12962341308594
2018-04-11,24.61368751525879,23.359832763671875,30.362201690673828,70.4335708618164,63.57246398925781,19.19632339477539,231.9075164794922
2018-04-12,24.61019515991211,23.769062042236328,30.727022171020508,70.90967559814453,64.4853744506836,18.943235397338867,233.81544494628906
2018-04-13,24.881973266601562,23.410993576049805,30.625425338745117,70.87508392333984,64.32884979248047,19.092790603637695,233.12962341308594
2018-04-16,25.13633155822754,23.513296127319336,30.860925674438477,71.43775939941406,64.97224426269531,19.353546142578125,235.04637145996094
2018-04-17,25.23390007019043,23.513296127319336,31.433530807495117,71.99185180664062,65.51997375488281,19.549116134643555,237.5609893798828
2018-04-18,25.631118774414062,23.402463912963867,31.350425720214844,72.05244445800781,66.19812774658203,19.476253509521484,237.7368927001953
2018-04-19,25.6624755859375,23.760536193847656,31.00408363342285,71.4464111328125,66.01554107666016,19.46474838256836,236.4180145263672
2018-04-20,25.54052734375,23.769062042236328,30.574623107910156,71.0655288696289,65.72863006591797,19.288354873657227,234.4133758544922
2018-04-23,25.69732093811035,23.743480682373047,30.46379852294922,71.34255981445312,65.6504135131836,19.299856185913086,234.3782196044922
2018-04-24,25.42205810546875,23.590030670166016,29.932748794555664,70.8058090209961,63.81591796875,19.430238723754883,231.22171020507812
2018-04-25,25.624149322509766,23.572973251342773,29.937366485595703,71.1261215209961,63.998470306396484,19.434078216552734,231.79324340820312
2018-04-26,25.99697494506836,23.581497192382812,30.482271194458008,72.02647399902344,63.763736724853516,19.629634857177734,234.1495361328125
2018-04-27,25.721712112426758,23.615604400634766,30.426847457885742,72.32078552246094,63.63330841064453,19.829042434692383,234.36940002441406
2018-04-30,25.718231201171875,23.402463912963867,30.22828483581543,71.21268463134766,62.78997039794922,19.771520614624023,232.5669403076172
2018-05-01,25.561426162719727,23.410993576049805,30.60694694519043,71.17806243896484,62.50307083129883,19.710172653198242,232.98011779785156
2018-05-02,25.66596221923828,23.146703720092773,30.574623107910156,70.19983673095703,61.955326080322266,19.69099235534668,231.4151611328125
2018-05-03,25.606725692749023,22.950611114501953,30.643896102905273,69.56783294677734,62.10311508178711,19.66415023803711,230.9051971435547
2018-05-04,25.732166290283203,23.249006271362305,31.22574234008789,70.12191772460938,62.824745178222656,19.752349853515625,233.8945770263672
2018-05-07,25.767009735107422,23.402463912963867,31.44277000427246,70.01802062988281,63.24208450317383,19.648813247680664,234.68594360351562
2018-05-08,25.969100952148438,23.56444549560547,31.512048721313477,69.48994445800781,63.69419479370117,19.157974243164062,234.68594360351562
2018-05-09,26.498727798461914,23.913991928100586,31.899946212768555,69.88818359375,64.38102722167969,19.023759841918945,236.9543914794922
2018-05-10,26.69733428955078,24.11007308959961,32.31555938720703,70.82310485839844,64.81571960449219,19.292184829711914,239.16998291015625
2018-05-11,26.73566436767578,24.09303092956543,32.269371032714844,71.8792724609375,64.95484924316406,19.31903076171875,239.89971923828125
2018-05-14,26.92034149169922,24.075977325439453,32.264739990234375,72.35541534423828,64.8418197631836,19.246179580688477,240.0141143798828
2018-05-15,26.92731285095215,24.033348083496094,31.9599609375,71.4204330444336,64.62447357177734,19.08511734008789,238.36106872558594
2018-05-16,27.021387100219727,24.075977325439453,32.103126525878906,71.8187026977539,64.85922241210938,18.935564041137695,239.36338806152344
2018-05-17,27.429058074951172,24.024818420410156,31.9368839263916,71.84465789794922,65.11133575439453,18.782180786132812,239.16123962402344
2018-05-18,27.216506958007812,23.828739166259766,31.80297088623047,72.02647399902344,65.493896484375,18.786012649536133,238.56332397460938
2018-05-21,27.495258331298828,23.99924659729004,32.08003616333008,72.09568786621094,66.48503112792969,18.881879806518555,240.3569793701172
2018-05-22,27.12940216064453,24.161230087280273,32.03386688232422,71.95719909667969,65.66777038574219,18.950904846191406,239.6887969970703
2018-05-23,27.12591552734375,24.00777244567871,32.269371032714844,72.19093322753906,65.60694122314453,19.123462677001953,240.34815979003906
2018-05-24,26.679916381835938,23.820213317871094,32.232418060302734,71.9052505493164,65.92859649658203,19.280683517456055,239.85581970214844
2018-05-25,25.986526489257812,23.743480682373047,32.20932388305664,71.80134582519531,65.80687713623047,19.36504554748535,239.2843017578125
2018-05-29,25.90637969970703,22.950611114501953,32.03386688232422,71.0655288696289,64.75486755371094,19.36504554748535,236.53225708007812
2018-05-30,26.69036865234375,23.368364334106445,32.269371032714844,72.13033294677734,65.66777038574219,19.52227020263672,239.6887969970703
2018-05-31,26.48827362060547,23.172273635864258,32.27859878540039,71.34255981445312,64.72008514404297,19.55294418334961,238.22042846679688
2018-06-01,26.613704681396484,23.428041458129883,32.82813262939453,72.16497802734375,65.43302917480469,19.253849029541016,240.55921936035156
2018-06-04,26.383739471435547,23.504770278930664,33.09134292602539,72.4333267211914,65.33740234375,19.10045623779297,241.70220947265625
2018-06-05,26.32102394104004,23.402463912963867,33.2067985534668,72.28616333007812,65.41560363769531,19.000751495361328,241.8781280517578
2018-06-06,26.446460723876953,23.828739166259766,33.423828125,73.0999526977539,65.9634017944336,18.548263549804688,243.90028381347656
2018-06-07,26.84716796875,23.90546989440918,33.15599060058594,73.19513702392578,66.24161529541016,18.678640365600586,243.8739013671875
2018-06-08,26.794904708862305,23.939565658569336,33.10056686401367,73.61933135986328,66.45896911621094,18.670976638793945,244.5949249267578
2018-06-11,26.934276580810547,23.888418197631836,33.137516021728516,73.75786590576172,66.58937072753906,18.632625579833984,244.9202117919922
2018-06-12,26.728702545166016,23.828739166259766,33.29914093017578,73.71454620361328,66.51979064941406,18.847370147705078,245.23678588867188
2018-06-13,26.62765121459961,23.743480682373047,33.12827682495117,73.73188781738281,65.98945617675781,18.797521591186523,244.45423889160156
2018-06-14,26.589326858520508,23.521820068359375,33.36378479003906,74.11279296875,65.73735046386719,19.03143310546875,245.06971740722656
2018-06-15,26.01822853088379,23.520967483520508,33.236351013183594,74.25701904296875,65.57321166992188,19.166841506958008,244.75698852539062
2018-06-18,26.277822494506836,23.478151321411133,33.27342987060547,73.54451751708984,65.30261993408203,19.22874641418457,244.25363159179688
2018-06-19,26.21818733215332,23.418214797973633,33.101959228515625,73.73566436767578,63.92341995239258,19.41832733154297,243.31739807128906
2018-06-20,26.333940505981445,23.358278274536133,33.17147445678711,73.89207458496094,63.96706771850586,19.433805465698242,243.7326202392578
2018-06-21,25.846349716186523,23.289779663085938,32.91659164428711,73.46631622314453,63.163970947265625,19.499582290649414,242.20455932617188
2018-06-22,26.362014770507812,23.178466796875,32.810020446777344,73.79652404785156,63.3822021484375,19.634992599487305,242.64622497558594
2018-06-25,25.83231544494629,22.930160522460938,32.12877655029297,73.1187744140625,62.579124450683594,19.959985733032227,239.34310913085938
2018-06-26,26.158554077148438,22.853097915649414,32.258541107177734,72.89285278320312,62.81481170654297,19.983192443847656,239.87303161621094
2018-06-27,26.509340286254883,22.570537567138672,31.818300247192383,72.27591705322266,62.30851364135742,20.079923629760742,237.8858642578125
2018-06-28,26.474262237548828,22.767475128173828,32.207557678222656,72.37149047851562,62.395816802978516,20.072187423706055,239.2459259033203
2018-06-29,26.63913917541504,22.767475128173828,32.19365692138672,72.51921844482422,62.5267448425293,20.103130340576172,239.59042358398438
2018-07-02,26.24624252319336,22.8787784576416,32.48097610473633,72.74510955810547,62.66642379760742,20.246294021606445,240.10272216796875
2018-07-03,26.411115646362305,22.67329216003418,32.096343994140625,72.91891479492188,62.465641021728516,20.3043212890625,239.25485229492188
2018-07-05,26.383052825927734,22.72465705871582,32.55049133300781,73.67483520507812,62.77117156982422,20.412654876708984,241.20660400390625
2018-07-06,26.544408798217773,22.835968017578125,32.93050003051758,74.73493194580078,62.98939514160156,20.571279525756836,243.2468719482422
2018-07-09,26.940813064575195,23.358278274536133,33.18074035644531,75.28235626220703,64.15910339355469,19.936769485473633,245.43701171875
2018-07-10,27.140764236450195,23.272653579711914,33.259525299072266,75.5690689086914,64.35985565185547,20.1263484954834,246.32028198242188
2018-07-11,26.565465927124023,23.16134262084961,33.129764556884766,74.96952819824219,63.303646087646484,20.308189392089844,244.5186004638672
2018-07-12,26.611072540283203,23.20415496826172,33.6534309387207,75.80370330810547,64.04561614990234,20.32366180419922,246.73538208007812
2018-07-13,26.75139617919922,23.101408004760742,33.61635971069336,75.94270324707031,64.3773193359375,20.327537536621094,246.92970275878906
2018-07-16,26.44269371032715,23.512405395507812,33.53757095336914,75.482177734375,64.11544799804688,20.308189392089844,246.7089385986328
2018-07-17,26.33745574951172,23.538087844848633,33.78782653808594,75.89927673339844,64.36859893798828,20.292715072631836,247.7068634033203
2018-07-18,26.354997634887695,23.914833068847656,33.73222732543945,75.9600830078125,65.07565307617188,20.18825340270996,248.2279052734375
2018-07-19,26.362014770507812,23.555213928222656,33.611724853515625,75.53431701660156,65.0494613647461,20.37396240234375,247.29185485839844
2018-07-20,26.27080726623535,23.59803009033203,33.62099075317383,75.38661193847656,64.9796371459961,20.230806350708008,247.00917053222656
2018-07-23,26.15503692626953,23.923398971557617,33.79246139526367,75.54300689697266,64.57809448242188,20.087657928466797,247.4684295654297
2018-07-24,26.484786987304688,23.99189567565918,33.97782516479492,76.2294692993164,64.84870147705078,20.157304763793945,248.71372985839844
2018-07-25,26.705780029296875,24.043270111083984,34.4041748046875,77.20263671875,65.8350830078125,20.21533203125,250.83335876464844
2018-07-26,26.996950149536133,24.03470802307129,33.87587356567383,76.98542022705078,66.34139251708984,20.431997299194336,250.24160766601562
2018-07-27,26.881175994873047,24.086084365844727,33.296592712402344,76.4293212890625,66.3501205444336,20.366222381591797,248.5459747314453
2018-07-30,27.102182388305664,24.103208541870117,32.77756881713867,76.47276306152344,65.6954345703125,20.242412567138672,247.2476348876953
2018-07-31,27.053071975708008,23.93195915222168,32.865623474121094,77.27214813232422,67.14446258544922,20.42425537109375,248.46641540527344
2018-08-01,26.67772102355957,23.93195915222168,33.162193298339844,77.2895278930664,66.23662567138672,20.292715072631836,248.05125427246094
2018-08-02,26.530393600463867,23.94051742553711,33.57928466796875,77.57624816894531,66.14932250976562,20.393308639526367,249.40255737304688
2018-08-03,26.393587112426758,24.0775203704834,33.699771881103516,78.03680419921875,66.21044158935547,20.621572494506836,250.4713134765625
2018-08-06,26.49180030822754,24.205955505371094,33.8805046081543,78.17581176757812,66.30645751953125,20.63705062866211,251.3897705078125
2018-08-07,26.68824577331543,24.3172664642334,34.01025390625,78.18450164794922,66.77784729003906,20.606098175048828,252.22000122070312
2018-08-08,26.495309829711914,24.37720489501953,34.102935791015625,78.30615234375,66.48104858398438,20.497772216796875,252.11404418945312
2018-08-09,26.249757766723633,24.231643676757812,34.11685562133789,78.21924591064453,66.11441802978516,20.59062385559082,251.76956176757812
2018-08-10,26.411115646362305,23.94908332824707,33.84342956542969,77.88037872314453,65.52958679199219,20.501636505126953,250.08273315429688
2018-08-13,26.074363708496094,23.7179012298584,33.79709243774414,77.90646362304688,65.21532440185547,20.52872657775879,249.14657592773438
2018-08-14,26.13749885559082,23.94051742553711,34.00562286376953,78.27139282226562,65.66924285888672,20.571279525756836,250.73617553710938
2018-08-15,25.225444793701172,23.752147674560547,33.699771881103516,78.14105224609375,65.35498046875,20.760860443115234,248.86383056640625
2018-08-16,25.407855987548828,24.068954467773438,33.84806823730469,78.90568542480469,66.18425750732422,20.98526382446289,250.87750244140625
2018-08-17,25.470993041992188,24.120330810546875,33.899044036865234,79.14899444580078,66.5858154296875,21.09359359741211,251.7607421875
2018-08-20,25.64287757873535,24.197399139404297,33.84806823730469,79.40966796875,67.03099060058594,21.02007484436035,252.2995147705078
2018-08-21,25.772674560546875,24.291582107543945,33.9036750793457,79.40966796875,67.52854919433594,20.869186401367188,252.89125061035156
2018-08-22,26.081371307373047,24.205955505371094,34.00562286376953,79.48787689208984,66.87387084960938,20.714435577392578,252.74107360839844
2018-08-23,25.95859718322754,24.094650268554688,34.079769134521484,79.46179962158203,66.68181610107422,20.69895362854004,252.40541076660156
2018-08-24,26.148021697998047,24.18027114868164,34.422698974609375,79.8441162109375,66.96985626220703,20.78793716430664,253.92453002929688
2018-08-27,26.340957641601562,24.505638122558594,34.737831115722656,80.13085174560547,67.81661987304688,20.660268783569336,255.92929077148438
2018-08-28,26.228708267211914,24.47995948791504,34.79806137084961,80.17432403564453,67.67696380615234,20.61771011352539,256.05303955078125
2018-08-29,26.39006996154785,24.471391677856445,35.113189697265625,80.69566345214844,67.72931671142578,20.76859474182129,257.43072509765625
2018-08-30,26.31640625,24.283018112182617,35.006591796875,80.63484191894531,67.2579574584961,20.77633285522461,256.3886413574219
2018-08-31,26.112945556640625,24.25733757019043,35.03440856933594,80.61743927001953,67.30160522460938,20.687355041503906,256.3973693847656
2018-09-04,26.056819915771484,24.37720489501953,34.900028228759766,79.97444915771484,67.24921417236328,20.780200958251953,255.9558868408203
2018-09-05,26.021739959716797,24.394330978393555,34.46440505981445,80.29596710205078,67.72931671142578,21.07037353515625,255.2668914794922
2018-09-06,25.54115104675293,24.283018112182617,34.21416091918945,80.29596710205078,67.93882751464844,21.1903133392334,254.4986114501953
2018-09-07,25.537649154663086,24.25733757019043,34.09830856323242,80.41759490966797,67.72931671142578,20.931089401245117,254.00404357910156
2018-09-10,25.52712631225586,24.231643676757812,34.20489501953125,80.20909118652344,68.07848358154297,21.035552978515625,254.44558715820312
2018-09-11,25.7691707611084,24.25733757019043,34.496856689453125,80.13955688476562,68.06103515625,20.981388092041016,255.2845916748047
2018-09-12,25.90247344970703,24.03470802307129,34.353179931640625,80.53924560546875,68.2705078125,20.96204376220703,255.346435546875
2018-09-13,25.913002014160156,24.000455856323242,34.75636672973633,81.53849792480469,68.68080139160156,21.12067222595215,256.8566589355469
2018-09-14,26.049802780151367,24.171710968017578,34.728572845458984,81.2691421508789,69.02120971679688,21.00847053527832,256.90081787109375
2018-09-17,26.09189796447754,24.068954467773438,34.29294204711914,80.97370910644531,69.04741668701172,21.0781192779541,255.5407257080078
2018-09-18,26.263778686523438,24.188833236694336,34.5107536315918,81.44290161132812,69.6759262084961,21.0394229888916,256.9272766113281
2018-09-19,26.344465255737305,24.599828720092773,34.422698974609375,81.32997131347656,69.61481475830078,20.582883834838867,257.20123291015625
2018-09-20,26.351482391357422,24.813888549804688,34.83051300048828,82.12067413330078,69.71957397460938,20.625446319580078,259.2854919433594
2018-09-21,26.525615692138672,24.717567443847656,34.69288635253906,82.2314453125,70.17039489746094,20.713281631469727,259.0485534667969
2018-09-24,26.914138793945312,24.442352294921875,34.86492919921875,82.39715576171875,68.96871185302734,20.529802322387695,258.18798828125
2018-09-25,27.087209701538086,24.347742080688477,34.82307815551758,82.14421081542969,68.75822448730469,20.24873161315918,257.9483947753906
2018-09-26,26.825830459594727,24.05533790588379,34.69288635253906,82.32737731933594,68.71437072753906,20.049633026123047,257.1765441894531
2018-09-27,26.825830459594727,23.969327926635742,34.89747619628906,82.74610900878906,68.81084442138672,20.256542205810547,257.8952331542969
2018-09-28,26.751659393310547,23.719919204711914,35.02766799926758,82.99905395507812,68.76702117919922,20.553226470947266,257.9219055175781
2018-10-01,27.122529983520508,23.81451988220215,35.19507598876953,83.40907287597656,69.37222290039062,20.48295783996582,258.81781005859375
2018-10-02,27.150787353515625,23.81451988220215,35.19972229003906,83.31309509277344,69.53009796142578,20.7601261138916,258.66705322265625
2018-10-03,27.369770050048828,24.038131713867188,35.30665588378906,83.1561050415039,69.81954956054688,20.510284423828125,258.8089599609375
2018-10-04,27.256744384765625,24.201541900634766,34.66963195800781,82.34485626220703,69.59150695800781,20.619586944580078,256.78631591796875
2018-10-05,27.253210067749023,24.08113670349121,34.2325325012207,82.2489013671875,69.23188781738281,20.935792922973633,255.34902954101562
2018-10-08,27.232013702392578,24.244539260864258,33.84660339355469,82.2139892578125,69.40728759765625,21.111461639404297,255.34902954101562
2018-10-09,27.475732803344727,24.14993667602539,33.967498779296875,82.35356903076172,68.33718872070312,21.197343826293945,254.97642517089844
2018-10-10,26.613914489746094,23.401700973510742,32.32142639160156,80.40833282470703,66.13561248779297,21.080230712890625,246.90309143066406
2018-10-11,25.7132511138916,22.70507049560547,31.912229537963867,78.23632049560547,64.39012145996094,20.69375991821289,241.4646453857422
2018-10-12,25.783889770507812,22.730873107910156,32.93521499633789,79.44009399414062,64.81990051269531,20.67034149169922,244.81817626953125
2018-10-15,25.56842803955078,22.62766456604004,32.39582061767578,78.89054870605469,64.94271087646484,20.767925262451172,243.44297790527344
2018-10-16,25.780359268188477,23.006084442138672,33.37229919433594,81.05384063720703,66.03912353515625,20.982637405395508,248.76611328125
2018-10-17,25.61787223815918,23.238290786743164,33.21886444091797,81.48126983642578,65.55670166015625,20.943601608276367,248.8104705810547
2018-10-18,25.490732192993164,22.851276397705078,32.56787109375,80.55665588378906,64.4251937866211,20.974830627441406,245.21731567382812
2018-10-19,25.264680862426758,22.937280654907227,32.55392074584961,79.82389831542969,64.1883773803711,21.302745819091797,245.08428955078125
2018-10-22,24.98564338684082,22.447057723999023,32.8236198425293,79.169677734375,63.96906661987305,21.166118621826172,243.9841766357422
2018-10-23,24.33221435546875,22.26643943786621,32.698055267333984,78.74222564697266,62.916526794433594,21.04900360107422,242.7421112060547
2018-10-24,23.371496200561523,21.70742416381836,31.233339309692383,76.142822265625,60.785125732421875,21.560392379760742,235.3874053955078
2018-10-25,23.65760040283203,22.0428409576416,32.30747985839844,77.12850189208984,61.214900970458984,21.224668502807617,239.61033630371094
2018-10-26,23.48099136352539,21.72462272644043,31.661130905151367,76.25621032714844,60.60969543457031,20.83429527282715,235.39625549316406
2018-10-29,23.04302215576172,21.913829803466797,31.126399993896484,76.44808197021484,59.60096740722656,21.1270751953125,234.0920867919922
2018-10-30,23.576364517211914,22.292255401611328,31.47515106201172,77.26808166503906,60.828948974609375,21.209062576293945,237.5609893798828
2018-10-31,23.721179962158203,22.601863861083984,32.2237663269043,77.37274932861328,61.293846130371094,20.95921516418457,240.0983428955078
2018-11-01,23.92250633239746,22.70507049560547,32.600425720214844,78.34974670410156,62.37273025512695,20.865524291992188,242.65347290039062
2018-11-02,23.862459182739258,22.6878662109375,31.963380813598633,77.86126708984375,62.267459869384766,20.748416900634766,241.21621704101562
2018-11-05,24.26157569885254,23.049081802368164,31.93084144592285,78.55035400390625,62.59199142456055,21.04119110107422,242.5469207763672
2018-11-06,24.374605178833008,23.169492721557617,32.130775451660156,78.95159912109375,63.24984359741211,21.181724548339844,244.08181762695312
2018-11-07,24.773725509643555,23.470508575439453,33.07470703125,81.27191925048828,64.2761001586914,21.42376708984375,249.3073272705078
2018-11-08,24.236854553222656,23.539308547973633,33.04679870605469,81.3155288696289,64.17083740234375,21.388629913330078,248.85475158691406
2018-11-09,24.19446563720703,23.324298858642578,32.47486114501953,81.08001708984375,63.52174377441406,21.419858932495117,246.42398071289062
2018-11-12,23.692922592163086,22.859878540039062,31.330997467041016,79.98094177246094,62.267459869384766,21.40814208984375,241.81944274902344
2018-11-13,23.14898681640625,22.988880157470703,31.36820411682129,79.42265319824219,62.548152923583984,21.4979305267334,241.3670654296875
2018-11-14,23.110132217407227,22.67926597595215,30.991559982299805,78.78585815429688,62.33763885498047,21.275421142578125,239.71682739257812
2018-11-15,23.44921112060547,23.014684677124023,31.76808738708496,79.48369598388672,63.16212844848633,21.099750518798828,242.21865844726562
2018-11-16,23.72823715209961,23.040483474731445,31.716934204101562,80.28621673583984,63.14459991455078,21.42376708984375,242.8485870361328
2018-11-19,23.721179962158203,23.031885147094727,30.50796127319336,79.26564025878906,62.144676208496094,21.51744842529297,238.74093627929688
2018-11-20,22.944128036499023,22.52446174621582,29.852336883544922,78.52416229248047,60.855281829833984,21.42765998840332,234.32278442382812
2018-11-21,23.304391860961914,22.54166030883789,30.070873260498047,78.07929992675781,61.285091400146484,21.111461639404297,235.12123107910156
2018-11-23,22.573261260986328,22.361051559448242,29.79652976989746,78.19271850585938,61.16228103637695,21.123170852661133,233.55099487304688
2018-11-26,22.912334442138672,22.816877365112305,30.470762252807617,78.95159912109375,61.60961151123047,21.248088836669922,237.3214111328125
2018-11-27,22.848764419555664,22.83407974243164,30.531219482421875,79.7715835571289,61.5043830871582,21.40814208984375,238.119873046875
2018-11-28,23.240819931030273,23.2726993560791,31.600690841674805,81.69061279296875,62.97793960571289,21.39253044128418,243.60272216796875
2018-11-29,23.392698287963867,23.07489013671875,31.293800354003906,81.9610366821289,63.013031005859375,21.384721755981445,243.07040405273438
2018-11-30,23.350313186645508,23.19529151916504,31.591405868530273,83.62713623046875,63.627037048339844,21.7009334564209,244.55197143554688
2018-12-03,23.869524002075195,23.34149932861328,32.28889465332031,83.22586822509766,64.36381530761719,21.919538497924805,247.79022216796875
2018-12-04,23.18429946899414,22.326648712158203,31.06595802307129,81.36788177490234,61.627166748046875,21.935150146484375,239.7611846923828
2018-12-06,22.75692367553711,22.01703643798828,31.135700225830078,81.06256103515625,61.285091400146484,21.958576202392578,239.3975067138672
2018-12-07,22.629776000976562,21.595613479614258,30.038326263427734,78.9952163696289,59.6711540222168,22.040552139282227,233.8347930908203
2018-12-10,22.276573181152344,21.294605255126953,30.452167510986328,79.30052947998047,59.82026290893555,22.08349609375,234.2783660888672
2018-12-11,22.28363609313965,21.088191986083984,30.48936653137207,79.54476165771484,59.46940994262695,22.17328453063965,234.3316650390625
2018-12-12,22.3719425201416,21.208593368530273,30.72650718688965,80.22515869140625,59.80274200439453,22.03274917602539,235.51161193847656
2018-12-13,22.442575454711914,21.05379295349121,30.777660369873047,80.30365753173828,59.636070251464844,22.224035263061523,235.43170166015625
2018-12-14,21.93043327331543,20.84737777709961,30.024375915527344,77.59956359863281,58.81157302856445,22.181087493896484,231.0845489501953
2018-12-17,21.531309127807617,20.64097023010254,29.387348175048828,76.05558013916016,57.84672927856445,21.466699600219727,226.5510711669922
2018-12-18,21.02269744873047,20.563568115234375,29.619842529296875,75.39265441894531,58.13618850708008,21.3222599029541,226.3026580810547
2018-12-19,20.775455474853516,20.305559158325195,29.03394889831543,74.40695190429688,57.039772033691406,21.287128448486328,222.91355895996094
2018-12-20,20.199731826782227,20.12495231628418,28.513160705566406,73.36017608642578,55.9959831237793,21.275421142578125,219.2849884033203
2018-12-21,20.003658294677734,19.722532272338867,27.646869659423828,72.44888305664062,54.938682556152344,21.184480667114258,214.79200744628906
2018-12-24,19.194379806518555,19.307138442993164,26.90898895263672,70.71391296386719,53.25302505493164,20.29867172241211,209.1165008544922
2018-12-26,20.38867950439453,20.181198120117188,28.534177780151367,73.79830169677734,55.73299789428711,20.574254989624023,219.68209838867188
2018-12-27,20.495637893676758,20.42350959777832,28.739662170410156,74.61322021484375,56.43019485473633,20.747478485107422,221.3687286376953
2018-12-28,20.338769912719727,20.414852142333984,28.674272537231445,74.70085906982422,56.2801628112793,20.798656463623047,221.0831298828125
2018-12-31,20.44572639465332,20.613895416259766,28.945144653320312,75.80494689941406,56.84499740600586,20.83408546447754,223.01954650878906
2019-01-02,20.84857749938965,20.786983489990234,28.963829040527344,74.65705871582031,57.13623809814453,20.475833892822266,223.2515869140625
2019-01-03,20.641807556152344,20.319658279418945,27.502092361450195,73.1411361694336,55.39761734008789,20.471899032592773,217.92416381835938
2019-01-04,21.3441219329834,20.994672775268555,28.720979690551758,75.32300567626953,57.49808120727539,20.775035858154297,225.2237091064453
2019-01-07,21.66141700744629,21.020641326904297,28.977834701538086,75.61217498779297,57.96583938598633,20.6333065032959,226.99952697753906
2019-01-08,21.8289737701416,21.037946701049805,29.220680236816406,76.19923400878906,58.760128021240234,20.889211654663086,229.13226318359375
2019-01-09,22.174789428710938,21.141794204711914,29.598953247070312,76.5409927368164,59.15727233886719,20.763227462768555,230.2030487060547
2019-01-10,22.238954544067383,21.150449752807617,29.729717254638672,76.68994903564453,59.96037292480469,21.03487205505371,231.01515197753906
2019-01-11,22.107053756713867,21.202367782592773,29.673681259155273,76.94408416748047,59.89862823486328,20.956132888793945,231.10438537597656
2019-01-14,22.05356788635254,21.34949493408203,29.39814567565918,76.0940933227539,59.889793395996094,20.483707427978516,229.69444274902344
2019-01-15,22.13200569152832,21.53988265991211,29.841808319091797,77.46107482910156,59.704471588134766,20.735668182373047,232.32696533203125
2019-01-16,22.103487014770508,21.998544692993164,29.86981773376465,77.32083892822266,59.766239166259766,20.810468673706055,232.8890838623047
2019-01-17,22.30669593811035,22.119699478149414,30.06129264831543,78.00433349609375,60.789981842041016,20.897085189819336,234.656005859375
2019-01-18,22.759458541870117,22.5004825592041,30.518957138061523,78.93318176269531,61.946144104003906,20.920700073242188,237.7792510986328
2019-01-22,22.263914108276367,22.24085807800293,30.005252838134766,78.38987731933594,60.666446685791016,20.96006965637207,234.5667266845703
2019-01-23,22.035749435424805,22.266813278198242,30.107990264892578,78.4775161743164,60.75469207763672,21.172666549682617,235.0574951171875
2019-01-24,22.15339469909668,22.318748474121094,30.360183715820312,77.82029724121094,61.0635871887207,21.28289794921875,235.18246459960938
2019-01-25,22.43503761291504,22.5004825592041,30.78982162475586,77.91670989990234,61.84022903442383,20.9915714263916,237.1724853515625
2019-01-28,22.210437774658203,22.431249618530273,30.378862380981445,77.03170776367188,61.248905181884766,20.893146514892578,235.36988830566406
2019-01-29,22.27817153930664,22.35335922241211,30.051952362060547,77.40848541259766,62.09617614746094,20.952199935913086,235.0574951171875
2019-01-30,22.591903686523438,22.483169555664062,30.9859676361084,78.46874237060547,63.066978454589844,21.113611221313477,238.77867126464844
2019-01-31,22.738065719604492,22.44855499267578,30.953277587890625,79.4501724243164,63.340538024902344,21.55847930908203,240.875732421875
2019-02-01,23.133787155151367,22.543746948242188,31.135400772094727,79.5202407836914,63.43764877319336,21.47580909729004,240.99179077148438
2019-02-04,23.18726348876953,22.638944625854492,31.63511085510254,79.29244995117188,64.25841522216797,21.5112361907959,242.687255859375
2019-02-05,23.222919464111328,22.578371047973633,31.90129852294922,79.17851257324219,64.81441497802734,21.554542541503906,243.70455932617188
2019-02-06,23.051794052124023,22.552400588989258,32.00871658325195,79.53778839111328,64.83206176757812,21.54273796081543,243.38328552246094
2019-02-07,22.541990280151367,22.3273983001709,31.56972885131836,78.66155242919922,64.39078521728516,21.826190948486328,241.0631561279297
2019-02-08,22.4386043548584,22.21489715576172,31.751863479614258,78.81050109863281,64.48785400390625,21.920679092407227,241.35765075683594
2019-02-11,22.545551300048828,22.284133911132812,31.73784828186035,78.71410369873047,64.83206176757812,21.91280174255371,241.491455078125
2019-02-12,22.830759048461914,22.612979888916016,32.15815734863281,79.79192352294922,65.83818054199219,21.963985443115234,244.59689331054688
2019-02-13,23.115962982177734,22.673555374145508,32.200199127197266,79.96715545654297,66.22650146484375,21.900989532470703,245.39109802246094
2019-02-14,23.197961807250977,22.39663314819336,32.25623321533203,80.15117645263672,65.91761016845703,21.86556053161621,244.8467559814453
2019-02-15,23.57229995727539,22.87260627746582,32.513084411621094,81.36039733886719,66.80015563964844,21.9324893951416,247.51492309570312
2019-02-19,23.643600463867188,22.907215118408203,32.522430419921875,81.16761016845703,66.77368927001953,22.06240463256836,247.9433135986328
2019-02-20,23.743417739868164,23.05434226989746,32.55978775024414,81.07122802734375,67.09140014648438,22.16082763671875,248.4429931640625
2019-02-21,23.376220703125,22.93317985534668,32.573787689208984,80.36148834228516,66.81781768798828,22.32224464416504,247.55958557128906
2019-02-22,23.443954467773438,22.8985652923584,32.98942947387695,81.09752655029297,67.25907135009766,22.460033416748047,249.09442138671875
2019-02-25,23.483171463012695,22.993755340576172,33.148223876953125,81.21144104003906,67.5238265991211,22.314369201660156,249.43348693847656
2019-02-26,23.408302307128906,22.92452621459961,33.21826171875,80.92230224609375,67.3385238647461,22.28680992126465,249.255126953125
2019-02-27,23.497425079345703,23.011066436767578,33.185585021972656,80.54548645019531,67.60326385498047,22.314369201660156,249.14797973632812
2019-02-28,23.262136459350586,22.950490951538086,33.0921630859375,80.30891418457031,67.3738021850586,22.444286346435547,248.6839599609375
2019-03-01,23.68994140625,23.09760856628418,33.31633377075195,81.44803619384766,67.43560791015625,22.491525650024414,250.23666381835938
2019-03-04,23.732723236083984,22.950490951538086,33.19023132324219,80.34396362304688,67.1355209350586,22.53089714050293,249.3264617919922
2019-03-05,23.654298782348633,22.863943099975586,33.0921630859375,80.30011749267578,66.70307922363281,22.50333595275879,248.98733520507812
2019-03-06,23.354825973510742,22.716829299926758,32.91938400268555,79.12593841552734,66.07645416259766,22.50333595275879,247.479248046875
2019-03-07,23.21578598022461,22.483169555664062,32.60647201538086,78.50379180908203,65.67929077148438,22.578136444091797,245.40896606445312
2019-03-08,22.780847549438477,22.474515914916992,32.60181427001953,78.33731842041016,65.54692840576172,22.656875610351562,244.91824340820312
2019-03-11,23.137357711791992,22.708166122436523,33.302330017089844,79.2311019897461,66.10295867919922,22.81829071044922,248.4697723388672
2019-03-12,23.28708839416504,22.760103225708008,33.498477935791016,79.8094253540039,65.5557632446289,22.975765228271484,249.40670776367188
2019-03-13,23.52238655090332,22.91587257385254,33.71796798706055,80.66816711425781,66.12942504882812,22.9993896484375,251.0576629638672
2019-03-14,23.547344207763672,23.002410888671875,33.788021087646484,80.53673553466797,65.90877532958984,22.995454788208008,250.89706420898438
2019-03-15,23.538000106811523,23.163328170776367,34.197025299072266,80.90699005126953,65.67619323730469,23.078739166259766,252.13661193847656
2019-03-18,23.864957809448242,23.3981876373291,34.34227752685547,80.78385162353516,66.31529998779297,22.991479873657227,253.0508575439453
2019-03-19,23.80029296875,23.215517044067383,34.41254425048828,81.4259033203125,66.07564544677734,22.72972869873047,253.1135711669922
2019-03-20,24.008682250976562,22.737117767333984,34.31884765625,80.86302185058594,65.62295532226562,22.789213180541992,252.3516082763672
2019-03-21,24.177560806274414,22.667531967163086,35.180908203125,81.17967224121094,66.25318908691406,23.031143188476562,255.201904296875
2019-03-22,23.52362632751465,22.041259765625,34.35164260864258,79.70206451416016,64.7530746459961,23.197731018066406,250.29019165039062
2019-03-25,23.534404754638672,21.945575714111328,34.20172119140625,79.65807342529297,64.90396118164062,23.217554092407227,250.1020050048828
2019-03-26,23.872146606445312,22.206525802612305,34.389122009277344,80.20338439941406,65.33891296386719,23.384130477905273,251.96627807617188
2019-03-27,23.703277587890625,22.110851287841797,34.19233703613281,79.53495788574219,65.40992736816406,23.22151756286621,250.64874267578125
2019-03-28,23.793107986450195,22.302209854125977,34.332908630371094,79.73725128173828,65.88927459716797,22.947860717773438,251.59877014160156
2019-03-29,23.757179260253906,22.363094329833984,34.67024230957031,80.6959457397461,66.5993423461914,23.0708065032959,253.18524169921875
2019-04-01,24.069765090942383,22.911083221435547,35.1434326171875,80.81904602050781,67.9752197265625,22.912166595458984,256.18780517578125
2019-04-02,23.90449333190918,22.89368438720703,35.2652473449707,80.63436126708984,67.94857788085938,22.94389533996582,256.3133850097656
2019-04-03,23.67453384399414,22.963268280029297,35.5510368347168,80.52880096435547,67.74441528320312,22.90819549560547,256.7166442871094
2019-04-04,23.872146606445312,23.102441787719727,35.401123046875,80.3617172241211,68.16159057617188,22.82887840270996,257.3977966308594
2019-04-05,24.292537689208984,23.137231826782227,35.569786071777344,80.91578674316406,68.35687255859375,23.043045043945312,258.64373779296875
2019-04-08,24.40032958984375,23.163328170776367,35.705665588378906,80.89820861816406,68.06394958496094,22.88043785095215,258.84088134765625
2019-04-09,24.102108001708984,22.97197151184082,35.536983489990234,80.6871109008789,67.14081573486328,22.935964584350586,257.51434326171875
2019-04-10,24.191930770874023,23.041555404663086,35.785301208496094,80.71351623535156,67.12306213378906,22.86457061767578,258.3927307128906
2019-04-11,24.20989227294922,23.18072509765625,35.73844528198242,79.71961975097656,67.70001220703125,22.979589462280273,258.3210754394531
2019-04-12,24.274572372436523,23.606937408447266,35.986759185791016,78.9896240234375,68.59654998779297,23.086673736572266,260.06878662109375
2019-04-15,24.1308536529541,23.459068298339844,35.97270965576172,79.30628204345703,68.21485900878906,23.082706451416016,259.8984680175781
2019-04-16,24.2889404296875,23.789602279663086,36.15543746948242,77.67915344238281,68.6320571899414,22.79714584350586,260.06878662109375
2019-04-17,24.25661277770996,23.850486755371094,36.35689163208008,75.4451904296875,68.7208023071289,22.70989418029785,259.432373046875
2019-04-18,24.141632080078125,23.780902862548828,36.459964752197266,75.5683364868164,69.51078796386719,22.721784591674805,259.9432678222656
2019-04-22,24.65184211730957,23.711318969726562,36.54429244995117,75.61229705810547,69.29774475097656,22.70195960998535,260.1674499511719
2019-04-23,24.612314224243164,23.859182357788086,36.942527770996094,76.80845642089844,69.90135955810547,22.76542091369629,262.5067443847656
2019-04-24,24.181154251098633,23.83309555053711,36.95658493041992,76.72050476074219,69.69721221923828,22.912166595458984,261.924072265625
2019-04-25,24.105693817138672,23.8765811920166,36.947227478027344,77.51203155517578,68.29474639892578,23.00735092163086,261.7628173828125
2019-04-26,23.793107986450195,24.094043731689453,36.80665969848633,78.28602600097656,68.80955505371094,23.043045043945312,262.9818115234375
2019-04-29,23.77154541015625,24.337594985961914,36.816043853759766,78.14531707763672,68.96932983398438,22.90819549560547,263.3940124511719
2019-04-30,23.753582000732422,24.37238311767578,36.876949310302734,78.50592803955078,69.24451446533203,23.28497886657715,263.52850341796875
2019-05-01,23.27930450439453,24.172325134277344,36.78323745727539,78.36517333984375,68.79182434082031,23.047014236450195,261.5475769042969
2019-05-02,22.873287200927734,24.19841766357422,36.591148376464844,78.69942474365234,68.75631713867188,22.99544906616211,260.9830322265625
2019-05-03,23.085269927978516,24.415874481201172,36.93783950805664,79.2974853515625,69.5907211303711,23.122371673583984,263.5374755859375
2019-05-06,23.10683250427246,24.250600814819336,36.65205383300781,79.70206451416016,68.92497253417969,22.99544906616211,262.4529724121094
2019-05-07,22.905624389648438,23.850486755371094,35.864959716796875,78.17167663574219,67.5313720703125,22.924062728881836,258.07000732421875
2019-05-08,22.905624389648438,23.79829978942871,35.82279586791992,78.33879852294922,67.5313720703125,22.610740661621094,257.7115173339844
2019-05-09,22.905624389648438,23.746109008789062,35.579158782958984,78.17167663574219,67.4337387084961,22.58298110961914,256.9317932128906
2019-05-10,23.01341438293457,23.90267562866211,35.69160079956055,78.19807434082031,67.70001220703125,22.987516403198242,258.22247314453125
2019-05-13,22.618181228637695,23.206819534301758,34.34695053100586,76.72928619384766,65.77386474609375,23.233417510986328,251.7332763671875
2019-05-14,22.89484214782715,23.389484405517578,34.899810791015625,77.11626434326172,66.45732116699219,23.078739166259766,254.0098419189453
2019-05-15,23.01341438293457,23.302505493164062,35.27930450439453,77.344970703125,66.54608917236328,23.039079666137695,255.4976348876953
2019-05-16,23.13917350769043,23.537357330322266,35.60257339477539,77.95179748535156,67.15860748291016,23.193758010864258,257.86395263671875
2019-05-17,22.905624389648438,23.380783081054688,35.3167839050293,77.78470611572266,66.4129638671875,23.31273651123047,256.19683837890625
2019-05-20,22.916399002075195,23.406879425048828,34.703025817871094,77.74954223632812,66.24431610107422,23.344467163085938,254.50279235839844
2019-05-21,23.182287216186523,23.650432586669922,35.129390716552734,78.47954559326172,67.02542877197266,23.388097763061523,256.7973327636719
2019-05-22,22.82299041748047,23.511262893676758,34.946651458740234,78.92808532714844,66.47509002685547,23.562599182128906,256.0086364746094
2019-05-23,22.05766487121582,23.18072509765625,34.332908630371094,78.65544128417969,65.46316528320312,23.764873504638672,252.88050842285156
2019-05-24,22.14030647277832,23.363391876220703,34.34227752685547,78.76976013183594,65.48981475830078,23.729183197021484,253.45413208007812
2019-05-28,21.910350799560547,23.093746185302734,34.24386978149414,77.64398956298828,64.88624572753906,23.340496063232422,251.09689331054688
2019-05-29,21.770219802856445,23.05025291442871,34.042415618896484,76.89640045166016,64.59330749511719,23.031143188476562,249.41183471679688
2019-05-30,21.493560791015625,22.97197151184082,34.25325393676758,77.31856536865234,64.84183502197266,22.99544906616211,250.0930633544922
2019-05-31,21.116289138793945,22.624038696289062,33.68165588378906,76.76446533203125,63.9542236328125,23.1025333404541,246.72303771972656
2019-06-03,21.385766983032227,22.771913528442383,33.091331481933594,76.94916534423828,64.38915252685547,23.332569122314453,246.09561157226562
2019-06-04,21.755847930908203,23.389484405517578,34.197025299072266,78.22450256347656,65.92475891113281,23.352397918701172,251.4375457763672
2019-06-05,21.515119552612305,23.537357330322266,34.642120361328125,78.8137435913086,66.56383514404297,23.852130889892578,253.61544799804688
2019-06-06,21.9139404296875,23.624332427978516,35.045040130615234,79.21833801269531,66.67924499511719,23.99887466430664,255.26470947265625
2019-06-07,22.014549255371094,23.589540481567383,35.696285247802734,80.04505920410156,67.21183013916016,23.820405960083008,257.8190612792969
2019-06-10,22.0792236328125,23.789602279663086,36.06172561645508,80.28253936767578,67.30058288574219,23.657793045043945,259.0021667480469
2019-06-11,22.12234115600586,23.79829978942871,36.06172561645508,80.15060424804688,66.7236328125,23.5150146484375,258.939453125
2019-06-12,21.80974578857422,23.563446044921875,35.86026382446289,80.53759765625,66.86564636230469,23.820405960083008,258.482421875
2019-06-13,22.06485366821289,23.64173126220703,35.968017578125,80.44084167480469,67.20297241210938,23.867996215820312,259.5489196777344
2019-06-14,21.92112922668457,23.693918228149414,35.65412521362305,80.25614929199219,66.9366683959961,24.11786460876465,259.2620849609375
2019-06-17,22.104373931884766,23.476469039916992,35.682228088378906,80.61674499511719,66.70587921142578,24.050434112548828,259.36065673828125
2019-06-18,22.409786224365234,23.789602279663086,36.32878494262695,81.30278015136719,68.0018310546875,23.951284408569336,262.076416015625
2019-06-19,22.384634017944336,23.746109008789062,36.459964752197266,82.03279876708984,67.94857788085938,24.133724212646484,262.6680603027344
2019-06-20,22.88046646118164,23.850486755371094,36.99407196044922,82.39340209960938,69.08476257324219,24.28839683532715,265.1775817871094
2019-06-21,23.045808792114258,23.797157287597656,36.819175720214844,82.78909301757812,68.716552734375,24.38235092163086,264.7922058105469
2019-06-24,22.839136123657227,23.70099639892578,36.88969421386719,82.35629272460938,68.58282470703125,24.390348434448242,264.46795654296875
2019-06-25,22.657846450805664,23.62230682373047,36.212646484375,82.02062225341797,68.06575775146484,24.242427825927734,261.87408447265625
2019-06-26,23.005924224853516,23.57859230041504,36.60288619995117,80.98723602294922,68.23514556884766,23.714719772338867,261.6128234863281
2019-06-27,22.835508346557617,23.788415908813477,36.696929931640625,81.55252075195312,68.29755401611328,23.746702194213867,262.5406188964844
2019-06-28,23.100194931030273,24.12938117980957,36.69223403930664,81.82633972167969,69.0196533203125,23.838653564453125,263.8915710449219
2019-07-01,23.121950149536133,24.417882919311523,37.275245666503906,82.23262023925781,69.0820541381836,23.778688430786133,266.2872314453125
2019-07-02,22.752111434936523,24.3566837310791,37.37397003173828,82.67427062988281,68.99291229248047,24.102502822875977,266.9806823730469
2019-07-03,22.84276008605957,24.549013137817383,37.660770416259766,83.38090515136719,69.37625122070312,24.27041244506836,269.11529541015625
2019-07-05,22.875394821166992,24.61895751953125,37.590248107910156,82.80677795410156,69.09990692138672,24.25841522216797,268.80914306640625
2019-07-08,22.90802574157715,24.496559143066406,37.30344772338867,82.18846130371094,68.52935028076172,24.294395446777344,267.3320007324219
2019-07-09,22.926158905029297,24.54027557373047,37.43509292602539,82.26795959472656,68.37777709960938,24.326383590698242,267.66534423828125
2019-07-10,23.219852447509766,24.452850341796875,37.7313232421875,82.55059814453125,68.21731567382812,24.38235092163086,268.9442138671875
2019-07-11,23.266986846923828,24.592727661132812,37.872352600097656,82.56826782226562,68.68087768554688,24.390348434448242,269.5746765136719
2019-07-12,23.364892959594727,24.758834838867188,38.149757385253906,81.649658203125,69.88441467285156,24.230432510375977,270.78155517578125
2019-07-15,23.154592514038086,24.61895751953125,38.276702880859375,81.82633972167969,69.59912109375,24.326383590698242,270.87152099609375
2019-07-16,22.90802574157715,24.55776023864746,37.919368743896484,81.42002868652344,70.04487609863281,24.18645668029785,269.9979553222656
2019-07-17,22.646968841552734,24.347938537597656,37.82064437866211,81.43769073486328,68.54716491699219,24.278406143188477,268.1606140136719
2019-07-18,22.650596618652344,24.531530380249023,38.102745056152344,81.8969955444336,68.6719741821289,24.49028778076172,269.14227294921875
2019-07-19,22.755741119384766,24.42662239074707,37.93818664550781,81.04905700683594,69.0464096069336,24.13448715209961,267.6472473144531
2019-07-22,22.86090087890625,24.479082107543945,38.37543869018555,80.88123321533203,69.09990692138672,24.082517623901367,268.30474853515625
2019-07-23,22.922531127929688,24.73261260986328,38.58700942993164,81.38468933105469,69.97354888916016,23.93060302734375,270.22308349609375
2019-07-24,23.02043342590332,24.986143112182617,38.90673828125,81.42886352539062,70.27666473388672,23.95058822631836,271.4930725097656
2019-07-25,22.759368896484375,24.811294555664062,38.74686813354492,81.03137969970703,70.13402557373047,23.890625,270.1960754394531
2019-07-26,22.64334487915039,25.082311630249023,38.831504821777344,81.3228759765625,69.98248291015625,23.978574752807617,272.00640869140625
2019-07-29,22.552701950073242,24.889972686767578,38.8079948425293,81.65850830078125,69.857666015625,24.102502822875977,271.51104736328125
2019-07-30,22.80650520324707,24.82003402709961,38.55881118774414,81.3051986694336,70.16077423095703,23.918611526489258,270.84454345703125
2019-07-31,22.73398780822754,24.697635650634766,37.97579574584961,80.50142669677734,69.37625122070312,23.806671142578125,267.8813781738281
2019-08-01,22.2191162109375,24.13812255859375,37.78302764892578,80.60740661621094,68.03009033203125,24.0505313873291,265.54876708984375
2019-08-02,21.900047302246094,24.12938117980957,37.167091369628906,80.42193603515625,67.59327697753906,24.046537399291992,263.5492858886719
2019-08-05,21.247394561767578,23.325063705444336,35.61552810668945,78.53173828125,65.72111511230469,23.70273208618164,255.6234893798828
2019-08-06,21.222013473510742,23.70099639892578,36.207942962646484,79.54749298095703,66.71065521240234,23.998563766479492,259.2081604003906
2019-08-07,21.062477111816406,23.386255264282227,36.43362808227539,79.57398223876953,66.6750259399414,24.05853271484375,259.3612976074219
2019-08-08,21.667991638183594,23.832130432128906,37.326961517333984,80.63391876220703,67.80722045898438,24.306392669677734,264.44989013671875
2019-08-09,21.428686141967773,23.753448486328125,36.903804779052734,80.73104858398438,67.23666381835938,24.334367752075195,262.648681640625
2019-08-12,21.174880981445312,23.298837661743164,36.41951370239258,79.9449462890625,66.30949401855469,24.286405563354492,259.4513854980469
2019-08-13,21.370677947998047,23.587337493896484,37.3316535949707,80.98723602294922,67.10295867919922,24.302391052246094,263.4862976074219
2019-08-14,20.53310775756836,22.71308135986328,36.184444427490234,78.73486328125,65.0525131225586,24.102502822875977,255.695556640625
2019-08-15,20.406198501586914,22.826738357543945,36.118614196777344,79.00867462158203,64.98117065429688,24.414329528808594,256.37109375
2019-08-16,20.67451286315918,23.228897094726562,36.8050651550293,79.98030090332031,66.2381820678711,24.538259506225586,260.1538391113281
2019-08-19,21.131370544433594,23.464941024780273,37.364566802978516,80.74873352050781,66.86222839355469,24.69417953491211,263.2880554199219
2019-08-20,20.95370101928711,23.15021514892578,37.1765022277832,80.05976104736328,66.469970703125,24.654193878173828,261.2705993652344
2019-08-21,21.087860107421875,23.2551212310791,37.613765716552734,80.65159606933594,66.88008117675781,24.818103790283203,263.39617919921875
2019-08-22,20.993595123291016,23.41248893737793,37.52442932128906,80.25409698486328,66.97814178466797,24.842090606689453,263.3150939941406
2019-08-23,20.29017448425293,22.817995071411133,36.28316879272461,78.39923095703125,65.18621826171875,24.578237533569336,256.55120849609375
2019-08-26,20.377201080322266,23.036556243896484,36.786258697509766,79.22065734863281,65.66763305664062,24.86208152770996,259.3882751464844
2019-08-27,20.25029182434082,22.896678924560547,36.729835510253906,78.75254821777344,65.32887268066406,24.90605354309082,258.3705139160156
2019-08-28,20.540361404418945,23.106504440307617,36.76274871826172,79.32667541503906,66.13121032714844,24.83809471130371,260.1898498535156
2019-08-29,20.84130096435547,23.456209182739258,37.402183532714844,79.92729187011719,67.26339721679688,25.00999641418457,263.5132751464844
2019-08-30,20.84130096435547,23.534883499145508,37.392784118652344,80.02445220947266,67.53978729248047,25.01799201965332,263.39617919921875
2019-09-03,20.739778518676758,23.29009246826172,36.936710357666016,79.55632781982422,66.62152862548828,25.461742401123047,261.8561096191406
2019-09-04,21.029848098754883,23.51740074157715,37.56673812866211,79.60932159423828,67.46846771240234,25.48573112487793,264.82818603515625
2019-09-05,21.29090690612793,23.99823760986328,38.35193634033203,80.39539337158203,68.68087768554688,25.209888458251953,268.23272705078125
2019-09-06,21.40331268310547,23.9894962310791,38.31903076171875,80.61625671386719,68.82352447509766,25.109939575195312,268.4398498535156
2019-09-09,21.831159591674805,24.3566837310791,38.03221893310547,79.87432098388672,69.02857971191406,24.986011505126953,268.574951171875
2019-09-10,22.08858871459961,24.444107055664062,37.839439392089844,80.10395812988281,69.66152954101562,25.01799201965332,268.5119323730469
2019-09-11,22.11034393310547,24.5839900970459,38.234378814697266,80.89892578125,70.31233978271484,25.26585578918457,270.4212646484375
2019-09-12,21.972562789916992,24.715124130249023,38.441261291503906,80.87239074707031,70.35690307617188,25.321819305419922,271.3580322265625
2019-09-13,22.1466064453125,24.907455444335938,38.15917205810547,80.8282470703125,70.74024200439453,25.16191291809082,271.1778259277344
2019-09-16,22.889902114868164,24.82003402709961,38.06511688232422,80.65159606933594,70.6778335571289,25.181903839111328,270.34027099609375
2019-09-17,22.570825576782227,24.84626579284668,38.22028732299805,80.7752456665039,70.6421890258789,25.401777267456055,271.024658203125
2019-09-18,22.462053298950195,24.933687210083008,38.215579986572266,80.76639556884766,70.53520202636719,25.50971794128418,271.1867980957031
2019-09-19,22.404037475585938,24.82003402709961,38.30021667480469,81.14620208740234,70.17859649658203,25.629653930664062,271.1687927246094
2019-09-20,22.422332763671875,24.674165725708008,37.85357666015625,81.59851837158203,69.7349624633789,25.731176376342773,269.88763427734375
2019-09-23,22.42964744567871,24.718103408813477,37.97148513793945,81.16393280029297,69.60055541992188,25.73520278930664,269.82427978515625
2019-09-24,22.074726104736328,24.48085594177246,37.603607177734375,80.4189224243164,69.20623016357422,26.0373477935791,267.70703125
2019-09-25,22.111312866210938,24.68295669555664,38.05165481567383,80.02867126464844,69.65433502197266,26.021238327026367,269.2904968261719
2019-09-26,21.82225799560547,24.568727493286133,38.09410095214844,79.58519744873047,69.75291442871094,26.158214569091797,268.72943115234375
2019-09-27,21.8185977935791,24.66538429260254,37.58473587036133,79.23041534423828,69.47506713867188,26.0655517578125,267.28179931640625
2019-09-30,21.6612606048584,24.603878021240234,37.98092269897461,79.93997955322266,69.57365417480469,26.081668853759766,268.5213623046875
2019-10-01,21.159976959228516,24.085432052612305,37.62718963623047,79.15945434570312,67.90669250488281,26.021238327026367,265.3273010253906
2019-10-02,20.64040184020996,23.593355178833008,36.91973114013672,78.00645446777344,66.62508392333984,25.674774169921875,260.64044189453125
2019-10-03,20.863597869873047,23.690013885498047,37.37250900268555,78.70711517333984,67.06424713134766,25.73520278930664,262.77581787109375
2019-10-04,20.995319366455078,24.12936782836914,37.99034881591797,79.93997955322266,67.7632827758789,26.09375,266.33172607421875
2019-10-07,20.8087158203125,24.00634765625,37.82999038696289,79.67388916015625,67.42273712158203,25.9930362701416,265.1826171875
2019-10-08,20.453792572021484,23.53184700012207,37.13668441772461,78.1572265625,66.38311004638672,25.751317977905273,261.0657043457031
2019-10-09,20.64040184020996,23.75152587890625,37.688499450683594,78.724853515625,66.94771575927734,25.876205444335938,263.5448913574219
2019-10-10,20.900192260742188,23.997562408447266,37.94790267944336,79.11512756347656,67.5571517944336,25.848007202148438,265.3273010253906
2019-10-11,21.181930541992188,24.296327590942383,38.47142028808594,79.7714614868164,68.82978820800781,25.751317977905273,268.0780334472656
2019-10-14,21.17095947265625,24.331472396850586,38.44783401489258,79.7359619140625,68.69537353515625,25.586135864257812,267.7793884277344
2019-10-15,21.25877571105957,24.68295669555664,38.8723030090332,81.19055938720703,69.25100708007812,25.505565643310547,270.4305419921875
2019-10-16,20.96239471435547,24.621448516845703,38.60347366333008,81.08413696289062,69.2151870727539,25.56196403503418,269.99615478515625
2019-10-17,20.977027893066406,24.63902473449707,38.528011322021484,81.687255859375,69.55573272705078,25.626426696777344,270.7923278808594
2019-10-18,20.867259979248047,24.700529098510742,38.160133361816406,81.38567352294922,68.95529174804688,25.711029052734375,269.6070556640625
2019-10-21,21.240478515625,25.043228149414062,38.57046890258789,81.29698944091797,69.36754608154297,25.811738967895508,271.4347839355469
2019-10-22,21.51490020751953,24.972936630249023,38.05165481567383,81.474365234375,69.91422271728516,25.920520782470703,270.548095703125
2019-10-23,21.694194793701172,25.078378677368164,38.08467483520508,81.97992706298828,69.90526580810547,26.025266647338867,271.3353576660156
2019-10-24,21.60271644592285,25.043228149414062,38.64120864868164,81.5630874633789,70.00383758544922,26.113901138305664,271.7787170410156
2019-10-25,21.77834701538086,25.16624641418457,39.10812759399414,81.65174865722656,70.4429931640625,25.848007202148438,272.89154052734375
2019-10-28,21.653940200805664,25.298051834106445,39.60334014892578,82.49435424804688,70.64018249511719,25.49348258972168,274.4297180175781
2019-10-29,21.74176025390625,25.359567642211914,39.244895935058594,83.66512298583984,70.8731689453125,25.51765251159668,274.348388671875
2019-10-30,21.29901695251465,25.341997146606445,39.48543167114258,84.13521575927734,71.12413024902344,25.74326515197754,275.1898193359375
2019-10-31,21.20754623413086,25.218971252441406,39.461856842041016,84.03762817382812,70.36233520507812,25.88426399230957,274.4569091796875
2019-11-01,21.690534591674805,25.588029861450195,39.93349075317383,84.14408111572266,71.89488220214844,25.81980323791504,276.9993896484375
2019-11-04,22.396718978881836,25.807703018188477,40.141014099121094,83.8868637084961,72.72834777832031,25.489459991455078,278.1124572753906
2019-11-05,22.425996780395508,25.90436553955078,40.09385681152344,83.29259490966797,72.8807373046875,25.227581024169922,277.80462646484375
2019-11-06,21.96862030029297,26.03616714477539,40.074974060058594,83.57643127441406,72.9255142211914,25.324277877807617,277.8680419921875
2019-11-07,22.297929763793945,26.229490280151367,40.3909797668457,83.7626953125,73.17647552490234,24.981834411621094,278.84521484375
2019-11-08,22.206449508666992,26.220699310302734,40.61737823486328,84.37467956542969,73.27507019042969,24.877094268798828,279.532958984375
2019-11-11,22.082046508789062,26.150402069091797,40.636226654052734,84.02876281738281,73.31089782714844,24.724000930786133,278.99908447265625
2019-11-12,21.96862030029297,26.185550689697266,40.77300262451172,84.5343246459961,73.30192565917969,24.78443717956543,279.5872802734375
2019-11-13,21.873485565185547,26.018598556518555,40.86261749267578,84.63188934326172,72.99723815917969,25.151046752929688,279.6776428222656
2019-11-14,21.8149356842041,26.071317672729492,40.815467834472656,84.64076232910156,73.23025512695312,25.239675521850586,280.0848388671875
2019-11-15,21.983253479003906,26.141618728637695,41.145599365234375,86.44124603271484,73.76795959472656,25.320247650146484,282.11163330078125
2019-11-18,21.71614646911621,26.194337844848633,41.26822280883789,86.1485595703125,73.4901351928711,25.372621536254883,282.3197326660156
2019-11-19,21.394153594970703,26.247060775756836,41.348392486572266,86.73395538330078,73.42740631103516,25.30816078186035,282.23822021484375
2019-11-20,21.61003303527832,26.12404441833496,41.09843444824219,86.6186294555664,72.8448715209961,25.461254119873047,281.188720703125
2019-11-21,21.96495819091797,26.09768295288086,40.890907287597656,86.8403549194336,72.81798553466797,25.372621536254883,280.7362976074219
2019-11-22,21.891775131225586,26.290998458862305,40.839019775390625,87.15079498291016,73.19438934326172,25.38067626953125,281.36065673828125
2019-11-25,21.91373062133789,26.457944869995117,41.43328857421875,88.17078399658203,73.72319030761719,25.29607391357422,283.5411376953125
2019-11-26,21.712488174438477,26.43159294128418,41.47102355957031,88.09983825683594,73.9382553100586,25.38067626953125,284.18365478515625
2019-11-27,21.767375946044922,26.53703498840332,41.70212936401367,88.55213928222656,73.8665542602539,25.42499542236328,285.45037841796875
2019-11-29,21.547834396362305,26.493101119995117,41.579524993896484,88.24173736572266,73.5260009765625,25.400821685791016,284.3917236328125
2019-12-02,21.547834396362305,26.326141357421875,40.98524475097656,87.85149383544922,72.31610107421875,25.235647201538086,281.9758605957031
2019-12-03,21.225839614868164,25.95708656311035,40.6220703125,87.65635681152344,71.52743530273438,25.30413246154785,280.0848388671875
2019-12-04,21.544174194335938,26.203126907348633,40.787147521972656,88.47233581542969,71.80525207519531,25.49751091003418,281.8130187988281
2019-12-05,21.441720962524414,26.326141357421875,40.93808364868164,88.47233581542969,71.82316589355469,25.541824340820312,282.3197326660156
2019-12-06,21.851533889770508,26.677629470825195,41.39085388183594,89.0577392578125,72.69251251220703,25.465280532836914,284.89837646484375
2019-12-09,21.825916290283203,26.616121292114258,41.17390060424805,88.43685150146484,72.41468811035156,25.376651763916016,284.0028076171875
2019-12-10,21.86982536315918,26.624902725219727,41.20689010620117,88.63201141357422,72.3250503540039,25.372621536254883,283.6860046386719
2019-12-11,21.833234786987305,26.563398361206055,41.48517990112305,88.7118148803711,72.78214263916016,25.44110870361328,284.4913330078125
2019-12-12,22.2357234954834,27.081829071044922,41.92851638793945,89.53666687011719,73.42740631103516,25.332332611083984,286.94329833984375
2019-12-13,22.06740951538086,26.98517608642578,42.2067756652832,89.47457122802734,73.23025512695312,25.52973747253418,287.1152648925781
2019-12-16,22.363786697387695,27.081829071044922,42.5840950012207,90.44134521484375,73.19438934326172,25.848007202148438,289.0877685546875
2019-12-17,22.3784236907959,27.187280654907227,42.485050201416016,90.34378051757812,73.12269592285156,25.932601928710938,289.1510925292969
2019-12-18,22.462581634521484,27.073049545288086,42.48032760620117,90.46796417236328,72.81798553466797,26.0373477935791,289.1690979003906
2019-12-19,22.455270767211914,27.064260482788086,42.78689956665039,90.82274627685547,73.0151596069336,26.045412063598633,290.3544616699219
2019-12-20,22.670665740966797,27.09605598449707,43.035308837890625,91.46576690673828,73.35111999511719,26.224462509155273,291.6274108886719
2019-12-23,22.903430938720703,27.034231185913086,43.15833282470703,91.83089447021484,73.95455169677734,25.98085594177246,292.0729064941406
2019-12-24,22.89234161376953,27.09605598449707,43.172523498535156,91.7151107788086,73.6573257446289,26.017393112182617,292.0821228027344
2019-12-26,22.884958267211914,27.246200561523438,43.494293212890625,91.65277862548828,73.82843780517578,26.062057495117188,293.6369323730469
2019-12-27,22.788894653320312,27.1755428314209,43.48955535888672,91.67951202392578,73.7654037475586,26.139202117919922,293.56414794921875
2019-12-30,22.716978073120117,27.09605598449707,43.2387809753418,91.12911987304688,73.42314147949219,26.1351375579834,291.9456481933594
2019-12-31,22.846349716186523,27.18437385559082,43.37599563598633,91.30836486816406,73.37812042236328,26.23664665222168,292.6548156738281
2020-01-02,23.051834106445312,27.44932746887207,44.189857482910156,91.5504150390625,74.76517486572266,25.907772064208984,295.39178466796875
2020-01-03,22.983341217041016,27.157880783081055,43.69302749633789,90.75262451171875,74.62104797363281,25.960554122924805,293.15496826171875
2020-01-06,23.16217803955078,27.14021110534668,43.79712677001953,91.31735229492188,74.64806365966797,25.984914779663086,294.2735900878906
2020-01-07,23.10130500793457,26.963577270507812,43.7781982421875,91.13804626464844,74.49496459960938,25.948373794555664,293.4460144042969
2020-01-08,22.720781326293945,27.14021110534668,44.24664306640625,91.72970581054688,74.74714660644531,25.936195373535156,295.0098876953125
2020-01-09,22.88821029663086,27.308021545410156,44.748199462890625,92.12411499023438,75.06237030029297,26.07830047607422,297.01031494140625
2020-01-10,22.758838653564453,27.104890823364258,44.64412307739258,92.15100860595703,74.53097534179688,26.14732551574707,296.1555480957031
2020-01-13,22.76644515991211,27.290359497070312,45.202449798583984,91.82830047607422,75.14344787597656,26.30567169189453,298.1923522949219
2020-01-14,22.770246505737305,27.237367630004883,44.9895133972168,92.3840560913086,75.15245056152344,26.382808685302734,297.73773193359375
2020-01-15,22.602821350097656,27.08722686767578,45.041568756103516,93.18186950683594,75.26954650878906,26.752286911010742,298.4104919433594
2020-01-16,22.640867233276367,27.32568359375,45.647247314453125,93.66594696044922,76.01709747314453,26.918743133544922,300.8927307128906
2020-01-17,22.496274948120117,27.40517234802246,45.954811096191406,93.66594696044922,76.02610778808594,27.10551643371582,301.8293151855469
2020-01-21,22.09292221069336,27.1755428314209,45.93587875366211,93.76455688476562,75.18846130371094,27.353185653686523,301.2383117675781
2020-01-22,21.879837036132812,27.255027770996094,46.10149383544922,93.8810806274414,74.79218292236328,27.438447952270508,301.2747497558594
2020-01-23,21.796117782592773,27.18437385559082,46.31916046142578,93.40596771240234,75.60279083251953,27.682052612304688,301.62017822265625
2020-01-24,21.544973373413086,26.839935302734375,46.10149383544922,91.84622192382812,75.25152587890625,27.75514030456543,298.9378662109375
2020-01-27,20.947561264038086,26.42483901977539,45.003719329833984,91.14704132080078,73.82843780517578,27.686111450195312,294.1460876464844
2020-01-28,21.04269027709961,26.733951568603516,45.864906311035156,91.5952377319336,74.3058090209961,27.799795150756836,297.2285461425781
2020-01-29,20.821989059448242,26.689790725708008,45.98320007324219,91.34424591064453,74.7021255493164,27.872879028320312,296.98297119140625
2020-01-30,20.989418029785156,27.025400161743164,46.38067626953125,90.680908203125,74.7831802368164,28.13273048400879,297.94683837890625
2020-01-31,20.334924697875977,26.460161209106445,45.10782241821289,88.87016296386719,73.05390167236328,28.00686264038086,292.53668212890625
2020-02-03,20.068565368652344,26.64563751220703,45.70401382446289,89.67691802978516,73.02684783935547,28.09618377685547,294.7098083496094
2020-02-04,20.140859603881836,26.90175437927246,46.901153564453125,91.25460815429688,74.40487670898438,27.816036224365234,299.20159912109375
2020-02-05,20.898096084594727,27.440500259399414,47.175594329833984,93.01155090332031,75.6478271484375,27.92972183227539,302.6567687988281
2020-02-06,20.685007095336914,27.40517234802246,47.6061897277832,93.09223175048828,75.89099884033203,27.937841415405273,303.6751708984375
2020-02-07,20.540407180786133,27.308021545410156,47.170860290527344,92.36614990234375,75.34158325195312,27.84851837158203,302.0567321777344
2020-02-10,20.43766975402832,27.38750457763672,47.80965042114258,92.85916900634766,75.76490020751953,27.954086303710938,304.3116149902344
2020-02-11,20.665983200073242,27.484661102294922,47.64876937866211,93.41493225097656,76.05311584472656,28.055585861206055,304.8389587402344
2020-02-12,20.943758010864258,27.502321243286133,48.16455078125,93.53147888183594,76.76465606689453,28.075885772705078,306.8030090332031
2020-02-13,20.87906837463379,27.493488311767578,48.036781311035156,93.09223175048828,76.33234405517578,28.38852310180664,306.4756774902344
2020-02-14,20.76871681213379,27.528820037841797,48.24497985839844,93.16397094726562,76.23323822021484,28.579345703125,306.9666442871094
2020-02-18,20.59748649597168,27.290359497070312,48.06516647338867,92.832275390625,75.80095672607422,28.818899154663086,306.175537109375
2020-02-19,20.871456146240234,27.493488311767578,48.6377067565918,93.2625503540039,75.77391052246094,28.506267547607422,307.6395568847656
2020-02-20,20.8486270904541,27.440500259399414,48.13140869140625,92.6619644165039,75.66584777832031,28.607770919799805,306.3755798339844
2020-02-21,20.601289749145508,27.1755428314209,47.052574157714844,92.71577453613281,75.28754425048828,28.554981231689453,303.2205810546875
2020-02-24,19.64999008178711,26.2923583984375,45.10782241821289,89.7934341430664,73.14395904541016,28.22205352783203,293.1640319824219
2020-02-25,18.782407760620117,25.400346755981445,43.664634704589844,87.06835174560547,70.1626968383789,27.629274368286133,284.2806396484375
2020-02-26,18.215436935424805,25.214872360229492,43.86336135864258,87.05940246582031,69.63130950927734,27.349123001098633,283.23492431640625
2020-02-27,17.241308212280273,24.137393951416016,41.49748992919922,84.10124969482422,67.04634857177734,26.118900299072266,270.5145263671875
2020-02-28,17.22608757019043,23.48383903503418,41.81452941894531,83.01659393310547,65.82144927978516,25.245962142944336,269.3777160644531
2020-03-02,17.922441482543945,24.684968948364258,44.232444763183594,86.90702056884766,68.1362075805664,26.731983184814453,281.0436706542969
2020-03-03,17.37448501586914,23.757625579833984,42.55268096923828,84.74664306640625,66.46991729736328,26.403108596801758,272.99664306640625
2020-03-04,17.785449981689453,24.543657302856445,44.379127502441406,89.63209533691406,69.21700286865234,27.901296615600586,284.47149658203125
2020-03-05,17.134761810302734,23.36019515991211,42.97852325439453,87.55242919921875,65.83043670654297,27.470928192138672,275.0152282714844
2020-03-06,16.172054290771484,22.56532859802246,42.070045471191406,87.0862808227539,65.25401306152344,27.24761390686035,270.4688720703125
2020-03-09,12.914809226989746,20.145401000976562,38.876102447509766,82.55940246582031,59.23749923706055,25.76567268371582,249.34671020507812
2020-03-10,13.527448654174805,21.32887077331543,41.469093322753906,85.39207458496094,62.308815002441406,26.00521469116211,262.2492370605469
2020-03-11,12.8120698928833,20.171903610229492,39.51015853881836,82.12913513183594,58.652061462402344,24.697851181030273,249.46495056152344
2020-03-12,11.21389102935791,17.99043846130371,35.65377426147461,75.99767303466797,52.58150100708008,22.204919815063477,225.5968475341797
2020-03-13,12.248903274536133,20.357370376586914,39.836639404296875,81.2685775756836,56.688575744628906,23.41485023498535,244.8822479248047
2020-03-16,10.58222770690918,17.566511154174805,34.333614349365234,73.25466918945312,50.25775146484375,20.755449295043945,218.08636474609375
2020-03-17,10.654525756835938,18.520347595214844,36.67110061645508,77.85322570800781,52.572486877441406,23.41077995300293,229.861328125
2020-03-18,9.124841690063477,16.948278427124023,35.289424896240234,75.27159118652344,48.6995735168457,22.39168357849121,218.22271728515625
2020-03-19,9.745089530944824,17.319217681884766,35.417179107666016,73.72976684570312,48.73561096191406,21.088382720947266,218.6864776611328
2020-03-20,9.840216636657715,16.70099449157715,33.794189453125,70.89710235595703,46.29477310180664,19.41560173034668,209.26235961914062
2020-03-23,9.16952133178711,15.729270935058594,33.485496520996094,67.2148208618164,44.26704406738281,18.424854278564453,203.91192626953125
2020-03-24,10.6400728225708,17.679841995239258,36.91490936279297,72.3941879272461,49.86735153198242,20.405534744262695,222.38694763183594
2020-03-25,11.141924858093262,18.160799026489258,36.867347717285156,73.35798645019531,52.49053955078125,20.92633819580078,225.71615600585938
2020-03-26,11.822732925415039,19.300865173339844,39.150447845458984,78.23109436035156,55.80352020263672,22.710182189941406,238.8956298828125
2020-03-27,11.021324157714844,18.713022232055664,37.38104248046875,76.5556869506836,53.45265579223633,22.833202362060547,231.77996826171875
2020-03-30,11.134142875671387,19.069284439086914,38.95542907714844,80.14073181152344,54.233245849609375,23.677967071533203,239.30718994140625
2020-03-31,11.305317878723145,18.54378890991211,38.22770309448242,79.7894287109375,53.56157684326172,22.72248077392578,235.74020385742188
2020-04-01,10.745107650756836,17.412639617919922,36.405967712402344,76.75386810302734,51.14717483520508,21.35692024230957,225.1308135986328
2020-04-02,11.729362487792969,17.849069595336914,37.25737762451172,78.8796615600586,51.827919006347656,22.025344848632812,230.32577514648438
2020-04-03,11.604873657226562,17.4927978515625,36.68184280395508,78.1680679321289,51.138099670410156,21.23799705505371,226.99661254882812
2020-04-06,12.219547271728516,18.7486515045166,39.81158447265625,82.26652526855469,54.67800521850586,22.878314971923828,242.2431640625
2020-04-07,12.48020076751709,18.935691833496094,39.45486068725586,81.59095764160156,54.550933837890625,22.591259002685547,242.4900665283203
2020-04-08,13.31273078918457,19.764013290405273,40.51555252075195,84.9507827758789,56.529659271240234,23.821495056152344,250.63003540039062
2020-04-09,13.192130088806152,20.823911666870117,40.52505874633789,85.41919708251953,57.38286590576172,24.945106506347656,254.4440155029297
2020-04-13,13.149335861206055,20.066844940185547,40.61542892456055,84.67155456542969,55.703678131103516,24.153656005859375,252.1209259033203
2020-04-14,13.0870943069458,20.155908584594727,42.31825256347656,87.48193359375,56.765647888183594,24.86309242248535,259.5566711425781
2020-04-15,12.472420692443848,19.28304672241211,41.3954963684082,87.03154754638672,55.19538497924805,24.04293441772461,254.04156494140625
2020-04-16,11.93944263458252,18.94459342956543,41.89968490600586,88.93215942382812,54.70524215698242,24.04703712463379,255.2671356201172
2020-04-17,13.207693099975586,19.942148208618164,42.45620346069336,90.77872467041016,57.27394104003906,24.822084426879883,262.1632995605469
2020-04-20,12.795315742492676,19.59478759765625,41.77601623535156,90.05809783935547,55.74906539916992,23.883005142211914,257.54449462890625
2020-04-21,12.56967544555664,18.9624080657959,40.025634765625,87.3198013305664,54.43293762207031,23.489328384399414,249.72463989257812
2020-04-22,13.01706600189209,19.167264938354492,41.566734313964844,88.65292358398438,55.0047721862793,24.17416000366211,255.2671356201172
2020-04-23,13.437222480773926,19.087099075317383,41.28134536743164,89.13934326171875,55.440452575683594,23.7681827545166,255.24876403808594
2020-04-24,13.468345642089844,19.36321258544922,42.15653610229492,90.33734893798828,55.88520812988281,23.915813446044922,258.806640625
2020-04-27,13.760120391845703,20.022310256958008,42.518028259277344,91.49931335449219,57.27394104003906,24.165956497192383,262.5382995605469
2020-04-28,14.075234413146973,20.23607063293457,41.952003479003906,89.65277862548828,58.34498596191406,24.256175994873047,261.3310241699219
2020-04-29,15.117846488952637,20.823911666870117,43.67384719848633,90.24727630615234,59.461421966552734,24.034732818603516,268.17230224609375
2020-04-30,14.783278465270996,20.29841423034668,43.47883224487305,89.83290100097656,58.28145980834961,23.481130599975586,265.6754150390625
2020-05-01,13.946854591369629,19.648231506347656,42.28495788574219,88.12146759033203,56.52057647705078,22.915220260620117,258.64202880859375
2020-05-04,14.429262161254883,19.470090866088867,42.84621810913086,88.0764389038086,55.80352020263672,23.087453842163086,259.35540771484375
2020-05-05,14.440929412841797,19.40774154663086,43.4360237121582,89.98604583740234,56.0213623046875,23.27608299255371,261.7517395019531
2020-05-06,14.063568115234375,18.989126205444336,43.77373123168945,89.09430694580078,55.24984359741211,22.484638214111328,259.9773254394531
2020-05-07,14.429262161254883,19.434463500976562,44.43012619018555,89.0853042602539,55.8942985534668,22.574851989746094,263.1145324707031
2020-05-08,15.086727142333984,19.85307502746582,45.08175277709961,89.54469299316406,57.28303146362305,23.030040740966797,267.46795654296875
2020-05-11,14.82218074798584,19.470090866088867,45.38142013549805,91.08496856689453,56.56595993041992,22.931623458862305,267.52288818359375
2020-05-12,14.561532020568848,18.9624080657959,44.44438552856445,89.69781494140625,54.9775390625,22.730684280395508,262.1907653808594
2020-05-13,13.90017032623291,18.401283264160156,43.67859649658203,88.72496795654297,53.597877502441406,22.53795051574707,257.5537109375
2020-05-14,14.05578327178955,18.87333869934082,44.235107421875,89.69781494140625,54.16064453125,22.77989387512207,260.63592529296875
2020-05-15,14.001321792602539,18.7486515045166,44.45866394042969,90.45445251464844,53.97002029418945,22.47643280029297,261.8340148925781
2020-05-18,15.145079612731934,19.710569381713867,45.54788589477539,91.20208740234375,57.52809143066406,23.39911460876465,269.809326171875
2020-05-19,14.721034049987793,19.22960662841797,45.38142013549805,90.10315704345703,56.792877197265625,23.013633728027344,267.03814697265625
2020-05-20,15.30847454071045,19.657135009765625,46.37551498413086,90.21123504638672,57.854854583740234,23.140764236450195,271.5746765136719
2020-05-21,15.063385009765625,19.59478759765625,45.7286376953125,89.54469299316406,57.99100112915039,22.90701675415039,269.6996765136719
2020-05-22,14.970017433166504,19.523530960083008,45.895111083984375,89.73381805419922,57.945621490478516,23.16126823425293,270.21185302734375
2020-05-26,15.386279106140137,20.538896560668945,45.8475456237793,89.5716781616211,60.378170013427734,23.31299591064453,273.5409851074219
2020-05-27,15.584687232971191,21.429569244384766,46.10914993286133,90.49948120117188,62.393184661865234,23.59185218811035,277.6110534667969
2020-05-28,15.148969650268555,21.091115951538086,46.0187873840332,91.67948150634766,61.80321502685547,24.288984298706055,277.0988464355469
2020-05-29,15.078943252563477,20.85063362121582,46.599063873291016,92.78742218017578,61.42198944091797,24.47762107849121,278.3335266113281
2020-06-01,15.343486785888672,21.091115951538086,46.58480453491211,91.86864471435547,61.55814743041992,24.768775939941406,279.4585266113281
2020-06-02,15.77142333984375,21.260343551635742,47.02239227294922,92.40009307861328,62.35691452026367,24.9287052154541,281.7724914550781
2020-06-03,16.234375,22.053041458129883,47.388641357421875,92.21994018554688,64.7894515991211,25.228065490722656,285.5224609375
2020-06-04,16.238265991210938,22.53400230407715,46.99860763549805,91.49030303955078,65.47928619384766,24.776979446411133,284.7724304199219
2020-06-05,17.444272994995117,23.371231079101562,48.23529052734375,92.9675521850586,67.88460540771484,25.092741012573242,292.0708923339844
2020-06-08,18.230121612548828,23.816572189331055,48.477874755859375,93.60710906982422,69.24610900878906,25.765270233154297,295.6014709472656
2020-06-09,17.54541778564453,23.30888557434082,48.706180572509766,92.63428497314453,67.52152252197266,25.248563766479492,293.397216796875
2020-06-10,16.6817626953125,22.43602752685547,49.519527435302734,92.49017333984375,65.90589141845703,25.100942611694336,291.760009765625
2020-06-11,15.110066413879395,20.601245880126953,46.67993927001953,87.34681701660156,61.27677917480469,24.120851516723633,274.9404296875
2020-06-12,15.49131965637207,21.224712371826172,47.28401184082031,87.91429138183594,62.46582794189453,24.059337615966797,278.23291015625
2020-06-15,15.538004875183105,21.51863670349121,47.74061584472656,88.11248779296875,63.083038330078125,24.223373413085938,280.8304443359375
2020-06-16,15.985393524169922,21.857093811035156,48.75851058959961,90.28329467773438,64.31745147705078,24.334089279174805,286.2358093261719
2020-06-17,15.44074535369873,21.52754783630371,48.748985290527344,90.19324493408203,63.854530334472656,24.260278701782227,285.0467834472656
2020-06-18,15.631375312805176,21.500822067260742,48.96778106689453,89.88697052001953,63.6185417175293,24.256175994873047,285.1565246582031
2020-06-19,15.394057273864746,21.35831069946289,48.63008499145508,90.7516860961914,62.83797836303711,23.575443267822266,283.52685546875
2020-06-22,15.465381622314453,21.252546310424805,49.54631042480469,90.40345764160156,62.943721771240234,23.80535125732422,285.3457336425781
2020-06-23,15.4811429977417,21.35114097595215,49.90403366088867,90.79239654541016,62.95283508300781,23.565523147583008,286.659423828125
2020-06-24,14.622173309326172,20.598203659057617,48.77840805053711,88.42240142822266,60.76475524902344,23.350502014160156,279.3470153808594
2020-06-25,14.90192699432373,21.14497947692871,49.40322494506836,89.29081726074219,61.439414978027344,23.06104850769043,282.3418884277344
2020-06-26,14.385757446289062,20.23966407775879,48.430240631103516,88.20530700683594,60.29978942871094,22.81708526611328,275.6357727050781
2020-06-29,14.578826904296875,20.46375274658203,48.95966339111328,89.0013198852539,62.27817916870117,23.24712371826172,279.68695068359375
2020-06-30,14.913751602172852,20.74162483215332,49.837257385253906,90.5210189819336,62.633750915527344,23.333961486816406,283.2696533203125
2020-07-01,14.55124568939209,20.562355041503906,49.9183464050293,91.21756744384766,62.35110855102539,23.879779815673828,285.2538757324219
2020-07-02,14.712793350219727,20.589244842529297,50.20927810668945,91.90502166748047,62.8890266418457,23.941810607910156,286.82489013671875
2020-07-06,14.756139755249023,20.983640670776367,51.086891174316406,92.83673095703125,63.79160690307617,23.64822006225586,291.2525634765625
2020-07-07,14.28725814819336,20.553388595581055,50.55268478393555,92.03164672851562,62.569908142089844,23.55312156677246,288.2486572265625
2020-07-08,14.275436401367188,20.768512725830078,51.37782669067383,92.04071044921875,62.569908142089844,23.764001846313477,290.4533386230469
2020-07-09,13.5701322555542,20.329299926757812,51.563838958740234,91.31704711914062,61.21147918701172,23.445608139038086,288.79986572265625
2020-07-10,14.003554344177246,21.028457641601562,51.54952621459961,91.09993743896484,62.004661560058594,23.8880558013916,291.7486877441406
2020-07-13,13.928693771362305,21.118093490600586,50.48114776611328,91.61554718017578,62.25994110107422,23.912860870361328,289.2224426269531
2020-07-14,14.417279243469238,21.225658416748047,51.06304168701172,93.43376159667969,63.60927963256836,24.13615608215332,292.9704284667969
2020-07-15,14.728557586669922,21.646942138671875,51.33967590332031,94.64588165283203,65.2320785522461,24.041046142578125,295.6620178222656
2020-07-16,14.66157054901123,21.646942138671875,50.70530700683594,94.49211120605469,65.25033569335938,24.347043991088867,294.6883239746094
2020-07-17,14.456681251525879,21.467670440673828,50.95333480834961,95.7856674194336,65.64234924316406,24.897001266479492,295.5426025390625
2020-07-20,14.216330528259277,21.36907386779785,52.25542449951172,95.767578125,64.84004974365234,24.570331573486328,297.9310607910156
2020-07-21,15.075296401977539,21.790359497070312,51.730777740478516,95.7042465209961,65.69703674316406,24.681978225708008,298.56494140625
2020-07-22,14.890107154846191,21.790359497070312,52.14573669433594,96.56358337402344,66.225830078125,25.062402725219727,300.2643127441406
2020-07-23,14.86252212524414,21.808284759521484,50.791168212890625,96.12940979003906,66.02526092529297,25.091350555419922,296.68170166015625
2020-07-24,14.779778480529785,21.754507064819336,50.1758918762207,95.071044921875,65.4964599609375,24.925945281982422,294.77093505859375
2020-07-27,14.795537948608398,21.575231552124023,50.967647552490234,95.7856674194336,65.76997375488281,24.624088287353516,296.92071533203125
2020-07-28,14.543367385864258,21.521451950073242,50.37145233154297,95.67711639404297,65.31413269042969,24.996244430541992,295.037353515625
2020-07-29,14.84676742553711,21.92481231689453,51.1011848449707,96.68121337890625,66.30786895751953,25.11202049255371,298.66595458984375
2020-07-30,14.26361083984375,21.530414581298828,51.38737106323242,96.0118179321289,65.64234924316406,25.11202049255371,297.60028076171875
2020-07-31,14.196627616882324,21.539384841918945,52.670379638671875,95.46004486083984,65.39617156982422,25.15337371826172,299.9520263671875
2020-08-03,14.247851371765137,21.602123260498047,53.96770477294922,96.44599151611328,65.6697006225586,24.880456924438477,302.03729248046875
2020-08-04,14.594592094421387,21.512489318847656,54.10602569580078,96.0208511352539,65.83380889892578,25.15337371826172,303.2039794921875
2020-08-05,14.748259544372559,21.808284759521484,54.30634307861328,96.46409606933594,67.0919418334961,24.830841064453125,305.0871887207031
2020-08-06,14.630050659179688,21.799318313598633,55.06947326660156,95.94849395751953,67.34722137451172,24.975566864013672,307.1265563964844
2020-08-07,14.649752616882324,22.265424728393555,54.24911880493164,96.25605773925781,68.49595642089844,25.426284790039062,307.3470458984375
2020-08-10,15.10288143157959,22.42677116394043,54.09648132324219,95.9303970336914,70.18260192871094,25.418014526367188,308.2656555175781
2020-08-11,15.051653861999512,22.686716079711914,53.12348937988281,95.32430267333984,70.55638885498047,24.868053436279297,305.72100830078125
2020-08-12,15.201388359069824,22.62396812438965,54.3301887512207,96.92544555664062,70.7843246459961,25.227802276611328,309.9835205078125
2020-08-13,14.905868530273438,22.480546951293945,54.354042053222656,96.79878997802734,70.4105453491211,25.18645477294922,309.423095703125
2020-08-14,15.047713279724121,22.570188522338867,54.31588363647461,96.60884094238281,70.68403625488281,24.967302322387695,309.4322509765625
2020-08-17,14.961029052734375,22.193716049194336,54.67837142944336,97.1786880493164,70.3558349609375,24.93421745300293,310.4152526855469
2020-08-18,14.771896362304688,22.050304412841797,54.883460998535156,97.15158081054688,69.97290802001953,24.82257080078125,311.0859069824219
2020-08-19,14.602470397949219,22.041336059570312,54.81669235229492,96.8349838256836,69.79058074951172,24.748138427734375,309.79058837890625
2020-08-20,14.28725814819336,21.835180282592773,55.54642868041992,96.52741241455078,69.41677856445312,24.52897834777832,310.75518798828125
2020-08-21,14.196627616882324,21.790359497070312,56.25232696533203,96.6269302368164,69.69939422607422,24.570331573486328,311.85748291015625
2020-08-24,14.586712837219238,22.31024169921875,56.73881149291992,96.18366241455078,70.95755767822266,24.785354614257812,315.0176086425781
2020-08-25,14.381820678710938,22.372987747192383,57.02500915527344,96.8349838256836,70.86637878417969,24.549659729003906,316.1199951171875
2020-08-26,14.078417778015137,22.265424728393555,58.18400192260742,96.71737670898438,70.90283966064453,24.276748657226562,319.289306640625
2020-08-27,14.106000900268555,22.641891479492188,58.2317008972168,97.47722625732422,71.15813446044922,24.35530662536621,319.9874572753906
2020-08-28,14.358174324035645,22.731534957885742,58.7420539855957,97.69429779052734,71.8327865600586,24.425609588623047,322.0542907714844
2020-08-31,14.046899795532227,22.462621688842773,58.92805480957031,97.92952728271484,70.93931579589844,24.500038146972656,320.8876647949219
2020-09-01,13.952336311340332,22.52536392211914,60.053672790527344,97.05209350585938,71.65956115722656,24.218852996826172,323.9100036621094
2020-09-02,13.885351181030273,22.848058700561523,60.58787155151367,98.99691009521484,72.84477233886719,24.9714298248291,328.5949401855469
2020-09-03,13.782903671264648,22.498477935791016,57.13469696044922,96.30125427246094,70.80255126953125,24.690248489379883,317.2866516113281
2020-09-04,13.73956298828125,22.668785095214844,56.33818817138672,95.6137924194336,70.96665954589844,24.549659729003906,314.69610595703125
2020-09-08,13.239153861999512,22.086156845092773,53.79121780395508,94.03983306884766,69.6355972290039,24.413204193115234,306.0976867675781
2020-09-09,13.329779624938965,22.31024169921875,55.54642868041992,95.7042465209961,70.7114028930664,24.73573112487793,312.1423034667969
2020-09-10,12.841191291809082,21.99652099609375,54.292030334472656,94.23883056640625,69.80882263183594,24.309829711914062,306.72235107421875
2020-09-11,12.853011131286621,22.148900985717773,53.87709045410156,94.60969543457031,70.7569808959961,24.36771583557129,306.87847900390625
2020-09-14,12.951516151428223,22.45366096496582,55.00746536254883,95.9665756225586,71.7142562866211,24.702655792236328,310.9205627441406
2020-09-15,12.856951713562012,22.148900985717773,55.55119323730469,96.09322357177734,71.75982666015625,24.868053436279297,312.49139404296875
2020-09-16,13.373120307922363,22.399879455566406,54.692691802978516,95.9303970336914,72.48919677734375,24.834976196289062,311.25128173828125
2020-09-17,13.392824172973633,22.166826248168945,54.23957061767578,95.6137924194336,72.63507843017578,24.63235855102539,308.5137634277344
2020-09-18,13.24309253692627,22.122013092041016,53.30473327636719,95.46907043457031,71.82365417480469,24.19818115234375,304.9618835449219
2020-09-21,12.80413818359375,21.567718505859375,53.74785232543945,93.70538330078125,69.43946838378906,24.047622680664062,301.56781005859375
2020-09-22,12.671974182128906,21.38746452331543,54.598716735839844,93.50558471679688,70.12590026855469,24.19776153564453,304.63909912109375
2020-09-23,12.099250793457031,20.909786224365234,52.897003173828125,92.54293060302734,68.87200164794922,23.826580047607422,297.5741882324219
2020-09-24,12.095247268676758,20.954845428466797,53.193355560302734,92.07976531982422,68.9726791381836,24.0935001373291,298.36737060546875
2020-09-25,12.087237358093262,21.17115020751953,54.464874267578125,93.5600814819336,70.00692749023438,24.48970603942871,303.19097900390625
2020-09-28,12.37159252166748,21.675872802734375,55.50695037841797,94.40467834472656,71.26995849609375,24.552261352539062,308.22686767578125
2020-09-29,12.031167030334473,21.405485153198242,55.320518493652344,94.28661346435547,70.63842010498047,24.543922424316406,306.5483093261719
2020-09-30,11.995121002197266,21.69390106201172,55.78418731689453,95.79418182373047,70.45537567138672,24.76496696472168,308.87249755859375
2020-10-01,11.626656532287598,21.729951858520508,56.37214279174805,95.46722412109375,70.24486541748047,25.015199661254883,310.8554382324219
2020-10-02,11.738800048828125,21.901195526123047,54.9428825378418,94.59538269042969,71.031982421875,25.311307907104492,307.9040832519531
2020-10-05,12.091242790222168,22.261707305908203,56.147483825683594,96.53888702392578,72.17604064941406,25.628276824951172,313.3640441894531
2020-10-06,11.91101360321045,22.03639030456543,55.27750015258789,95.25835418701172,71.2973861694336,25.84514808654785,308.9093017578125
2020-10-07,12.079225540161133,22.40591049194336,56.29088592529297,97.05654907226562,72.87162780761719,26.003623962402344,314.286376953125
2020-10-08,12.53179931640625,22.71235466003418,56.58247756958008,97.52880096435547,73.59465789794922,26.47907257080078,317.0718078613281
2020-10-09,12.331543922424316,22.739383697509766,57.44768524169922,98.40972137451172,73.86922454833984,26.47490692138672,319.90325927734375
2020-10-12,12.36358642578125,22.991748809814453,59.01557159423828,99.08179473876953,74.29024505615234,26.64173126220703,325.0498046875
2020-10-13,12.171341896057129,22.550119400024414,58.637935638427734,98.32801055908203,73.46651458740234,26.458223342895508,322.9284973144531
2020-10-14,12.223408699035645,22.33381462097168,58.32722473144531,97.7558364868164,73.87837219238281,26.42485809326172,320.8993835449219
2020-10-15,12.37159252166748,22.505048751831055,58.06431198120117,97.0474624633789,74.14379119873047,26.408174514770508,320.5028991699219
2020-10-16,12.091242790222168,22.523082733154297,57.89700698852539,98.0101318359375,74.68379974365234,26.6917724609375,320.3092041015625
2020-10-19,11.834916114807129,22.18059539794922,56.835811614990234,96.45714569091797,73.7593994140625,26.466562271118164,315.4393615722656
2020-10-20,11.97509479522705,22.36084747314453,57.03179931640625,96.58429718017578,74.14379119873047,26.625045776367188,316.70294189453125
2020-10-21,11.746805191040039,22.243684768676758,56.94576644897461,96.10296630859375,73.3932876586914,26.55414390563965,316.1034240722656
2020-10-22,12.23141860961914,22.685312271118164,56.67808151245117,97.55604553222656,73.99735260009766,26.929502487182617,317.83734130859375
2020-10-23,12.171341896057129,22.757413864135742,56.61593246459961,97.91929626464844,74.29024505615234,27.00457000732422,318.9164733886719
2020-10-26,11.73479175567627,22.243684768676758,55.38743591308594,96.82951354980469,72.43229675292969,26.996231079101562,313.02288818359375
2020-10-27,11.582598686218262,21.838102340698242,55.66468048095703,96.16654205322266,70.84895324707031,26.975379943847656,311.94378662109375
2020-10-28,11.09798812866211,21.279308319091797,53.30330276489258,93.11508178710938,68.52421569824219,26.191301345825195,301.2819519042969
2020-10-29,11.4384183883667,21.441543579101562,54.19240951538086,92.35221862792969,69.52183532714844,26.262208938598633,304.34393310546875
2020-10-30,11.502496719360352,21.5046329498291,52.99258804321289,92.3249740600586,69.43946838378906,26.016143798828125,301.17120361328125
2020-11-02,11.894993782043457,21.91020965576172,53.12643051147461,93.9869155883789,71.31571960449219,26.587509155273438,304.5468444824219
2020-11-03,11.82690715789795,22.396907806396484,54.0633430480957,95.3582534790039,73.4207534790039,26.971202850341797,309.92388916015625
2020-11-04,11.842926979064941,22.135526657104492,56.166603088378906,99.5903549194336,72.66110229492188,26.56665802001953,316.8504333496094
2020-11-05,11.842926979064941,22.67629623413086,57.91135787963867,99.7901611328125,74.37261199951172,26.80437469482422,323.0298767089844
2020-11-06,11.5866060256958,22.49604034423828,58.11689376831055,99.82647705078125,74.4458236694336,26.745988845825195,322.9562072753906
2020-11-09,13.240691184997559,24.343671798706055,57.69623947143555,100.76187896728516,76.98104858398438,27.242294311523438,327.01434326171875
2020-11-10,13.669231414794922,24.469860076904297,56.62071990966797,101.05250549316406,78.33561706542969,27.634326934814453,326.5346984863281
2020-11-11,13.529052734375,24.370712280273438,57.96392059326172,100.9253921508789,77.67664337158203,27.73859214782715,328.96044921875
2020-11-12,13.092503547668457,23.965133666992188,57.44768524169922,100.55302429199219,76.78885650634766,27.292343139648438,325.7691650390625
2020-11-13,13.56910228729248,24.3617000579834,57.93525695800781,101.82447052001953,78.49120330810547,27.563425064086914,330.279296875
2020-11-16,14.46223258972168,24.90247344970703,58.49452209472656,101.65192413330078,80.40406799316406,27.84285545349121,334.4020080566406
2020-11-17,14.6104154586792,24.866416931152344,58.169471740722656,100.98892211914062,80.19354248046875,27.296506881713867,332.6034851074219
2020-11-18,14.185881614685059,24.6320858001709,57.54806137084961,99.10901641845703,79.83661651611328,26.762672424316406,328.6007385253906
2020-11-19,14.418173789978027,24.713199615478516,58.011741638183594,99.03638458251953,80.03795623779297,26.495756149291992,329.984130859375
2020-11-20,14.342082023620605,24.496885299682617,57.41421127319336,98.809326171875,79.31493377685547,26.49992561340332,327.7244873046875
2020-11-23,15.355355262756348,24.9565486907959,57.39987564086914,98.5550308227539,80.64202117919922,26.504100799560547,329.6891174316406
2020-11-24,16.14434814453125,25.830791473388672,58.19815444946289,98.84564971923828,82.05150604248047,26.787700653076172,335.0015563964844
2020-11-25,15.767876625061035,25.74066162109375,58.32244873046875,98.4823989868164,81.42915344238281,26.858600616455078,334.48504638671875
2020-11-27,15.58364486694336,25.659543991088867,58.63315963745117,99.39055633544922,81.2918472290039,26.5916805267334,335.41656494140625
2020-11-30,14.722554206848145,25.127790451049805,59.02513122558594,99.66301727294922,80.56880187988281,26.207983016967773,333.9316711425781
2020-12-01,14.790645599365234,25.51534080505371,59.7803840637207,100.4985580444336,80.36743927001953,26.39149284362793,337.583984375
2020-12-02,15.271247863769531,25.794742584228516,59.6895637512207,101.2522964477539,80.47727966308594,26.56665802001953,338.2942199707031
2020-12-03,15.4314546585083,25.803749084472656,59.651329040527344,101.12516784667969,80.68779754638672,26.291397094726562,338.20196533203125
2020-12-04,16.272518157958984,26.119199752807617,60.248844146728516,102.20591735839844,81.6488037109375,26.028650283813477,341.1164245605469
2020-12-07,15.8920316696167,25.938953399658203,60.42093276977539,101.5792465209961,81.25524139404297,26.174619674682617,340.4154968261719
2020-12-08,16.128328323364258,25.9299373626709,60.616905212402344,102.3511962890625,81.6488037109375,26.095380783081055,341.41162109375
2020-12-09,16.164377212524414,25.866844177246094,59.45532989501953,101.99701690673828,81.83185577392578,26.04950714111328,338.34954833984375
2020-12-10,16.660999298095703,25.911911010742188,59.541378021240234,101.82447052001953,81.05391693115234,25.916038513183594,338.2388916015625
2020-12-11,16.468759536743164,25.65053939819336,59.4171028137207,101.42486572265625,81.24607849121094,25.957754135131836,337.84222412109375
2020-12-14,15.8920316696167,25.353111267089844,59.63220977783203,100.66199493408203,80.19354248046875,25.824291229248047,336.3296813964844
2020-12-15,16.204421997070312,25.785730361938477,60.6264762878418,101.75181579589844,81.31015014648438,26.33310317993164,340.876708984375
2020-12-16,16.12432098388672,25.830791473388672,61.037559509277344,101.45211791992188,80.80677795410156,26.028650283813477,341.41162109375
2020-12-17,16.04822540283203,25.90289878845215,61.520347595214844,102.54193115234375,81.30101776123047,26.203819274902344,343.3207702636719
2020-12-18,15.77989387512207,25.677568435668945,61.305259704589844,102.6236572265625,81.31015014648438,25.978607177734375,341.9498596191406
2020-12-21,15.475494384765625,26.023714065551758,61.366573333740234,101.59684753417969,80.81941223144531,25.66400718688965,340.7272644042969
2020-12-22,15.215747833251953,25.770000457763672,61.898406982421875,101.28677368164062,80.44259643554688,25.61353874206543,340.15301513671875
2020-12-23,15.552608489990234,26.195878982543945,61.428863525390625,101.35974884033203,80.86534881591797,25.563068389892578,340.4587097167969
2020-12-24,15.47143840789795,26.232118606567383,61.83612823486328,101.65155029296875,80.8745346069336,25.743921279907227,341.783203125
2020-12-28,15.374031066894531,26.358976364135742,62.53566360473633,101.90689086914062,80.97563171386719,25.85747718811035,344.71942138671875
2020-12-29,15.272564888000488,26.26836585998535,62.23858642578125,102.39020538330078,80.48856353759766,25.853275299072266,344.06170654296875
2020-12-30,15.512024879455566,26.38616180419922,62.205047607421875,102.37197875976562,81.0031967163086,25.983652114868164,344.55267333984375
2020-12-31,15.382146835327148,26.712360382080078,62.29609680175781,103.44804382324219,81.3800048828125,26.370590209960938,346.3032531738281
2021-01-04,15.406494140625,26.349916458129883,61.28032684326172,103.00119018554688,79.41326141357422,25.706066131591797,341.5887145996094
2021-01-05,16.096460342407227,26.46770668029785,61.678009033203125,103.74896240234375,80.19445037841797,25.701860427856445,343.9413757324219
2021-01-06,16.58755111694336,27.636600494384766,60.614341735839844,105.17157745361328,82.10604095458984,26.341150283813477,345.99755859375
2021-01-07,16.831069946289062,28.035289764404297,62.2481575012207,106.53941345214844,82.55635833740234,25.996273040771484,351.13824462890625
2021-01-08,16.810775756835938,28.017173767089844,62.65061569213867,107.05010986328125,82.35417938232422,26.2149715423584,353.1390686035156
2021-01-11,17.0745906829834,28.10778045654297,62.1331672668457,107.55166625976562,82.32660675048828,25.971036911010742,350.7585144042969
2021-01-12,17.671207427978516,28.397735595703125,61.83612823486328,106.38441467285156,83.1445541381836,25.83223533630371,350.8324890136719
2021-01-13,17.5332088470459,28.379619598388672,62.22900390625,106.67621612548828,82.42769622802734,26.336938858032227,351.77740478515625
2021-01-14,18.052717208862305,28.5064754486084,61.682796478271484,106.33881378173828,82.71260070800781,26.236005783081055,350.5453796386719
2021-01-15,17.350574493408203,28.035289764404297,61.05035400390625,106.6670913696289,81.63733673095703,26.4925594329834,347.989013671875
2021-01-19,17.699615478515625,28.10778045654297,61.84569549560547,107.46958923339844,81.90384674072266,26.391616821289062,350.7214050292969
2021-01-20,17.764549255371094,27.989988327026367,63.072261810302734,108.06236267089844,82.4093017578125,26.5472354888916,355.5749206542969
2021-01-21,17.163875579833984,27.69096565246582,63.886775970458984,107.55166625976562,81.76599884033203,26.391616821289062,355.89910888671875
2021-01-22,17.0745906829834,27.491622924804688,63.642425537109375,107.23249816894531,81.3432388305664,26.429466247558594,354.6393737792969
2021-01-25,16.900066375732422,27.292278289794922,64.17427825927734,107.93467712402344,80.79183197021484,26.95940399169922,356.0380554199219
2021-01-26,16.53885269165039,27.074810028076172,64.21739196777344,107.53341674804688,80.04740905761719,26.69023323059082,355.4823913574219
2021-01-27,16.315631866455078,26.27742576599121,63.00519943237305,104.26875305175781,78.4574966430664,25.971036911010742,346.7942199707031
2021-01-28,16.506383895874023,26.766727447509766,63.263919830322266,105.7916488647461,79.62466430664062,26.28226661682129,349.7767028808594
2021-01-29,15.958475112915039,26.232118606567383,61.773834228515625,104.8979721069336,77.90608215332031,26.139270782470703,342.7742919921875
2021-02-01,16.072107315063477,26.576444625854492,63.3214111328125,105.29924011230469,78.71482849121094,26.265445709228516,348.47991943359375
2021-02-02,16.246631622314453,27.219789505004883,64.1790542602539,105.60015869140625,80.387451171875,26.47994041442871,353.40753173828125
2021-02-03,16.940650939941406,27.373825073242188,63.95866775512695,104.85238647460938,80.44259643554688,26.39582633972168,353.68536376953125
2021-02-04,17.127347946166992,27.980928421020508,64.97918701171875,105.29011535644531,81.30650329589844,26.601909637451172,357.70526123046875
2021-02-05,17.27346420288086,27.989988327026367,64.83545684814453,105.48162078857422,81.78437042236328,26.74490737915039,359.1131591796875
2021-02-08,17.995893478393555,28.352439880371094,65.51582336425781,105.60928344726562,82.48284149169922,26.538820266723633,361.70672607421875
2021-02-09,17.80513572692871,28.361495971679688,65.43916320800781,105.7643051147461,82.6942138671875,26.576677322387695,361.46575927734375
2021-02-10,18.14606285095215,28.361495971679688,65.34332275390625,105.9558334350586,82.56555938720703,26.68181800842285,361.308349609375
2021-02-11,17.866016387939453,28.27088737487793,66.06201934814453,106.15644836425781,82.39093017578125,26.53040885925293,361.8918762207031
2021-02-12,18.129823684692383,28.560842514038086,66.4021987915039,106.94979858398438,82.9883041381836,26.336938858032227,363.6795654296875
2021-02-16,18.584392547607422,29.05014419555664,66.18659973144531,105.89197540283203,82.90559387207031,26.04253387451172,363.3646545410156
2021-02-17,18.860382080078125,29.19512176513672,65.60203552246094,106.27497100830078,82.67581939697266,26.063566207885742,363.44793701171875
2021-02-18,18.434226989746094,29.022964477539062,65.28105926513672,105.60928344726562,82.26226043701172,26.219181060791016,361.90118408203125
2021-02-19,18.7426815032959,29.367284774780273,65.18521881103516,104.33259582519531,83.61324310302734,25.828035354614258,361.26214599609375
2021-02-22,19.39205551147461,29.639122009277344,63.747833251953125,104.08638000488281,83.87977600097656,25.323335647583008,358.48333740234375
2021-02-23,19.712684631347656,29.82034683227539,63.570556640625,103.9131088256836,84.13707733154297,25.53362464904785,358.9186706542969
2021-02-24,20.410770416259766,30.400253295898438,64.5431900024414,104.63350677490234,85.72701263427734,25.23501205444336,362.8736572265625
2021-02-25,20.017086029052734,29.84752655029297,62.286495208740234,103.58480834960938,84.14627075195312,25.007896423339844,354.1300048828125
2021-02-26,19.542224884033203,29.276674270629883,62.61708450317383,102.69113159179688,83.27320861816406,24.54526138305664,352.3052673339844
2021-03-01,20.04955291748047,30.191858291625977,64.63420104980469,104.03166961669922,85.40534210205078,25.08780860900879,360.8453369140625
2021-03-02,19.939966201782227,30.08312225341797,63.608890533447266,103.73072052001953,85.15721130371094,25.012107849121094,358.0295104980469
2021-03-03,20.23219108581543,30.318706512451172,62.00859832763672,102.41755676269531,85.2491226196289,24.717697143554688,353.2871398925781
2021-03-04,20.71516227722168,29.974384307861328,60.6382942199707,101.04057312011719,83.88893127441406,24.69666862487793,348.9152526855469
2021-03-05,21.490358352661133,30.54524040222168,61.78342056274414,103.0650405883789,85.87405395507812,25.10042381286621,355.3340759277344
2021-03-08,21.530946731567383,30.934865951538086,60.28855514526367,102.80968475341797,86.77469635009766,25.453718185424805,353.5649719238281
2021-03-09,21.15349578857422,30.65398597717285,62.339210510253906,103.41156005859375,86.41629791259766,25.790184020996094,358.613037109375
2021-03-10,21.689228057861328,31.279199600219727,62.090065002441406,103.6486587524414,87.69373321533203,25.966829299926758,360.8453369140625
2021-03-11,21.69734764099121,31.188581466674805,63.417232513427734,104.27788543701172,87.758056640625,25.8995361328125,364.50390625
2021-03-12,21.741994857788086,31.505720138549805,62.962066650390625,104.50584411621094,88.93441772460938,26.24861717224121,364.9948425292969
2021-03-15,21.494417190551758,31.324506759643555,63.63284683227539,105.2262954711914,89.6788101196289,26.585086822509766,367.17144775390625
2021-03-16,20.881567001342773,30.998291015625,64.11196899414062,105.16242980957031,88.4013900756836,26.618736267089844,366.7083740234375
2021-03-17,21.043916702270508,31.206697463989258,64.05925750732422,104.7794418334961,89.42150115966797,26.185531616210938,367.9588317871094
2021-03-18,20.098255157470703,31.36980628967285,62.28169631958008,104.56060028076172,89.33879089355469,26.08879852294922,362.6051940917969
2021-03-19,20.102312088012695,31.00735855102539,62.09485626220703,104.93447875976562,88.6587142944336,26.16029930114746,361.9342346191406
2021-03-22,19.9095401763916,30.60781478881836,63.315853118896484,105.84771728515625,88.60892486572266,26.122587203979492,364.8242492675781
2021-03-23,19.618314743041992,30.18004608154297,62.9221305847168,104.77705383300781,87.06021881103516,26.51241111755371,361.9527587890625
2021-03-24,20.110519409179688,30.289268493652344,62.158714294433594,104.65809631347656,87.6962890625,26.52088737487793,360.1128234863281
2021-03-25,20.18434715270996,30.798938751220703,62.12030029296875,105.09735107421875,89.09751892089844,26.804779052734375,362.13861083984375
2021-03-26,20.684751510620117,31.28131103515625,63.69995880126953,107.08306884765625,90.63702392578125,26.893762588500977,367.9744873046875
2021-03-29,20.43865203857422,31.008264541625977,63.3686408996582,107.58637237548828,90.65545654296875,27.181894302368164,367.7886047363281
2021-03-30,20.262279510498047,31.226703643798828,62.76848602294922,106.61636352539062,91.05183410644531,26.936138153076172,366.81292724609375
2021-03-31,20.12282371520996,30.99006462097168,63.767181396484375,106.82682800292969,90.7568359375,27.135286331176758,368.2996826171875
2021-04-01,20.635536193847656,31.372325897216797,65.04914093017578,106.50657653808594,91.06108093261719,27.109865188598633,372.2770080566406
2021-04-05,20.143335342407227,31.618064880371094,66.39350891113281,107.24781036376953,92.18572998046875,27.40647315979004,377.6203308105469
2021-04-06,20.090003967285156,31.554344177246094,66.1102523803711,106.83599853515625,91.96449279785156,27.550535202026367,377.39727783203125
2021-04-07,20.159740447998047,31.709077835083008,66.46073913574219,106.59806823730469,91.54044342041016,27.516639709472656,377.8341064453125
2021-04-08,19.89723014831543,31.71816635131836,67.42101287841797,106.76280975341797,91.76167297363281,27.495452880859375,379.62750244140625
2021-04-09,19.76597785949707,31.991220474243164,68.06920623779297,107.93409729003906,92.65589141845703,27.46578598022461,382.3876037597656
2021-04-12,19.610116958618164,32.12772750854492,67.74272155761719,108.04391479492188,92.99696350097656,27.4912166595459,382.5269470214844
2021-04-13,19.630624771118164,31.827388763427734,68.38129425048828,108.4922866821289,92.54527282714844,27.817481994628906,383.6606140136719
2021-04-14,20.176137924194336,32.01851272583008,67.65631103515625,108.48314666748047,92.66511535644531,27.940364837646484,382.3504333496094
2021-04-15,20.012075424194336,31.991220474243164,68.81822204589844,110.34076690673828,93.03384399414062,28.249679565429688,386.457763671875
2021-04-16,19.852109909057617,32.218746185302734,68.80384063720703,111.16434478759766,93.23665618896484,28.478496551513672,387.74945068359375
2021-04-19,19.831605911254883,32.12772750854492,68.23246002197266,111.19181823730469,92.84945678710938,28.334428787231445,385.8444519042969
2021-04-20,19.306589126586914,31.52704429626465,67.62747192382812,111.62188720703125,91.82620239257812,28.69459342956543,383.0194396972656
2021-04-21,19.552690505981445,31.963912963867188,68.30927276611328,112.93962097167969,93.0799331665039,28.453065872192383,386.64361572265625
2021-04-22,19.323001861572266,31.608963012695312,67.50743865966797,112.43631744384766,92.60980224609375,28.249679565429688,383.1123962402344
2021-04-23,19.49936866760254,32.2005500793457,68.5157470703125,113.1775131225586,93.62382507324219,28.211545944213867,387.2662658691406
2021-04-26,19.630624771118164,32.327972412109375,68.8662338256836,112.79320526123047,93.34728240966797,28.05052375793457,388.0747375488281
2021-04-27,19.868520736694336,32.58281326293945,68.69818878173828,112.14348602294922,94.12162780761719,27.834436416625977,387.9910888671875
2021-04-28,20.553497314453125,32.71022033691406,68.0595932006836,111.80490112304688,93.92804718017578,27.79629898071289,387.8796081542969
2021-04-29,20.783193588256836,33.29271697998047,68.00198364257812,111.35651397705078,94.59178161621094,28.05052375793457,390.3514404296875
2021-04-30,20.258176803588867,33.00145721435547,67.07533264160156,111.02708435058594,93.96492767333984,28.27086639404297,387.78662109375
2021-05-03,20.816009521484375,33.165283203125,66.8880615234375,112.28990173339844,94.93287658691406,28.266630172729492,388.6229553222656
2021-05-04,20.828311920166016,33.429229736328125,65.68771362304688,112.40885162353516,95.34770202636719,28.16069984436035,386.2254333496094
2021-05-05,21.500986099243164,33.7022705078125,65.52928161621094,112.61018371582031,95.43988037109375,27.68613052368164,386.34625244140625
2021-05-06,21.611732482910156,34.20284652709961,66.18705749511719,112.75658416748047,96.1036376953125,27.89798927307129,389.4315185546875
2021-05-07,21.997289657592773,34.384864807128906,66.7536392211914,113.53441619873047,97.11766052246094,27.982736587524414,392.26568603515625
2021-05-10,22.005495071411133,34.35756301879883,65.06832885742188,113.68083953857422,97.20984649658203,28.266630172729492,388.38140869140625
2021-05-11,21.439464569091797,33.74777603149414,64.87149810791016,112.45459747314453,95.77177429199219,27.91917610168457,384.9151916503906
2021-05-12,21.542007446289062,33.40192413330078,63.04696273803711,111.39311218261719,93.47634887695312,27.266643524169922,376.7375793457031
2021-05-13,21.279499053955078,33.93890380859375,63.882389068603516,112.39971160888672,95.2278823852539,27.792064666748047,381.2631530761719
2021-05-14,21.939863204956055,34.475887298583984,65.28921508789062,112.9670639038086,96.54612731933594,27.927650451660156,387.11749267578125
2021-05-17,22.44847869873047,34.53959274291992,64.8090591430664,112.75658416748047,96.25112915039062,27.698843002319336,386.13250732421875
2021-05-18,21.927562713623047,34.05721664428711,64.2905044555664,112.79320526123047,94.84992980957031,27.69460105895996,382.8057556152344
2021-05-19,21.382038116455078,33.84789276123047,64.51618194580078,112.60102844238281,94.31522369384766,27.647993087768555,381.8021240234375
2021-05-20,21.349220275878906,33.866092681884766,65.75015258789062,113.7814712524414,94.52726745605469,27.8895206451416,385.9094543457031
2021-05-21,21.39434051513672,34.20284652709961,65.3900375366211,113.79978942871094,94.98816680908203,28.033578872680664,385.5935363769531
2021-05-24,21.60763168334961,34.36666488647461,66.55197143554688,113.90959930419922,95.57817840576172,27.982736587524414,389.52435302734375
2021-05-25,21.168750762939453,34.020809173583984,66.57117462158203,113.57101440429688,95.29239654541016,27.64375877380371,388.66021728515625
2021-05-26,21.3574275970459,34.12092971801758,66.56636810302734,112.91215515136719,95.59662628173828,27.647993087768555,389.4315185546875
2021-05-27,21.373836517333984,34.51228332519531,66.21585845947266,112.66508483886719,96.90564727783203,27.461551666259766,389.6358337402344
2021-05-28,21.41485023498535,34.57599639892578,66.45115661621094,113.10431671142578,96.90564727783203,27.609859466552734,390.33282470703125
2021-06-01,22.239286422729492,34.78532409667969,66.12466430664062,111.24669647216797,97.2835922241211,27.44036865234375,389.9890441894531
2021-06-02,22.653553009033203,34.839942932128906,66.58078002929688,111.02708435058594,97.00704956054688,27.584430694580078,390.60235595703125
2021-06-03,22.7150821685791,34.921844482421875,65.96141052246094,111.36566162109375,96.79501342773438,27.749677658081055,389.1527404785156
2021-06-04,22.86684226989746,35.01286697387695,67.22897338867188,111.72252655029297,97.10846710205078,27.70731544494629,392.7117614746094
2021-06-07,22.76840591430664,34.78532409667969,67.21456146240234,112.12518310546875,96.43548583984375,27.758161544799805,392.3307800292969
2021-06-08,22.965280532836914,34.69430923461914,67.21935272216797,111.77745819091797,96.68440246582031,27.5208740234375,392.4143981933594
2021-06-09,22.82172393798828,34.36666488647461,67.26737976074219,112.85725402832031,95.69802856445312,27.76663589477539,391.82891845703125
2021-06-10,22.793012619018555,33.966209411621094,67.76190948486328,114.78807830810547,95.2278823852539,27.948843002319336,393.65032958984375
2021-06-11,22.7150821685791,34.18464279174805,68.16524505615234,113.97366333007812,95.42145538330078,28.012393951416016,394.3008728027344
2021-06-14,22.61664390563965,33.829681396484375,68.85664367675781,114.07431030273438,94.98816680908203,28.071720123291016,395.1836242675781
2021-06-15,23.047319412231445,33.893394470214844,68.4341049194336,114.11092376708984,95.3938217163086,28.156457901000977,394.4588317871094
2021-06-16,22.924264907836914,33.856990814208984,68.06440734863281,113.67166137695312,94.4903793334961,27.73273468017578,392.2563781738281
2021-06-17,22.14495277404785,32.855838775634766,68.85184478759766,114.54100799560547,93.03384399414062,27.88528060913086,392.1263427734375
2021-06-18,21.488679885864258,32.06402587890625,68.22285461425781,113.2324447631836,91.82620239257812,27.160707473754883,386.83642578125
2021-06-21,22.404415130615234,32.812381744384766,68.9540023803711,114.59297180175781,93.84590911865234,27.512569427490234,392.3743591308594
2021-06-22,22.553586959838867,32.86720275878906,69.5793228149414,114.84101867675781,93.94766235351562,27.346033096313477,394.4720458984375
2021-06-23,22.615741729736328,32.93117141723633,69.50235748291016,114.3633041381836,93.73494720458984,27.055665969848633,393.99652099609375
2021-06-24,22.810489654541016,33.34234619140625,69.94009399414062,114.95122528076172,94.46552276611328,27.030046463012695,396.327392578125
2021-06-25,22.930652618408203,33.744388580322266,69.85832977294922,115.474853515625,94.65047454833984,27.320415496826172,397.73516845703125
2021-06-28,22.15580177307129,33.497684478759766,70.58946228027344,115.64942932128906,94.15106964111328,27.495487213134766,398.53692626953125
2021-06-29,22.048067092895508,33.37889099121094,71.10416412353516,115.77801513671875,93.96612548828125,27.0513973236084,398.75140380859375
2021-06-30,22.321544647216797,33.52508544921875,71.02719116210938,115.70454406738281,94.69669342041016,27.000154495239258,399.0870666503906
2021-07-01,22.711044311523438,33.79008102416992,71.14745330810547,116.73342895507812,95.37177276611328,27.2947940826416,401.296630859375
2021-07-02,22.661317825317383,33.7535285949707,72.08541870117188,117.85418701171875,95.51973724365234,27.337491989135742,404.364013671875
2021-07-06,21.92376136779785,33.22356033325195,72.3595962524414,117.74394989013672,94.60423278808594,27.452789306640625,403.6273193359375
2021-07-07,21.56740951538086,33.26925277709961,72.75404357910156,118.48804473876953,95.5475082397461,27.632131576538086,405.05389404296875
2021-07-08,21.443099975585938,32.60222244262695,72.06619262695312,117.83580780029297,94.21583557128906,27.550996780395508,401.75341796875
2021-07-09,21.898897171020508,33.543373107910156,72.7300033569336,118.24000549316406,95.70470428466797,27.585159301757812,406.04205322265625
2021-07-12,21.86574935913086,33.87232208251953,72.78771209716797,118.46968078613281,95.83417510986328,27.674833297729492,407.4965515136719
2021-07-13,21.700000762939453,33.50682067871094,73.08594512939453,118.35945129394531,94.9094009399414,27.46559715270996,406.1073303222656
2021-07-14,21.053606033325195,33.35148239135742,73.62469482421875,118.24920654296875,94.90015411376953,27.704727172851562,406.7133483886719
2021-07-15,20.759408950805664,33.46113204956055,73.01859283447266,117.83580780029297,95.0851058959961,28.016448974609375,405.32421875
2021-07-16,20.171022415161133,33.00426483154297,72.29708099365234,118.15733337402344,94.24357604980469,28.29827880859375,402.1449890136719
2021-07-19,19.45832061767578,32.08138656616211,71.30136108398438,116.91716766357422,92.27381896972656,27.84991455078125,396.2061767578125
2021-07-20,19.7193660736084,32.876338958740234,72.3595962524414,118.3410873413086,94.85394287109375,27.969478607177734,401.8839111328125
2021-07-21,20.407203674316406,33.44285583496094,73.0571060180664,118.53400421142578,95.76020050048828,27.662023544311523,405.1376953125
2021-07-22,20.17930793762207,33.07736587524414,73.59584045410156,119.4067153930664,95.40877532958984,27.704727172851562,405.9861755371094
2021-07-23,20.104721069335938,33.13218307495117,74.32698059082031,120.78468322753906,95.81568145751953,28.059146881103516,410.1629333496094
2021-07-26,20.60195541381836,33.324073791503906,74.28850555419922,120.0038070678711,95.7694320678711,28.067691802978516,411.1697998046875
2021-07-27,20.411352157592773,33.31494140625,73.58618927001953,120.5642318725586,95.24231719970703,28.550216674804688,409.2958984375
2021-07-28,20.597806930541992,33.26925277709961,73.49480438232422,120.99601745605469,95.02037811279297,28.33243751525879,409.1280517578125
2021-07-29,20.79669952392578,33.6347541809082,73.83633422851562,121.28994750976562,95.7694320678711,28.4092960357666,410.8248291015625
2021-07-30,20.465211868286133,33.36976623535156,73.78824615478516,121.40017700195312,95.5844955444336,28.17017364501953,408.8296813964844
2021-08-02,20.31190299987793,33.37889099121094,73.52369689941406,121.56553649902344,94.92790985107422,28.38795280456543,407.971923828125
2021-08-03,20.659963607788086,33.7535285949707,73.99507904052734,123.25592041015625,96.1671142578125,28.550216674804688,411.29107666015625
2021-08-04,20.100576400756836,33.47026824951172,74.14419555664062,122.73221588134766,94.8631591796875,28.50751495361328,409.2679138183594
2021-08-05,20.328479766845703,33.90886688232422,74.55303955078125,122.22696685791016,95.30706787109375,28.81924057006836,411.8598327636719
2021-08-06,20.51493263244629,34.59416961669922,74.49050903320312,122.12593841552734,95.75094604492188,28.80215835571289,412.54034423828125
2021-08-09,20.224885940551758,34.685543060302734,74.25001525878906,122.59444427490234,95.37177276611328,28.79361915588379,412.2046813964844
2021-08-10,20.58123207092285,35.05104446411133,73.71607208251953,122.30966186523438,96.34281158447266,28.82349967956543,412.7174987792969
2021-08-11,20.742835998535156,35.45307922363281,73.72571563720703,121.09703063964844,97.59123229980469,29.092527389526367,413.7430419921875
2021-08-12,20.722110748291016,35.51704025268555,74.14898681640625,122.05242919921875,97.40630340576172,29.12241554260254,414.9829406738281
2021-08-13,20.47764015197754,35.25206756591797,74.55303955078125,122.81492614746094,97.10110473632812,29.327375411987305,415.7382507324219
2021-08-16,20.100576400756836,35.16068649291992,74.88978576660156,124.2112808227539,97.43403625488281,29.50672721862793,416.7170715332031
2021-08-17,19.89339828491211,34.913978576660156,74.26925659179688,125.68112182617188,96.3797836303711,29.523813247680664,413.9854736328125
2021-08-18,19.479040145874023,34.48453140258789,73.24469757080078,123.77029418945312,95.3255615234375,29.374359130859375,409.45440673828125
2021-08-19,18.973522186279297,34.22867965698242,73.96142578125,124.33069610595703,94.65971374511719,29.493915557861328,410.0882873535156
2021-08-20,19.01495933532715,34.438838958740234,74.913818359375,125.03807067871094,94.9094009399414,29.861162185668945,413.3514099121094
2021-08-23,19.727651596069336,34.72209167480469,75.88066101074219,125.08401489257812,95.68623352050781,29.476839065551758,416.9875183105469
2021-08-24,20.054996490478516,34.932254791259766,75.79409790039062,124.64305114746094,96.1671142578125,29.284683227539062,417.64947509765625
2021-08-25,20.20831298828125,35.343441009521484,75.75080108642578,124.30315399169922,96.78666687011719,29.340194702148438,418.5258483886719
2021-08-26,19.901683807373047,35.169822692871094,75.27457427978516,123.8162612915039,96.36128997802734,29.267601013183594,416.05517578125
2021-08-27,20.43206787109375,35.63582992553711,76.00092315673828,123.67845916748047,97.02713012695312,29.259061813354492,419.7750244140625
2021-08-30,20.19173812866211,35.133277893066406,76.81865692138672,124.37664794921875,96.91615295410156,29.301767349243164,421.6211242675781
2021-08-31,20.054996490478516,35.08759307861328,76.41461181640625,124.2112808227539,96.64798736572266,29.267601013183594,420.9964294433594
2021-09-01,19.760801315307617,34.88657760620117,76.433837890625,124.24803161621094,96.278076171875,29.65191650390625,421.2201232910156
2021-09-02,20.262174606323242,35.0053596496582,76.35206604003906,125.58009338378906,97.31381225585938,29.92093276977539,422.51611328125
2021-09-03,20.146156311035156,34.78605651855469,76.65511322021484,125.7178726196289,96.72195434570312,29.67326545715332,422.41351318359375
2021-09-07,20.02599334716797,34.57589340209961,76.6743392944336,124.98297882080078,95.04810333251953,29.280414581298828,420.9032897949219
2021-09-08,19.76909065246582,34.49365997314453,76.38092041015625,124.92781066894531,95.1775894165039,29.805641174316406,420.3905029296875
2021-09-09,19.810523986816406,34.59416961669922,76.09231567382812,123.48552703857422,94.7152099609375,29.64337158203125,418.5910949707031
2021-09-10,19.8022403717041,34.33832550048828,75.3419418334961,122.35556030273438,94.28981018066406,29.229171752929688,415.290771484375
2021-09-13,20.369909286499023,34.731231689453125,75.36597442626953,121.60228729248047,94.53950500488281,29.177934646606445,416.35345458984375
2021-09-14,20.07571792602539,34.26523208618164,75.26976013183594,121.58390808105469,93.40203857421875,29.0797119140625,414.10662841796875
2021-09-15,20.82571029663086,34.59416961669922,75.92878723144531,122.37398529052734,94.42852020263672,29.041284561157227,417.5655212402344
2021-09-16,20.58952522277832,34.49365997314453,75.97206115722656,122.06159210205078,93.78119659423828,28.797883987426758,416.9035949707031
2021-09-17,20.43621063232422,34.33832550048828,74.78874969482422,122.18103790283203,92.78241729736328,28.353784561157227,412.8424377441406
2021-09-20,19.812150955200195,33.54176330566406,73.4265365600586,120.90605163574219,91.71829223632812,28.301729202270508,405.9586486816406
2021-09-21,19.858285903930664,33.49588394165039,73.45542907714844,121.09043884277344,91.23585510253906,28.22428321838379,405.5752258300781
2021-09-22,20.470600128173828,34.05567169189453,74.46253204345703,121.29325103759766,91.95951843261719,28.207077026367188,409.53155517578125
2021-09-23,21.18776512145996,34.890777587890625,75.4599838256836,122.1690673828125,93.36970520019531,28.056488037109375,414.5073547363281
2021-09-24,21.347135543823242,35.07430648803711,75.51299285888672,121.67124938964844,93.56452941894531,28.026371002197266,415.1900939941406
2021-09-27,22.10623550415039,35.551513671875,74.78057861328125,119.9380874633789,93.65731048583984,27.695079803466797,414.00225830078125
2021-09-28,22.18172264099121,34.964195251464844,72.5639877319336,117.88227844238281,92.57182312011719,27.34658432006836,405.659423828125
2021-09-29,22.18172264099121,34.99171829223633,72.4724349975586,118.81338500976562,92.67388916015625,27.703685760498047,406.3421936035156
2021-09-30,21.846214294433594,34.44110870361328,71.9520263671875,117.35678100585938,90.7719497680664,27.484256744384766,401.375732421875
2021-10-01,22.580148696899414,35.01008224487305,73.03621673583984,117.38443756103516,92.01518249511719,27.484256744384766,406.145751953125
2021-10-04,22.949222564697266,34.70723342895508,71.3448486328125,115.5959701538086,91.51417541503906,27.86288070678711,400.9080810546875
2021-10-05,23.083419799804688,35.38633346557617,72.3615951538086,116.28738403320312,92.53472900390625,27.794038772583008,405.0794982910156
2021-10-06,22.84016990661621,35.42304992675781,72.83384704589844,116.07537078857422,92.94292449951172,28.22428321838379,406.7630310058594
2021-10-07,23.01631736755371,35.63411331176758,73.4988021850586,117.61492156982422,93.66658020019531,28.07369613647461,410.27978515625
2021-10-08,23.725095748901367,35.8084716796875,73.22413635253906,117.02490997314453,93.65731048583984,27.86717987060547,409.53155517578125
2021-10-11,23.637020111083984,35.45057678222656,72.81936645507812,116.11222839355469,92.90582275390625,27.488563537597656,406.5666198730469
2021-10-12,23.657989501953125,35.340450286865234,72.44351196289062,115.54987335205078,92.59964752197266,27.67357063293457,405.5658874511719
2021-10-13,23.637020111083984,35.138553619384766,72.88682556152344,115.73424530029297,92.79448699951172,27.996252059936523,407.0249328613281
2021-10-14,23.926401138305664,35.72588348388672,74.5300064086914,117.39364624023438,94.54796600341797,28.3404541015625,413.8713073730469
2021-10-15,24.04383087158203,36.25814437866211,75.12750244140625,117.97444915771484,95.45716094970703,28.258703231811523,417.0232849121094
2021-10-18,24.060611724853516,36.26732635498047,75.76356506347656,117.17240142822266,95.52210235595703,27.987651824951172,418.25787353515625
2021-10-19,24.333209991455078,36.625221252441406,76.5152587890625,118.71197509765625,96.08802795410156,28.3404541015625,421.48468017578125
2021-10-20,24.530332565307617,36.918880462646484,76.30326080322266,120.40824890136719,96.69107818603516,28.787914276123047,423.14019775390625
2021-10-21,24.07738494873047,36.76287078857422,76.5971908569336,120.89684295654297,96.88591003417969,28.787914276123047,424.2437438964844
2021-10-22,24.303857803344727,37.27677536010742,76.33216094970703,121.38545227050781,97.22917938232422,28.934194564819336,423.8042297363281
2021-10-25,24.660343170166016,37.23089599609375,76.58271789550781,121.53294372558594,97.45184326171875,28.809415817260742,426.0770263671875
2021-10-26,24.802934646606445,37.258426666259766,76.79956817626953,122.13219451904297,96.84880065917969,28.964311599731445,426.46051025390625
2021-10-27,24.089963912963867,36.64357376098633,76.73210144042969,121.16419982910156,95.71693420410156,28.770700454711914,424.5711364746094
2021-10-28,24.261919021606445,37.09325408935547,77.50308227539062,122.17826843261719,96.91372680664062,28.960012435913086,428.6678771972656
2021-10-29,24.10254669189453,36.946414947509766,77.8355712890625,123.36754608154297,96.94156646728516,28.787914276123047,429.5376281738281
2021-11-01,24.517744064331055,36.96476745605469,77.7199478149414,123.22000885009766,97.21062469482422,28.891170501708984,430.27655029296875
2021-11-02,24.287084579467773,37.05654525756836,78.40419006347656,123.9944076538086,97.53533935546875,28.916982650756836,432.0162048339844
2021-11-03,24.085773468017578,37.19419860839844,78.86197662353516,124.72270202636719,97.32193756103516,28.809415817260742,434.65380859375
2021-11-04,24.119321823120117,36.70780563354492,80.09552001953125,123.86534881591797,97.71161651611328,28.650226593017578,436.7020568847656
2021-11-05,24.433866500854492,36.72617721557617,80.50994110107422,122.48250579833984,98.70431518554688,28.921295166015625,438.2172546386719
2021-11-08,24.65614891052246,36.92805862426758,80.94361114501953,123.21078491210938,99.11254119873047,28.491039276123047,438.59136962890625
2021-11-09,24.75680160522461,36.72617721557617,80.61111450195312,122.75909423828125,99.36302947998047,28.637327194213867,437.1416320800781
2021-11-10,24.10254669189453,36.66192626953125,79.28118896484375,123.10939025878906,98.80636596679688,28.869661331176758,433.6249694824219
2021-11-11,24.194814682006836,36.76287078857422,79.65220642089844,122.74983978271484,98.3981704711914,28.693260192871094,433.76519775390625
2021-11-12,24.136098861694336,36.84547805786133,80.62075805664062,123.35828399658203,99.1774673461914,28.67604637145996,437.03875732421875
2021-11-15,24.337406158447266,36.84547805786133,80.5388412475586,122.5931167602539,99.36302947998047,29.05466651916504,437.18841552734375
2021-11-16,24.375152587890625,36.80875778198242,81.38690948486328,123.10939025878906,99.38157653808594,28.916982650756836,438.91864013671875
2021-11-17,24.001890182495117,36.38662338256836,81.14117431640625,123.2845458984375,98.78781127929688,28.942798614501953,437.8525390625
2021-11-18,23.859302520751953,36.20307922363281,81.9507064819336,123.3306655883789,98.5837173461914,28.792207717895508,439.3396301269531
2021-11-19,22.928247451782227,35.8084716796875,82.54822540283203,122.58390808105469,98.09199523925781,28.955713272094727,438.553955078125
2021-11-22,23.335060119628906,36.31320571899414,81.62784576416016,122.03077697753906,98.36103820800781,29.132108688354492,437.3193664550781
2021-11-23,24.052221298217773,36.88217544555664,81.43992614746094,122.15985107421875,98.52803802490234,29.162229537963867,437.89923095703125
2021-11-24,24.287084579467773,36.79957962036133,82.03263092041016,122.1137466430664,98.41670989990234,29.1794376373291,439.0683898925781
2021-11-26,23.309892654418945,35.57904052734375,79.98471069335938,121.6620101928711,95.75403594970703,28.723379135131836,429.2757568359375
2021-11-29,23.4440975189209,35.689170837402344,81.98445129394531,121.99388122558594,95.9210433959961,29.149322509765625,434.54156494140625
2021-11-30,22.89469337463379,34.83571243286133,81.30020141601562,119.59700012207031,93.49029541015625,28.29743194580078,426.0863952636719
2021-12-01,22.65144157409668,34.450286865234375,80.18708038330078,119.38496398925781,92.19145965576172,28.349061965942383,421.3537902832031
2021-12-02,23.309892654418945,35.47810363769531,80.9243392944336,119.96573638916016,94.92832946777344,28.710468292236328,427.807373046875
2021-12-03,23.125362396240234,34.89995574951172,79.57029724121094,120.18696594238281,94.8169937133789,28.998729705810547,424.0848083496094
2021-12-06,23.469263076782227,35.43221664428711,80.32682800292969,120.86920928955078,96.4220199584961,29.441892623901367,429.10736083984375
2021-12-07,24.018665313720703,36.065425872802734,83.13129425048828,122.42718505859375,97.40546417236328,29.66131019592285,437.9834899902344
2021-12-08,24.014476776123047,35.87271499633789,83.51194763183594,123.3490982055664,97.64666748046875,29.631208419799805,439.1430969238281
2021-12-09,23.829940795898438,35.79930114746094,82.6108627319336,123.63484954833984,97.34049224853516,29.592472076416016,436.17822265625
2021-12-10,24.006086349487305,35.83599853515625,84.26847839355469,124.06816101074219,97.73943328857422,29.751667022705078,440.2843017578125
2021-12-13,23.339248657226562,35.45057678222656,83.01560974121094,125.23896026611328,96.7281723022461,30.117374420166016,436.3840026855469
2021-12-14,23.24279022216797,35.66163635253906,81.65196228027344,124.73192596435547,95.8096923828125,29.93667984008789,433.3817138671875
2021-12-15,23.129554748535156,35.7625846862793,83.81551361083984,127.28556060791016,96.64469909667969,30.427162170410156,440.1533203125
2021-12-16,23.276338577270508,36.21225357055664,81.43992614746094,128.04151916503906,96.69107818603516,30.582046508789062,436.27178955078125
2021-12-17,22.80242347717285,35.41386795043945,80.89542388916016,127.14725494384766,95.03966522216797,30.12168312072754,431.62860107421875
2021-12-20,22.51991844177246,34.725975036621094,79.93325805664062,126.37731170654297,93.51705932617188,30.150293350219727,427.0389404296875
2021-12-21,23.161401748657227,35.44520950317383,81.95606231689453,126.90480041503906,95.37957763671875,30.106945037841797,434.62274169921875
2021-12-22,23.31009292602539,35.61117935180664,83.02784729003906,128.38551330566406,95.64965057373047,30.237022399902344,438.96844482421875
2021-12-23,23.322845458984375,35.79561233520508,83.49131774902344,128.9130096435547,96.7764663696289,30.232696533203125,441.69964599609375
2021-12-27,23.832626342773438,36.1644401550293,85.28240966796875,130.27342224121094,97.80083465576172,30.38011932373047,447.95062255859375
2021-12-28,23.815635681152344,36.182891845703125,84.83826446533203,129.93099975585938,98.29441833496094,30.653316497802734,447.58465576171875
2021-12-29,23.662694931030273,36.136783599853516,84.91067504882812,130.67129516601562,98.47135925292969,30.818090438842773,448.1571960449219
2021-12-30,23.51825523376465,36.07223129272461,84.35066223144531,130.93971252441406,98.11746978759766,30.930831909179688,446.918212890625
2021-12-31,23.577730178833008,36.007694244384766,83.9403076171875,130.38442993164062,98.53654479980469,31.03924560546875,445.7919616699219
2022-01-03,24.308425903320312,36.45029067993164,84.73687744140625,129.04258728027344,97.72636413574219,30.731369018554688,448.37310791015625
2022-01-04,25.149578094482422,37.409263610839844,83.83890533447266,127.3397445678711,99.69131469726562,30.63596534729004,448.2228698730469
2022-01-05,25.145334243774414,36.97588348388672,81.26090240478516,126.43283081054688,98.74141693115234,30.618619918823242,439.6160888671875
2022-01-06,25.706096649169922,37.519920349121094,80.85054016113281,124.97064208984375,99.1977310180664,30.302072525024414,439.20306396484375
2022-01-07,26.058704376220703,37.96251678466797,80.1070556640625,124.33209228515625,99.16980743408203,30.531902313232422,437.4665832519531
2022-01-10,25.97798728942871,37.833431243896484,80.12153625488281,125.60921478271484,98.05229949951172,30.332422256469727,436.9223327636719
2022-01-11,26.861623764038086,38.16539001464844,81.08226013183594,126.60867309570312,98.63899230957031,30.059236526489258,440.9018859863281
2022-01-12,26.912595748901367,38.193050384521484,81.46363830566406,126.24775695800781,98.95562744140625,30.154644012451172,442.0939025878906
2022-01-13,26.776657104492188,38.0455207824707,79.35391998291016,124.28582763671875,99.16980743408203,30.302072525024414,436.0024108886719
2022-01-14,27.4053955078125,37.649017333984375,80.02497863769531,124.07300567626953,98.57378387451172,30.093923568725586,436.1808166503906
2022-01-18,27.51584815979004,36.809906005859375,78.103515625,122.33316040039062,97.43766021728516,29.73401641845703,428.4562072753906
2022-01-19,27.316184997558594,36.19211196899414,77.01246643066406,121.83341217041016,96.34807586669922,29.868444442749023,424.0072326660156
2022-01-20,27.06553840637207,35.961585998535156,76.0179443359375,121.03753662109375,95.11883544921875,29.907472610473633,419.3143615722656
2022-01-21,26.530256271362305,35.223915100097656,74.5068359375,119.81599426269531,94.24344635009766,29.851097106933594,411.0829772949219
2022-01-24,26.70868492126465,35.32534408569336,74.89307403564453,119.41802978515625,94.78357696533203,29.564903259277344,412.82867431640625
2022-01-25,27.745248794555664,35.47287368774414,73.1598892211914,118.6499252319336,93.8523178100586,29.100915908813477,407.78851318359375
2022-01-26,27.69852638244629,35.56509017944336,73.58956146240234,118.02987670898438,93.03278350830078,28.862422943115234,406.7654113769531
2022-01-27,28.000150680541992,35.24235534667969,73.08265686035156,118.33529663085938,92.2039794921875,29.118261337280273,404.7568359375
2022-01-28,27.881196975708008,35.703399658203125,76.27863311767578,120.75067901611328,92.84656524658203,29.469499588012695,414.8091125488281
2022-01-31,28.004396438598633,36.016910552978516,78.19525146484375,121.44474029541016,93.81504821777344,30.02887725830078,422.2803039550781
2022-02-01,29.002731323242188,36.51484680175781,78.39801788330078,121.76863861083984,95.1095199584961,29.629945755004883,425.1336975097656
2022-02-02,29.096195220947266,36.763797760009766,79.0352783203125,123.40667724609375,95.77069091796875,30.067907333374023,429.2633972167969
2022-02-03,28.820053100585938,36.35808563232422,76.74209594726562,122.8791732788086,94.24344635009766,29.93349266052246,419.173583984375
2022-02-04,29.2703800201416,36.97588348388672,77.05110168457031,122.43494415283203,93.22837829589844,29.694990158081055,421.1446228027344
2022-02-07,29.64421844482422,37.0865478515625,76.53933715820312,122.22209930419922,93.3028564453125,29.651626586914062,419.7930908203125
2022-02-08,29.00698471069336,37.602909088134766,77.48556518554688,123.2215576171875,94.234130859375,29.673311233520508,423.24713134765625
2022-02-09,29.249128341674805,37.8426628112793,79.2042465209961,124.17476654052734,95.5285873413086,29.80340003967285,429.4418029785156
2022-02-10,29.06646156311035,37.51069641113281,77.13314819335938,122.23136138916016,93.96406555175781,29.048877716064453,421.7265625
2022-02-11,29.911861419677734,36.985107421875,74.77720642089844,120.53781127929688,92.5299301147461,29.066226959228516,413.4106140136719
2022-02-14,29.206645965576172,36.570167541503906,74.7530517578125,119.30699920654297,92.18535614013672,28.81905746459961,412.05908203125
2022-02-15,28.900781631469727,37.06809997558594,76.71796417236328,120.64885711669922,93.57294464111328,28.68463897705078,418.704345703125
2022-02-16,29.134437561035156,37.09575271606445,76.64071655273438,120.83394622802734,94.06649780273438,28.749677658081055,419.173583984375
2022-02-17,29.087697982788086,36.17367172241211,74.3475341796875,118.89055633544922,92.34366607666016,28.767019271850586,410.219482421875
2022-02-18,28.90926742553711,36.1644401550293,73.59440612792969,118.00212097167969,91.58003997802734,28.714982986450195,407.563232421875
2022-02-22,28.441965103149414,35.98003005981445,72.91368103027344,117.70600128173828,90.69535064697266,28.68463897705078,403.189453125
2022-02-23,28.735092163085938,35.353004455566406,71.08878326416016,117.11373138427734,89.02839660644531,28.19896697998047,396.037353515625
2022-02-24,28.50994110107422,34.9288444519043,73.51715087890625,117.58567810058594,90.16452026367188,28.42445945739746,401.9973449707031
2022-02-25,29.261878967285156,36.05379104614258,74.5165023803711,121.18561553955078,92.31573486328125,29.304716110229492,410.8671569824219
2022-02-28,29.98407745361328,35.51898193359375,74.38131713867188,120.26943969726562,93.02349853515625,29.456493377685547,409.81585693359375
2022-03-01,30.285703659057617,34.20960998535156,72.89437103271484,119.60311889648438,91.63590240478516,29.200654983520508,403.57415771484375
2022-03-02,30.978166580200195,35.09482192993164,74.47306060791016,121.40772247314453,93.591552734375,29.556228637695312,410.99847412109375
2022-03-03,31.06313133239746,34.984169006347656,73.58475494384766,122.02776336669922,93.6939926147461,30.076581954956055,408.952392578125
2022-03-04,31.95952033996582,34.3294792175293,72.29573059082031,122.6385726928711,93.48912811279297,30.74003791809082,405.6297607421875
2022-03-07,32.43106460571289,33.07543182373047,69.6501235961914,120.50082397460938,90.98402404785156,31.138973236083984,393.6721496582031
2022-03-08,32.94084930419922,32.881805419921875,69.31217956542969,118.03913116455078,90.42529296875,30.65765380859375,390.6873779296875
2022-03-09,31.93401527404785,34.08973693847656,72.05435180664062,120.26943969726562,92.06429290771484,30.440841674804688,401.16204833984375
2022-03-10,32.911109924316406,33.803890228271484,70.79429626464844,120.2231674194336,91.9432373046875,30.644638061523438,399.3505859375
2022-03-11,32.647708892822266,33.56414794921875,69.54873657226562,119.32550811767578,91.20751953125,30.540571212768555,394.2727966308594
2022-03-14,31.67062759399414,33.988311767578125,68.25972747802734,120.16767120361328,91.51483917236328,30.505884170532227,391.391357421875
2022-03-15,30.5108585357666,34.46780014038086,70.55290985107422,122.56454467773438,92.96759796142578,30.896154403686523,399.998291015625
2022-03-16,30.370668411254883,35.43599319458008,72.84608459472656,124.03597259521484,94.19686889648438,30.839773178100586,408.8677978515625
2022-03-17,31.415733337402344,35.87859344482422,73.36267852783203,125.99787139892578,95.40750885009766,30.969858169555664,413.983154296875
2022-03-18,31.386001586914062,35.961585998535156,74.8641128540039,126.77528381347656,95.77069091796875,30.70534324645996,418.51739501953125
2022-03-21,32.65121078491211,35.92640686035156,74.72189331054688,126.6787109375,95.98654174804688,30.91050910949707,418.39508056640625
2022-03-22,32.411041259765625,36.509605407714844,75.79563903808594,126.7065658569336,96.50978088378906,30.95417022705078,423.2908630371094
2022-03-23,32.96859359741211,35.83384323120117,74.63001251220703,124.43215942382812,95.58477020263672,30.997821807861328,417.8395690917969
2022-03-24,33.050079345703125,36.120811462402344,76.56951141357422,125.91746520996094,96.31358337402344,31.316478729248047,424.1382141113281
2022-03-25,33.7748908996582,36.583656311035156,76.52599334716797,126.5023422241211,96.91158294677734,31.770469665527344,426.2095031738281
2022-03-28,32.93856430053711,36.48182678222656,77.43528747558594,127.42137908935547,96.93955993652344,31.975643157958984,429.24114990234375
2022-03-29,32.852783203125,36.56513595581055,79.07975006103516,128.17330932617188,97.83656311035156,32.27247619628906,434.5512390136719
2022-03-30,33.23450469970703,36.30594253540039,78.02535247802734,128.4239501953125,97.72444152832031,32.53876495361328,431.86798095703125
2022-03-31,32.7841796875,35.472816467285156,76.86940002441406,127.17074584960938,96.22013854980469,32.50383377075195,425.2209777832031
2022-04-01,33.050079345703125,35.3802490234375,76.6420669555664,128.17330932617188,95.47264862060547,32.957828521728516,426.4260559082031
2022-04-04,33.09297180175781,35.222877502441406,78.0979232788086,127.105712890625,95.35118865966797,32.70464324951172,430.0791015625
2022-04-05,32.574012756347656,35.00070571899414,76.45343780517578,127.37494659423828,93.99636840820312,32.90980529785156,424.64666748046875
2022-04-06,32.76701354980469,34.760032653808594,74.6445083618164,129.31512451171875,93.26757049560547,33.56460952758789,420.4004821777344
2022-04-07,33.19590759277344,34.72298812866211,74.76060485839844,131.80303955078125,93.58525085449219,33.481658935546875,422.51885986328125
2022-04-08,34.109432220458984,35.074764251708984,73.71587371826172,132.5920867919922,93.06202697753906,33.595157623291016,421.3890380859375
2022-04-11,33.08438491821289,34.91739273071289,71.85859680175781,129.95565795898438,92.76300811767578,33.13681411743164,414.1865539550781
2022-04-12,33.633358001708984,34.53785705566406,71.53936004638672,128.69317626953125,92.61351776123047,33.26339340209961,412.65191650390625
2022-04-13,34.135162353515625,34.53785705566406,72.69049072265625,129.3244171142578,93.48248291015625,33.197914123535156,417.37823486328125
2022-04-14,34.246681213378906,34.14906311035156,70.92510986328125,128.7024383544922,93.37967681884766,33.21537780761719,412.1811218261719
2022-04-18,34.74847412109375,34.35272216796875,71.15726470947266,127.28209686279297,93.05266571044922,33.036407470703125,412.3506164550781
2022-04-19,34.46541213989258,34.82483673095703,72.49220275878906,128.49818420410156,94.74385833740234,33.25029754638672,419.0069885253906
2022-04-20,34.59835433959961,35.06550979614258,72.42447662353516,130.22486877441406,95.25773620605469,33.52095031738281,418.6964111328125
2022-04-21,33.50041198730469,34.51008987426758,71.19596099853516,128.78599548339844,94.2860107421875,32.96656036376953,412.4353332519531
2022-04-22,32.681236267089844,33.48256301879883,69.20323944091797,124.08868408203125,91.96879577636719,32.41217041015625,401.118408203125
2022-04-25,31.600440979003906,33.5380973815918,70.24313354492188,124.9241714477539,91.96879577636719,32.18953323364258,403.4439697265625
2022-04-26,31.643335342407227,32.69572067260742,67.62648010253906,122.72403717041016,89.95992279052734,31.866506576538086,391.7598876953125
2022-04-27,32.10653305053711,32.66794967651367,68.62767791748047,122.45484924316406,90.29631042480469,31.713729858398438,392.8614196777344
2022-04-28,33.080101013183594,33.08451461791992,71.37492370605469,124.14436340332031,91.31475067138672,32.067317962646484,402.7848815917969
2022-04-29,32.23091125488281,31.945899963378906,68.4003677368164,120.95097351074219,88.89478302001953,31.106945037841797,387.8996887207031
2022-05-02,32.745574951171875,31.955156326293945,69.44024658203125,120.19902038574219,89.08163452148438,30.788288116455078,390.23468017578125
2022-05-03,33.663387298583984,32.37171936035156,69.5611801147461,120.57962799072266,89.67029571533203,30.906152725219727,392.0235595703125
2022-05-04,35.06157302856445,33.362220764160156,72.00369262695312,123.2531967163086,92.2677993774414,31.595861434936523,403.9618225097656
2022-05-05,34.534034729003906,32.39023208618164,68.54063415527344,120.85811614990234,89.85714721679688,31.272838592529297,389.6038513183594
2022-05-06,35.56336212158203,32.1588134765625,67.98924255371094,120.4775161743164,89.24981689453125,31.521657943725586,387.27838134765625
2022-05-09,32.621192932128906,31.390485763549805,65.35809326171875,117.35835266113281,87.09146118164062,31.28592872619629,374.8787536621094
2022-05-10,32.91712951660156,31.112775802612305,66.35444641113281,117.7761001586914,86.521484375,30.906152725219727,375.7449035644531
2022-05-11,33.35887145996094,30.825803756713867,64.2601547241211,116.99630737304688,85.73663330078125,31.1287784576416,369.7757873535156
2022-05-12,33.50041198730469,30.594377517700195,63.597537994384766,118.12886047363281,85.89547729492188,30.814476013183594,369.3897705078125
2022-05-13,34.64553451538086,31.038711547851562,65.71116638183594,119.3821029663086,86.98869323730469,31.18115997314453,378.2210998535156
2022-05-16,35.55907440185547,30.779512405395508,65.13075256347656,120.26399230957031,86.8672103881836,31.277198791503906,376.68646240234375
2022-05-17,35.970794677734375,31.6033935546875,67.01708984375,121.9164047241211,88.83869934082031,31.6002254486084,384.4349670410156
2022-05-18,35.04868698120117,30.733238220214844,63.95061111450195,118.76940155029297,85.53108978271484,31.294660568237305,368.9378662109375
2022-05-19,34.9200325012207,30.529579162597656,63.24929428100586,119.02933502197266,84.76490783691406,31.229183197021484,366.6781921386719
2022-05-20,35.07013702392578,30.47403335571289,63.389556884765625,120.4775161743164,83.84925079345703,31.316478729248047,366.8383483886719
2022-05-23,35.99653244018555,31.464536666870117,64.84540557861328,121.53581237792969,85.22274017333984,31.691892623901367,373.7018737792969
2022-05-24,36.13378143310547,31.399728775024414,63.88289260864258,121.89781951904297,85.17601776123047,32.32487106323242,370.84918212890625
2022-05-25,36.880043029785156,31.64967918395996,64.62776184082031,121.86070251464844,85.67123413085938,32.30303955078125,374.1255798339844
2022-05-26,37.2874870300293,32.380985260009766,66.1803207397461,122.38057708740234,87.40912628173828,32.39470672607422,381.6010437011719
2022-05-27,37.96942138671875,32.927146911621094,68.41971588134766,124.41358947753906,89.20309448242188,32.901084899902344,390.9690246582031
2022-05-31,37.39900207519531,32.834571838378906,67.93120574951172,122.75190734863281,88.483642578125,32.44709396362305,388.7752990722656
2022-06-01,38.00802230834961,32.30691909790039,67.72806549072266,120.98808288574219,87.94172668457031,32.39470672607422,385.6307678222656
2022-06-02,37.8879280090332,32.75126266479492,69.36769104003906,121.94425964355469,89.62356567382812,32.612979888916016,392.97442626953125
2022-06-03,38.38973617553711,32.27915573120117,67.70870971679688,120.5146484375,89.27787017822266,32.45582580566406,386.52508544921875
2022-06-06,38.34684371948242,32.37171936035156,67.71356201171875,120.53321075439453,89.651611328125,32.59988021850586,387.7020263671875
2022-06-07,39.49197006225586,32.62165832519531,68.52128601074219,122.10208892822266,90.85691833496094,32.79631423950195,391.4209289550781
2022-06-08,39.5777473449707,32.04772186279297,67.7474136352539,121.1366195678711,89.21246337890625,32.15461349487305,387.16534423828125
2022-06-09,38.702823638916016,31.24237060546875,65.9384994506836,118.39807891845703,87.45586395263672,31.38196563720703,377.9574890136719
2022-06-10,38.04662322998047,30.113014221191406,63.40406036376953,116.49501037597656,84.87703704833984,31.141878128051758,366.9983825683594
2022-06-13,36.06086730957031,29.2150821685791,60.59394454956055,112.96739959716797,82.32623291015625,29.710060119628906,353.0640563964844
2022-06-14,36.129493713378906,28.965147018432617,60.97605895996094,111.89054870605469,82.12068939208984,28.95923614501953,352.00018310546875
2022-06-15,35.33176040649414,29.289138793945312,62.262611389160156,113.0230941772461,82.91487121582031,29.146944046020508,357.01837158203125
2022-06-16,33.34172058105469,28.548582077026367,59.72819519042969,111.36138916015625,80.14920043945312,28.58382797241211,345.20245361328125
2022-06-17,31.51894760131836,28.63189697265625,60.27473831176758,111.29641723632812,79.94361877441406,28.31753921508789,345.94659423828125
2022-06-21,33.15182113647461,29.20330238342285,61.80855941772461,114.29263305664062,81.4020004272461,28.856569290161133,354.6553649902344
2022-06-22,31.824710845947266,29.138158798217773,61.54669952392578,115.87744903564453,80.9515380859375,29.160181045532227,354.0124816894531
2022-06-23,30.645055770874023,29.0264835357666,62.468048095703125,118.47838592529297,80.53861236572266,29.846614837646484,357.482666015625
2022-06-24,31.048389434814453,30.096717834472656,64.7132568359375,120.44540405273438,83.35399627685547,30.365842819213867,368.848388671875
2022-06-27,31.95915412902832,29.99434471130371,64.27682495117188,120.89289855957031,83.15691375732422,30.61225128173828,367.43951416015625
2022-06-28,32.82221221923828,29.69654083251953,62.35166931152344,118.7860336303711,82.19031524658203,30.497844696044922,359.9316711425781
2022-06-29,31.681591033935547,29.52902603149414,62.477745056152344,119.82083892822266,81.71167755126953,30.51984214782715,359.6385803222656
2022-06-30,31.01369285583496,29.26845359802246,61.643680572509766,119.55048370361328,81.9650650024414,30.858657836914062,356.71673583984375
2022-07-01,31.477750778198242,29.668621063232422,61.78430938720703,120.89289855957031,82.67828369140625,31.615509033203125,360.4895935058594
2022-07-05,30.228696823120117,29.566253662109375,62.560184478759766,120.19371032714844,81.43952941894531,30.537445068359375,361.1703796386719
2022-07-06,29.712604522705078,29.491802215576172,63.09843826293945,121.0047607421875,81.90874481201172,30.854259490966797,362.3901672363281
2022-07-07,30.78383445739746,29.91989517211914,64.40290832519531,121.51749420166016,82.8753662109375,30.823463439941406,367.8177795410156
2022-07-08,30.770822525024414,29.854747772216797,64.4320068359375,121.8810806274414,82.49999237060547,30.72225570678711,367.5151672363281
2022-07-11,30.475910186767578,29.612789154052734,63.54458999633789,121.57344055175781,81.94630432128906,30.91587257385254,363.3168640136719
2022-07-12,29.88174819946289,29.426658630371094,62.67657470703125,120.02593231201172,81.69290924072266,30.76626205444336,360.1018981933594
2022-07-13,29.83403778076172,29.166078567504883,62.511695861816406,118.8606185913086,80.69815063476562,30.63865089416504,358.21075439453125
2022-07-14,29.270231246948242,28.60770606994629,63.08390808105469,118.51569366455078,80.23829650878906,30.63865089416504,357.3408203125
2022-07-15,29.747295379638672,29.575557708740234,64.19438934326172,121.37767028808594,81.4958267211914,30.69585609436035,364.1678771972656
2022-07-18,30.428205490112305,29.463882446289062,63.57368469238281,118.81401062011719,81.0078353881836,30.269041061401367,361.16094970703125
2022-07-19,31.364986419677734,30.34798240661621,65.51337432861328,120.83695983886719,83.8982925415039,30.462642669677734,370.919189453125
2022-07-20,31.6685791015625,30.45966148376465,66.53658294677734,119.6436996459961,84.54583740234375,30.057828903198242,373.2831115722656
2022-07-21,31.113447189331055,30.655094146728516,67.47249603271484,121.5361328125,85.15583038330078,30.13702392578125,377.0843505859375
2022-07-22,30.857566833496094,30.478271484375,66.54143524169922,121.03275299072266,84.8836669921875,30.55064582824707,373.58575439453125
2022-07-25,31.989519119262695,30.673707962036133,66.11952209472656,121.66667175292969,85.2872085571289,30.9334659576416,374.0396423339844
2022-07-26,31.69893455505371,30.245615005493164,65.04784393310547,122.29126739501953,84.8273696899414,31.118270874023438,369.6143493652344
2022-07-27,32.41453170776367,30.71092987060547,67.84588623046875,123.05571746826172,86.1412353515625,31.14468002319336,379.2119445800781
2022-07-28,32.59668731689453,30.934288024902344,68.8787612915039,123.8387680053711,87.94305419921875,32.262332916259766,383.9681396484375
2022-07-29,34.010536193847656,31.371679306030273,69.9359130859375,123.42855834960938,89.75428771972656,32.53953552246094,389.56585693359375
2022-08-01,33.307945251464844,31.11110496520996,69.78556823730469,122.51498413085938,89.84812927246094,32.57474899291992,388.41229248046875
2022-08-02,33.22988510131836,30.766769409179688,69.29094696044922,122.07683563232422,88.90028381347656,32.50873947143555,385.8498229980469
2022-08-03,32.2757453918457,31.232084274291992,71.1336669921875,123.19551849365234,89.73550415039062,32.71115493774414,391.8920593261719
2022-08-04,31.078750610351562,31.12971305847168,71.45856475830078,122.5895767211914,90.0639877319336,32.781551361083984,391.6272277832031
2022-08-05,31.694602966308594,31.353071212768555,71.29368591308594,122.5429458618164,90.2047348022461,32.66274642944336,390.9653625488281
2022-08-08,31.859403610229492,31.334455490112305,70.68753814697266,122.83195495605469,90.17657470703125,32.71115493774414,390.5114440917969
2022-08-09,32.41886901855469,31.492656707763672,69.97956085205078,122.45906829833984,89.84812927246094,33.076358795166016,388.96075439453125
2022-08-10,32.65306091308594,32.1999397277832,71.89015197753906,123.79216003417969,91.81888580322266,33.2215690612793,397.13043212890625
2022-08-11,33.776344299316406,32.58150100708008,71.60889434814453,122.99046325683594,92.30689239501953,33.217166900634766,397.13043212890625
2022-08-12,34.0322265625,33.09335708618164,73.03456115722656,124.56587982177734,93.69580841064453,33.75839614868164,403.85345458984375
2022-08-15,33.36867141723633,33.084049224853516,73.49524688720703,125.19052124023438,93.92105102539062,34.04001235961914,405.5176086425781
2022-08-16,33.29059982299805,33.32601547241211,73.29643249511719,124.85491943359375,94.34334564208984,34.136817932128906,406.31201171875
2022-08-17,33.568172454833984,33.15848922729492,72.772705078125,124.12773895263672,93.59258270263672,34.07961654663086,403.427978515625
2022-08-18,34.47025680541992,33.19572448730469,73.15094757080078,123.57772827148438,93.96794891357422,34.20722579956055,404.6004638671875
2022-08-19,34.461585998535156,32.534969329833984,71.82225799560547,123.91336822509766,92.7573471069336,34.18961715698242,399.1634216308594
2022-08-22,34.39652633666992,31.818389892578125,69.81951904296875,122.29126739501953,90.9930419921875,33.72319412231445,390.8518981933594
2022-08-23,35.63689422607422,31.68809700012207,69.63524627685547,120.58525085449219,91.16197967529297,33.520790100097656,389.9062805175781
2022-08-24,36.07493591308594,31.855600357055664,69.67888641357422,120.73442077636719,91.4622802734375,33.62638854980469,391.1544494628906
2022-08-25,36.352508544921875,32.34885025024414,70.85723114013672,122.06753540039062,92.8605728149414,33.83320617675781,396.676513671875
2022-08-26,35.927486419677734,31.3809871673584,67.8313217163086,118.66483306884766,89.64166259765625,33.31398010253906,383.2494812011719
2022-08-29,36.46959686279297,31.157634735107422,66.93421936035156,117.83515167236328,89.2381362915039,33.415184020996094,380.71539306640625
2022-08-30,35.23356246948242,30.990121841430664,66.23591613769531,117.05205535888672,87.95243072509766,32.92676544189453,376.53594970703125
2022-08-31,34.912635803222656,30.757463455200195,65.59095764160156,116.30628204345703,87.2110595703125,32.71115493774414,373.6708068847656
2022-09-01,34.05391311645508,30.85052490234375,65.27091217041016,118.21737670898438,87.33304595947266,33.18197250366211,374.8433532714844
2022-09-02,34.67842483520508,30.60856056213379,64.42230224609375,116.52067565917969,86.48844909667969,32.82555389404297,370.890869140625
2022-09-06,34.35750198364258,30.534116744995117,63.99555969238281,116.63257598876953,86.62919616699219,32.90916442871094,369.491455078125
2022-09-07,33.958499908447266,31.13902473449707,65.01876831054688,118.53434753417969,88.01813507080078,33.93880844116211,376.12933349609375
2022-09-08,34.105953216552734,31.68809700012207,65.24182891845703,120.59458923339844,88.2809066772461,33.91240692138672,378.5878601074219
2022-09-09,34.955997467041016,31.97660255432129,66.53173065185547,121.6573257446289,89.42582702636719,34.04880905151367,384.46929931640625
2022-09-12,35.597869873046875,32.23717498779297,67.59857940673828,122.4683609008789,89.96076202392578,34.37443542480469,388.6014709472656
2022-09-13,34.70011520385742,31.036653518676758,64.0101089477539,118.4224624633789,86.57290649414062,33.45918273925781,371.7040710449219
2022-09-14,35.680274963378906,30.943586349487305,64.24286651611328,118.48771667480469,86.40399932861328,33.731998443603516,373.1224365234375
2022-09-15,34.76084518432617,31.045963287353516,62.76385498046875,119.14958953857422,85.5030517578125,32.89155960083008,368.8862609863281
2022-09-16,34.01921844482422,30.766769409179688,62.41471862792969,118.81401062011719,83.71997833251953,32.76834487915039,366.0720520019531
2022-09-19,34.03938674926758,31.11572265625,62.92367935180664,118.17382049560547,84.85623931884766,33.20736312866211,368.9109191894531
2022-09-20,33.802635192871094,30.657310485839844,62.554222106933594,116.78858947753906,83.80014038085938,32.72450256347656,364.6763610839844
2022-09-21,33.30721664428711,30.021156311035156,61.57711410522461,114.85116577148438,82.68745422363281,32.27705764770508,358.31500244140625
2022-09-22,33.1888427734375,29.515968322753906,60.95002365112305,115.45954132080078,81.4427719116211,32.16188430786133,355.30517578125
2022-09-23,30.900251388549805,29.048202514648438,60.15278244018555,114.869873046875,79.91516876220703,31.789764404296875,349.3521728515625
2022-09-26,30.141769409179688,28.589794158935547,59.73472213745117,113.77481079101562,79.0759506225586,31.023374557495117,345.8961181640625
2022-09-27,30.47936248779297,28.468175888061523,59.8125,113.42852020263672,78.81192779541016,30.500629425048828,345.01318359375
2022-09-28,31.829715728759766,29.029497146606445,60.444461822509766,115.90879821777344,80.54695129394531,30.828453063964844,351.80169677734375
2022-09-29,31.829715728759766,28.664636611938477,58.86941146850586,114.93541717529297,79.15139770507812,29.592477798461914,344.4529113769531
2022-09-30,31.5754337310791,28.40268325805664,57.74161911010742,113.35363006591797,78.11412811279297,29.0210018157959,339.1264953613281
2022-10-03,33.35982131958008,29.16982078552246,59.530548095703125,115.68416595458984,80.47149658203125,29.871570587158203,348.079833984375
2022-10-04,34.793479919433594,30.25503921508789,61.52851867675781,118.37035369873047,83.27207946777344,30.505054473876953,358.86566162109375
2022-10-05,35.51250076293945,30.021156311035156,61.73268127441406,118.76345825195312,82.81947326660156,29.82726287841797,358.0301818847656
2022-10-06,36.14382553100586,29.60016441345215,61.22711944580078,117.24722290039062,81.86709594726562,28.84380340576172,354.3368225097656
2022-10-07,35.86322784423828,28.89851951599121,58.70900344848633,114.76692962646484,80.3017807006836,28.24575424194336,344.4529113769531
2022-10-10,35.126678466796875,28.767541885375977,57.722171783447266,114.04624938964844,80.58467864990234,28.294483184814453,341.8229675292969
2022-10-11,34.84608840942383,28.40268325805664,56.837432861328125,114.65460968017578,80.5658187866211,28.192594528198242,339.6581726074219
2022-10-12,35.126678466796875,28.337200164794922,56.66242599487305,114.0930404663086,79.93404388427734,27.25343132019043,338.537841796875
2022-10-13,36.56033706665039,29.506614685058594,58.42219924926758,116.75115203857422,81.69735717773438,27.93565559387207,347.4722595214844
2022-10-14,35.19682693481445,29.010784149169922,56.77910614013672,115.96495819091797,79.90575408935547,27.532520294189453,339.55377197265625
2022-10-17,35.635257720947266,29.740493774414062,58.50968933105469,117.82749938964844,81.65021514892578,28.108421325683594,348.2792663574219
2022-10-18,35.946529388427734,30.217615127563477,59.00553512573242,118.4826889038086,83.62097930908203,28.622310638427734,352.3714294433594
2022-10-19,37.007530212402344,29.721784591674805,58.83538818359375,116.8260269165039,83.02689361572266,28.25018310546875,349.87445068359375
2022-10-20,37.04259490966797,29.244665145874023,58.86941146850586,115.83393096923828,81.3956069946289,27.53695297241211,346.9404602050781
2022-10-21,38.11236572265625,30.114709854125977,60.444461822509766,118.43586730957031,83.63040161132812,28.046405792236328,355.3717346191406
2022-10-24,38.292110443115234,30.516983032226562,61.28059005737305,120.71961212158203,84.74310302734375,28.28118896484375,359.72021484375
2022-10-25,38.33156967163086,30.881839752197266,62.4521369934082,121.63685607910156,85.88406372070312,28.848236083984375,365.4644470214844
2022-10-26,38.853302001953125,30.956684112548828,61.06183624267578,122.984619140625,86.18579864501953,28.834945678710938,362.7109680175781
2022-10-27,38.99360275268555,31.209280014038086,60.36668395996094,122.33883666992188,87.19477081298828,29.0653076171875,360.77410888671875
2022-10-28,39.1295051574707,31.985769271850586,62.99173355102539,124.35114288330078,89.22211456298828,29.86271858215332,369.3571472167969
2022-10-31,39.45832443237305,31.7893009185791,62.16047286987305,124.24817657470703,88.967529296875,29.583620071411133,366.689208984375
2022-11-01,39.839759826660156,31.873493194580078,61.640323638916016,124.32304382324219,88.88263702392578,29.698795318603516,365.0845947265625
2022-11-02,38.87961196899414,31.471216201782227,59.51110076904297,122.2077865600586,87.3173599243164,29.410842895507812,355.9223937988281
2022-11-03,39.59861755371094,31.15314292907715,57.76106643676758,121.6930160522461,88.23200988769531,29.539318084716797,352.25750732421875
2022-11-04,40.08088684082031,31.723825454711914,58.815948486328125,122.43242645263672,89.64643859863281,29.720943450927734,357.32757568359375
2022-11-07,40.76921463012695,32.041893005371094,59.79791259765625,123.74274444580078,90.60823822021484,29.153907775878906,360.7456359863281
2022-11-08,40.808677673339844,32.229007720947266,60.371543884277344,124.36046600341797,91.40031433105469,29.357688903808594,362.6919860839844
2022-11-09,38.8138427734375,31.68638801574707,58.801368713378906,123.0220718383789,90.1273422241211,29.127330780029297,355.2197570800781
2022-11-10,39.67753601074219,33.286163330078125,63.6334228515625,126.14814758300781,93.90858459472656,30.500629425048828,374.7406311035156
2022-11-11,40.83060073852539,33.55744934082031,64.72234344482422,124.60384368896484,93.85199737548828,30.159517288208008,378.3675231933594
2022-11-14,40.817447662353516,33.08034133911133,64.16815185546875,124.71615600585938,93.27681732177734,29.80068588256836,375.1488952636719
2022-11-15,41.247108459472656,33.15517807006836,64.94596099853516,124.55705261230469,93.91801452636719,30.128511428833008,378.3484802246094
2022-11-16,40.405330657958984,32.99613571166992,64.05635070800781,124.50089263916016,93.23908996582031,30.39874267578125,375.4621276855469
2022-11-17,40.49300765991211,32.81838607788086,64.13898468017578,124.44471740722656,93.07878875732422,29.867136001586914,374.31329345703125
2022-11-18,40.17295837402344,33.08969497680664,64.21189880371094,125.95160675048828,93.76713562011719,30.500629425048828,376.01287841796875
2022-11-21,39.629310607910156,33.19260025024414,63.52161407470703,126.00775909423828,94.06888580322266,30.637964248657227,374.6456604003906
2022-11-22,40.870059967041016,33.529388427734375,64.75150299072266,127.1028060913086,94.7949447631836,30.89933204650879,379.6872863769531
2022-11-23,40.427242279052734,33.66972351074219,65.32511901855469,127.60822296142578,95.15327453613281,31.244873046875,382.07989501953125
2022-11-25,40.2781867980957,33.781978607177734,64.94596099853516,128.36636352539062,95.52103424072266,31.42650604248047,381.99444580078125
2022-11-28,39.1733512878418,33.20195770263672,63.55564498901367,127.40233612060547,93.78599548339844,31.103107452392578,375.89898681640625
2022-11-29,39.76522445678711,33.39841842651367,62.93340301513672,127.08412170410156,94.36119842529297,30.872751235961914,375.2533874511719
2022-11-30,39.96251678466797,33.969093322753906,66.09320068359375,130.11660766601562,95.91707611083984,31.643569946289062,387.0740661621094
2022-12-01,39.83099365234375,33.77262878417969,66.1855697631836,130.49099731445312,95.94535064697266,31.616992950439453,386.7891540527344
2022-12-02,39.594242095947266,33.61359405517578,65.80152130126953,130.8279571533203,96.49225616455078,31.466373443603516,386.3428955078125
2022-12-05,38.419254302978516,32.780967712402344,64.70775604248047,129.57376098632812,94.87983703613281,31.289165496826172,379.3929138183594
2022-12-06,37.406490325927734,32.4909553527832,63.322288513183594,128.5909881591797,93.75772094726562,31.484094619750977,373.9241027832031
2022-12-07,37.318809509277344,32.3599853515625,63.001468658447266,129.6486358642578,93.63513946533203,31.337909698486328,373.2879943847656
2022-12-08,37.1522102355957,32.388038635253906,64.03203582763672,130.81858825683594,94.19147491455078,31.54167938232422,376.2121887207031
2022-12-09,36.24905014038086,32.30384826660156,63.63828659057617,129.1432342529297,93.41825866699219,31.377769470214844,373.40185546875
2022-12-12,37.20042419433594,32.73419189453125,65.02860260009766,130.5190887451172,95.02127838134766,32.095436096191406,378.7852783203125
2022-12-13,37.90629959106445,32.81838607788086,65.79666137695312,130.92152404785156,95.37959289550781,32.192893981933594,381.65264892578125
2022-12-14,37.673927307128906,32.40675354003906,65.24250030517578,131.1273956298828,95.2004165649414,32.15301513671875,379.2125244140625
2022-12-15,37.445945739746094,31.77059555053711,62.802154541015625,128.7220458984375,92.89962768554688,31.763179779052734,369.93634033203125
2022-12-16,36.985599517822266,31.527355194091797,61.970890045166016,126.8501205444336,92.50357055664062,31.222721099853516,365.5688171386719
2022-12-19,36.981170654296875,31.44263458251953,61.144535064697266,126.37647247314453,92.01659393310547,31.098562240600586,362.46893310546875
2022-12-20,37.539283752441406,31.574424743652344,61.23716735839844,126.34825897216797,92.1302719116211,31.10749053955078,362.9648742675781
2022-12-21,38.25241470336914,32.06395721435547,62.2512092590332,128.01173400878906,93.8641128540039,31.54071807861328,368.3921203613281
2022-12-22,37.370967864990234,31.78152847290039,60.681396484375,127.83314514160156,92.67033386230469,31.348669052124023,363.13665771484375
2022-12-23,38.562477111816406,31.960407257080078,60.74477005004883,127.9083480834961,93.21985626220703,31.670246124267578,365.2254638671875
2022-12-27,38.97441482543945,31.950990676879883,60.16949462890625,127.57941436767578,93.50411224365234,31.866748809814453,363.78521728515625
2022-12-28,38.101802825927734,31.838010787963867,59.1993408203125,126.75237274169922,92.28189086914062,31.563047409057617,359.26409912109375
2022-12-29,38.50046920776367,32.28047561645508,60.74965286254883,128.13388061523438,93.41881561279297,31.79083251953125,365.7309875488281
2022-12-30,38.744083404541016,32.19575881958008,60.66677474975586,127.67340087890625,93.04933166503906,31.48712158203125,364.76763916015625
2023-01-03,37.38425064086914,32.30870819091797,60.091495513916016,127.30687713623047,93.2482681274414,31.48712158203125,363.23199462890625
2023-01-04,37.37982177734375,32.82648468017578,60.24750518798828,127.64519500732422,94.07257080078125,31.77296257019043,366.03619384765625
2023-01-05,38.06195068359375,32.581722259521484,59.077457427978516,126.3388671875,93.05877685546875,31.08515739440918,361.8584899902344
2023-01-06,38.78395080566406,33.30659103393555,60.80814743041992,127.50423431396484,95.60745239257812,31.71043586730957,370.15667724609375
2023-01-09,38.64664077758789,33.1842155456543,61.515045166015625,125.37083435058594,95.18107604980469,31.924819946289062,369.94683837890625
2023-01-10,38.9212646484375,33.372493743896484,61.895320892333984,126.42347717285156,95.70217895507812,31.93375015258789,372.54119873046875
2023-01-11,39.04084777832031,33.68315887451172,62.96786117553711,127.1377182006836,96.62120056152344,32.192787170410156,377.2530822753906
2023-01-12,39.78498840332031,33.74905014038086,63.43585205078125,126.73358154296875,97.18968200683594,31.97395133972168,378.6265563964844
2023-01-13,39.84257888793945,34.00322341918945,63.61625289916992,127.29747772216797,97.07599639892578,31.857820510864258,380.09539794921875
2023-01-17,39.92673110961914,33.77729034423828,63.90388107299805,126.70537567138672,96.25170135498047,31.81316566467285,379.3992004394531
2023-01-18,39.195884704589844,33.14655303955078,63.079994201660156,124.91975402832031,94.44208526611328,31.04943084716797,373.4092102050781
2023-01-19,39.68312072753906,32.760581970214844,62.34382629394531,125.22048950195312,92.49979400634766,30.736793518066406,370.69085693359375
2023-01-20,40.077335357666016,33.278350830078125,64.03064727783203,125.85015869140625,93.78831481933594,30.91991424560547,377.5964660644531
2023-01-23,40.13048553466797,33.6643180847168,65.48832702636719,126.2824478149414,94.81159210205078,30.928842544555664,382.1270751953125
2023-01-24,39.97545623779297,33.68315887451172,65.45907592773438,125.44603729248047,95.43689727783203,31.08515739440918,381.71697998046875
2023-01-25,39.979881286621094,33.94674301147461,65.32255554199219,125.48363494873047,94.90632629394531,30.665332794189453,381.8599853515625
2023-01-26,41.24227523803711,34.125606536865234,66.3658447265625,125.71862030029297,95.42742919921875,30.76805305480957,386.05682373046875
2023-01-27,40.40953826904297,34.125606536865234,66.64374542236328,124.8633804321289,95.82535552978516,30.76805305480957,386.94384765625
2023-01-30,39.48379898071289,33.95615768432617,65.37132263183594,123.73560333251953,94.88737487792969,30.62960433959961,382.08892822265625
2023-01-31,39.83372116088867,34.417442321777344,66.28298950195312,125.33325958251953,96.4980239868164,30.85738182067871,387.7069091796875
2023-02-01,39.04971694946289,34.417442321777344,67.84304809570312,125.92536163330078,97.19914245605469,30.910978317260742,391.8273620605469
2023-02-02,38.15940475463867,34.5115852355957,69.69562530517578,125.07013702392578,97.95712280273438,30.977970123291016,397.5311584472656
2023-02-03,38.07524108886719,34.44568634033203,69.1154556274414,124.70362091064453,97.44549560546875,30.330358505249023,393.3057861328125
2023-02-06,37.902488708496094,34.43627166748047,68.27204132080078,124.00814056396484,97.20862579345703,30.589401245117188,390.9021911621094
2023-02-07,39.133880615234375,34.8316535949707,69.97837829589844,124.80697631835938,97.51181030273438,30.576005935668945,396.0146179199219
2023-02-08,38.78395080566406,34.624549865722656,69.13496398925781,124.4404525756836,96.96228790283203,30.062379837036133,391.6842346191406
2023-02-09,38.45174026489258,34.23857498168945,68.75470733642578,123.35027313232422,96.09063720703125,29.6514892578125,388.2887268066406
2023-02-10,39.95774459838867,34.35154342651367,68.43780517578125,124.515625,96.77279663085938,30.241039276123047,389.1948547363281
2023-02-13,39.855873107910156,34.7469367980957,69.62248229980469,125.54943084716797,97.65392303466797,30.424150466918945,393.7635192871094
2023-02-14,39.8691520690918,34.55865478515625,69.91986846923828,124.80697631835938,97.38866424560547,30.294631958007812,393.5823669433594
2023-02-15,39.19145965576172,34.59630584716797,70.24649810791016,124.18669128417969,97.99502563476562,30.491146087646484,394.8605041503906
2023-02-16,38.806095123291016,34.24798583984375,69.0277099609375,122.94615173339844,96.98123168945312,30.25890350341797,389.423828125
2023-02-17,37.424110412597656,34.25740432739258,68.16481018066406,124.04571533203125,97.61603546142578,30.58493995666504,388.4509582519531
2023-02-21,37.23808288574219,33.551361083984375,66.5462417602539,122.43865203857422,95.38004302978516,30.013261795043945,380.6581726074219
2023-02-22,36.99003982543945,33.513694763183594,66.44873046875,122.02511596679688,95.1431884765625,29.89713478088379,380.1335754394531
2023-02-23,37.54814147949219,33.54193878173828,67.55052947998047,122.35406494140625,95.5885009765625,29.740812301635742,382.15570068359375
2023-02-24,37.49941635131836,33.570186614990234,66.34637451171875,120.7751693725586,95.03898620605469,29.7497501373291,378.0733947753906
2023-02-27,37.61015319824219,33.56077194213867,66.70223999023438,120.40866088867188,95.88219451904297,29.54876708984375,379.36102294921875
2023-02-28,37.069766998291016,33.626670837402344,66.55598449707031,119.51582336425781,95.6642837524414,29.03067970275879,377.9588623046875
2023-03-01,37.80061721801758,33.513694763183594,66.0684814453125,119.31847381591797,96.04326629638672,28.552793502807617,376.5090637207031
2023-03-02,38.13282012939453,33.35366439819336,66.88262939453125,120.05152130126953,97.17072296142578,29.09320640563965,379.43731689453125
2023-03-03,38.651065826416016,33.88084411621094,68.32080841064453,121.39545440673828,98.22239685058594,29.588964462280273,385.522705078125
2023-03-06,38.66878890991211,33.90908432006836,68.64744567871094,121.33907318115234,98.04239654541016,29.731882095336914,385.7897033691406
2023-03-07,37.995513916015625,33.03358459472656,67.79427337646484,119.38426208496094,96.78227233886719,29.245058059692383,379.8760681152344
2023-03-08,37.60572814941406,32.91120147705078,68.35493469238281,118.74518585205078,97.0096664428711,29.4683780670166,380.49603271484375
2023-03-09,37.074188232421875,31.574424743652344,67.3750228881836,117.54222106933594,95.5790023803711,29.231658935546875,373.47601318359375
2023-03-10,36.60024642944336,31.00017547607422,66.19036102294922,116.6776123046875,93.79780578613281,28.771638870239258,368.0868835449219
2023-03-13,35.85611343383789,29.776357650756836,66.55111694335938,117.76779174804688,93.26722717285156,29.213796615600586,367.5622863769531
2023-03-14,36.2104606628418,30.37885284423828,68.08679962158203,118.82038116455078,94.2525863647461,29.597890853881836,373.63812255859375
2023-03-15,34.26594161987305,29.569250106811523,68.12580871582031,118.71699523925781,91.93131256103516,29.99985694885254,371.3012390136719
2023-03-16,34.63801574707031,30.134090423583984,70.03688049316406,119.82597351074219,93.11563110351562,30.200838088989258,377.81585693359375
2023-03-17,34.09320068359375,29.164451599121094,69.93936157226562,118.2846908569336,91.5902328491211,29.91053581237793,373.39813232421875
2023-03-20,34.775726318359375,29.48895263671875,70.12794494628906,119.78386688232422,92.80318450927734,30.144489288330078,376.98858642578125
2023-03-21,35.97967529296875,30.236345291137695,70.69473266601562,120.51034545898438,93.87821197509766,29.5371036529541,381.9386291503906
2023-03-22,35.21434783935547,29.5362548828125,69.99116516113281,118.68943786621094,92.08018493652344,28.95670509338379,375.4279479980469
2023-03-23,34.726505279541016,29.337581634521484,71.12958526611328,118.4629898071289,91.81380462646484,28.659761428833008,376.4428405761719
2023-03-24,34.86077117919922,29.318660736083984,71.31526184082031,120.10464477539062,92.1943359375,29.55510139465332,378.9131164550781
2023-03-27,35.603721618652344,29.725467681884766,70.76314544677734,120.59525299072266,92.96492004394531,29.591089248657227,379.6216735839844
2023-03-28,36.154239654541016,29.71600914001465,70.43087768554688,119.86878204345703,93.44058990478516,29.672075271606445,378.7694396972656
2023-03-29,36.65550994873047,30.151203155517578,71.90644836425781,120.19900512695312,94.80101776123047,30.1039981842041,384.2748107910156
2023-03-30,36.81663513183594,30.08497428894043,72.74195098876953,120.84999084472656,95.00080108642578,30.234477996826172,386.52484130859375
2023-03-31,37.07174301147461,30.416101455688477,73.78265380859375,122.14256286621094,96.25656127929688,30.45493507385254,391.9728088378906
2023-04-03,38.75010681152344,30.47286605834961,73.66539001464844,123.51062774658203,96.42781066894531,30.247970581054688,393.4664001464844
2023-04-04,38.04743576049805,30.189043045043945,73.25984954833984,123.52947235107422,94.26824951171875,30.40094757080078,391.2833557128906
2023-04-05,38.62031173706055,30.151203155517578,72.42436981201172,125.66173553466797,93.0410385131836,31.188297271728516,390.25897216796875
2023-04-06,38.03400421142578,30.264726638793945,72.83478546142578,125.97307586669922,93.01248168945312,31.40876007080078,391.7813415527344
2023-04-10,38.33833694458008,30.33095359802246,72.79570007324219,125.88816833496094,93.85917663574219,31.345766067504883,392.1834411621094
2023-04-11,38.700870513916016,30.595849990844727,72.1116714477539,126.31272888183594,94.42047119140625,31.372774124145508,392.28875732421875
2023-04-12,38.72772979736328,30.529626846313477,71.70124053955078,126.3504867553711,94.73441314697266,31.341276168823242,390.6897277832031
2023-04-13,38.96940994262695,30.80398941040039,73.03508758544922,127.99214172363281,95.08641815185547,31.345766067504883,395.87921142578125
2023-04-14,39.0410270690918,31.106735229492188,72.62957000732422,126.9637222290039,94.97224426269531,30.994831085205078,394.91217041015625
2023-04-17,38.58002853393555,31.466236114501953,72.89340209960938,126.85997009277344,95.72380828857422,31.165803909301758,396.3291931152344
2023-04-18,38.73220443725586,31.560842514038086,73.11815643310547,125.99193572998047,96.18045806884766,31.003841400146484,396.587646484375
2023-04-19,38.59792709350586,31.636526107788086,72.90807342529297,126.37879180908203,96.10433959960938,31.242300033569336,396.5206298828125
2023-04-20,38.25777816772461,31.541921615600586,72.42925262451172,125.8598403930664,95.93311309814453,31.233287811279297,394.35687255859375
2023-04-21,38.03400421142578,31.42839813232422,72.19471740722656,126.70899963378906,95.71429443359375,31.323270797729492,394.66326904296875
2023-04-24,38.615840911865234,31.352699279785156,71.87712860107422,127.41661834716797,95.94261932373047,31.480745315551758,395.074951171875
2023-04-25,37.89078140258789,30.813446044921875,70.34294128417969,126.05799865722656,94.1731185913086,31.449247360229492,388.8035583496094
2023-04-26,37.38502883911133,30.520166397094727,71.3885269165039,124.2654037475586,92.39412689208984,30.71139144897461,387.1567077636719
2023-04-27,37.51929473876953,31.01212501525879,72.90318298339844,124.9163589477539,94.22068786621094,31.080320358276367,394.8642578125
2023-04-28,38.10113525390625,31.381088256835938,73.69469451904297,125.98250579833984,95.13397216796875,31.03533363342285,398.2345275878906
2023-05-01,37.67147445678711,31.295942306518555,73.73867797851562,126.63351440429688,95.64768981933594,31.089309692382812,397.83233642578125
2023-05-02,36.033390045166016,30.586395263671875,73.04974365234375,126.08629608154297,94.64879608154297,30.71139144897461,393.361083984375
2023-05-03,35.353084564208984,30.236345291137695,72.43412780761719,125.9164810180664,94.28729248046875,30.62590217590332,390.66107177734375
2023-05-04,34.95923614501953,29.848459243774414,72.08724212646484,124.9163589477539,93.25984191894531,30.859859466552734,387.89398193359375
2023-05-05,35.9080696105957,30.586395263671875,73.89501190185547,126.03911590576172,94.66781616210938,31.057817459106445,395.074951171875
2023-05-08,35.9080696105957,30.633695602416992,73.85594177246094,125.76551818847656,94.3253402709961,30.963342666625977,395.18017578125
2023-05-09,35.92149353027344,30.520166397094727,73.28916931152344,124.92583465576172,94.53462982177734,30.9228458404541,393.447265625
2023-05-10,35.51422119140625,30.34987449645996,74.18330383300781,125.27489471435547,94.1921615600586,31.206296920776367,395.28558349609375
2023-05-11,35.08903121948242,30.30257225036621,73.8510513305664,124.8880844116211,93.62136840820312,30.886859893798828,394.5962219238281
2023-05-12,35.14273452758789,30.179582595825195,73.75334167480469,124.71826934814453,93.68794250488281,31.057817459106445,394.07916259765625
2023-05-15,35.32176208496094,30.425556182861328,74.36407470703125,124.50125122070312,94.14459991455078,30.666400909423828,395.4386901855469
2023-05-16,34.453487396240234,30.141742706298828,74.44225311279297,123.46343231201172,92.86979675292969,29.987016677856445,392.7962341308594
2023-05-17,35.11588668823242,30.747224807739258,75.43409729003906,123.61437225341797,94.4680404663086,29.879039764404297,397.5643310546875
2023-05-18,35.37099838256836,30.974285125732422,76.9780502319336,123.31246948242188,95.15298461914062,29.78905487060547,401.39410400390625
2023-05-19,35.64400863647461,30.84183120727539,76.94385528564453,123.88797760009766,94.92469024658203,29.744064331054688,400.81005859375
2023-05-22,35.49630355834961,30.898595809936523,77.0904312133789,124.01065063476562,94.9056625366211,29.75305938720703,400.9728698730469
2023-05-23,35.876739501953125,30.539085388183594,75.95201110839844,122.65202331542969,93.76404571533203,29.649578094482422,396.4727783203125
2023-05-24,36.033390045166016,30.141742706298828,75.39502716064453,121.81234741210938,92.55584716796875,29.456113815307617,393.6004638671875
2023-05-25,35.393375396728516,30.132278442382812,78.28749084472656,120.56694793701172,92.86027526855469,29.060184478759766,397.0089416503906
2023-05-26,35.25462341308594,30.378257751464844,80.51058197021484,120.3216552734375,93.55473327636719,29.060184478759766,402.1505126953125
2023-05-30,34.8921012878418,30.368789672851562,80.9405517578125,119.57630920410156,93.41205596923828,28.947710037231445,402.3037109375
2023-05-31,34.278934478759766,30.047130584716797,80.26631164550781,120.60469818115234,92.13726043701172,29.21316146850586,400.0727844238281
2023-06-01,34.70412826538086,30.368789672851562,81.0822525024414,121.39720153808594,93.31693267822266,28.997201919555664,403.8739318847656
2023-06-02,35.760379791259766,31.031044006347656,81.5464096069336,122.95396423339844,96.02823638916016,29.298643112182617,409.71441650390625
2023-06-05,35.52316665649414,30.870210647583008,81.0773696899414,123.39738464355469,95.3623046875,29.43811798095703,408.9293518066406
2023-06-06,35.80960464477539,31.258094787597656,81.05783081054688,122.3689956665039,95.96166229248047,29.41562271118164,409.8197326660156
2023-06-07,36.75844192504883,31.381088256835938,79.8460922241211,121.8878402709961,97.50281524658203,29.915027618408203,408.4027099609375
2023-06-08,36.6017951965332,31.352699279785156,80.71092224121094,122.67090606689453,97.6740493774414,30.045513153076172,410.8729248046875
2023-06-09,36.400390625,31.362167358398438,81.11156463623047,123.04833221435547,97.41718292236328,29.870038986206055,411.6101989746094
2023-06-12,36.051292419433594,31.352699279785156,82.87540435791016,123.4917221069336,98.11166381835938,29.81604766845703,415.34417724609375
2023-06-13,36.221370697021484,31.541921615600586,83.37863159179688,124.11442565917969,99.25328063964844,29.811552047729492,418.0826110839844
2023-06-14,35.84988784790039,31.418933868408203,84.23857879638672,122.84074401855469,98.9869155883789,29.793554306030273,418.5804443359375
2023-06-15,36.24375534057617,31.835206985473633,85.32324981689453,124.74655151367188,100.48050689697266,30.117494583129883,423.7699279785156
2023-06-16,36.190040588378906,31.76897621154785,84.61967468261719,124.73711395263672,100.31878662109375,30.279464721679688,422.3264465332031
2023-06-20,35.38003158569336,31.531400680541992,84.04780578613281,124.59690856933594,99.57376098632812,29.92435073852539,420.13531494140625
2023-06-21,35.65997314453125,31.493379592895508,82.80416870117188,124.61585235595703,100.12774658203125,30.16472053527832,417.9826965332031
2023-06-22,35.18137741088867,31.24631118774414,83.4798583984375,125.46852111816406,99.40184783935547,29.93341827392578,419.4914245605469
2023-06-23,34.92852783203125,31.113265991210938,82.57405090332031,125.0516586303711,98.64727783203125,29.49349021911621,416.32012939453125
2023-06-26,35.55612564086914,31.04673957824707,81.98161315917969,124.34112548828125,99.46869659423828,29.783750534057617,414.61907958984375
2023-06-27,35.63739013671875,31.293819427490234,83.59737396240234,124.05691528320312,100.66261291503906,29.792821884155273,419.1646728515625
2023-06-28,35.998600006103516,31.217796325683594,83.64630889892578,123.65902709960938,100.66261291503906,29.352893829345703,419.3761291503906
2023-06-29,36.41398239135742,31.759475708007812,83.7931900024414,124.46428680419922,101.63688659667969,29.352893829345703,421.029052734375
2023-06-30,36.648765563964844,32.03506088256836,85.12496948242188,125.74322509765625,102.50605773925781,29.679439544677734,425.99755859375
2023-07-03,36.73455047607422,32.21562576293945,84.94380187988281,124.7105712890625,102.52516174316406,29.901670455932617,426.48760986328125
2023-07-05,36.5313720703125,32.14910888671875,84.41991424560547,124.644287109375,101.97118377685547,30.241823196411133,425.853271484375
2023-07-06,35.709632873535156,31.873512268066406,84.19468688964844,123.6495590209961,101.2070541381836,29.87445831298828,422.51861572265625
2023-07-07,36.477195739746094,31.92102813720703,83.8274917602539,122.20956420898438,101.4363021850586,29.656757354736328,421.451904296875
2023-07-10,36.76163864135742,32.06358337402344,84.04780578613281,123.17587280273438,102.87855529785156,29.52977180480957,422.51861572265625
2023-07-11,37.56983947753906,32.44369888305664,84.22895050048828,123.20429992675781,104.09160614013672,29.897136688232422,425.2094421386719
2023-07-12,37.91749954223633,32.652774810791016,85.18370056152344,122.87271881103516,103.9101333618164,30.3325252532959,428.630615234375
2023-07-13,37.77301788330078,32.76679611206055,86.2951431274414,122.92005920410156,104.0438461303711,30.436843872070312,432.0325927734375
2023-07-14,36.77519607543945,32.548240661621094,86.16783905029297,124.7674331665039,103.73820495605469,30.318925857543945,431.7635803222656
2023-07-17,36.70295333862305,32.861839294433594,87.26949310302734,124.19903564453125,104.12979888916016,29.969701766967773,433.2626647949219
2023-07-18,37.073184967041016,33.23247146606445,88.25851440429688,125.11796569824219,104.7124252319336,29.738401412963867,436.4821472167969
2023-07-19,37.28990936279297,33.375,88.03819274902344,125.69586181640625,104.66468048095703,30.04227066040039,437.4527893066406
2023-07-20,37.72787094116211,33.62208938598633,86.28047180175781,127.780029296875,105.13269805908203,30.591045379638672,434.5505065917969
2023-07-21,38.06197738647461,33.50804901123047,86.23638916015625,129.06849670410156,104.63602447509766,31.049118041992188,434.5505065917969
2023-07-24,38.676029205322266,33.83115768432617,86.38818359375,128.78424072265625,104.87481689453125,30.967479705810547,436.4917907714844
2023-07-25,38.879207611083984,33.612586975097656,87.37721252441406,128.72738647460938,104.74109649658203,31.021907806396484,437.6833801269531
2023-07-26,38.89275360107422,33.81214904785156,86.2021255493164,128.6421356201172,105.4765625,31.021907806396484,437.750732421875
2023-07-27,38.6444206237793,33.384517669677734,85.9524154663086,127.69474792480469,104.56916809082031,30.473127365112305,434.8484191894531
2023-07-28,38.761817932128906,33.45102310180664,87.12261199951172,128.07373046875,105.21867370605469,30.405099868774414,439.1057434082031
2023-07-31,39.497772216796875,33.57457733154297,87.3233413696289,127.08847045898438,105.46701049804688,30.418699264526367,439.9418029785156
2023-08-01,39.312660217285156,33.57457733154297,87.47023010253906,126.42533874511719,105.78221130371094,30.046804428100586,438.6828918457031
2023-08-02,38.797935485839844,33.28947067260742,85.30610656738281,126.51057434082031,104.6742172241211,30.046804428100586,432.5804443359375
2023-08-03,39.19075012207031,33.30847930908203,84.95849609375,125.87582397460938,104.01517486572266,29.361961364746094,431.3406677246094
2023-08-04,39.244930267333984,33.17544174194336,83.80300903320312,125.4305648803711,103.3847885131836,29.02181053161621,429.3898010253906
2023-08-07,39.290077209472656,33.64109802246094,84.03802490234375,126.88004302978516,104.65513610839844,29.01727294921875,433.1378173828125
2023-08-08,39.48422622680664,33.33699417114258,83.39170837402344,127.85587310791016,104.17757415771484,29.153335571289062,431.25421142578125
2023-08-09,39.98088455200195,33.08991241455078,82.3145523071289,127.81794738769531,104.1202621459961,29.21683120727539,428.3711242675781
2023-08-10,39.97636032104492,33.1184196472168,82.3243408203125,127.73265075683594,103.83370971679688,29.12612533569336,428.5249328613281
2023-08-11,40.59041213989258,33.184940338134766,81.71721649169922,128.52847290039062,104.00563049316406,29.284860610961914,428.27508544921875
2023-08-14,40.418846130371094,33.1184196472168,83.01960754394531,128.91685485839844,104.0438461303711,29.053558349609375,430.6392517089844
2023-08-15,39.579044342041016,32.51021194458008,82.20195007324219,128.4431915283203,102.7162094116211,28.581878662109375,425.62274169921875
2023-08-16,39.235897064208984,32.46270751953125,81.41854858398438,127.46739196777344,102.14310455322266,28.708871841430664,422.4994201660156
2023-08-17,39.705467224121094,32.301151275634766,80.64495849609375,126.45374298095703,101.28347778320312,28.645374298095703,419.2800598144531
2023-08-18,40.098270416259766,32.291648864746094,80.76734924316406,126.50110626220703,101.47451782226562,28.795042037963867,419.4817810058594
2023-08-21,39.845436096191406,32.25363540649414,82.30966186523438,126.63374328613281,101.35033416748047,28.61362648010254,422.21112060546875
2023-08-22,39.53840255737305,31.94953155517578,82.21664428710938,126.1884994506836,101.11155700683594,28.69526481628418,421.0675048828125
2023-08-23,39.4390754699707,32.26314163208008,83.7001724243164,126.56741333007812,102.15266418457031,28.808645248413086,425.7572326660156
2023-08-24,39.16816711425781,32.14910888671875,81.77107238769531,125.46852111816406,100.91096496582031,28.640836715698242,419.8566589355469
2023-08-25,39.54743576049805,32.301151275634766,82.60342407226562,126.38743591308594,101.76103210449219,28.858535766601562,422.8165588378906
2023-08-28,39.81382751464844,32.481712341308594,83.27910614013672,126.68110656738281,102.5920181274414,28.854001998901367,425.497802734375
2023-08-29,39.922176361083984,32.776309967041016,84.9487075805664,127.81794738769531,103.37525177001953,28.962854385375977,431.6482849121094
2023-08-30,40.120849609375,32.795310974121094,85.59009552001953,127.72319793701172,103.84326934814453,28.83132553100586,433.4261169433594
2023-08-31,40.1479377746582,32.671775817871094,86.00627136230469,126.19793701171875,103.37525177001953,28.55466651916504,432.7918395996094
2023-09-01,40.96968460083008,32.96636962890625,86.2706527709961,126.53900909423828,103.91966247558594,28.409536361694336,433.5990905761719
2023-09-05,41.186405181884766,32.633766174316406,86.57911682128906,125.23165893554688,102.17176818847656,27.974140167236328,431.7250671386719
2023-09-06,41.204471588134766,32.61475372314453,85.6635513305664,124.5495376586914,101.7323989868164,28.037635803222656,428.82281494140625
2023-09-07,41.16382598876953,32.52922058105469,84.42479705810547,125.1084976196289,101.39810180664062,28.405000686645508,427.50634765625
2023-09-08,41.5611572265625,32.59574508666992,84.60107421875,125.1084976196289,100.89186096191406,28.654441833496094,428.15020751953125
2023-09-11,41.014827728271484,32.747802734375,85.0417251586914,125.97056579589844,100.92052459716797,28.772363662719727,430.9659729003906
2023-09-12,41.98105239868164,32.96636962890625,83.49943542480469,125.80953979492188,100.55757141113281,28.808645248413086,428.601806640625
2023-09-13,41.665000915527344,32.96636962890625,83.70997619628906,125.82850646972656,99.88896942138672,29.153335571289062,429.1015625
2023-09-14,42.15262985229492,33.27047348022461,84.31709289550781,126.22637176513672,100.87277221679688,29.57965850830078,432.8014221191406
2023-09-15,41.54309844970703,33.09941864013672,82.69644927978516,125.23165893554688,100.29012298583984,29.45267105102539,427.5869140625
2023-09-18,41.8951416015625,33.190101623535156,83.09390258789062,125.04137420654297,100.40138244628906,29.43072509765625,427.837646484375
2023-09-19,41.50398254394531,33.15191650390625,83.04972076416016,125.14603424072266,99.9793930053711,29.27069854736328,426.9504089355469
2023-09-20,41.11737060546875,32.922821044921875,81.74457550048828,125.15554809570312,99.58618927001953,29.29813003540039,423.0252990722656
2023-09-21,40.55337142944336,32.37871551513672,80.49828338623047,124.06163787841797,97.95584106445312,28.991796493530273,416.033447265625
2023-09-22,40.6215934753418,32.13053512573242,80.6700210571289,123.80475616455078,97.62017059326172,28.936933517456055,415.09796142578125
2023-09-25,41.13101577758789,32.2068977355957,80.93008422851562,124.48015594482422,98.1092758178711,28.895784378051758,416.843505859375
2023-09-26,40.89450454711914,31.77735137939453,79.47278594970703,123.42424774169922,96.6131820678711,28.03165626525879,410.7195129394531
2023-09-27,41.913333892822266,31.729625701904297,79.595458984375,122.80597686767578,97.33245086669922,27.492143630981445,410.88348388671875
2023-09-28,41.95881652832031,31.958715438842773,80.15972137451172,123.39574432373047,97.74485778808594,26.89777183532715,413.2655334472656
2023-09-29,41.112823486328125,31.662805557250977,80.43450164794922,122.46351623535156,97.22696685791016,26.943490982055664,412.2625427246094
2023-10-02,40.294105529785156,31.395526885986328,81.29808044433594,122.29228210449219,96.27751922607422,25.69072914123535,412.09857177734375
2023-10-03,40.266822814941406,30.899150848388672,79.91930389404297,121.20787048339844,95.60620880126953,25.987916946411133,406.5822448730469
2023-10-04,39.00236892700195,31.128244400024414,80.91535186767578,121.72152709960938,95.91309356689453,25.96048355102539,409.5429382324219
2023-10-05,38.76130676269531,31.271427154541016,81.02330780029297,122.38742065429688,95.34725952148438,25.809608459472656,409.3887023925781
2023-10-06,38.9932746887207,31.53870964050293,82.53945922851562,123.67160034179688,96.65155029296875,26.17537498474121,414.249267578125
2023-10-09,40.294105529785156,31.557802200317383,82.96632385253906,124.09967041015625,98.16680908203125,26.435989379882812,416.9013977050781
2023-10-10,40.34414291381836,31.786901473999023,83.09390258789062,124.68943786621094,98.76142883300781,26.797182083129883,419.0712585449219
2023-10-11,39.825626373291016,31.834627151489258,83.86422729492188,124.1376953125,99.35601806640625,27.231531143188477,420.7879333496094
2023-10-12,39.87111282348633,31.6341609954834,83.9427490234375,123.07233428955078,98.45454406738281,26.810897827148438,418.22259521484375
2023-10-13,40.74894714355469,31.70098876953125,82.74061584472656,123.84282684326172,97.58181762695312,27.11265754699707,416.13946533203125
2023-10-16,41.02185821533203,32.03507995605469,83.53550720214844,124.7750473022461,98.6175765991211,27.39156150817871,420.5178527832031
2023-10-17,41.44940185546875,32.18781280517578,83.14788055419922,124.60382843017578,98.92444610595703,27.318405151367188,420.4985656738281
2023-10-18,41.82691192626953,31.6341609954834,82.29411315917969,123.51941680908203,96.53646850585938,27.080652236938477,414.8953857421875
2023-10-19,41.75413513183594,31.214153289794922,81.82308197021484,122.30179595947266,95.64456176757812,26.810897827148438,411.24993896484375
2023-10-20,41.05369186401367,30.736879348754883,80.43941497802734,121.81666564941406,94.65675354003906,26.531999588012695,406.1965026855469
2023-10-23,40.38962936401367,30.54596519470215,80.53264617919922,121.05567932128906,94.21559143066406,26.30797004699707,405.49249267578125
2023-10-24,39.82108688354492,30.755970001220703,81.08708190917969,121.4266586303711,94.92529296875,26.98464012145996,408.54962158203125
2023-10-25,39.7483024597168,30.641420364379883,80.13028717041016,120.34223937988281,93.7072982788086,27.13551902770996,402.6860656738281
2023-10-26,39.43901443481445,30.574602127075195,78.59941101074219,119.1531753540039,93.3141098022461,27.368698120117188,397.864013671875
2023-10-27,38.49294662475586,30.020957946777344,79.05574035644531,117.13652801513672,92.48934173583984,26.852046966552734,396.06060791015625
2023-10-30,38.62030792236328,30.555509567260742,79.90459442138672,117.79289245605469,93.64018249511719,27.05779457092285,400.79583740234375
2023-10-31,38.74766159057617,30.889606475830078,80.47374725341797,118.4682846069336,94.3306884765625,27.290969848632812,403.31298828125
2023-11-01,38.65669631958008,31.090065002441406,82.02914428710938,118.7155990600586,94.6375732421875,27.601877212524414,407.6141357421875
2023-11-02,39.825626373291016,31.825084686279297,83.417724609375,120.59906005859375,96.58441162109375,28.1185245513916,415.42578125
2023-11-03,39.42536926269531,32.245079040527344,84.27640533447266,121.19835662841797,97.43795776367188,28.283123016357422,419.2159423828125
2023-11-06,38.97962951660156,32.14962387084961,84.83085632324219,122.00690460205078,97.17901611328125,28.209964752197266,420.18035888671875
2023-11-07,38.115440368652344,32.10190200805664,85.7582015991211,122.09252166748047,96.93926239013672,28.004222869873047,421.3761291503906
2023-11-08,37.63785171508789,32.14008331298828,86.24395751953125,121.92130279541016,97.15982818603516,27.79847526550293,421.684814453125
2023-11-09,37.52415084838867,32.00643539428711,85.84160614013672,119.40050506591797,96.9488525390625,27.432708740234375,418.39617919921875
2023-11-10,37.93804931640625,32.369178771972656,88.08395385742188,120.11392974853516,98.34904479980469,27.579017639160156,424.9252014160156
2023-11-13,38.21095275878906,32.32145309448242,87.56875610351562,120.80834197998047,98.43534851074219,27.24982452392578,424.5201416015625
2023-11-14,38.55207824707031,32.932373046875,89.3204116821289,121.62642669677734,100.41094970703125,28.33798599243164,432.75616455078125
2023-11-15,38.47930908203125,33.11373519897461,89.43325805664062,121.72152709960938,100.62195587158203,28.251121520996094,433.6722717285156
2023-11-16,37.72882080078125,33.24737548828125,89.87976837158203,122.24471282958984,100.64112854003906,28.401996612548828,434.2027587890625
2023-11-17,38.520240783691406,33.419189453125,89.69332122802734,121.99740600585938,101.28369903564453,28.47972297668457,434.7427978515625
2023-11-20,38.57482147216797,33.55284118652344,90.99356842041016,122.73938751220703,101.59059143066406,28.392852783203125,438.0892639160156
2023-11-21,38.4884033203125,33.53374481201172,90.2575912475586,123.48133850097656,101.51384735107422,28.45229148864746,437.1344909667969
2023-11-22,38.47021484375,33.667381286621094,90.6599349975586,124.07112121582031,101.73444366455078,28.589452743530273,438.8222351074219
2023-11-24,38.62940216064453,33.77238464355469,90.48329162597656,124.73699188232422,101.98377990722656,28.66260528564453,439.0922546386719
2023-11-27,38.49294662475586,33.65782928466797,90.47837829589844,123.95697021484375,101.40835571289062,28.70832633972168,438.301513671875
2023-11-28,38.502052307128906,33.648292541503906,90.65013122558594,123.31963348388672,101.1686019897461,28.799768447875977,438.7353820800781
2023-11-29,38.21549987792969,33.88692855834961,90.71882629394531,123.3576889038086,101.55223083496094,28.5711669921875,438.4267883300781
2023-11-30,38.47021484375,34.268760681152344,90.8512954711914,124.908203125,102.6646957397461,28.694610595703125,440.1530456542969
2023-12-01,38.67033767700195,34.526485443115234,91.05736541748047,125.40284729003906,104.28546142578125,29.046663284301758,442.75701904296875
2023-12-04,38.49294662475586,34.48830795288086,89.9484634399414,125.64067077636719,104.45809173583984,28.932363510131836,440.4327392578125
2023-12-05,37.81979751586914,34.316490173339844,90.48818969726562,125.47897338867188,103.61414337158203,28.72661781311035,440.34600830078125
2023-12-06,37.255794525146484,34.14466094970703,89.72277069091797,125.57408142089844,104.07447814941406,29.110673904418945,438.5714416503906
2023-12-07,37.00107955932617,34.30693817138672,90.81204223632812,125.42190551757812,104.17037963867188,29.046663284301758,441.9179382324219
2023-12-08,37.401336669921875,34.48830795288086,91.58728790283203,125.63117218017578,104.49644470214844,28.991796493530273,443.8178405761719
2023-12-11,37.44682312011719,34.698307037353516,92.38705444335938,126.45877838134766,105.49384307861328,29.17925262451172,445.5440673828125
2023-12-12,36.93285369873047,34.946495056152344,93.00039672851562,127.00096130371094,105.97338104248047,29.060380935668945,447.5789794921875
2023-12-13,37.44682312011719,35.50968551635742,93.81981658935547,129.341064453125,107.15299224853516,30.157690048217773,453.75115966796875
2023-12-14,38.54753112792969,35.86287307739258,93.58919525146484,128.7132110595703,108.53401184082031,29.764488220214844,455.20745849609375
2023-12-15,38.342857360839844,35.65286636352539,94.06022644042969,127.61930084228516,108.39013671875,29.24783706665039,454.4578857421875
2023-12-18,38.656028747558594,35.771820068359375,94.3415298461914,127.82755279541016,108.38532257080078,29.181840896606445,457.0142517089844
2023-12-19,39.119834899902344,36.040428161621094,94.70049285888672,128.68753051757812,109.22423553466797,29.347984313964844,459.7933654785156
2023-12-20,38.757057189941406,35.39769744873047,93.26950073242188,126.82428741455078,107.45960998535156,28.752628326416016,453.4218444824219
2023-12-21,38.908599853515625,35.74303436279297,94.31693267822266,128.37220764160156,108.56853485107422,28.803394317626953,457.72113037109375
2023-12-22,39.02340316772461,35.819786071777344,94.43985748291016,129.01239013671875,109.08922576904297,28.900312423706055,458.6410217285156
2023-12-26,39.35862350463867,35.96367645263672,94.83325958251953,129.29904174804688,109.86064910888672,29.0756893157959,460.5776672363281
2023-12-27,39.184120178222656,36.07879638671875,94.82833099365234,129.8436737060547,110.02459716796875,29.057231903076172,461.4104309082031
2023-12-28,38.587154388427734,36.18431091308594,94.94143676757812,130.1781463623047,110.05350494384766,29.26491355895996,461.584716796875
2023-12-29,38.499900817871094,36.069190979003906,94.65130615234375,130.3118896484375,109.91851806640625,29.22799301147461,460.2484436035156
2024-01-02,38.91318893432617,36.222686767578125,92.17292785644531,132.6051025390625,108.80960083007812,29.652589797973633,457.6726989746094
2024-01-03,39.54690170288086,35.91571807861328,91.23367309570312,132.3853302001953,107.18962097167969,29.763355255126953,453.9350280761719
2024-01-04,38.853492736816406,36.05960464477539,90.56489562988281,133.0446319580078,107.32460021972656,29.671051025390625,452.4728698730469
2024-01-05,38.88563919067383,36.213096618652344,90.54032135009766,132.929931640625,107.449951171875,29.781814575195312,453.0926513671875
2024-01-08,38.43560791015625,36.44331741333008,92.81218719482422,134.10523986816406,108.15389251708984,29.998727798461914,459.5609436035156
2024-01-09,37.82028579711914,36.213096618652344,92.95970153808594,134.0861358642578,107.81637573242188,29.75412368774414,458.8637390136719
2024-01-10,37.44832992553711,36.270652770996094,93.75140380859375,134.6976776123047,108.36602020263672,29.749507904052734,461.4588623046875
2024-01-11,37.54474639892578,36.13634490966797,94.22840118408203,134.60208129882812,108.11531829833984,29.057231903076172,461.2555236816406
2024-01-12,37.967220306396484,36.069190979003906,94.5333023071289,134.2677001953125,108.10567474365234,29.223377227783203,461.5750427246094
2024-01-16,37.06258773803711,35.819786071777344,94.76934051513672,133.46505737304688,107.01603698730469,28.90492820739746,459.88043212890625
2024-01-17,36.754913330078125,35.75263214111328,94.30216217041016,133.19749450683594,106.29283905029297,28.484949111938477,457.32415771484375
2024-01-18,36.69522476196289,35.8101921081543,96.21508026123047,133.1783905029297,107.72960662841797,28.18034553527832,461.39105224609375
2024-01-19,36.81461715698242,36.385765075683594,98.43284606933594,133.2548370361328,108.43351745605469,28.143423080444336,467.142822265625
2024-01-22,36.95237731933594,36.55842971801758,98.86558532714844,133.8376922607422,109.27244567871094,28.000349044799805,468.1304931640625
2024-01-23,37.030433654785156,36.615989685058594,99.2638931274414,133.7421417236328,109.1856689453125,28.051116943359375,469.4958190917969
2024-01-24,37.55852508544922,36.7598876953125,99.94741821289062,132.5191192626953,108.51068115234375,27.668058395385742,470.009033203125
2024-01-25,38.40346145629883,36.94215393066406,100.36540222167969,132.31845092773438,109.55209350585938,28.1664981842041,472.5653381347656
2024-01-26,38.68817901611328,37.07645797729492,99.20980072021484,133.07330322265625,109.3785400390625,28.24957275390625,471.9649963378906
2024-01-29,38.63307189941406,37.1723747253418,100.11953735351562,134.00970458984375,110.09208679199219,28.429561614990234,475.70269775390625
2024-01-30,39.03257751464844,37.64243698120117,99.29339599609375,134.31544494628906,110.13066101074219,28.42033576965332,475.334716796875
2024-01-31,38.30244445800781,37.181968688964844,97.20838928222656,134.13389587402344,108.8578109741211,28.360340118408203,467.5785217285156
2024-02-01,38.297847747802734,37.23953628540039,98.43284606933594,135.87290954589844,110.70922088623047,28.900312423706055,473.6983337402344
2024-02-02,38.35295104980469,37.39301300048828,99.45075225830078,135.6722869873047,111.45172882080078,28.378799438476562,478.6851806640625
2024-02-05,38.25652313232422,37.1723747253418,99.67696380615234,136.09268188476562,110.84423065185547,27.788053512573242,476.942138671875
2024-02-06,38.3805046081543,37.24913024902344,99.2196273803711,137.57371520996094,111.83745574951172,27.88958740234375,478.32684326171875
2024-02-07,38.45857238769531,37.527313232421875,100.53260040283203,137.9463653564453,112.57994842529297,27.90804672241211,482.3162841796875
2024-02-08,38.853492736816406,37.383419036865234,100.84730529785156,137.70750427246094,112.5992202758789,27.7095947265625,482.529296875
2024-02-09,38.25652313232422,37.48895263671875,102.20453643798828,137.6023712158203,112.7728042602539,27.81574249267578,485.31805419921875
2024-02-12,38.67899703979492,37.661617279052734,101.42758178710938,137.78392028808594,112.93672180175781,28.138811111450195,485.10498046875
2024-02-13,38.288665771484375,37.15319061279297,99.70646667480469,136.5035400390625,111.77957916259766,27.67267417907715,478.42364501953125
2024-02-14,38.25193405151367,37.50812911987305,100.74897003173828,137.68841552734375,113.65029907226562,27.82497787475586,482.7713317871094
2024-02-15,39.31728744506836,38.15085220336914,100.53750610351562,138.69166564941406,114.49887084960938,28.291109085083008,486.1023864746094
2024-02-16,39.29432678222656,38.01654815673828,99.61302947998047,139.14073181152344,113.81421661376953,28.25880241394043,483.68157958984375
2024-02-20,38.936153411865234,37.911033630371094,98.60002899169922,138.6725616455078,113.45744323730469,28.240339279174805,481.01873779296875
2024-02-21,39.66628646850586,38.026145935058594,97.98043823242188,138.97833251953125,113.91064453125,28.614171981811523,481.4544982910156
2024-02-22,39.735172271728516,38.46741485595703,101.18663024902344,140.61224365234375,115.31849670410156,28.392641067504883,491.41839599609375
2024-02-23,39.473419189453125,38.65927505493164,100.95057678222656,141.28106689453125,115.9260025024414,28.59571075439453,491.75732421875
2024-02-26,39.61118698120117,38.46741485595703,101.04893493652344,140.5548858642578,115.75243377685547,28.032657623291016,489.95623779296875
2024-02-27,39.44127655029297,38.572940826416016,101.1374282836914,140.2109375,115.9260025024414,28.563404083251953,490.8664245605469
2024-02-28,39.36321258544922,38.716835021972656,100.66045379638672,139.5133819580078,116.32135009765625,28.65109634399414,490.2176818847656
2024-02-29,39.55607986450195,38.69765090942383,101.78163146972656,138.3763427734375,116.67814636230469,28.660322189331055,491.97998046875
2024-03-01,40.01528549194336,38.649688720703125,103.64043426513672,139.82870483398438,117.1795654296875,28.484949111938477,496.59881591796875
2024-03-04,39.58822250366211,38.74561309814453,103.64043426513672,139.61849975585938,117.60385131835938,28.96492576599121,496.0662841796875
2024-03-05,39.88211441040039,38.75520706176758,101.09318542480469,138.5770263671875,116.63957214355469,28.881851196289062,491.1085510253906
2024-03-06,40.00609588623047,38.9566535949707,101.89472198486328,139.52294921875,117.24705505371094,29.158761978149414,493.5971374511719
2024-03-07,40.345916748046875,38.89910125732422,103.50274658203125,140.1727294921875,118.19206237792969,29.347984313964844,498.496826171875
2024-03-08,40.4882698059082,38.966243743896484,101.96356964111328,139.91470336914062,117.93171691894531,29.421831130981445,495.5046691894531
2024-03-11,40.90614700317383,39.03339767456055,101.68328857421875,139.83828735351562,117.32421875,29.569517135620117,495.07861328125
2024-03-12,40.841861724853516,39.196475982666016,103.76828002929688,140.48802185058594,117.84491729736328,29.283376693725586,500.40435791015625
2024-03-13,41.49393081665039,39.48426818847656,102.6471176147461,139.94337463378906,118.16312408447266,29.481828689575195,499.6199951171875
2024-03-14,41.920989990234375,39.167694091796875,102.66677856445312,139.44651794433594,117.66170501708984,29.2464542388916,498.6322937011719
2024-03-15,42.04498291015625,39.12933349609375,101.11778259277344,138.89230346679688,117.6810073852539,29.28799057006836,495.2083740234375
2024-03-18,42.19033432006836,39.35368347167969,101.61477661132812,138.8760223388672,117.88990783691406,29.422935485839844,498.1515197753906
2024-03-19,42.67176055908203,39.5462532043457,102.14179992675781,139.79664611816406,118.9055404663086,29.68352508544922,500.9197692871094
2024-03-20,42.61159133911133,40.01808547973633,103.2845458984375,139.48019409179688,120.33710479736328,29.720746994018555,505.55303955078125
2024-03-21,42.86619567871094,40.3454704284668,103.3584213256836,139.66236877441406,121.52682495117188,29.674211502075195,507.2236633300781
2024-03-22,42.77360916137695,39.883277893066406,103.39291381835938,139.4705810546875,121.11090087890625,29.71609878540039,506.2620849609375
2024-03-25,43.171722412109375,39.729209899902344,102.708251953125,139.27879333496094,120.32742309570312,29.855695724487305,504.86334228515625
2024-03-26,42.83842468261719,39.864017486572266,102.2846450805664,139.78701782226562,119.89216613769531,29.516002655029297,503.930908203125
2024-03-27,43.236534118652344,40.33583450317383,102.80677032470703,141.6474151611328,121.81700897216797,30.339635848999023,508.1658630371094
2024-03-28,43.70407485961914,40.55730438232422,102.5851058959961,141.66656494140625,121.83634185791016,30.549043655395508,508.06878662109375
2024-04-01,44.02811813354492,40.33583450317383,102.87080383300781,140.45831298828125,120.89810180664062,30.362905502319336,507.1846923828125
2024-04-02,44.643802642822266,40.12399673461914,101.88075256347656,138.27186584472656,120.33710479736328,30.414093017578125,503.9600524902344
2024-04-03,44.94932556152344,40.1047477722168,102.15167236328125,138.11846923828125,120.95613861083984,30.29310417175293,504.5136413574219
2024-04-04,44.921546936035156,39.65217971801758,100.53606414794922,136.1238250732422,119.89216613769531,30.232616424560547,498.35552978515625
2024-04-05,45.40298843383789,40.0277099609375,101.68864440917969,137.34170532226562,121.55584716796875,30.32103157043457,503.561767578125
2024-04-08,45.11597442626953,40.201026916503906,101.57044982910156,136.90057373046875,121.34305572509766,30.521116256713867,503.8433532714844
2024-04-09,45.12986373901367,39.96993637084961,102.08269500732422,137.38966369628906,121.06255340576172,30.688640594482422,504.42633056640625
2024-04-10,45.26873779296875,39.3729362487793,100.83160400390625,135.778564453125,120.02757263183594,30.16281509399414,499.3753967285156
2024-04-11,45.236331939697266,39.09370040893555,102.84616088867188,135.22239685058594,120.16299438476562,30.102319717407227,503.1440734863281
2024-04-12,44.50028991699219,38.573734283447266,101.18132019042969,133.2086181640625,118.87654113769531,29.87430763244629,496.19915771484375
2024-04-15,44.08366394042969,38.38114929199219,99.26033782958984,132.94009399414062,118.02533721923828,29.599763870239258,489.9828186035156
2024-04-16,43.6994514465332,38.12117004394531,99.37855529785156,132.98802185058594,117.75450897216797,29.20888328552246,489.0890808105469
2024-04-17,43.57445526123047,38.21745681762695,97.94520568847656,132.75791931152344,117.14512634277344,29.818471908569336,486.1945495605469
2024-04-18,43.44021224975586,38.352272033691406,96.82711791992188,132.74830627441406,116.73888397216797,29.985986709594727,485.194091796875
2024-04-19,43.96331787109375,38.88187026977539,94.83224487304688,133.24693298339844,116.52606964111328,30.446664810180664,480.9591369628906
2024-04-22,44.25032043457031,39.35368347167969,95.679443359375,133.7552032470703,117.40629577636719,30.72586441040039,485.38836669921875
2024-04-23,44.49566650390625,39.604042053222656,97.09800720214844,135.50050354003906,119.04095458984375,30.8701114654541,491.1482849121094
2024-04-24,44.528076171875,39.59440612792969,97.54130554199219,135.0785675048828,118.0930404663086,31.05624771118164,490.9151916503906
2024-04-25,44.731754302978516,39.36330795288086,97.32952117919922,134.17715454101562,118.45093536376953,31.1400146484375,489.0502624511719
2024-04-26,44.31975555419922,39.30552673339844,98.42791748046875,134.21551513671875,118.6443862915039,30.800323486328125,493.68341064453125
2024-04-29,44.62065124511719,39.24776077270508,98.85152435302734,134.6662139892578,119.43754577636719,31.2191104888916,495.4318542480469
2024-04-30,43.29207229614258,38.86260986328125,96.6744155883789,134.57034301757812,117.54170227050781,31.05624771118164,487.58355712890625
2024-05-01,42.60232925415039,38.86260986328125,95.68437194824219,134.81005859375,117.25153350830078,31.4145565032959,486.0003662109375
2024-05-02,42.84767532348633,38.958892822265625,97.06352996826172,134.7141571044922,117.9286117553711,31.582073211669922,490.5461120605469
2024-05-03,42.85231018066406,39.045555114746094,99.76766967773438,135.04978942871094,118.75078582763672,31.833358764648438,496.6265563964844
2024-05-06,43.19023513793945,39.5462532043457,100.93994903564453,135.5963897705078,119.9501953125,31.99622344970703,501.7551574707031
2024-05-07,43.14857482910156,39.68106460571289,100.60995483398438,136.71836853027344,120.27906036376953,32.35918426513672,502.3087158203125
2024-05-08,43.097660064697266,39.825504302978516,100.8956298828125,136.2484893798828,120.27906036376953,32.6988639831543,502.3573303222656
2024-05-09,43.67630386352539,40.12399673461914,100.86608123779297,137.4184112548828,121.47846984863281,33.196781158447266,505.25189208984375
2024-05-10,43.435577392578125,40.27806854248047,101.24043273925781,137.69651794433594,121.56551361083984,33.164207458496094,505.9027099609375
2024-05-13,43.319854736328125,40.1143684387207,101.71820831298828,137.56224060058594,121.0528564453125,33.164207458496094,505.9706726074219
2024-05-14,43.375404357910156,40.31657791137695,102.61959075927734,138.14720153808594,121.02385711669922,33.252620697021484,508.2920837402344
2024-05-15,43.47261428833008,40.61507797241211,104.92969512939453,140.19937133789062,121.81700897216797,33.750526428222656,514.586181640625
2024-05-16,43.352264404296875,40.61507797241211,104.56520080566406,140.03636169433594,121.09156799316406,33.63418960571289,513.527587890625
2024-05-17,43.95868682861328,40.91358184814453,104.33368682861328,140.3048858642578,121.22698211669922,33.662105560302734,514.2657470703125
2024-05-20,43.671669006347656,40.35509490966797,105.5601577758789,140.007568359375,121.45911407470703,33.606266021728516,514.8583374023438
2024-05-21,43.4587287902832,40.61507797241211,105.73255157470703,140.24734497070312,121.06255340576172,33.90873718261719,516.120849609375
2024-05-22,42.6254768371582,40.38398742675781,105.9689712524414,140.49667358398438,121.20762634277344,33.508544921875,514.6348876953125
2024-05-23,42.236629486083984,39.825504302978516,105.10701751708984,138.9623565673828,119.7761001586914,32.94083786010742,510.8758544921875
2024-05-24,42.29680633544922,40.06623077392578,105.99360656738281,138.492431640625,120.38546752929688,33.27123260498047,514.2560424804688
2024-05-28,42.73195266723633,39.62329864501953,106.44184112548828,136.81427001953125,118.91522216796875,33.2386589050293,514.615478515625
2024-05-29,41.977394104003906,39.30552673339844,105.76704406738281,135.74984741210938,117.23219299316406,32.81055450439453,511.0118408203125
2024-05-30,42.09775924682617,39.51737976074219,103.3534927368164,135.81695556640625,118.03500366210938,33.252620697021484,507.62188720703125
2024-05-31,43.14394760131836,40.09511184692383,103.51605987548828,137.802001953125,119.46656799316406,33.838932037353516,512.2454223632812
2024-06-03,42.01443099975586,39.84476089477539,103.77709197998047,138.7705535888672,118.0059814453125,33.45271301269531,512.6630859375
2024-06-04,41.6116828918457,39.66180419921875,103.99382781982422,139.1732940673828,117.7158203125,33.43874740600586,513.236083984375
2024-06-05,41.60706329345703,39.77736282348633,106.30392456054688,139.8061981201172,118.9055404663086,33.247962951660156,519.3359985351562
2024-06-06,41.82463073730469,39.75809860229492,105.94929504394531,140.2665252685547,118.19944763183594,32.903621673583984,519.3263549804688
2024-06-07,41.65797805786133,39.9410514831543,106.195556640625,140.41995239257812,118.3251953125,32.54531478881836,518.6950073242188
2024-06-10,41.9727668762207,39.786983489990234,106.46646881103516,140.9377899169922,118.6927490234375,32.964111328125,520.2976684570312
2024-06-11,41.889434814453125,39.33442306518555,108.44654083251953,140.35281372070312,118.01567077636719,32.76401901245117,521.5505981445312
2024-06-12,41.440406799316406,39.2959098815918,110.84529876708984,140.0555419921875,119.13768768310547,32.549964904785156,525.8341674804688
2024-06-13,41.060813903808594,39.26701736450195,111.72206115722656,139.94046020507812,118.3735580444336,32.624420166015625,526.8928833007812
2024-06-14,40.75529861450195,39.141841888427734,112.1407470703125,139.89254760742188,117.18382263183594,32.54531478881836,527.2135620117188
2024-06-17,40.861759185791016,39.488487243652344,113.84005737304688,139.74867248535156,118.47994232177734,32.1870002746582,531.4094848632812
2024-06-18,41.03303909301758,39.73884201049805,113.98290252685547,139.93087768554688,119.11833953857422,32.200965881347656,532.7596435546875
2024-06-20,41.78759765625,39.950679779052734,112.7022476196289,140.39117431640625,119.19572448730469,32.480167388916016,531.3123779296875
2024-06-21,41.546878814697266,39.79661178588867,112.50523376464844,140.7843475341797,118.94424438476562,32.28937911987305,530.60009765625
2024-06-24,42.594478607177734,40.20553207397461,109.74699401855469,141.6055450439453,119.44989776611328,32.71390151977539,528.8753051757812
2024-06-25,42.69247055053711,39.90584945678711,111.76016235351562,141.16268920898438,118.4307861328125,32.404300689697266,530.9119873046875
2024-06-26,42.27249526977539,39.654510498046875,111.63187408447266,140.662109375,118.11051177978516,32.26827621459961,531.5745849609375
2024-06-27,42.3704948425293,39.606178283691406,111.68614959716797,140.43101501464844,118.2366714477539,32.32456588745117,532.41259765625
2024-06-28,42.5338134765625,39.74151611328125,111.62693786621094,140.3155059814453,118.28521728515625,31.963363647460938,530.3175048828125
2024-07-01,42.55714416503906,39.82851791381836,112.47069549560547,139.52606201171875,117.01374816894531,31.742897033691406,531.408935546875
2024-07-02,42.52448272705078,40.292537689208984,113.03318786621094,139.01585388183594,117.6543197631836,31.90707778930664,534.9851684570312
2024-07-03,42.71113967895508,40.16686248779297,114.557861328125,137.9568634033203,118.08139038085938,32.099403381347656,537.3726196289062
2024-07-05,42.043846130371094,40.15719985961914,114.908203125,139.02549743652344,117.6543197631836,32.15569305419922,540.4713134765625
2024-07-08,41.787200927734375,40.05086135864258,115.69274139404297,138.87142944335938,117.7999267578125,32.18852615356445,541.0950317382812
2024-07-09,41.41855239868164,40.36020278930664,115.59898376464844,139.5453338623047,117.28549194335938,32.282344818115234,541.6211547851562
2024-07-10,41.69853591918945,40.51487731933594,117.27661895751953,140.8642578125,118.33373260498047,32.587257385253906,546.980712890625
2024-07-11,42.13251495361328,40.833900451660156,114.34075927734375,141.85585021972656,119.838134765625,33.182987213134766,542.2642822265625
2024-07-12,42.239830017089844,40.969234466552734,115.36214447021484,142.74154663085938,120.52725219726562,33.426918029785156,545.6845703125
2024-07-15,42.87912368774414,41.568599700927734,115.56938171386719,142.24093627929688,121.39108276367188,32.61539840698242,547.1853637695312
2024-07-16,43.07044219970703,42.04228591918945,115.18452453613281,144.2722625732422,124.41930389404297,32.86870193481445,550.43017578125
2024-07-17,43.499752044677734,42.361297607421875,110.70423126220703,144.92689514160156,122.82755279541016,32.88746643066406,542.7124633789062
2024-07-18,43.57907485961914,41.84894561767578,110.71411895751953,141.63442993164062,121.8666763305664,32.859317779541016,538.5418701171875
2024-07-19,43.103111267089844,41.423583984375,108.98219299316406,142.35647583007812,121.19697570800781,32.89683532714844,534.9656372070312
2024-07-22,42.83246612548828,41.65559768676758,111.56278991699219,143.17478942871094,122.42961120605469,33.173606872558594,540.4810791015625
2024-07-23,42.151180267333984,41.732940673828125,111.11871337890625,143.088134765625,122.19666290283203,32.967201232910156,539.63330078125
2024-07-24,42.15584182739258,41.16258239746094,106.52001190185547,144.28187561035156,119.56637573242188,33.3377799987793,527.4038696289062
2024-07-25,42.8837890625,41.3172492980957,105.38021850585938,143.55982971191406,120.52725219726562,33.06102752685547,524.6558837890625
2024-07-26,43.01911926269531,41.96495056152344,106.71739196777344,144.36854553222656,122.58489990234375,33.38468933105469,530.5317993164062
2024-07-29,42.65047073364258,41.906944274902344,106.24370574951172,144.45518493652344,122.37136840820312,33.534793853759766,530.84375
2024-07-30,43.31309127807617,42.39030075073242,103.57429504394531,144.58033752441406,122.73048400878906,33.70835494995117,528.1541748046875
2024-07-31,43.49508285522461,42.283966064453125,107.9608154296875,144.05087280273438,124.09900665283203,34.14461135864258,536.7391967773438
2024-08-01,42.34248733520508,41.684600830078125,103.93448638916016,145.52381896972656,121.79872131347656,34.75910949707031,529.1383666992188
2024-08-02,41.25056457519531,40.65989303588867,101.01341247558594,145.2349853515625,119.11992645263672,34.81540298461914,519.2867431640625
2024-08-05,40.34062957763672,39.480499267578125,97.64827728271484,141.355224609375,117.05255889892578,33.89599609375,504.1632385253906
2024-08-06,40.58794403076172,40.118526458740234,98.9755859375,142.0098876953125,118.45992279052734,34.182132720947266,508.81134033203125
2024-08-07,40.75127029418945,40.16686248779297,97.3719711303711,140.56582641601562,117.88726806640625,34.37446212768555,505.41046142578125
2024-08-08,41.628543853759766,40.8145637512207,101.00848388671875,143.67539978027344,120.60491943359375,34.411991119384766,517.0941772460938
2024-08-09,41.72187423706055,40.98857498168945,101.46243286132812,144.38778686523438,120.62431335449219,34.529258728027344,519.3743286132812
2024-08-12,41.927188873291016,40.77589797973633,102.29139709472656,143.8390350341797,120.0128402709961,34.590240478515625,519.6472778320312
2024-08-13,41.52121353149414,41.11423873901367,105.43448638916016,145.58155822753906,121.27459716796875,34.79193878173828,528.1931762695312
2024-08-14,41.763858795166016,41.6169319152832,106.01179504394531,146.10142517089844,121.76961517333984,34.76849365234375,529.8594360351562
2024-08-15,42.26316833496094,42.00361633300781,109.06114196777344,147.0159912109375,123.4098892211914,34.76380157470703,538.94140625
2024-08-16,42.21650314331055,42.31296920776367,109.24370574951172,147.17002868652344,123.23518371582031,34.918601989746094,540.1497192382812
2024-08-19,42.50114822387695,42.54497146606445,111.04471588134766,148.0653533935547,123.98253631591797,35.1484489440918,545.3143920898438
2024-08-20,41.381221771240234,42.40963363647461,110.6549072265625,148.66224670410156,123.64282989501953,35.073394775390625,544.4275512695312
2024-08-21,41.45122146606445,42.34197235107422,111.30621337890625,148.9125518798828,124.39019012451172,35.32200622558594,546.298583984375
2024-08-22,41.55854415893555,42.583641052246094,108.74535369873047,149.00881958007812,124.23489379882812,35.279788970947266,542.0108642578125
2024-08-23,42.179168701171875,42.95099639892578,110.50688171386719,149.65382385253906,125.47724151611328,35.378292083740234,547.77001953125
2024-08-26,42.55714416503906,43.08633804321289,109.12034606933594,149.57679748535156,125.34135437011719,35.608150482177734,546.4642944335938
2024-08-27,42.16050720214844,43.30867385864258,109.78153991699219,149.80787658691406,125.41901397705078,35.326698303222656,547.214599609375
2024-08-28,41.889854431152344,43.415016174316406,108.26673889160156,149.98117065429688,125.36078643798828,35.326698303222656,544.0377807617188
2024-08-29,42.435821533203125,43.80170822143555,107.28975677490234,150.29885864257812,126.24401092529297,35.519020080566406,544.0865478515625
2024-08-30,42.594478607177734,44.217384338378906,108.71575164794922,151.3385772705078,127.5931167602539,35.786399841308594,549.2803344726562
2024-09-03,41.53521728515625,43.888702392578125,103.7223129272461,151.0497589111328,124.76872253417969,35.73480224609375,537.9766845703125
2024-09-04,40.96125030517578,43.93704605102539,103.45586395263672,150.78985595703125,124.8948974609375,36.039710998535156,536.8755493164062
2024-09-05,40.643943786621094,43.45368194580078,103.2979736328125,148.72000122070312,123.43902587890625,35.95057678222656,535.56982421875
2024-09-06,40.135311126708984,42.81564712524414,100.61869049072266,148.20977783203125,122.18696594238281,35.608150482177734,526.5560913085938
2024-09-09,40.424617767333984,43.45368194580078,102.2667236328125,149.24951171875,124.06019592285156,35.96934509277344,532.4515991210938
2024-09-10,39.729339599609375,43.009002685546875,103.79631805419922,149.9330291748047,124.2737045288086,36.138214111328125,534.770751953125
2024-09-11,39.36069107055664,42.805992126464844,107.33910369873047,149.4901885986328,124.49696350097656,36.250797271728516,540.2569580078125
2024-09-12,39.715335845947266,42.90266036987305,108.22724151611328,150.029296875,125.45780944824219,36.33053970336914,544.8077392578125
2024-09-13,39.9393196105957,43.0283317565918,108.77003479003906,150.33737182617188,126.72930908203125,36.84184265136719,547.6530151367188
2024-09-16,40.39662551879883,43.58902359008789,108.35554504394531,151.37713623046875,127.37960052490234,37.123294830322266,548.4618530273438
2024-09-17,40.94258117675781,43.8210334777832,108.14337921142578,149.81748962402344,128.07843017578125,37.095149993896484,548.6859130859375
2024-09-18,41.021915435791016,43.68569564819336,107.15654754638672,149.56719970703125,127.97164916992188,36.813697814941406,547.0586547851562
2024-09-19,41.511878967285156,44.16905212402344,110.33909606933594,150.1063232421875,130.1748809814453,36.59791564941406,556.393798828125
2024-09-20,41.41855239868164,44.14005661010742,109.80127716064453,149.4901885986328,129.2625274658203,37.564231872558594,555.4320678710938
2024-09-23,41.92997741699219,44.08668899536133,109.78101348876953,149.19740295410156,130.13014221191406,37.93684768676758,556.820068359375
2024-09-24,41.82646560668945,43.71800231933594,110.53236389160156,148.8978271484375,131.06492614746094,37.667659759521484,558.4132690429688
2024-09-25,41.00782012939453,43.45604705810547,110.84872436523438,147.44834899902344,130.45147705078125,37.86601257324219,557.1817016601562
2024-09-26,40.203285217285156,43.67919921875,112.31681060791016,147.941162109375,131.10385131835938,37.606266021728516,559.3907470703125
2024-09-27,41.02193069458008,43.805328369140625,111.26888275146484,147.8638916015625,131.28887939453125,37.979347229003906,558.579345703125
2024-09-30,41.308929443359375,43.97026062011719,111.5951156616211,148.8302001953125,131.88284301757812,38.149356842041016,560.8177490234375
2024-10-01,42.249916076660156,43.7374153137207,108.87642669677734,148.04750061035156,131.9510040283203,38.45633316040039,555.7937622070312
2024-10-02,42.682762145996094,43.78592300415039,109.6821517944336,147.74794006347656,131.70755004882812,38.475223541259766,556.0283203125
2024-10-03,43.4355354309082,43.553062438964844,110.13692474365234,146.41441345214844,131.03570556640625,38.46105194091797,555.0117797851562
2024-10-04,43.84016418457031,44.290435791015625,111.36279296875,146.53036499023438,131.9510040283203,38.399658203125,560.0552978515625
2024-10-07,43.99542236328125,43.74711227416992,110.59661865234375,145.88296508789062,131.62966918945312,37.516536712646484,554.9921875
2024-10-08,42.84743118286133,43.999366760253906,112.66283416748047,146.67532348632812,131.92178344726562,37.53542709350586,560.2410278320312
2024-10-09,43.106201171875,44.406856536865234,113.9233169555664,148.17308044433594,133.10000610351562,37.21428298950195,564.1215209960938
2024-10-10,43.39790344238281,44.271026611328125,113.89366912841797,147.62229919433594,132.41839599609375,37.10093307495117,563.13427734375
2024-10-11,43.66607666015625,45.12481689453125,114.09138488769531,148.70457458496094,134.7845916748047,37.42679977416992,566.5065307617188
2024-10-14,43.647254943847656,45.40618133544922,115.57925415039062,149.5259246826172,135.5927734375,37.89906311035156,571.1395874023438
2024-10-15,42.24049758911133,45.503204345703125,113.03849792480469,147.69960021972656,134.55088806152344,38.0690803527832,566.7020874023438
2024-10-16,42.44281005859375,46.06593322753906,113.38948059082031,148.1151123046875,135.5927734375,38.82469940185547,569.1652221679688
2024-10-17,42.645118713378906,46.19205856323242,113.73548889160156,147.255126953125,135.20330810546875,38.479949951171875,569.2140502929688
2024-10-18,42.50397491455078,46.20176696777344,114.14081573486328,147.97019958496094,135.61227416992188,38.701900482177734,571.403564453125
2024-10-21,42.37694549560547,45.83308029174805,114.67466735839844,146.23081970214844,135.13511657714844,38.55078887939453,570.4651489257812
2024-10-22,42.475738525390625,45.74576187133789,114.55603790283203,146.0182342529297,133.499267578125,38.41382598876953,570.1621704101562
2024-10-23,42.25461196899414,45.70695114135742,112.91493225097656,145.33216857910156,133.10975646972656,38.782196044921875,564.9524536132812
2024-10-24,42.249916076660156,45.74576187133789,113.2461166381836,144.37551879882812,132.1944580078125,38.53189468383789,566.1741943359375
2024-10-25,42.23579406738281,45.24124526977539,113.83434295654297,143.5831298828125,131.84388732910156,37.9604606628418,565.9786376953125
2024-10-28,41.96761703491211,45.80397415161133,113.79974365234375,143.7957305908203,132.2333984375,38.25798416137695,567.7283325195312
2024-10-29,41.32774353027344,45.522605895996094,115.33211517333984,143.39955139160156,132.05810546875,37.44096755981445,568.6470947265625
2024-10-30,41.42184829711914,45.726356506347656,113.49822235107422,143.1289825439453,131.83413696289062,37.351234436035156,566.9268798828125
2024-10-31,41.68061447143555,45.0957145690918,109.85515594482422,141.92111206054688,130.31512451171875,37.738494873046875,555.8132934570312
2024-11-01,41.417144775390625,45.25094985961914,110.6806640625,142.76181030273438,130.4904022216797,36.897865295410156,558.1591186523438
2024-11-04,42.141700744628906,44.901668548583984,110.59661865234375,141.82447814941406,130.34432983398438,36.45866394042969,556.9569091796875
2024-11-05,42.423988342285156,45.31886291503906,112.1536865234375,142.86810302734375,132.52552795410156,37.00648498535156,563.6915283203125
2024-11-06,44.01894760131836,48.07427978515625,115.346923828125,143.05166625976562,137.7155303955078,36.623958587646484,577.7080078125
2024-11-07,43.81663513183594,47.29811096191406,117.3587646484375,144.08563232421875,136.88787841796875,36.69007873535156,582.1749877929688
2024-11-08,44.108341217041016,47.725006103515625,117.2302474975586,145.1195831298828,138.35818481445312,37.393741607666016,584.69677734375
2024-11-11,44.35769271850586,48.40415573120117,116.58271026611328,144.2692413330078,139.42930603027344,37.49763870239258,585.25390625
2024-11-12,44.122459411621094,48.25862121582031,116.73098754882812,142.25930786132812,138.2316436767578,37.0678825378418,583.4359130859375
2024-11-13,44.465911865234375,48.2877311706543,116.32565307617188,141.8824462890625,138.52371215820312,37.00176239013672,583.7194213867188
2024-11-14,44.63529586791992,48.16160202026367,115.93020629882812,139.65028381347656,136.18678283691406,36.87425231933594,579.9658813476562
2024-11-15,44.569419860839844,48.38475036621094,113.05333709716797,137.06060791015625,135.4564666748047,37.42679977416992,572.5372924804688
2024-11-18,45.1622428894043,48.5302848815918,113.41912841796875,137.15724182128906,135.27145385742188,37.75266647338867,574.8833618164062
2024-11-19,44.87523651123047,48.210105895996094,114.34842681884766,136.4518280029297,135.15460205078125,37.99351501464844,576.9846801757812
2024-11-20,45.326904296875,48.0645751953125,114.24956512451172,138.0655517578125,135.30064392089844,38.01240158081055,577.1801147460938
2024-11-21,45.69388961791992,48.675819396972656,115.41119384765625,139.1768035888672,136.99493408203125,38.6735725402832,580.2786254882812
2024-11-22,45.764469146728516,49.21913146972656,115.47050476074219,139.3024444580078,138.9034881591797,38.46577835083008,582.0772094726562
2024-11-25,44.861122131347656,49.539310455322266,115.4655532836914,140.49099731445312,139.77011108398438,38.536617279052734,584.0517578125
2024-11-26,44.799964904785156,49.63633346557617,116.04391479492188,141.2447052001953,139.93563842773438,39.15056228637695,587.1012573242188
2024-11-27,44.75291442871094,49.73335266113281,114.47198486328125,141.9984130859375,139.41957092285156,39.15056228637695,585.3223266601562
2024-11-29,44.9458122253418,49.81097412109375,115.53475189208984,142.4429168701172,140.2082977294922,39.164730072021484,588.9583740234375
2024-12-02,44.470611572265625,49.316162109375,116.63211822509766,142.19168090820312,139.17611694335938,38.32410430908203,590.0139770507812
2024-12-03,44.465911865234375,48.94747543334961,117.05229187011719,141.872802734375,138.2997589111328,37.99351501464844,590.2877807617188
2024-12-04,43.39320373535156,48.76313018798828,119.1926498413086,141.79550170898438,138.9034881591797,37.98879623413086,593.953125
2024-12-05,43.56257247924805,48.908668518066406,118.58959197998047,140.2107696533203,137.2189178466797,38.10686492919922,592.9755859375
2024-12-06,42.823909759521484,48.89896774291992,119.04930114746094,139.4183807373047,136.86837768554688,37.63460159301758,594.0997924804688
2024-12-09,42.753334045410156,48.22951889038086,118.27323913574219,139.82423400878906,135.680419921875,37.16233825683594,591.040283203125
2024-12-10,42.461631774902344,48.219818115234375,116.63211822509766,139.2444610595703,135.349365234375,36.89314651489258,589.2027587890625
2024-12-11,42.53219985961914,48.316829681396484,118.32266998291016,137.35049438476562,135.0377655029297,36.6617317199707,593.7576293945312
2024-12-12,42.18874740600586,48.1033935546875,117.66029357910156,136.25857543945312,134.171142578125,36.64283752441406,590.6983032226562
2024-12-13,41.977027893066406,48.0645751953125,118.16447448730469,136.23927307128906,133.82058715820312,36.66645431518555,590.5809936523438
2024-12-16,41.05487060546875,47.97726058959961,119.34588623046875,134.6158447265625,133.9374542236328,36.3736572265625,593.102783203125
2024-12-17,40.749053955078125,47.63767623901367,118.62418365478516,134.5192413330078,132.7105255126953,36.22252655029297,590.6592407226562
2024-12-18,39.54460144042969,46.21146774291992,114.7982406616211,132.6929168701172,128.96163940429688,35.36773681640625,573.0554809570312
2024-12-19,39.201141357421875,46.376399993896484,114.92182159423828,131.6879425048828,128.7960968017578,35.52831268310547,572.8794555664062
2024-12-20,39.58694839477539,47.06525421142578,116.6370620727539,133.35000610351562,130.30540466308594,36.09502029418945,579.7603149414062
2024-12-23,39.819419860839844,47.17827606201172,117.87288665771484,134.6817626953125,130.27603149414062,36.217872619628906,583.2321166992188
2024-12-24,40.15626907348633,47.73366165161133,119.09088134765625,135.23504638671875,131.29383850097656,36.417869567871094,589.7147216796875
2024-12-26,40.1230583190918,47.850582122802734,119.17009735107422,135.5068359375,131.3916778564453,36.33216094970703,589.7539672851562
2024-12-27,40.118309020996094,47.499820709228516,117.58572387695312,134.8759002685547,130.41302490234375,36.22739791870117,583.5458374023438
2024-12-30,40.11357116699219,47.0418701171875,116.0904541015625,133.216064453125,129.10166931152344,36.07501983642578,576.88671875
2024-12-31,40.64019012451172,47.09059524536133,115.12498474121094,133.536376953125,128.94508361816406,36.04169464111328,574.7879638671875
2025-01-02,41.1146240234375,46.97366714477539,114.8526611328125,133.5751953125,128.49493408203125,36.317867279052734,573.3756713867188
2025-01-03,41.49892044067383,47.34392166137695,116.72420501708984,134.88560485839844,129.88458251953125,36.70357131958008,580.5448608398438
2025-01-06,41.30914306640625,47.1977653503418,118.20956420898438,134.94386291503906,129.60076904296875,36.29405975341797,583.8892211914062
2025-01-07,41.72190475463867,47.09059524536133,115.83795166015625,135.61363220214844,129.4735565185547,36.203590393066406,577.288818359375
2025-01-08,41.76460647583008,47.24648666381836,115.79834747314453,136.3125,129.9824676513672,36.194061279296875,578.1322631835938
2025-01-10,41.935394287109375,46.106483459472656,113.27323150634766,135.545654296875,128.5242919921875,35.98931121826172,569.3056030273438
2025-01-13,42.81785583496094,46.437767028808594,112.47114562988281,137.31231689453125,130.0313720703125,35.570274353027344,570.1883544921875
2025-01-14,43.27805709838867,47.012630462646484,112.76821899414062,135.89511108398438,131.56784057617188,36.036930084228516,570.972900390625
2025-01-15,43.918540954589844,48.21109390258789,115.01110076904297,136.44837951660156,132.39967346191406,36.56548309326172,581.35888671875
2025-01-16,44.23640823364258,48.53262710571289,114.12483978271484,136.9919891357422,134.004638671875,37.48926544189453,580.2408447265625
2025-01-17,44.57801055908203,48.941856384277344,115.9122085571289,136.06983947753906,134.80712890625,37.5416374206543,586.06640625
2025-01-21,44.35028076171875,49.35109329223633,116.87770080566406,138.32180786132812,137.57667541503906,38.11781311035156,591.4309692382812
2025-01-22,43.54374313354492,49.117244720458984,119.51667785644531,138.01119995117188,137.2537384033203,37.294029235839844,594.755615234375
2025-01-23,43.743003845214844,49.399810791015625,119.7295913696289,139.85549926757812,138.6433868408203,37.470218658447266,598.0018920898438
2025-01-24,43.32075119018555,49.54595947265625,118.48188018798828,140.07872009277344,138.05621337890625,37.85115051269531,596.2562255859375
2025-01-27,42.87003707885742,50.09160232543945,112.67413330078125,143.22372436523438,136.2065887451172,36.97499084472656,587.8218994140625
2025-01-28,42.46202087402344,50.00391387939453,115.67951202392578,142.22393798828125,135.30621337890625,36.46548843383789,592.8726806640625
2025-01-29,42.556907653808594,49.96493148803711,114.73878479003906,141.38916015625,134.8462677001953,36.54167175292969,590.2149047851562
2025-01-30,42.775150299072266,50.44236755371094,114.9516830444336,143.01988220214844,136.35337829589844,37.303550720214844,593.3826293945312
2025-01-31,41.57957458496094,50.15006637573242,114.27832794189453,142.5636749267578,135.3943328857422,37.084510803222656,590.2246704101562
2025-02-03,41.840511322021484,49.9454460144043,112.7385025024414,143.11697387695312,134.0535888671875,37.284507751464844,586.2527465820312
2025-02-04,42.71821975708008,49.82852554321289,114.36248779296875,142.72869873046875,134.0927276611328,36.95594787597656,590.1854858398438
2025-02-05,42.80836868286133,50.354679107666016,115.95182037353516,144.0973663330078,134.19058227539062,37.327362060546875,592.5784301757812
2025-02-06,42.02080154418945,50.773651123046875,116.26870727539062,142.80633544921875,134.79733276367188,37.284507751464844,594.6380004882812
2025-02-07,42.01605224609375,50.491085052490234,115.27350616455078,142.13658142089844,134.39608764648438,37.208316802978516,589.1949462890625
2025-02-10,42.94120788574219,50.09160232543945,116.95691680908203,142.01039123535156,135.5998077392578,37.613067626953125,593.1962890625
2025-02-11,43.287540435791016,50.218265533447266,117.01138305664062,141.74830627441406,135.64874267578125,37.80353546142578,593.6474609375
2025-02-12,42.2437858581543,50.04288101196289,116.75887298583984,141.5444793701172,134.80712890625,37.73686981201172,591.7349853515625
2025-02-13,42.56165313720703,50.37416458129883,118.41255950927734,142.0977783203125,134.94412231445312,37.82258224487305,597.9822998046875
2025-02-14,42.73245620727539,50.47159957885742,118.8136215209961,140.55435180664062,134.61141967773438,37.66544723510742,597.952880859375
2025-02-18,43.316009521484375,50.83210754394531,119.89791870117188,140.28257751464844,135.6683349609375,38.017818450927734,599.7083740234375
2025-02-19,43.65760040283203,50.85159683227539,119.90782928466797,142.10745239257812,135.80535888671875,38.217811584472656,601.1206665039062
2025-02-20,44.056129455566406,50.07211685180664,119.52657318115234,142.90341186523438,134.9147491455078,38.21304702758789,598.6198120117188
2025-02-21,43.14046859741211,49.44852828979492,116.28851318359375,142.13658142089844,131.9593048095703,38.222572326660156,588.3809814453125
2025-02-24,43.14995574951172,49.66288757324219,114.62490844726562,143.29168701171875,131.36231994628906,38.032100677490234,585.70361328125
2025-02-25,42.52845001220703,49.653141021728516,113.1395492553711,144.5244598388672,132.03758239746094,37.84162902832031,582.7906494140625
2025-02-26,42.2864875793457,49.54595947265625,114.37239837646484,143.48582458496094,132.1158905029297,37.99877166748047,583.0848999023438
2025-02-27,42.51420974731445,49.818782806396484,110.20845031738281,142.90341186523438,131.65591430664062,37.155941009521484,573.77783203125
2025-02-28,43.17367935180664,50.84185791015625,111.66410064697266,144.5632781982422,133.41746520996094,37.72258758544922,582.73193359375
2025-03-03,41.664974212646484,50.41314697265625,108.267578125,145.1942138671875,131.51890563964844,37.774967193603516,572.5224609375
2025-03-04,41.26169967651367,48.639808654785156,108.18341064453125,143.84500122070312,128.9549102783203,37.160701751708984,565.7456665039062
2025-03-05,40.65917205810547,48.9223747253418,109.70343780517578,145.29127502441406,130.99044799804688,36.8988037109375,571.8261108398438
2025-03-06,40.78252029418945,48.1136589050293,106.658447265625,144.893310546875,129.8650360107422,36.13216018676758,561.675537109375
2025-03-07,41.479942321777344,47.860328674316406,108.20321655273438,144.9030303955078,131.3819122314453,36.803565979003906,564.8236694335938
2025-03-10,41.788326263427734,46.78853988647461,103.60356140136719,143.34022521972656,129.32675170898438,37.208316802978516,549.779296875
2025-03-11,41.45621871948242,46.3890495300293,103.1827163696289,141.7774200439453,127.34011840820312,36.86071014404297,545.2091064453125
2025-03-12,41.645992279052734,46.457252502441406,104.80670166015625,140.36024475097656,127.33033752441406,36.746429443359375,548.1022338867188
2025-03-13,41.361331939697266,46.20392608642578,102.81632995605469,139.61282348632812,126.02876281738281,36.83689498901367,540.7957153320312
2025-03-14,42.58538055419922,47.27571105957031,105.92567443847656,140.68055725097656,128.3285675048828,37.55592727661133,551.96630859375
2025-03-17,43.263824462890625,47.83109664916992,106.66339874267578,142.46661376953125,130.0998992919922,37.71305847167969,556.2227172851562
2025-03-18,43.334983825683594,47.77263259887695,105.03941345214844,142.53456115722656,129.0625457763672,37.45116424560547,550.2108764648438
2025-03-19,44.041893005371094,48.29878616333008,106.40594482421875,142.6122283935547,130.775146484375,37.58926010131836,556.2030639648438
2025-03-20,44.20320510864258,48.36699295043945,105.64840698242188,142.6995849609375,130.1194610595703,37.741634368896484,554.5946655273438
2025-03-21,43.89481735229492,48.19160461425781,105.93558502197266,142.30160522460938,129.4246063232422,37.49878692626953,554.7776489257812
2025-03-24,44.394954681396484,49.04139709472656,107.94185638427734,143.3881072998047,131.82473754882812,37.486793518066406,564.7129516601562
2025-03-25,44.5766487121582,49.315208435058594,108.29896545410156,141.55616760253906,132.02105712890625,36.88735580444336,566.0703735351562
2025-03-26,44.839622497558594,49.16852569580078,105.88349151611328,141.03970336914062,131.1474151611328,37.13192367553711,559.3124389648438
2025-03-27,44.40452194213867,49.070735931396484,104.90640258789062,141.26382446289062,130.45042419433594,37.12233352661133,557.8270874023438
2025-03-28,44.19413757324219,48.1221809387207,102.36199188232422,140.82533264160156,127.76073455810547,37.39567947387695,546.5933227539062
2025-03-31,44.68183517456055,48.70891571044922,102.41157531738281,142.27723693847656,128.66384887695312,37.812889099121094,550.2625732421875
2025-04-01,44.94481658935547,48.650238037109375,103.1605224609375,139.6754913330078,129.3902587890625,37.9088020324707,551.8167724609375
2025-04-02,45.006961822509766,49.051177978515625,103.92435455322266,140.6109619140625,130.6074981689453,38.086238861083984,555.308837890625
2025-04-03,41.47353744506836,46.63577651977539,96.83171844482422,139.4708709716797,123.53968811035156,37.84646224975586,527.9427490234375
2025-04-04,37.65800857543945,43.22292709350586,90.45330810546875,131.82156372070312,115.77488708496094,35.741214752197266,497.035400390625
2025-04-07,37.41416549682617,43.115360260009766,90.99395751953125,131.0322723388672,115.2349853515625,35.19451904296875,496.150146484375
2025-04-08,36.548736572265625,42.94911575317383,89.1438980102539,129.58035278320312,114.28279113769531,35.05065155029297,488.3790588378906
2025-04-09,39.37930679321289,46.18594741821289,101.1120834350586,135.21258544921875,124.43297576904297,36.43177032470703,539.6683349609375
2025-04-10,36.80693435668945,44.89512634277344,96.40516662597656,131.44149780273438,121.22300720214844,36.15843200683594,516.0205688476562
2025-04-11,37.72016525268555,45.63832473754883,98.37921142578125,133.3708953857422,123.36298370361328,36.59961700439453,525.2279052734375
2025-04-14,37.85404586791992,46.10771560668945,99.27693939208984,134.99819946289062,124.64894104003906,37.256614685058594,530.3233032226562
2025-04-15,37.796669006347656,46.22506332397461,99.6390151977539,134.16995239257812,124.03050994873047,37.25181579589844,528.8379516601562
2025-04-16,38.107460021972656,45.50141525268555,96.17701721191406,132.8057403564453,122.33226013183594,36.9161262512207,517.0828857421875
2025-04-17,38.968109130859375,45.6187744140625,95.65623474121094,132.02618408203125,122.99979400634766,37.29497146606445,517.8206176757812
2025-04-21,37.94968032836914,44.6408805847168,93.18621826171875,129.18084716796875,120.24134826660156,36.41259002685547,505.4951171875
2025-04-22,38.91551208496094,46.11749267578125,95.45783233642578,131.60716247558594,122.3420639038086,37.405269622802734,518.64697265625
2025-04-23,38.843788146972656,46.66511917114258,98.2254409790039,132.26004028320312,123.8734359741211,37.56352615356445,526.6837158203125
2025-04-24,39.46536636352539,47.18339920043945,101.89080047607422,133.8776092529297,126.65148162841797,37.621070861816406,537.7698364257812
2025-04-25,39.393653869628906,46.9584846496582,103.39859771728516,134.52072143554688,126.64167022705078,37.505977630615234,541.6553344726562
2025-04-28,39.67096710205078,47.10516357421875,103.22996520996094,135.0566864013672,127.06376647949219,37.736167907714844,541.8618774414062
2025-04-29,39.556217193603516,47.594112396240234,103.71107482910156,135.7192840576172,127.88836669921875,38.02869415283203,545.2752685546875
2025-04-30,38.48997497558594,47.68212127685547,104.142578125,136.87887573242188,128.81109619140625,37.83686828613281,545.49169921875
2025-05-01,38.63341522216797,47.67234420776367,105.67022705078125,133.14678955078125,129.7829132080078,37.947166442871094,549.3574829101562
2025-05-02,39.19761276245117,48.66001892089844,107.43595123291016,134.9884796142578,132.10940551757812,38.24448776245117,557.5122680664062
2025-05-05,38.48997497558594,48.34709548950195,106.86555480957031,134.60842895507812,132.17813110351562,38.148582458496094,554.3153686523438
2025-05-06,38.499534606933594,48.073280334472656,105.97773742675781,130.89585876464844,131.01979064941406,38.613746643066406,549.6821899414062
2025-05-07,38.513877868652344,48.35687255859375,107.03915405273438,131.89952087402344,131.68731689453125,38.72404861450195,551.9938354492188
2025-05-08,39.02070617675781,48.7578125,108.06087493896484,130.71070861816406,133.5033416748047,38.41233825683594,555.840087890625
2025-05-09,39.41277313232422,48.7578125,107.92697143554688,129.28802490234375,133.611328125,38.47947692871094,555.1318359375
2025-05-12,40.44076919555664,49.7454833984375,112.93643951416016,132.4841766357422,137.7244110107422,38.249290466308594,573.4774169921875
2025-05-13,41.00974655151367,49.950843811035156,115.376708984375,128.4987335205078,138.6864013671875,38.196537017822266,577.2646484375
2025-05-14,40.76111602783203,49.813934326171875,116.12565612792969,125.47798156738281,138.01889038085938,38.02869415283203,578.00244140625
2025-05-15,40.93324279785156,50.14641571044922,116.28435516357422,127.12478637695312,139.55027770996094,38.839141845703125,580.82568359375
2025-05-16,40.87109375,50.4495735168457,116.50260162353516,129.68753051757812,141.14053344726562,39.409812927246094,584.5045166015625
2025-05-19,40.340362548828125,50.47890090942383,116.3339614868164,130.934814453125,141.6215362548828,39.57765197753906,585.1439208984375
2025-05-20,39.967411041259766,50.20509719848633,115.89749145507812,131.25637817382812,141.11106872558594,39.692745208740234,583.176513671875
2025-05-21,39.23108673095703,49.17829895019531,113.72010803222656,128.2161407470703,138.7257080078125,38.9686164855957,573.349609375
2025-05-22,39.07807922363281,49.119632720947266,113.74986267089844,127.21247863769531,138.69622802734375,38.41233825683594,573.575927734375
2025-05-23,39.202388763427734,48.9436149597168,112.4950180053711,127.00785064697266,138.2446746826172,38.872703552246094,569.6607666015625
2025-05-27,39.541866302490234,49.80415344238281,115.16839599609375,128.7813262939453,140.67913818359375,39.16523742675781,581.50439453125
2025-05-28,39.039825439453125,49.471675872802734,114.69224548339844,128.1186981201172,139.98220825195312,38.61854553222656,578.1400756835938
2025-05-29,39.33149337768555,49.72592544555664,114.88568115234375,128.9761962890625,140.10980224609375,38.88709259033203,580.4221801757812
2025-05-30,38.982452392578125,49.833492279052734,114.52857971191406,129.2490234375,140.19815063476562,39.28512954711914,579.7730712890625
2025-06-02,39.49405288696289,49.853050231933594,115.5403823852539,129.32701110839844,140.02146911621094,39.409812927246094,583.0388793945312
2025-06-03,39.9626350402832,49.950843811035156,117.2763442993164,129.62905883789062,141.10125732421875,39.515316009521484,586.3637084960938
2025-06-04,39.18326950073242,49.66725158691406,117.44994354248047,129.88243103027344,141.17979431152344,38.82475280761719,586.206298828125
2025-06-05,39.145015716552734,49.53034591674805,117.11762237548828,129.70701599121094,141.08164978027344,38.762413024902344,583.3733520507812
2025-06-06,39.88134765625,50.14641571044922,118.22367858886719,130.94454956054688,142.26939392089844,38.9350471496582,589.364013671875
2025-06-09,39.957847595214844,49.87261199951172,118.8039779663086,130.72044372558594,142.1417999267578,38.6856803894043,589.8950805664062
2025-06-10,40.67027282714844,49.93128204345703,119.46861267089844,132.21133422851562,141.5233612060547,38.776798248291016,593.2398071289062
2025-06-11,41.25837707519531,49.87261199951172,119.20573425292969,132.279541015625,141.5920867919922,38.800777435302734,591.5476684570312
2025-06-12,41.40182113647461,49.87261199951172,120.31179809570312,133.31243896484375,141.21905517578125,39.27073669433594,593.8986206054688
2025-06-13,42.123809814453125,48.8556022644043,118.62542724609375,132.6498260498047,140.03126525878906,39.04534912109375,587.2588500976562
2025-06-16,41.999488830566406,49.41299819946289,120.5448989868164,132.2405548095703,140.9932861328125,38.853519439697266,592.84619140625
2025-06-17,42.391571044921875,49.12940979003906,119.69181060791016,130.05783081054688,139.93312072753906,38.532222747802734,587.7802734375
2025-06-18,42.11423873901367,49.1098518371582,119.83563995361328,129.83370971679688,139.59933471679688,38.632930755615234,587.6917114257812
2025-06-20,42.54457092285156,49.24675750732422,119.30492401123047,129.21006774902344,139.7564239501953,38.73843002319336,586.3114624023438
2025-06-23,41.46868133544922,49.866905212402344,120.66520690917969,129.39610290527344,141.64886474609375,39.229522705078125,592.102783203125
2025-06-24,40.92881774902344,50.61265182495117,122.831298828125,130.9822235107422,142.83042907714844,39.39853286743164,598.6438598632812
2025-06-25,40.750465393066406,50.445838928222656,123.87957000732422,131.09970092773438,141.5701141357422,38.872188568115234,598.979248046875
2025-06-26,41.33371353149414,50.8187141418457,124.73406982421875,131.41302490234375,143.1061248779297,39.19572448730469,603.6655883789062
2025-06-27,41.11680603027344,50.96590042114258,124.58503723144531,131.1290740966797,144.53384399414062,39.27299118041992,606.664794921875
2025-06-30,40.880615234375,51.38783264160156,125.80717468261719,131.97108459472656,145.25262451171875,39.432342529296875,609.5653686523438
2025-07-01,41.19392776489258,51.67239761352539,124.68438720703125,133.8509521484375,145.73509216308594,39.567543029785156,609.3681030273438
2025-07-02,41.90250778198242,51.633140563964844,126.00094604492188,132.5291748046875,145.8827667236328,39.22469711303711,612.1305541992188
2025-07-03,41.95071029663086,52.19245529174805,127.66028594970703,132.666259765625,147.1234130859375,39.51925277709961,616.9549560546875
2025-07-07,41.54580307006836,51.692020416259766,126.64679718017578,131.55007934570312,146.61138916015625,39.601348876953125,612.357421875
2025-07-08,42.66411209106445,51.230831146240234,127.3274154663086,132.14735412597656,146.572021484375,39.18123245239258,612.0220336914062
2025-07-09,42.44719314575195,51.41727066040039,128.09249877929688,132.65646362304688,147.59605407714844,39.5482292175293,615.692138671875
2025-07-10,42.77015686035156,51.721458435058594,127.67022705078125,133.4691162109375,148.42311096191406,39.871761322021484,617.4285888671875
2025-07-11,42.96296691894531,51.1817741394043,127.10882568359375,132.36273193359375,147.89141845703125,39.81380844116211,615.2579956054688
2025-07-14,42.49058151245117,51.564456939697266,127.00450134277344,132.20608520507812,148.68896484375,39.973167419433594,616.4320678710938
2025-07-15,41.87840270996094,50.681339263916016,128.1322479248047,129.82688903808594,147.5763397216797,39.59168243408203,613.7978515625
2025-07-16,41.516883850097656,51.034584045410156,128.5297088623047,131.4423828125,148.09817504882812,39.61100387573242,615.8499755859375
2025-07-17,41.77235794067383,51.52520751953125,129.69720458984375,129.9443817138672,149.4668426513672,39.775184631347656,619.6187744140625
2025-07-18,41.434940338134766,51.554649353027344,129.61276245117188,129.08277893066406,149.13206481933594,40.441566467285156,619.1649169921875
2025-07-21,41.00593948364258,51.40746307373047,129.7816619873047,128.3484649658203,148.34434509277344,40.571937561035156,620.3389892578125
2025-07-22,41.19874954223633,51.692020416259766,128.57937622070312,130.73744201660156,148.69882202148438,41.06931686401367,620.427734375
2025-07-23,41.844661712646484,52.10414505004883,129.3146514892578,133.42013549804688,151.36715698242188,40.760276794433594,625.7060546875
2025-07-24,42.14352035522461,52.074703216552734,129.8611602783203,132.92080688476562,151.11114501953125,40.7071533203125,625.9132690429688
2025-07-25,41.98445129394531,52.437767028808594,130.15924072265625,133.62576293945312,152.60781860351562,40.813385009765625,628.5571899414062
2025-07-28,42.46165466308594,52.074703216552734,131.19757080078125,132.46063232421875,152.13516235351562,40.37879180908203,628.3993530273438
2025-07-29,42.87620162963867,51.80976867675781,131.20254516601562,131.61862182617188,150.4022216796875,40.84235763549805,626.741943359375
2025-07-30,42.26403045654297,51.71164321899414,131.4956512451172,131.38365173339844,149.66375732421875,41.14657211303711,625.9526977539062
2025-07-31,42.0374755859375,51.38783264160156,130.53184509277344,127.7022705078125,149.67359924316406,41.36870193481445,623.6046142578125
2025-08-01,41.256591796875,50.436031341552734,127.71492767333984,128.38763427734375,147.43850708007812,41.43147659301758,613.3834228515625
2025-08-04,41.16500473022461,50.936458587646484,130.30828857421875,130.2283172607422,148.7972869873047,42.165462493896484,622.7067260742188
2025-08-05,41.21803283691406,50.73040008544922,129.23019409179688,129.72900390625,148.49205017089844,41.71637725830078,619.5496826171875
2025-08-06,40.83723068237305,50.975711822509766,130.68585205078125,127.78060150146484,148.61019897460938,41.34456253051758,624.2952270507812
2025-08-07,40.678165435791016,50.406585693359375,130.80508422851562,126.31196594238281,148.3936004638672,41.793643951416016,623.7723388671875
2025-08-08,40.93845748901367,50.87758255004883,132.11170959472656,127.43791961669922,148.51174926757812,41.61497497558594,628.6362915039062
2025-08-11,40.61067581176758,50.85796356201172,131.21743774414062,127.5652084350586,148.02926635742188,41.484596252441406,627.39306640625
2025-08-12,40.80830764770508,51.47614288330078,133.2493896484375,128.44638061523438,149.56529235839844,41.66326141357422,634.072265625
2025-08-13,41.280696868896484,51.7705192565918,133.299072265625,130.50247192382812,150.13636779785156,41.75501251220703,636.2427978515625
2025-08-14,41.242130279541016,52.015830993652344,133.0109405517578,131.15847778320312,148.80714416503906,41.46528244018555,636.3019409179688
2025-08-15,41.242130279541016,51.47614288330078,132.00241088867188,133.3614044189453,148.12774658203125,41.34456253051758,634.812255859375
2025-08-18,40.996299743652344,51.51539993286133,132.28558349609375,133.04808044433594,148.70867919921875,41.165889739990234,634.6741943359375
2025-08-19,41.01075744628906,51.613521575927734,129.9754180908203,133.89988708496094,149.03359985351562,41.566688537597656,631.23095703125
2025-08-20,41.35300064086914,51.878456115722656,129.09605407714844,134.62442016601562,148.89573669433594,41.610145568847656,629.5537719726562
2025-08-21,41.637393951416016,51.71164321899414,128.62905883789062,134.17401123046875,148.36402893066406,41.32524108886719,627.028076171875
2025-08-22,42.48575973510742,52.56532669067383,130.37286376953125,135.2803955078125,150.78622436523438,41.54737091064453,636.6571655273438
2025-08-25,42.59662628173828,52.26114273071289,130.07974243164062,133.3516082763672,149.2797393798828,41.07897186279297,633.855224609375
2025-08-26,42.52914047241211,52.663455963134766,130.67591857910156,134.183837890625,150.81578063964844,41.17072296142578,636.5091552734375
2025-08-27,43.00634765625,52.77139663696289,131.3813934326172,134.10549926757812,150.79608154296875,41.18037796020508,637.9595336914062
2025-08-28,43.33412551879883,52.8400764465332,132.4197235107422,133.57679748535156,151.0619354248047,40.86650466918945,640.2186889648438
2025-08-29,43.570316314697266,52.977455139160156,130.38778686523438,134.55587768554688,149.67359924316406,40.7168083190918,636.400634765625
2025-09-02,43.63297653198242,52.58495330810547,129.0712127685547,134.68316650390625,148.24588012695312,40.581600189208984,631.6847534179688
2025-09-03,42.65446090698242,52.496646881103516,129.84127807617188,134.04676818847656,147.49758911132812,40.480201721191406,635.108154296875
2025-09-04,42.938865661621094,53.04613494873047,130.482177734375,134.55587768554688,149.16160583496094,40.431907653808594,640.4160766601562
2025-09-05,42.109779357910156,52.074703216552734,130.59144592285156,135.01605224609375,148.61019897460938,40.306358337402344,638.561279296875
2025-09-08,42.01337432861328,52.113956451416016,131.57017517089844,134.96710205078125,148.94497680664062,39.89590835571289,640.1300659179688
2025-09-09,42.21582794189453,52.33964157104492,131.8235626220703,135.69161987304688,147.94065856933594,40.1711540222168,641.6099243164062
2025-09-10,42.95332336425781,52.163021087646484,134.21319580078125,134.45797729492188,149.03359985351562,40.861671447753906,643.4647216796875
2025-09-11,42.96296691894531,53.01670455932617,134.66529846191406,136.79800415039062,150.4514617919922,41.07897186279297,648.81201171875
2025-09-12,42.707489013671875,52.791015625,134.57589721679688,135.22164916992188,149.25021362304688,41.28661346435547,648.594970703125
2025-09-15,42.56288528442383,52.67326354980469,135.78810119628906,134.06634521484375,149.93946838378906,41.3831901550293,652.0479736328125
2025-09-16,43.276283264160156,52.55551528930664,135.31613159179688,134.06634521484375,149.49636840820312,40.629886627197266,651.1502075195312
2025-09-17,43.37750244140625,53.06576919555664,134.84912109375,134.33070373535156,148.8169708251953,40.73129653930664,650.3412475585938
2025-09-18,43.24253463745117,53.11482238769531,137.1791534423828,134.59503173828125,150.4022216796875,40.760276794433594,653.3799438476562
2025-09-19,42.66892623901367,53.23257827758789,138.5702362060547,134.41879272460938,150.76654052734375,41.02102279663086,656.615966796875
2025-09-22,42.61982345581055,53.16169738769531,140.6087646484375,134.38436889648438,151.27078247070312,41.41868591308594,659.7225341796875
2025-09-23,43.35389709472656,52.925418853759766,139.39498901367188,134.6892852783203,151.31031799316406,41.6325798034668,656.1312255859375
2025-09-24,43.917816162109375,52.77775192260742,138.53440856933594,134.14833068847656,150.52926635742188,41.92912292480469,654.043701171875
2025-09-25,44.31159210205078,52.639923095703125,138.29066467285156,131.9254913330078,149.51089477539062,41.52562713623047,651.0263061523438
2025-09-26,44.719947814941406,53.023868560791016,138.70852661132812,133.27296447753906,150.85552978515625,42.20136260986328,654.756103515625
2025-09-29,43.898372650146484,53.2896728515625,139.44972229003906,133.6663818359375,151.32022094726562,42.32289123535156,656.59619140625
2025-09-30,43.431678771972656,53.03371047973633,140.2108154296875,136.88262939453125,152.4868927001953,42.39581298828125,659.0695190429688
2025-10-01,43.431678771972656,52.56116485595703,141.58375549316406,141.11196899414062,152.06173706054688,42.80417251586914,661.3153686523438
2025-10-02,42.99415588378906,52.521785736083984,142.349853515625,140.83657836914062,152.45721435546875,42.726383209228516,662.0769653320312
2025-10-03,43.22264099121094,52.886043548583984,141.63351440429688,142.43978881835938,152.66485595703125,43.22224426269531,662.0672607421875
2025-10-06,43.43653869628906,52.86635208129883,143.06617736816406,141.75128173828125,153.376708984375,43.64031982421875,664.4415283203125
2025-10-07,43.504600524902344,52.93526840209961,142.11106872558594,141.85946655273438,152.50665283203125,43.83963394165039,661.9780883789062
2025-10-08,43.251808166503906,52.67930221557617,144.60328674316406,142.13487243652344,153.83151245117188,44.14104080200195,665.925537109375
2025-10-09,42.6635856628418,52.492252349853516,144.35952758789062,141.82012939453125,151.5574951171875,44.02922821044922,663.9963989257812
2025-10-10,41.42878723144531,51.35026168823242,138.48468017578125,139.77432250976562,148.20584106445312,43.84935760498047,646.050048828125
2025-10-13,41.992706298828125,51.842498779296875,141.8573760986328,139.61695861816406,149.74819946289062,44.18478775024414,655.9630126953125
2025-10-14,41.98784637451172,52.41349411010742,140.03671264648438,140.0005340576172,151.508056640625,44.578556060791016,655.1616821289062
2025-10-15,41.963539123535156,52.41349411010742,141.42459106445312,140.2169189453125,150.8752899169922,45.161922454833984,658.0703125
2025-10-16,41.45795440673828,50.95646667480469,141.52906799316406,139.9808807373047,149.88661193847656,44.67092514038086,653.5886840820312
2025-10-17,41.79825210571289,51.36994934082031,141.7777862548828,140.91526794433594,150.01512145996094,44.51536560058594,657.298583984375
2025-10-20,42.24063491821289,51.97047805786133,143.35964965820312,142.41026306152344,151.78489685058594,44.50077819824219,664.1348266601562
2025-10-21,42.14341354370117,51.91141128540039,143.43426513671875,142.74468994140625,153.12954711914062,44.04867172241211,664.1249389648438
2025-10-22,42.68302917480469,51.61607360839844,142.01654052734375,143.56105041503906,151.14224243164062,43.94658660888672,660.6721801757812
2025-10-23,43.251808166503906,51.724361419677734,143.807373046875,143.6397247314453,153.03067016601562,43.912559509277344,664.5899658203125
2025-10-24,42.81428146362305,52.2855110168457,146.04092407226562,143.6298828125,153.15921020507812,44.427860260009766,670.0213623046875
2025-10-27,42.91637420654297,52.50210189819336,148.73707580566406,143.9643096923828,154.02923583984375,44.54939270019531,677.926025390625
2025-10-28,42.46912384033203,52.16737747192383,150.20953369140625,143.05941772460938,152.93179321289062,43.815330505371094,679.7266235351562
2025-10-29,42.78511428833008,51.281349182128906,151.28900146484375,141.61358642578125,153.3272705078125,43.800743103027344,680.0531616210938
2025-10-30,42.53232192993164,51.41917419433594,149.4285430908203,141.9283447265625,152.94168090820312,43.61601257324219,672.5739135742188
2025-10-31,42.84345245361328,51.5569953918457,149.5727996826172,141.879150390625,153.3074951171875,43.31460952758789,674.780029296875
2025-11-03,42.84831237792969,51.340415954589844,150.18466186523438,142.07586669921875,152.6549530029297,43.33891677856445,676.0463256835938
2025-11-04,42.38648223876953,51.606224060058594,146.22000122070312,142.71517944335938,150.8852081298828,43.18335723876953,668.0327758789062
2025-11-05,42.498291015625,51.78342819213867,146.79205322265625,143.26597595214844,151.46852111816406,43.193077087402344,670.3478393554688
2025-11-06,42.9115104675293,51.596378326416016,143.84219360351562,143.54136657714844,150.86541748046875,43.003482818603516,663.1553955078125
2025-11-07,43.528907775878906,51.96063232421875,143.3447265625,143.7380828857422,151.59706115722656,43.60143280029297,663.808349609375
2025-11-10,43.92267990112305,52.14768600463867,147.01092529296875,144.85934448242188,152.45721435546875,43.58684539794922,674.1665649414062
2025-11-11,44.4963264465332,52.38395690917969,145.7573699951172,148.20346069335938,152.49676513671875,43.61115264892578,675.7099609375
2025-11-12,43.87406539916992,52.83681869506836,146.21006774902344,150.30828857421875,152.6450653076172,43.71323776245117,676.0859985351562
2025-11-13,43.98588180541992,52.157527923583984,142.56375122070312,150.2296142578125,150.28208923339844,43.11043167114258,664.8670043945312
2025-11-14,44.73453140258789,51.63575744628906,143.3397674560547,149.33456420898438,150.29196166992188,43.14932632446289,664.758056640625
2025-11-17,43.917816162109375,50.651283264160156,141.09628295898438,149.2067108154297,148.81881713867188,43.538230895996094,658.56494140625
2025-11-18,44.26783752441406,50.5725212097168,138.80303955078125,150.08206176757812,148.15640258789062,43.37294387817383,653.0346069335938
2025-11-19,43.69419479370117,50.759578704833984,139.76809692382812,149.82635498046875,148.65074157714844,43.00834655761719,655.5574340820312
2025-11-20,43.198333740234375,50.31656265258789,135.38059997558594,148.93130493164062,146.15921020507812,42.78958511352539,645.5652465820312
2025-11-21,43.4705696105957,50.86786651611328,135.90292358398438,152.06886291503906,147.93887329101562,42.852783203125,651.9959106445312
2025-11-24,43.349037170410156,51.08445358276367,139.14129638671875,152.7082061767578,148.30467224121094,43.33891677856445,661.59228515625
2025-11-25,43.07679748535156,51.724361419677734,139.51438903808594,156.16050720214844,150.2030029296875,43.17362594604492,667.8152465820312
2025-11-26,43.40250778198242,52.12799835205078,141.16592407226562,155.81625366210938,151.0730438232422,43.74726486206055,672.4254150390625
2025-11-28,43.971290588378906,52.50210189819336,142.3796844482422,155.05889892578125,151.95297241210938,44.05839538574219,676.0958251953125
2025-12-01,44.394229888916016,52.06892776489258,142.44436645507812,152.73768615722656,149.72842407226562,43.02779006958008,673.0091552734375
2025-12-02,43.82059097290039,52.01970291137695,143.9118194580078,151.822998046875,151.0334930419922,42.72152328491211,674.2556762695312
2025-12-03,44.64216613769531,52.71868133544922,144.2550506591797,152.53114318847656,152.46710205078125,42.58540725708008,676.5905151367188
2025-12-04,44.83176040649414,52.82697677612305,144.7923126220703,151.37054443359375,153.258056640625,42.497901916503906,677.085205078125
2025-12-05,44.64702606201172,52.84666061401367,145.8518829345703,150.74105834960938,152.8329315185547,42.09926986694336,678.3712768554688
2025-12-08,44.160884857177734,52.6497688293457,146.87660217285156,148.94113159179688,152.6450653076172,41.53535842895508,676.3333129882812
2025-12-09,44.43312454223633,52.45287322998047,147.2646484375,147.49530029296875,151.52784729003906,41.56452560424805,675.7495727539062
2025-12-10,44.89982223510742,53.05340576171875,147.97100830078125,149.63946533203125,154.2961883544922,41.54507827758789,680.2312622070312
2025-12-11,44.68592071533203,54.018192291259766,147.21490478515625,151.05581665039062,155.94732666015625,41.84648132324219,681.8140869140625
2025-12-12,44.248390197753906,54.096946716308594,142.9567413330078,151.5279083251953,154.96852111816406,41.64230728149414,674.4832153320312
2025-12-15,43.9372673034668,54.13632583618164,141.57382202148438,153.53439331054688,155.21568298339844,42.0214958190918,673.4641723632812
2025-12-16,42.595523834228516,53.7917594909668,141.83248901367188,151.53775024414062,154.2961883544922,41.84648132324219,671.6240844726562
2025-12-17,43.53862762451172,53.78191375732422,138.6786651611328,151.2623291015625,151.79478454589844,41.574249267578125,664.23388671875
2025-12-18,42.906654357910156,53.69330978393555,140.81768798828125,151.38038635253906,152.7834930419922,41.982601165771484,669.2496337890625
2025-12-19,42.906654357910156,53.988651275634766,143.86209106445312,152.39344787597656,154.0984649658203,41.44784927368164,675.3153686523438
2025-12-22,43.3508415222168,54.651546478271484,144.63827514648438,153.3979949951172,155.80682373046875,41.60164260864258,679.5225219726562
2025-12-23,43.63521194458008,54.76021957397461,145.42544555664062,153.091796875,155.74729919433594,41.74857711791992,682.6282348632812
2025-12-24,43.50774002075195,55.05659103393555,145.77420043945312,153.89187622070312,156.25326538085938,41.9346923828125,685.0294799804688
2025-12-26,43.341041564941406,54.94792175292969,146.00335693359375,154.13880920410156,155.965576171875,41.905303955078125,684.9600219726562
2025-12-29,43.75287628173828,54.651546478271484,145.34573364257812,153.90174865722656,155.62823486328125,41.983665466308594,682.51904296875
2025-12-30,44.086273193359375,54.513240814208984,144.88739013671875,153.77333068847656,155.1818084716797,42.08162307739258,681.685546875
2025-12-31,43.841129302978516,54.108192443847656,143.4525604248047,152.90411376953125,153.89210510253906,41.817142486572266,676.635009765625
2026-01-02,44.76286315917969,54.266258239746094,143.7813720703125,153.60540771484375,156.72946166992188,42.29712677001953,677.8753051757812
2026-01-05,45.978763580322266,55.45176315307617,144.10020446777344,153.1411590576172,158.5846710205078,41.826942443847656,682.3900756835938
2026-01-06,44.7530517578125,55.71849822998047,146.12290954589844,156.15380859375,160.73748779296875,42.03264617919922,686.4484252929688
2026-01-07,44.252967834472656,54.938045501708984,146.00335693359375,157.70460510253906,157.71163940429688,41.013912200927734,684.2356567382812
2026-01-08,45.64537048339844,55.22454071044922,143.72158813476562,156.18344116210938,158.90213012695312,41.1314582824707,684.1661987304688
2026-01-09,45.763038635253906,55.05659103393555,145.6247100830078,155.3833770751953,160.64820861816406,41.64082336425781,688.69091796875
2026-01-12,45.439453125,54.621910095214844,146.26242065429688,155.4525146484375,161.8783721923828,41.70939636230469,689.7723999023438
2026-01-13,46.08662796020508,53.57471466064453,145.9535369873047,154.8203582763672,162.71173095703125,41.973873138427734,688.3931884765625
2026-01-14,47.12602996826172,53.495689392089844,144.179931640625,155.9266357421875,162.96966552734375,42.287330627441406,685.009521484375
2026-01-15,46.68477249145508,53.7130241394043,144.9372100830078,155.0376739501953,164.46771240234375,42.71833419799805,686.875
2026-01-16,46.76321792602539,53.78218078613281,145.0966339111328,153.83261108398438,165.578857421875,42.502830505371094,686.299560546875
2026-01-20,46.674964904785156,52.55716323852539,141.33021545410156,153.49676513671875,162.23553466796875,42.08162307739258,672.3286743164062
2026-01-21,47.802616119384766,52.814022064208984,143.2931365966797,156.3217315673828,165.0431365966797,42.14039611816406,680.088134765625
2026-01-22,47.959510803222656,53.159793853759766,144.35928344726562,156.35137939453125,164.18994140625,41.83673095703125,683.6402587890625
2026-01-23,48.234066009521484,52.428733825683594,144.5685272216797,155.55128479003906,162.92005920410156,41.68980407714844,683.8883056640625
2026-01-26,48.263484954833984,52.76462936401367,145.55499267578125,156.16371154785156,163.0788116455078,41.99346160888672,687.3612060546875
2026-01-27,48.70473861694336,52.35958480834961,147.51788330078125,153.546142578125,163.75341796875,42.542015075683594,690.099853515625
2026-01-28,49.07735061645508,52.34970474243164,148.6936492919922,152.4201202392578,162.8406982421875,42.44405746459961,690.0303955078125
2026-01-29,49.52841567993164,52.90293502807617,146.3421173095703,151.93612670898438,164.54708862304688,42.44405746459961,688.6610717773438
2026-01-30,50.057918548583984,52.79426193237305,143.36289978027344,152.8448486328125,164.1304168701172,42.36569595336914,686.6071166992188
2026-02-02,49.07735061645508,53.377132415771484,144.7379150390625,153.78321838378906,166.20387268066406,41.74857711791992,690.0203857421875
2026-02-03,50.665870666503906,52.883174896240234,141.56935119628906,152.2126922607422,167.6027069091797,42.355899810791016,684.18603515625
2026-02-04,51.8033332824707,53.307979583740234,137.6235809326172,154.11904907226562,168.0491485595703,42.19916915893555,680.8719482421875
2026-02-05,51.195377349853516,52.64607620239258,135.1425323486328,152.94361877441406,167.03721618652344,42.21875762939453,672.3682861328125
2026-02-06,52.21516799926758,53.60435485839844,140.6227569580078,155.77847290039062,171.80914306640625,42.46364974975586,685.2676391601562
2026-02-09,52.59758758544922,53.28822326660156,142.8347930908203,154.40550231933594,172.3250274658203,42.59099197387695,688.5718383789062
2026-02-10,52.538753509521484,52.90293502807617,142.0376739501953,153.42762756347656,172.5333709716797,43.29627227783203,686.7559814453125
2026-02-11,53.91154861450195,52.102725982666016,142.45616149902344,154.3363494873047,173.45599365234375,43.67829513549805,686.5972290039062
2026-02-12,52.93098068237305,51.06541061401367,138.70968627929688,154.08941650390625,171.38255310058594,44.324798583984375,675.9900512695312
2026-02-13,53.29378890991211,51.02589416503906,139.0583953857422,155.7389678955078,172.79132080078125,45.54924011230469,676.4663696289062
2026-02-17,52.705448150634766,51.569252014160156,138.97869873046875,155.44264221191406,173.694091796875,45.431697845458984,677.5578002929688
2026-02-18,53.71543502807617,51.954532623291016,140.40354919433594,155.7389678955078,173.6544189453125,44.67744064331055,680.9711303710938
2026-02-19,54.10765838623047,51.51985549926758,139.70608520507812,155.333984375,174.94412231445312,45.16722106933594,679.1751098632812
2026-02-20,53.81349182128906,51.85574722290039,140.37367248535156,154.8993682861328,175.82708740234375,45.38272476196289,684.0867919921875
2026-02-23,54.0782470703125,50.11701202392578,138.02215576171875,156.59829711914062,173.4460906982422,45.725563049316406,677.1013793945312
2026-02-24,54.02921676635742,50.363990783691406,139.815673828125,155.9365234375,175.5790557861328,46.23493194580078,682.02294921875
2026-02-25,53.80368423461914,51.24323654174805,142.49600219726562,155.89700317382812,174.20999145507812,46.391658782958984,687.7779541015625
2026-02-26,53.98018264770508,51.86561965942383,140.50320434570312,155.4920196533203,175.30126953125,46.21533966064453,683.957763671875
2026-02-27,54.833282470703125,50.808555603027344,138.2612762451172,158.2379608154297,175.73779296875,46.754093170166016,680.6734619140625
2026-03-02,55.931514739990234,50.68012237548828,139.03848266601562,156.5884246826172,177.48387145996094,46.40145492553711,681.0604858398438
2026-03-03,55.4216194152832,50.59121322631836,137.0058135986328,154.8203582763672,174.05126953125,46.10758972167969,675.057373046875
2026-03-04,55.0980339050293,50.87770080566406,139.33740234375,155.12657165527344,174.57705688476562,46.30350112915039,679.8201904296875
2026-03-05,55.38239288330078,50.61096954345703,139.67617797851562,152.0250244140625,170.697998046875,45.94106674194336,676.0297241210938
2026-03-06,55.47064971923828,49.95894241333008,136.7965545654297,150.82984924316406,168.59478759765625,45.78433609008789,667.1690063476562
2026-03-09,55.22550582885742,49.72184371948242,139.2576904296875,152.37071228027344,169.58688354492188,45.892086029052734,673.0133056640625
2026-03-10,54.51949691772461,49.45510482788086,139.2576904296875,151.27432250976562,168.67416381835938,45.6080207824707,671.9317016601562
2026-03-11,55.872684478759766,49.040184020996094,139.92527770996094,150.97799682617188,168.14837646484375,45.225990295410156,671.08837890625
2026-03-12,56.39237976074219,48.23997116088867,137.34457397460938,148.32095336914062,163.9320068359375,45.54924011230469,660.89794921875
2026-03-13,56.57869338989258,48.29924392700195,136.30833435058594,147.95545959472656,163.34666442871094,45.999839782714844,657.1571655273438
2026-03-16,56.774803161621094,48.704288482666016,138.28121948242188,149.1605224609375,164.74549865722656,46.293701171875,663.8449096679688
2026-03-17,57.37294387817383,48.961151123046875,139.03848266601562,147.80731201171875,165.18203735351562,46.16636276245117,665.5912475585938
2026-03-18,57.29450607299805,48.37827682495117,137.4641571044922,145.33792114257812,163.87246704101562,45.7745361328125,656.3038330078125
2026-03-19,58.2064323425293,48.39803695678711,137.9324493408203,144.81442260742188,162.76133728027344,45.58842849731445,654.6864624023438
2026-03-20,58.15740203857422,48.4869499206543,134.8037567138672,143.55010986328125,160.39024353027344,43.7370719909668,645.3009643554688
2026-03-23,58.85321807861328,48.92485809326172,136.62744140625,143.58482360839844,162.21385192871094,44.171085357666016,652.07666015625
2026-03-24,60.047454833984375,48.93478775024414,135.82933044433594,143.60464477539062,163.15899658203125,44.47686767578125,649.8877563476562
2026-03-25,59.78097152709961,48.99436569213867,136.43789672851562,145.04278564453125,164.25335693359375,44.63469314575195,653.5094604492188
2026-03-26,60.71859359741211,48.706398010253906,132.18792724609375,144.54685974121094,160.4429931640625,44.71360778808594,641.838623046875
2026-03-27,61.745052337646484,47.4750862121582,129.61399841308594,142.087158203125,158.38360595703125,44.97007369995117,630.89404296875
2026-03-30,61.152862548828125,48.02123260498047,127.19970703125,142.64259338378906,155.806884765625,45.29558181762695,628.78466796875
2026-03-31,60.461978912353516,49.0241584777832,132.5869903564453,145.4097442626953,160.900634765625,45.2659912109375,647.0621337890625
2026-04-01,58.201812744140625,49.093666076660156,134.59225463867188,146.52056884765625,163.58676147460938,45.483001708984375,651.9373779296875
2026-04-02,58.47816848754883,49.18303298950195,135.6697235107422,145.6081085205078,162.93017578125,45.70987319946289,652.5244750976562
2026-04-06,58.902565002441406,49.53058624267578,136.45785522460938,145.08245849609375,163.765869140625,45.54218292236328,655.6087646484375
2026-04-07,59.376312255859375,49.53058624267578,137.1063232421875,145.37008666992188,163.43756103515625,45.64082717895508,655.8972778320312
2026-04-08,57.29379653930664,50.841339111328125,141.35629272460938,148.4447021484375,169.5659637451172,46.143890380859375,672.6027221679688
2026-04-09,56.58317947387695,50.970428466796875,141.7353973388672,148.1074676513672,171.30699157714844,46.50886154174805,676.4830322265625
2026-04-10,56.19825744628906,50.41434860229492,142.28408813476562,146.10400390625,170.6404266357422,46.321441650390625,676.0353393554688
2026-04-13,56.36604690551758,51.29811477661133,145.26705932617188,146.75860595703125,171.84420776367188,45.759193420410156,682.6417846679688
2026-04-14,55.221153259277344,51.41727066040039,147.59158325195312,147.611572265625,172.46104431152344,45.83810806274414,690.959716796875
2026-04-15,55.03363037109375,51.80453872680664,149.94601440429688,146.5602569580078,170.3021697998047,45.39422607421875,696.412109375
2026-04-16,55.84294891357422,51.66551971435547,151.66197204589844,145.4097442626953,169.45652770996094,45.71973419189453,698.1234130859375
2026-04-17,54.30327224731445,52.062721252441406,153.98648071289062,147.58181762695312,172.62020874023438,45.53232192993164,706.5607299804688
2026-04-20,54.35261535644531,52.26131820678711,154.19598388671875,146.21311950683594,173.00820922851562,45.127899169921875,705.1477661132812
2026-04-21,55.14219665527344,51.93362808227539,154.32566833496094,144.72540283203125,170.5608367919922,44.338775634765625,700.53125
2026-04-22,55.803466796875,51.844261169433594,157.7176513671875,145.181640625,170.16287231445312,44.25986099243164,707.6253051757812
2026-04-23,56.237735748291016,51.4371337890625,155.47296142578125,145.04278564453125,173.17735290527344,45.46327209472656,704.8792114257812
2026-04-24,56.12916946411133,51.05979537963867,159.8426513671875,142.9996337890625,171.58555603027344,45.55205154418945,710.3414916992188
2026-04-27,56.03047180175781,51.44706726074219,160.19183349609375,142.28553771972656,171.62535095214844,45.561912536621094,711.5653686523438
2026-04-28,56.95822525024414,51.48678207397461,157.47824096679688,142.66241455078125,170.1031951904297,45.621097564697266,708.1029052734375
2026-04-29,58.26102828979492,51.55629348754883,158.73526000976562,141.6706085205078,169.05857849121094,45.05884552001953,707.993408203125
2026-04-30,58.872955322265625,51.76482391357422,159.1243438720703,144.79483032226562,173.6847381591797,46.21293640136719,715.0377197265625
2026-05-01,58.0833740234375,51.55629348754883,161.48876953125,143.97161865234375,172.0730438232422,45.91701889038086,717.0177001953125
2026-05-04,58.6163444519043,51.21867752075195,161.66835021972656,143.54513549804688,170.1031951904297,45.739463806152344,714.3909912109375
2026-05-05,58.67556381225586,51.228607177734375,165.2399139404297,144.1104736328125,171.52586364746094,45.739463806152344,720.1220092773438
2026-05-06,56.257476806640625,51.47685241699219,169.62953186035156,144.2096405029297,175.96299743652344,45.08843994140625,730.1312866210938
2026-05-07,55.221153259277344,51.18888473510742,169.29034423828125,143.53521728515625,173.10769653320312,44.50646209716797,727.8926391601562
2026-05-08,54.97441482543945,50.88105773925781,175.1066131591797,142.31529235839844,172.3118133544922,44.111900329589844,733.9021606445312
2026-05-11,56.425262451171875,50.821475982666016,177.46107482910156,141.86895751953125,174.14236450195312,44.52619171142578,735.5736694335938
2026-05-12,56.82005310058594,51.21867752075195,174.787353515625,144.65597534179688,173.45591735839844,44.57550811767578,734.4593505859375
2026-05-13,56.8792724609375,50.632808685302734,176.43348693847656,145.50892639160156,172.72964477539062,44.06258010864258,738.5685424804688
2026-05-14,57.31353759765625,50.93070983886719,179.07723999023438,145.42958068847656,173.61508178710938,44.28945541381836,744.3989868164062
2026-05-15,58.665687561035156,50.74203872680664,175.84486389160156,143.912109375,170.52102661132812,43.273460388183594,735.4443969726562
2026-05-18,59.79084396362305,51.37755584716797,173.94935607910156,144.5270233154297,169.87437438964844,43.342506408691406,734.927001953125
2026-05-19,60.49159240722656,50.74203872680664,172.8319854736328,146.11395263671875,167.8746795654297,43.73706817626953,730.03173828125
2026-05-20,59.02100372314453,51.29811477661133,176.72279357910156,145.9254913330078,169.85446166992188,43.904754638671875,737.5138549804688
2026-05-21,58.35973358154297,51.36762619018555,178.1793670654297,146.9371337890625,169.65550231933594,44.38809585571289,738.9764404296875
2026-05-22,58.71504211425781,51.57615280151367,179.96514892578125,148.66290283203125,170.88914489746094,44.733333587646484,741.8817749023438
2026-05-26,57.09640121459961,51.48678207397461,184.70396423339844,147.29417419433594,173.4061737060547,44.71360778808594,746.8068237304688
2026-05-27,56.24760818481445,51.05979537963867,183.99562072753906,147.57188415527344,173.4061737060547,44.52619171142578,746.6774291992188
2026-05-28,56.208126068115234,50.91084671020508,186.40992736816406,149.64479064941406,172.9087371826172,44.023128509521484,750.7965698242188
2026-05-29,55.55672836303711,51.21867752075195,190.5701141357422,148.246337890625,172.24217224121094,43.81597900390625,752.6671142578125
2026-06-01,56.553565979003906,51.06972885131836,195.2989501953125,146.6296844482422,171.5159149169922,42.5139274597168,754.7166748046875
2026-06-02,57.20497131347656,51.09951400756836,197.74319458007812,145.2014617919922,173.29673767089844,43.30305099487305,755.7415771484375
2026-06-03,57.94519805908203,50.513648986816406,195.76783752441406,146.34205627441406,173.15745544433594,43.11563491821289,750.4384155273438
2026-06-04,57.98468017578125,51.82440185546875,192.71505737304688,150.8349609375,175.2566375732422,43.342506408691406,753.2740478515625
2026-06-05,56.91874694824219,51.93362808227539,179.8753662109375,151.75733947753906,173.28677368164062,43.74692916870117,733.83251953125
2026-06-08,57.570152282714844,51.60594177246094,183.74620056152344,151.40029907226562,172.73960876464844,42.92822265625,735.4940795898438
2026-06-09,56.64239501953125,52.09251022338867,180.34425354003906,153.30458068847656,174.6995086669922,43.381961822509766,733.3350830078125
2026-06-10,57.49119567871094,51.86412048339844,176.21400451660156,151.59866333007812,168.7899627685547,43.40169143676758,721.7736206054688
2026-06-11,56.375911712646484,52.25139236450195,182.77850341796875,152.82850646972656,174.25180053710938,43.451011657714844,734.04150390625
2026-06-12,56.80031204223633,52.966346740722656,184.36476135253906,152.55079650878906,175.27651977539062,43.92448425292969,738.0113525390625
2026-06-15,54.82636642456055,53.18480682373047,191.33828735351562,151.63833618164062,177.76368713378906,44.131629943847656,751.0254516601562
2026-06-16,54.63883972167969,53.96927261352539,186.0009002685547,151.6879425048828,178.92770385742188,44.44728088378906,746.5481567382812
2026-06-17,53.957828521728516,53.67137145996094,185.36241149902344,149.4761962890625,178.67898559570312,43.855438232421875,737.225341796875
2026-06-18,53.06955337524414,53.194732666015625,190.98912048339844,148.17689514160156,179.98228454589844,44.1513557434082,744.8902587890625
2026-06-22,53.74056625366211,53.510616302490234,191.926025390625,149.48788452148438,181.3126983642578,44.393577575683594,742.546142578125
2026-06-23,54.13819885253906,53.68998336791992,183.97531127929688,151.59979248046875,177.67247009277344,44.741024017333984,731.7628784179688
2026-06-24,53.25345993041992,53.530548095703125,182.83663940429688,152.76535034179688,179.7269744873047,45.20759201049805,731.4237060546875
2026-06-25,53.7703857421875,53.261497497558594,184.35487365722656,155.03665161132812,183.62648010253906,45.51532745361328,732.4810791015625
2026-06-26,53.52186584472656,53.38107681274414,180.89889526367188,159.72869873046875,180.7143096923828,45.86277389526367,727.1842651367188
2026-06-29,53.26340103149414,53.530548095703125,185.19387817382812,160.12718200683594,182.27012634277344,45.68408966064453,739.1644897460938
2026-06-30,52.79617691040039,53.420936584472656,190.2979278564453,158.0550994873047,184.73350524902344,45.00905227661133,744.9202270507812
2026-07-01,52.49795150756836,54.58680725097656,185.40362548828125,158.93173217773438,182.86851501464844,44.443214416503906,743.9127197265625
2026-07-02,52.9055290222168,55.42384338378906,180.37950134277344,163.11573791503906,183.41705322265625,45.42598342895508,742.9351806640625
2026-07-06,52.81605911254883,55.942012786865234,183.3560333251953,161.342529296875,185.0626220703125,44.96934509277344,749.4190673828125
2026-07-07,54.317134857177734,55.85232925415039,178.97113037109375,163.8130645751953,181.89114379882812,45.366424560546875,745.85791015625
2026-07-08,55.271461486816406,54.77613830566406,181.1885528564453,161.6812286376953,179.9364013671875,45.028907775878906,743.5536499023438
2026-07-09,54.49607467651367,55.3441276550293,185.1339569091797,161.5517120361328,180.62454223632812,44.80058670043945,749.8480224609375
2026-07-10,54.754539489746094,55.513526916503906,185.56344604492188,160.22679138183594,181.432373046875,45.07854080200195,753.0799560546875
2026-07-13,56.40473175048828,55.872257232666016,181.06869506835938,160.79461669921875,179.8865203857422,45.38628005981445,747.3142700195312
2026-07-14,56.613487243652344,55.98187255859375,183.4059600830078,157.68650817871094,179.96630859375,45.35649490356445,749.9677124023438
2026-07-15,56.16614532470703,56.360530853271484,181.36834716796875,157.68650817871094,179.57736206054688,44.889930725097656,752.9403076171875
2026-07-16,56.683074951171875,56.549861907958984,177.31307983398438,161.18313598632812,179.6671142578125,45.13810348510742,748.8604125976562
2026-07-17,57.339176177978516,56.061588287353516,175.3853302001953,160.475830078125,178.92910766601562,44.84029006958008,741.4487915039062
2026-07-20,57.59763717651367,55.84236526489258,175.50518798828125,158.64285278320312,177.64256286621094,44.611968994140625,740.2518310546875
2026-07-21,58.154327392578125,55.91211700439453,180.56927490234375,159.6390380859375,178.18112182617188,44.59211730957031,746.426513671875
2026-07-22,58.85019302368164,55.85232925415039,180.05987548828125,158.82215881347656,178.37060546875,45.59474563598633,745.55859375
2026-07-23,59.02912902832031,55.63310623168945,178.2419891357422,160.8245086669922,181.45233154296875,45.852848052978516,736.3515014648438
2026-07-24,59.2677116394043,56.111412048339844,175.67498779296875,161.9501953125,182.17039489746094,45.952117919921875,737.099609375
2026-07-27,58.01515579223633,56.67940139770508,174.09683227539062,162.7770233154297,182.7089385986328,45.3465690612793,737.25927734375
2026-07-28,57.22982406616211,57.3968620300293,170.89056396484375,166.622314453125,182.0008544921875,45.187740325927734,739.0248413085938
2026-07-29,58.303443908691406,56.480106353759766,166.3758544921875,165.606201171875,176.1864776611328,44.582191467285156,727.6531372070312
2026-07-30,58.611610412597656,56.798980712890625,175.52516174316406,162.89657592773438,177.91183471679688,44.334014892578125,739.852783203125
2026-07-31,59.198123931884766,56.73918914794922,175.14561462402344,161.93026733398438,179.3579559326172,44.026275634765625,745.1796264648438
2026-08-03,58.4426155090332,57.17763900756836,177.83245849609375,161.6214599609375,182.66905212402344,44.03620529174805,755.793212890625
2026-08-04,58.17420959472656,57.67587661743164,186.68214416503906,161.48199462890625,185.90036010742188,43.78803253173828,769.4193725585938
2026-08-05,56.97136306762695,57.79545211791992,185.69329833984375,163.5341339111328,185.8505096435547,43.34131622314453,767.8831787109375
2026-08-06,57.81633758544922,57.60612487792969,185.11398315429688,163.82302856445312,184.26475524902344,43.063358306884766,766.65625
2026-08-07,57.16023635864258,57.3968620300293,187.7509002685547,165.04832458496094,184.6836395263672,43.29167938232422,771.3446044921875
2026-08-10,59.82440185546875,57.60612487792969,186.1028289794922,167.79782104492188,184.10519409179688,42.815185546875,771.1151733398438
2026-08-11,60.569969177246094,57.59615707397461,185.87307739257812,167.36944580078125,185.20223999023438,43.3115348815918,768.6513061523438
2026-08-12,60.669376373291016,57.71573257446289,188.63986206054688,167.79782104492188,185.38177490234375,43.52000045776367,770.5764770507812
2026-08-13,60.69920349121094,58.054534912109375,190.54763793945312,167.73805236816406,185.2919921875,43.718544006347656,775.9531860351562
2026-08-14,61.5441780090332,57.95488739013672,189.78851318359375,166.7318878173828,186.01007080078125,43.986572265625,774.4169921875
2026-08-17,62.21022415161133,57.37693405151367,190.09815979003906,166.41311645507812,185.82058715820312,43.857521057128906,770.7560424804688
2026-08-18,63.3037223815918,57.636016845703125,185.40362548828125,169.0828857421875,183.0779571533203,43.69868850708008,765.5490112304688
2026-08-19,63.204315185546875,57.277286529541016,183.4259490966797,175.0102081298828,181.46229553222656,43.69868850708008,767.1549682617188
2026-08-20,63.37330627441406,56.7491569519043,182.88658142089844,171.73275756835938,179.28814697265625,43.45051193237305,760.7109985351562
2026-08-21,63.26395797729492,57.277286529541016,183.09632873535156,173.95425415039062,179.76686096191406,42.45781326293945,763.8232421875
2026-08-24,62.737091064453125,58.014678955078125,179.8401336669922,174.03395080566406,178.52020263671875,42.9045295715332,761.5787963867188
2026-08-25,61.693294525146484,58.1043586730957,181.52816772460938,174.62168884277344,177.92181396484375,42.99386978149414,764.0127563476562
2026-08-26,62.06110763549805,58.054534912109375,182.6268768310547,172.87835693359375,179.8566131591797,43.19240951538086,764.182373046875
2026-08-27,61.92193603515625,57.67587661743164,188.39015197753906,170.92584228515625,178.32073974609375,42.86481857299805,769.18994140625
2026-08-28,62.30963134765625,57.89509963989258,185.4735565185547,170.5074462890625,176.66519165039062,42.4181022644043,767.4442749023438
2026-08-31,63.58206558227539,57.506473541259766,186.28260803222656,169.88980102539062,174.66058349609375,41.9217529296875,765.1499633789062
2026-09-01,64.38727569580078,56.99827575683594,183.4259490966797,171.0155029296875,172.2670135498047,42.24934387207031,759.89306640625
2026-09-02,64.71533203125,57.45664978027344,183.38600158691406,172.29061889648438,172.31687927246094,42.35853958129883,763.2646484375
2026-09-03,64.23816680908203,58.353477478027344,185.75323486328125,172.59942626953125,174.09210205078125,42.715911865234375,771.2548217773438
2026-09-04,63.68147277832031,57.89509963989258,187.06170654296875,170.7963409423828,174.80020141601562,42.76554870605469,768.2822265625
2026-09-08,64.38727569580078,57.09791946411133,187.6510009765625,166.49281311035156,173.95248413085938,43.13284683227539,764.0626831054688
2026-09-09,64.92408752441406,56.858768463134766,187.6510009765625,165.9449005126953,171.32952880859375,42.62656784057617,760.5115356445312
2026-09-10,64.54633331298828,56.669437408447266,185.0041046142578,165.02841186523438,170.0928497314453,42.20963668823242,755.9528198242188
2026-09-11,64.75509643554688,57.048095703125,187.4512481689453,164.72955322265625,171.90797424316406,42.08058547973633,762.3967895507812
2026-09-14,64.14869689941406,56.82887268066406,184.06520080566406,167.11044311523438,169.47450256347656,41.51474380493164,758.9952392578125
2026-09-15,65.5404281616211,56.649505615234375,183.5258331298828,167.0207977294922,168.3974151611328,41.018394470214844,755.513916015625
2026-09-16,63.65165328979492,55.73275375366211,183.71559143066406,167.13037109375,168.25779724121094,41.018394470214844,752.1821899414062
2026-09-17,64.0989990234375,55.68292999267578,187.84078979492188,168.16639709472656,168.55697631835938,41.38569259643555,760.7109985351562
2026-09-18,63.929996490478516,55.66299819946289,189.37899780273438,167.7480010986328,169.2949981689453,40.79999923706055,761.6900024414062
2026-09-21,62.459999084472656,55.900001525878906,194.85000610351562,169.00999450683594,169.97999572753906,40.65999984741211,773.5
2026-09-22,61.779998779296875,54.79999923706055,196.27000427246094,169.88999938964844,170.27000427246094,40.529998779296875,773.3800048828125
2026-09-23,62.369998931884766,54.540000915527344,195.33999633789062,168.8000030517578,170.10000610351562,39.75,767.8099975585938
2026-09-24,62.599998474121094,54.529998779296875,194.7100067138672,169.8699951171875,168.8300018310547,39.36000061035156,767.1799926757812
2026-09-25,62.040000915527344,54.84000015258789,196.27000427246094,170.6999969482422,170.42999267578125,39.5099983215332,771.3499755859375
2026-09-28,62.099998474121094,54.189998626708984,194.52999877929688,171.25999450683594,168.77999877929688,39.25,765.6099853515625
2026-09-29,61.540000915527344,54.0099983215332,194.5,170.72999572753906,169.1300048828125,39.709999084472656,764.2000122070312
2026-09-30,61.5,53.400001525878906,195.75,168.4199981689453,166.97999572753906,39.439998626708984,762.6300048828125
2026-10-01,62.70000076293945,53.459999084472656,197.80999755859375,166.1999969482422,168.63999938964844,39.68000030517578,763.989990234375
2026-10-02,62.81999969482422,53.4900016784668,199.80999755859375,166.17999267578125,169.9499969482422,39.83000183105469,769.6400146484375
2026-10-05,63.45000076293945,53.880001068115234,200.92999267578125,167.3699951171875,170.10000610351562,39.970001220703125,774.8300170898438
2026-10-06,63.75,54.0099983215332,202.0,167.08999633789062,171.5800018310547,41.15999984741211,779.0900268554688
