date,r_p,var95_wc,es95_wc,var99_wc,es99_wc,var95_g,es95_g,var99_g,es99_g,hit95_wc,hit99_wc,hit95_g,hit99_g
2020-01-02,0.007901545971521854,0.008418962441739902,0.013289269926735011,0.015845084858325958,0.022793283233382127,0.00674363180306619,0.00979210637891314,0.011477494869528504,0.015127566530399641,0,0,0,0
2020-01-03,-0.005886397977261954,0.008418962441739902,0.013289269926735011,0.015845084858325958,0.022793283233382127,0.00674363180306619,0.00979210637891314,0.011477494869528504,0.015127566530399641,0,0,0,0
2020-01-06,0.0029702507787951857,0.008418962441739902,0.013289269926735011,0.015845084858325958,0.022793283233382127,0.00674363180306619,0.00979210637891314,0.011477494869528504,0.015127566530399641,0,0,0,0
2020-01-07,-0.0025479020983312484,0.008418962441739902,0.013289269926735011,0.015845084858325958,0.022793283233382127,0.00674363180306619,0.00979210637891314,0.011477494869528504,0.015127566530399641,0,0,0,0
2020-01-08,0.0021800119433930025,0.008418962441739902,0.013289269926735011,0.015845084858325958,0.022793283233382127,0.00674363180306619,0.00979210637891314,0.011477494869528504,0.015127566530399641,0,0,0,0
2020-01-09,0.0064997986529776895,0.008418962441739902,0.013289269926735011,0.015845084858325958,0.022793283233382127,0.00674363180306619,0.00979210637891314,0.011477494869528504,0.015127566530399641,0,0,0,0
2020-01-10,-0.003216368405808459,0.008418962441739902,0.013289269926735011,0.015845084858325958,0.022793283233382127,0.00674363180306619,0.00979210637891314,0.011477494869528504,0.015127566530399641,0,0,0,0
2020-01-13,0.005307101416921289,0.008418962441739902,0.013289269926735011,0.015845084858325958,0.022793283233382127,0.00674363180306619,0.00979210637891314,0.011477494869528504,0.015127566530399641,0,0,0,0
2020-01-14,0.00015105712019331804,0.008418962441739902,0.013289269926735011,0.015845084858325958,0.022793283233382127,0.00674363180306619,0.00979210637891314,0.011477494869528504,0.015127566530399641,0,0,0,0
2020-01-15,0.0020812703623692198,0.008418962441739902,0.013289269926735011,0.015845084858325958,0.022793283233382127,0.00674363180306619,0.00979210637891314,0.011477494869528504,0.015127566530399641,0,0,0,0
2020-01-16,0.007622130683030679,0.008418962441739902,0.013289269926735011,0.015845084858325958,0.022793283233382127,0.00674363180306619,0.00979210637891314,0.011477494869528504,0.015127566530399641,0,0,0,0
2020-01-17,0.0019077088742494278,0.008418962441739902,0.013289269926735011,0.015845084858325958,0.022793283233382127,0.00674363180306619,0.00979210637891314,0.011477494869528504,0.015127566530399641,0,0,0,0
2020-01-21,-0.0042585596698015375,0.008418962441739902,0.013289269926735011,0.015845084858325958,0.022793283233382127,0.00674363180306619,0.00979210637891314,0.011477494869528504,0.015127566530399641,0,0,0,0
2020-01-22,-0.0005687930794495326,0.008418962441739902,0.013289269926735011,0.015845084858325958,0.022793283233382127,0.00674363180306619,0.00979210637891314,0.011477494869528504,0.015127566530399641,0,0,0,0
2020-01-23,0.001996018225796041,0.008418962441739902,0.013289269926735011,0.015845084858325958,0.022793283233382127,0.00674363180306619,0.00979210637891314,0.011477494869528504,0.015127566530399641,0,0,0,0
2020-01-24,-0.008120528310162991,0.008418962441739902,0.013289269926735011,0.015845084858325958,0.022793283233382127,0.00674363180306619,0.00979210637891314,0.011477494869528504,0.015127566530399641,0,0,1,0
2020-01-27,-0.016170024816997305,0.008418962441739902,0.013289269926735011,0.015845084858325958,0.022793283233382127,0.00674363180306619,0.00979210637891314,0.011477494869528504,0.015127566530399641,1,1,1,1
2020-01-28,0.008712713518205675,0.008418962441739902,0.013289269926735011,0.015845084858325958,0.022793283233382127,0.00674363180306619,0.00979210637891314,0.011477494869528504,0.015127566530399641,0,0,0,0
2020-01-29,-0.0007495239738718989,0.008418962441739902,0.013289269926735011,0.015845084858325958,0.022793283233382127,0.00674363180306619,0.00979210637891314,0.011477494869528504,0.015127566530399641,0,0,0,0
2020-01-30,0.005061068662206213,0.008418962441739902,0.013289269926735011,0.015845084858325958,0.022793283233382127,0.00674363180306619,0.00979210637891314,0.011477494869528504,0.015127566530399641,0,0,0,0
2020-01-31,-0.021002524579653643,0.008418962441739902,0.013289269926735011,0.015845084858325958,0.022793283233382127,0.00674363180306619,0.00979210637891314,0.011477494869528504,0.015127566530399641,1,1,1,1
2020-02-03,0.003740331717702456,0.008418962441739902,0.013289269926735011,0.015845084858325958,0.022793283233382127,0.00674363180306619,0.00979210637891314,0.011477494869528504,0.015127566530399641,0,0,0,0
2020-02-04,0.011465409971196328,0.008418962441739902,0.013289269926735011,0.015845084858325958,0.022793283233382127,0.00674363180306619,0.00979210637891314,0.011477494869528504,0.015127566530399641,0,0,0,0
2020-02-05,0.0162526267258575,0.008418962441739902,0.013289269926735011,0.015845084858325958,0.022793283233382127,0.00674363180306619,0.00979210637891314,0.011477494869528504,0.015127566530399641,0,0,0,0
2020-02-06,0.0007536051857473757,0.008418962441739902,0.013289269926735011,0.015845084858325958,0.022793283233382127,0.00674363180306619,0.00979210637891314,0.011477494869528504,0.015127566530399641,0,0,0,0
2020-02-07,-0.00619928218785342,0.008418962441739902,0.013289269926735011,0.015845084858325958,0.022793283233382127,0.00674363180306619,0.00979210637891314,0.011477494869528504,0.015127566530399641,0,0,0,0
2020-02-10,0.004784379613597639,0.008418962441739902,0.013289269926735011,0.015845084858325958,0.022793283233382127,0.00674363180306619,0.00979210637891314,0.011477494869528504,0.015127566530399641,0,0,0,0
2020-02-11,0.003771366538128213,0.008418962441739902,0.013289269926735011,0.015845084858325958,0.022793283233382127,0.00674363180306619,0.00979210637891314,0.011477494869528504,0.015127566530399641,0,0,0,0
2020-02-12,0.006066454501933186,0.008418962441739902,0.013289269926735011,0.015845084858325958,0.022793283233382127,0.00674363180306619,0.00979210637891314,0.011477494869528504,0.015127566530399641,0,0,0,0
2020-02-13,-0.0009170706548737955,0.008418962441739902,0.013289269926735011,0.015845084858325958,0.022793283233382127,0.00674363180306619,0.00979210637891314,0.011477494869528504,0.015127566530399641,0,0,0,0
2020-02-14,0.001154418244722743,0.008418962441739902,0.013289269926735011,0.015845084858325958,0.022793283233382127,0.00674363180306619,0.00979210637891314,0.011477494869528504,0.015127566530399641,0,0,0,0
2020-02-18,-0.0034570768796653266,0.008418962441739902,0.013289269926735011,0.015845084858325958,0.022793283233382127,0.00674363180306619,0.00979210637891314,0.011477494869528504,0.015127566530399641,0,0,0,0
2020-02-19,0.004371528540465979,0.008418962441739902,0.013289269926735011,0.015845084858325958,0.022793283233382127,0.00674363180306619,0.00979210637891314,0.011477494869528504,0.015127566530399641,0,0,0,0
2020-02-20,-0.0031340084702152645,0.008418962441739902,0.013289269926735011,0.015845084858325958,0.022793283233382127,0.00674363180306619,0.00979210637891314,0.011477494869528504,0.015127566530399641,0,0,0,0
2020-02-21,-0.008705181712978755,0.008418962441739902,0.013289269926735011,0.015845084858325958,0.022793283233382127,0.00674363180306619,0.00979210637891314,0.011477494869528504,0.015127566530399641,1,0,1,0
2020-02-24,-0.032699096235351985,0.008418962441739902,0.013289269926735011,0.015845084858325958,0.022793283233382127,0.00674363180306619,0.00979210637891314,0.011477494869528504,0.015127566530399641,1,1,1,1
2020-02-25,-0.03380260120785327,0.008418962441739902,0.013289269926735011,0.015845084858325958,0.022793283233382127,0.00674363180306619,0.00979210637891314,0.011477494869528504,0.015127566530399641,1,1,1,1
2020-02-26,-0.007860161061630185,0.008418962441739902,0.013289269926735011,0.015845084858325958,0.022793283233382127,0.00674363180306619,0.00979210637891314,0.011477494869528504,0.015127566530399641,0,0,1,0
2020-02-27,-0.045493571047047265,0.008418962441739902,0.013289269926735011,0.015845084858325958,0.022793283233382127,0.00674363180306619,0.00979210637891314,0.011477494869528504,0.015127566530399641,1,1,1,1
2020-02-28,-0.012906508362251065,0.008418962441739902,0.013289269926735011,0.015845084858325958,0.022793283233382127,0.00674363180306619,0.00979210637891314,0.011477494869528504,0.015127566530399641,1,0,1,1
2020-03-02,0.04652524608349362,0.008418962441739902,0.013289269926735011,0.015845084858325958,0.022793283233382127,0.00674363180306619,0.00979210637891314,0.011477494869528504,0.015127566530399641,0,0,0,0
2020-03-03,-0.028488436035574136,0.008418962441739902,0.013289269926735011,0.015845084858325958,0.022793283233382127,0.00674363180306619,0.00979210637891314,0.011477494869528504,0.015127566530399641,1,1,1,1
2020-03-04,0.04155194579740436,0.008418962441739902,0.013289269926735011,0.015845084858325958,0.022793283233382127,0.00674363180306619,0.00979210637891314,0.011477494869528504,0.015127566530399641,0,0,0,0
2020-03-05,-0.03453592726285642,0.008418962441739902,0.013289269926735011,0.015845084858325958,0.022793283233382127,0.00674363180306619,0.00979210637891314,0.011477494869528504,0.015127566530399641,1,1,1,1
2020-03-06,-0.02182471400475722,0.008418962441739902,0.013289269926735011,0.015845084858325958,0.022793283233382127,0.00674363180306619,0.00979210637891314,0.011477494869528504,0.015127566530399641,1,1,1,1
2020-03-09,-0.10066492660069369,0.008418962441739902,0.013289269926735011,0.015845084858325958,0.022793283233382127,0.00674363180306619,0.00979210637891314,0.011477494869528504,0.015127566530399641,1,1,1,1
2020-03-10,0.044569829071026947,0.008418962441739902,0.013289269926735011,0.015845084858325958,0.022793283233382127,0.00674363180306619,0.00979210637891314,0.011477494869528504,0.015127566530399641,0,0,0,0
2020-03-11,-0.051356146936946026,0.008418962441739902,0.013289269926735011,0.015845084858325958,0.022793283233382127,0.00674363180306619,0.00979210637891314,0.011477494869528504,0.015127566530399641,1,1,1,1
2020-03-12,-0.10631531813504813,0.008418962441739902,0.013289269926735011,0.015845084858325958,0.022793283233382127,0.00674363180306619,0.00979210637891314,0.011477494869528504,0.015127566530399641,1,1,1,1
2020-03-13,0.08573819324604368,0.008418962441739902,0.013289269926735011,0.015845084858325958,0.022793283233382127,0.00674363180306619,0.00979210637891314,0.011477494869528504,0.015127566530399641,0,0,0,0
2020-03-16,-0.12900637865800316,0.008418962441739902,0.013289269926735011,0.015845084858325958,0.022793283233382127,0.00674363180306619,0.00979210637891314,0.011477494869528504,0.015127566530399641,1,1,1,1
2020-03-17,0.05777612570977918,0.008418962441739902,0.013289269926735011,0.015845084858325958,0.022793283233382127,0.00674363180306619,0.00979210637891314,0.011477494869528504,0.015127566530399641,0,0,0,0
2020-03-18,-0.06982939859508423,0.008418962441739902,0.013289269926735011,0.015845084858325958,0.022793283233382127,0.00674363180306619,0.00979210637891314,0.011477494869528504,0.015127566530399641,1,1,1,1
2020-03-19,0.001889461864190434,0.008418962441739902,0.013289269926735011,0.015845084858325958,0.022793283233382127,0.00674363180306619,0.00979210637891314,0.011477494869528504,0.015127566530399641,0,0,0,0
2020-03-20,-0.04154228848027499,0.008418962441739902,0.013289269926735011,0.015845084858325958,0.022793283233382127,0.00674363180306619,0.00979210637891314,0.011477494869528504,0.015127566530399641,1,1,1,1
2020-03-23,-0.04515934696372075,0.008418962441739902,0.013289269926735011,0.015845084858325958,0.022793283233382127,0.00674363180306619,0.00979210637891314,0.011477494869528504,0.015127566530399641,1,1,1,1
2020-03-24,0.10647739177808006,0.008418962441739902,0.013289269926735011,0.015845084858325958,0.022793283233382127,0.00674363180306619,0.00979210637891314,0.011477494869528504,0.015127566530399641,0,0,0,0
2020-03-25,0.025170324880203744,0.008418962441739902,0.013289269926735011,0.015845084858325958,0.022793283233382127,0.00674363180306619,0.00979210637891314,0.011477494869528504,0.015127566530399641,0,0,0,0
2020-03-26,0.06347892187183928,0.008418962441739902,0.013289269926735011,0.015845084858325958,0.022793283233382127,0.00674363180306619,0.00979210637891314,0.011477494869528504,0.015127566530399641,0,0,0,0
2020-03-27,-0.03384228604218052,0.008418962441739902,0.013289269926735011,0.015845084858325958,0.022793283233382127,0.00674363180306619,0.00979210637891314,0.011477494869528504,0.015127566530399641,1,1,1,1
2020-03-30,0.02840720644661086,0.008418962441739902,0.013289269926735011,0.015845084858325958,0.022793283233382127,0.00674363180306619,0.00979210637891314,0.011477494869528504,0.015127566530399641,0,0,0,0
2020-03-31,-0.014943998805501721,0.008418962441739902,0.013289269926735011,0.015845084858325958,0.022793283233382127,0.00674363180306619,0.00979210637891314,0.011477494869528504,0.015127566530399641,1,0,1,1
2020-04-01,-0.050789802295271955,0.008418962441739902,0.013289269926735011,0.015845084858325958,0.022793283233382127,0.00674363180306619,0.00979210637891314,0.011477494869528504,0.015127566530399641,1,1,1,1
2020-04-02,0.032812789051520554,0.008418962441739902,0.013289269926735011,0.015845084858325958,0.022793283233382127,0.00674363180306619,0.00979210637891314,0.011477494869528504,0.015127566530399641,0,0,0,0
2020-04-03,-0.017117617525754435,0.008418962441739902,0.013289269926735011,0.015845084858325958,0.022793283233382127,0.00674363180306619,0.00979210637891314,0.011477494869528504,0.015127566530399641,1,1,1,1
2020-04-06,0.06575139012707074,0.008418962441739902,0.013289269926735011,0.015845084858325958,0.022793283233382127,0.00674363180306619,0.00979210637891314,0.011477494869528504,0.015127566530399641,0,0,0,0
2020-04-07,-2.1093582428011784e-05,0.008418962441739902,0.013289269926735011,0.015845084858325958,0.022793283233382127,0.00674363180306619,0.00979210637891314,0.011477494869528504,0.015127566530399641,0,0,0,0
2020-04-08,0.042278115290561566,0.008418962441739902,0.013289269926735011,0.015845084858325958,0.022793283233382127,0.00674363180306619,0.00979210637891314,0.011477494869528504,0.015127566530399641,0,0,0,0
2020-04-09,0.01786354668528673,0.008418962441739902,0.013289269926735011,0.015845084858325958,0.022793283233382127,0.00674363180306619,0.00979210637891314,0.011477494869528504,0.015127566530399641,0,0,0,0
2020-04-13,-0.016851331029809173,0.008418962441739902,0.013289269926735011,0.015845084858325958,0.022793283233382127,0.00674363180306619,0.00979210637891314,0.011477494869528504,0.015127566530399641,1,1,1,1
2020-04-14,0.021472433998452476,0.008418962441739902,0.013289269926735011,0.015845084858325958,0.022793283233382127,0.00674363180306619,0.00979210637891314,0.011477494869528504,0.015127566530399641,0,0,0,0
2020-04-15,-0.028951200891305262,0.008418962441739902,0.013289269926735011,0.015845084858325958,0.022793283233382127,0.00674363180306619,0.00979210637891314,0.011477494869528504,0.015127566530399641,1,1,1,1
2020-04-16,-0.004515323969319222,0.008418962441739902,0.013289269926735011,0.015845084858325958,0.022793283233382127,0.00674363180306619,0.00979210637891314,0.011477494869528504,0.015127566530399641,0,0,0,0
2020-04-17,0.04146856782107461,0.008418962441739902,0.013289269926735011,0.015845084858325958,0.022793283233382127,0.00674363180306619,0.00979210637891314,0.011477494869528504,0.015127566530399641,0,0,0,0
2020-04-20,-0.022391376274924196,0.008418962441739902,0.013289269926735011,0.015845084858325958,0.022793283233382127,0.00674363180306619,0.00979210637891314,0.011477494869528504,0.015127566530399641,1,1,1,1
2020-04-21,-0.02794611576008261,0.008418962441739902,0.013289269926735011,0.015845084858325958,0.022793283233382127,0.00674363180306619,0.00979210637891314,0.011477494869528504,0.015127566530399641,1,1,1,1
2020-04-22,0.022827368452631013,0.008418962441739902,0.013289269926735011,0.015845084858325958,0.022793283233382127,0.00674363180306619,0.00979210637891314,0.011477494869528504,0.015127566530399641,0,0,0,0
2020-04-23,0.0024342313847028965,0.008418962441739902,0.013289269926735011,0.015845084858325958,0.022793283233382127,0.00674363180306619,0.00979210637891314,0.011477494869528504,0.015127566530399641,0,0,0,0
2020-04-24,0.011289992869354806,0.008418962441739902,0.013289269926735011,0.015845084858325958,0.022793283233382127,0.00674363180306619,0.00979210637891314,0.011477494869528504,0.015127566530399641,0,0,0,0
2020-04-27,0.01792717910355605,0.008418962441739902,0.013289269926735011,0.015845084858325958,0.022793283233382127,0.00674363180306619,0.00979210637891314,0.011477494869528504,0.015127566530399641,0,0,0,0
2020-04-28,0.002445355728589562,0.008418962441739902,0.013289269926735011,0.015845084858325958,0.022793283233382127,0.00674363180306619,0.00979210637891314,0.011477494869528504,0.015127566530399641,0,0,0,0
2020-04-29,0.026078808732199078,0.008418962441739902,0.013289269926735011,0.015845084858325958,0.022793283233382127,0.00674363180306619,0.00979210637891314,0.011477494869528504,0.015127566530399641,0,0,0,0
2020-04-30,-0.015673811923149986,0.008418962441739902,0.013289269926735011,0.015845084858325958,0.022793283233382127,0.00674363180306619,0.00979210637891314,0.011477494869528504,0.015127566530399641,1,0,1,1
2020-05-01,-0.03139735202546305,0.008418962441739902,0.013289269926735011,0.015845084858325958,0.022793283233382127,0.00674363180306619,0.00979210637891314,0.011477494869528504,0.015127566530399641,1,1,1,1
2020-05-04,0.005006546019439735,0.008418962441739902,0.013289269926735011,0.015845084858325958,0.022793283233382127,0.00674363180306619,0.00979210637891314,0.011477494869528504,0.015127566530399641,0,0,0,0
2020-05-05,0.0077074848099062555,0.008418962441739902,0.013289269926735011,0.015845084858325958,0.022793283233382127,0.00674363180306619,0.00979210637891314,0.011477494869528504,0.015127566530399641,0,0,0,0
2020-05-06,-0.015108926253781602,0.008418962441739902,0.013289269926735011,0.015845084858325958,0.022793283233382127,0.00674363180306619,0.00979210637891314,0.011477494869528504,0.015127566530399641,1,0,1,1
2020-05-07,0.01303299382777402,0.008418962441739902,0.013289269926735011,0.015845084858325958,0.022793283233382127,0.00674363180306619,0.00979210637891314,0.011477494869528504,0.015127566530399641,0,0,0,0
2020-05-08,0.020926673289498494,0.008418962441739902,0.013289269926735011,0.015845084858325958,0.022793283233382127,0.00674363180306619,0.00979210637891314,0.011477494869528504,0.015127566530399641,0,0,0,0
2020-05-11,-0.0043091686751774855,0.008418962441739902,0.013289269926735011,0.015845084858325958,0.022793283233382127,0.00674363180306619,0.00979210637891314,0.011477494869528504,0.015127566530399641,0,0,0,0
2020-05-12,-0.019684228162754867,0.008418962441739902,0.013289269926735011,0.015845084858325958,0.022793283233382127,0.00674363180306619,0.00979210637891314,0.011477494869528504,0.015127566530399641,1,1,1,1
2020-05-13,-0.022368608020958164,0.008418962441739902,0.013289269926735011,0.015845084858325958,0.022793283233382127,0.00674363180306619,0.00979210637891314,0.011477494869528504,0.015127566530399641,1,1,1,1
2020-05-14,0.013292478435699655,0.008418962441739902,0.013289269926735011,0.015845084858325958,0.022793283233382127,0.00674363180306619,0.00979210637891314,0.011477494869528504,0.015127566530399641,0,0,0,0
2020-05-15,-0.0013457197577656326,0.008418962441739902,0.013289269926735011,0.015845084858325958,0.022793283233382127,0.00674363180306619,0.00979210637891314,0.011477494869528504,0.015127566530399641,0,0,0,0
2020-05-18,0.042153299620146155,0.008418962441739902,0.013289269926735011,0.015845084858325958,0.022793283233382127,0.00674363180306619,0.00979210637891314,0.011477494869528504,0.015127566530399641,0,0,0,0
2020-05-19,-0.015526298223282267,0.008418962441739902,0.013289269926735011,0.015845084858325958,0.022793283233382127,0.00674363180306619,0.00979210637891314,0.011477494869528504,0.015127566530399641,1,0,1,1
2020-05-20,0.01783816099328592,0.008418962441739902,0.013289269926735011,0.015845084858325958,0.022793283233382127,0.00674363180306619,0.00979210637891314,0.011477494869528504,0.015127566530399641,0,0,0,0
2020-05-21,-0.007929928183543374,0.008418962441739902,0.013289269926735011,0.015845084858325958,0.022793283233382127,0.00674363180306619,0.00979210637891314,0.011477494869528504,0.015127566530399641,0,0,1,0
2020-05-22,0.0011479319628584402,0.008418962441739902,0.013289269926735011,0.015845084858325958,0.022793283233382127,0.00674363180306619,0.00979210637891314,0.011477494869528504,0.015127566530399641,0,0,0,0
2020-05-26,0.01931124021964841,0.008418962441739902,0.013289269926735011,0.015845084858325958,0.022793283233382127,0.00674363180306619,0.00979210637891314,0.011477494869528504,0.015127566530399641,0,0,0,0
2020-05-27,0.01867815160494357,0.008418962441739902,0.013289269926735011,0.015845084858325958,0.022793283233382127,0.00674363180306619,0.00979210637891314,0.011477494869528504,0.015127566530399641,0,0,0,0
2020-05-28,-0.0022156032534258836,0.008418962441739902,0.013289269926735011,0.015845084858325958,0.022793283233382127,0.00674363180306619,0.00979210637891314,0.011477494869528504,0.015127566530399641,0,0,0,0
2020-05-29,0.002062445408523217,0.008418962441739902,0.013289269926735011,0.015845084858325958,0.022793283233382127,0.00674363180306619,0.00979210637891314,0.011477494869528504,0.015127566530399641,0,0,0,0
2020-06-01,0.005239231936166593,0.008418962441739902,0.013289269926735011,0.015845084858325958,0.022793283233382127,0.00674363180306619,0.00979210637891314,0.011477494869528504,0.015127566530399641,0,0,0,0
2020-06-02,0.011170355805292109,0.008418962441739902,0.013289269926735011,0.015845084858325958,0.022793283233382127,0.00674363180306619,0.00979210637891314,0.011477494869528504,0.015127566530399641,0,0,0,0
2020-06-03,0.019253053715708124,0.008418962441739902,0.013289269926735011,0.015845084858325958,0.022793283233382127,0.00674363180306619,0.00979210637891314,0.011477494869528504,0.015127566530399641,0,0,0,0
2020-06-04,-0.0006392669870206086,0.008418962441739902,0.013289269926735011,0.015845084858325958,0.022793283233382127,0.00674363180306619,0.00979210637891314,0.011477494869528504,0.015127566530399641,0,0,0,0
2020-06-05,0.032022431256291305,0.008418962441739902,0.013289269926735011,0.015845084858325958,0.022793283233382127,0.00674363180306619,0.00979210637891314,0.011477494869528504,0.015127566530399641,0,0,0,0
2020-06-08,0.01901917386208568,0.008418962441739902,0.013289269926735011,0.015845084858325958,0.022793283233382127,0.00674363180306619,0.00979210637891314,0.011477494869528504,0.015127566530399641,0,0,0,0
2020-06-09,-0.01693450919630441,0.008418962441739902,0.013289269926735011,0.015845084858325958,0.022793283233382127,0.00674363180306619,0.00979210637891314,0.011477494869528504,0.015127566530399641,1,1,1,1
2020-06-10,-0.015616765293563959,0.008418962441739902,0.013289269926735011,0.015845084858325958,0.022793283233382127,0.00674363180306619,0.00979210637891314,0.011477494869528504,0.015127566530399641,1,0,1,1
2020-06-11,-0.06751035589189422,0.008418962441739902,0.013289269926735011,0.015845084858325958,0.022793283233382127,0.00674363180306619,0.00979210637891314,0.011477494869528504,0.015127566530399641,1,1,1,1
2020-06-12,0.014662300985323078,0.008418962441739902,0.013289269926735011,0.015845084858325958,0.022793283233382127,0.00674363180306619,0.00979210637891314,0.011477494869528504,0.015127566530399641,0,0,0,0
2020-06-15,0.0077920167688892905,0.008418962441739902,0.013289269926735011,0.015845084858325958,0.022793283233382127,0.00674363180306619,0.00979210637891314,0.011477494869528504,0.015127566530399641,0,0,0,0
2020-06-16,0.018918883552284573,0.008418962441739902,0.013289269926735011,0.015845084858325958,0.022793283233382127,0.00674363180306619,0.00979210637891314,0.011477494869528504,0.015127566530399641,0,0,0,0
2020-06-17,-0.00935356338713339,0.008418962441739902,0.013289269926735011,0.015845084858325958,0.022793283233382127,0.00674363180306619,0.00979210637891314,0.011477494869528504,0.015127566530399641,1,0,1,0
2020-06-18,0.0012311333424790797,0.008418962441739902,0.013289269926735011,0.015845084858325958,0.022793283233382127,0.00674363180306619,0.00979210637891314,0.011477494869528504,0.015127566530399641,0,0,0,0
2020-06-19,-0.00940532995916015,0.008418962441739902,0.013289269926735011,0.015845084858325958,0.022793283233382127,0.00674363180306619,0.00979210637891314,0.011477494869528504,0.015127566530399641,1,0,1,0
2020-06-22,0.00460858031313748,0.008418962441739902,0.013289269926735011,0.015845084858325958,0.022793283233382127,0.00674363180306619,0.00979210637891314,0.011477494869528504,0.015127566530399641,0,0,0,0
2020-06-23,0.0016780825463140945,0.008418962441739902,0.013289269926735011,0.015845084858325958,0.022793283233382127,0.00674363180306619,0.00979210637891314,0.011477494869528504,0.015127566530399641,0,0,0,0
2020-06-24,-0.030375909613791063,0.027900680166250576,0.04079917731614354,0.04820564386630962,0.0645360657541246,0.02331276879174524,0.033066333828587105,0.037984922727376975,0.05043182264797094,1,0,1,0
2020-06-25,0.010983337448299348,0.027900680166250576,0.04079917731614354,0.04820564386630962,0.0645360657541246,0.02331276879174524,0.033066333828587105,0.037984922727376975,0.05043182264797094,0,0,0,0
2020-06-26,-0.023504234428332958,0.027900680166250576,0.04079917731614354,0.04820564386630962,0.0645360657541246,0.02331276879174524,0.033066333828587105,0.037984922727376975,0.05043182264797094,0,0,1,0
2020-06-29,0.015677693130261003,0.027900680166250576,0.04079917731614354,0.04820564386630962,0.0645360657541246,0.02331276879174524,0.033066333828587105,0.037984922727376975,0.05043182264797094,0,0,0,0
2020-06-30,0.013292537489753209,0.027900680166250576,0.04079917731614354,0.04820564386630962,0.0645360657541246,0.02331276879174524,0.033066333828587105,0.037984922727376975,0.05043182264797094,0,0,0,0
2020-07-01,0.0002261658960594786,0.027900680166250576,0.04079917731614354,0.04820564386630962,0.0645360657541246,0.02331276879174524,0.033066333828587105,0.037984922727376975,0.05043182264797094,0,0,0,0
2020-07-02,0.006049126844906244,0.027900680166250576,0.04079917731614354,0.04820564386630962,0.0645360657541246,0.02331276879174524,0.033066333828587105,0.037984922727376975,0.05043182264797094,0,0,0,0
2020-07-06,0.009508755189631074,0.027900680166250576,0.04079917731614354,0.04820564386630962,0.0645360657541246,0.02331276879174524,0.033066333828587105,0.037984922727376975,0.05043182264797094,0,0,0,0
2020-07-07,-0.01513773525527846,0.027900680166250576,0.04079917731614354,0.04820564386630962,0.0645360657541246,0.02331276879174524,0.033066333828587105,0.037984922727376975,0.05043182264797094,0,0,0,0
2020-07-08,0.006058075895923776,0.027900680166250576,0.04079917731614354,0.04820564386630962,0.0645360657541246,0.02331276879174524,0.033066333828587105,0.037984922727376975,0.05043182264797094,0,0,0,0
2020-07-09,-0.016781562521131367,0.027900680166250576,0.04079917731614354,0.04820564386630962,0.0645360657541246,0.02331276879174524,0.033066333828587105,0.037984922727376975,0.05043182264797094,0,0,0,0
2020-07-10,0.014903496995964006,0.027900680166250576,0.04079917731614354,0.04820564386630962,0.0645360657541246,0.02331276879174524,0.033066333828587105,0.037984922727376975,0.05043182264797094,0,0,0,0
2020-07-13,-0.0028508583179688396,0.027900680166250576,0.04079917731614354,0.04820564386630962,0.0645360657541246,0.02331276879174524,0.033066333828587105,0.037984922727376975,0.05043182264797094,0,0,0,0
2020-07-14,0.016325865709228424,0.027900680166250576,0.04079917731614354,0.04820564386630962,0.0645360657541246,0.02331276879174524,0.033066333828587105,0.037984922727376975,0.05043182264797094,0,0,0,0
2020-07-15,0.01281367815665695,0.027900680166250576,0.04079917731614354,0.04820564386630962,0.0645360657541246,0.02331276879174524,0.033066333828587105,0.037984922727376975,0.05043182264797094,0,0,0,0
2020-07-16,-0.0012841167233888957,0.027900680166250576,0.04079917731614354,0.04820564386630962,0.0645360657541246,0.02331276879174524,0.033066333828587105,0.037984922727376975,0.05043182264797094,0,0,0,0
2020-07-17,0.0039012300918695635,0.027900680166250576,0.04079917731614354,0.04820564386630962,0.0645360657541246,0.02331276879174524,0.033066333828587105,0.037984922727376975,0.05043182264797094,0,0,0,0
2020-07-20,-0.0019686054374232005,0.027900680166250576,0.04079917731614354,0.04820564386630962,0.0645360657541246,0.02331276879174524,0.033066333828587105,0.037984922727376975,0.05043182264797094,0,0,0,0
2020-07-21,0.012460863694187724,0.027900680166250576,0.04079917731614354,0.04820564386630962,0.0645360657541246,0.02331276879174524,0.033066333828587105,0.037984922727376975,0.05043182264797094,0,0,0,0
2020-07-22,0.0047937206919637584,0.027900680166250576,0.04079917731614354,0.04820564386630962,0.0645360657541246,0.02331276879174524,0.033066333828587105,0.037984922727376975,0.05043182264797094,0,0,0,0
2020-07-23,-0.006534343622076161,0.027900680166250576,0.04079917731614354,0.04820564386630962,0.0645360657541246,0.02331276879174524,0.033066333828587105,0.037984922727376975,0.05043182264797094,0,0,0,0
2020-07-24,-0.007489573458428258,0.027900680166250576,0.04079917731614354,0.04820564386630962,0.0645360657541246,0.02331276879174524,0.033066333828587105,0.037984922727376975,0.05043182264797094,0,0,0,0
2020-07-27,0.0021693663361836138,0.027900680166250576,0.04079917731614354,0.04820564386630962,0.0645360657541246,0.02331276879174524,0.033066333828587105,0.037984922727376975,0.05043182264797094,0,0,0,0
2020-07-28,-0.004414926104489661,0.027900680166250576,0.04079917731614354,0.04820564386630962,0.0645360657541246,0.02331276879174524,0.033066333828587105,0.037984922727376975,0.05043182264797094,0,0,0,0
2020-07-29,0.013711984635080138,0.027900680166250576,0.04079917731614354,0.04820564386630962,0.0645360657541246,0.02331276879174524,0.033066333828587105,0.037984922727376975,0.05043182264797094,0,0,0,0
2020-07-30,-0.01046400688641944,0.027900680166250576,0.04079917731614354,0.04820564386630962,0.0645360657541246,0.02331276879174524,0.033066333828587105,0.037984922727376975,0.05043182264797094,0,0,0,0
2020-07-31,0.0029094352404096984,0.027900680166250576,0.04079917731614354,0.04820564386630962,0.0645360657541246,0.02331276879174524,0.033066333828587105,0.037984922727376975,0.05043182264797094,0,0,0,0
2020-08-03,0.005901514191514647,0.027900680166250576,0.04079917731614354,0.04820564386630962,0.0645360657541246,0.02331276879174524,0.033066333828587105,0.037984922727376975,0.05043182264797094,0,0,0,0
2020-08-04,0.005041357024069606,0.027900680166250576,0.04079917731614354,0.04820564386630962,0.0645360657541246,0.02331276879174524,0.033066333828587105,0.037984922727376975,0.05043182264797094,0,0,0,0
2020-08-05,0.006378280562321933,0.027900680166250576,0.04079917731614354,0.04820564386630962,0.0645360657541246,0.02331276879174524,0.033066333828587105,0.037984922727376975,0.05043182264797094,0,0,0,0
2020-08-06,0.002344009359667643,0.027900680166250576,0.04079917731614354,0.04820564386630962,0.0645360657541246,0.02331276879174524,0.033066333828587105,0.037984922727376975,0.05043182264797094,0,0,0,0
2020-08-07,0.006601407509369419,0.027900680166250576,0.04079917731614354,0.04820564386630962,0.0645360657541246,0.02331276879174524,0.033066333828587105,0.037984922727376975,0.05043182264797094,0,0,0,0
2020-08-10,0.00835152091784183,0.027900680166250576,0.04079917731614354,0.04820564386630962,0.0645360657541246,0.02331276879174524,0.033066333828587105,0.037984922727376975,0.05043182264797094,0,0,0,0
2020-08-11,-0.005887560504352149,0.027900680166250576,0.04079917731614354,0.04820564386630962,0.0645360657541246,0.02331276879174524,0.033066333828587105,0.037984922727376975,0.05043182264797094,0,0,0,0
2020-08-12,0.01109736243800973,0.027900680166250576,0.04079917731614354,0.04820564386630962,0.0645360657541246,0.02331276879174524,0.033066333828587105,0.037984922727376975,0.05043182264797094,0,0,0,0
2020-08-13,-0.005086332193143826,0.027900680166250576,0.04079917731614354,0.04820564386630962,0.0645360657541246,0.02331276879174524,0.033066333828587105,0.037984922727376975,0.05043182264797094,0,0,0,0
2020-08-14,0.0008501613510603705,0.027900680166250576,0.04079917731614354,0.04820564386630962,0.0645360657541246,0.02331276879174524,0.033066333828587105,0.037984922727376975,0.05043182264797094,0,0,0,0
2020-08-17,-0.001839088475678979,0.027900680166250576,0.04079917731614354,0.04820564386630962,0.0645360657541246,0.02331276879174524,0.033066333828587105,0.037984922727376975,0.05043182264797094,0,0,0,0
2020-08-18,-0.003361046970195116,0.027900680166250576,0.04079917731614354,0.04820564386630962,0.0645360657541246,0.02331276879174524,0.033066333828587105,0.037984922727376975,0.05043182264797094,0,0,0,0
2020-08-19,-0.003744099376986549,0.027900680166250576,0.04079917731614354,0.04820564386630962,0.0645360657541246,0.02331276879174524,0.033066333828587105,0.037984922727376975,0.05043182264797094,0,0,0,0
2020-08-20,-0.004619034111009103,0.027900680166250576,0.04079917731614354,0.04820564386630962,0.0645360657541246,0.02331276879174524,0.033066333828587105,0.037984922727376975,0.05043182264797094,0,0,0,0
2020-08-21,0.0020755068898649577,0.027900680166250576,0.04079917731614354,0.04820564386630962,0.0645360657541246,0.02331276879174524,0.033066333828587105,0.037984922727376975,0.05043182264797094,0,0,0,0
2020-08-24,0.01305481137138218,0.027900680166250576,0.04079917731614354,0.04820564386630962,0.0645360657541246,0.02331276879174524,0.033066333828587105,0.037984922727376975,0.05043182264797094,0,0,0,0
2020-08-25,-0.0009863919131429192,0.027900680166250576,0.04079917731614354,0.04820564386630962,0.0645360657541246,0.02331276879174524,0.033066333828587105,0.037984922727376975,0.05043182264797094,0,0,0,0
2020-08-26,-0.001132125802005869,0.027900680166250576,0.04079917731614354,0.04820564386630962,0.0645360657541246,0.02331276879174524,0.033066333828587105,0.037984922727376975,0.05043182264797094,0,0,0,0
2020-08-27,0.005196903561347368,0.027900680166250576,0.04079917731614354,0.04820564386630962,0.0645360657541246,0.02331276879174524,0.033066333828587105,0.037984922727376975,0.05043182264797094,0,0,0,0
2020-08-28,0.007339714421583605,0.027900680166250576,0.04079917731614354,0.04820564386630962,0.0645360657541246,0.02331276879174524,0.033066333828587105,0.037984922727376975,0.05043182264797094,0,0,0,0
2020-08-31,-0.005907799666566055,0.027900680166250576,0.04079917731614354,0.04820564386630962,0.0645360657541246,0.02331276879174524,0.033066333828587105,0.037984922727376975,0.05043182264797094,0,0,0,0
2020-09-01,0.001984117974443959,0.027900680166250576,0.04079917731614354,0.04820564386630962,0.0645360657541246,0.02331276879174524,0.033066333828587105,0.037984922727376975,0.05043182264797094,0,0,0,0
2020-09-02,0.014210526210332761,0.027900680166250576,0.04079917731614354,0.04820564386630962,0.0645360657541246,0.02331276879174524,0.033066333828587105,0.037984922727376975,0.05043182264797094,0,0,0,0
2020-09-03,-0.02627061479263673,0.027900680166250576,0.04079917731614354,0.04820564386630962,0.0645360657541246,0.02331276879174524,0.033066333828587105,0.037984922727376975,0.05043182264797094,0,0,1,0
2020-09-04,-0.004057847787876494,0.027900680166250576,0.04079917731614354,0.04820564386630962,0.0645360657541246,0.02331276879174524,0.033066333828587105,0.037984922727376975,0.05043182264797094,0,0,0,0
2020-09-08,-0.025458713257091176,0.027900680166250576,0.04079917731614354,0.04820564386630962,0.0645360657541246,0.02331276879174524,0.033066333828587105,0.037984922727376975,0.05043182264797094,0,0,1,0
2020-09-09,0.016368645637709733,0.027900680166250576,0.04079917731614354,0.04820564386630962,0.0645360657541246,0.02331276879174524,0.033066333828587105,0.037984922727376975,0.05043182264797094,0,0,0,0
2020-09-10,-0.019643844118847575,0.027900680166250576,0.04079917731614354,0.04820564386630962,0.0645360657541246,0.02331276879174524,0.033066333828587105,0.037984922727376975,0.05043182264797094,0,0,0,0
2020-09-11,0.0029224585678447276,0.027900680166250576,0.04079917731614354,0.04820564386630962,0.0645360657541246,0.02331276879174524,0.033066333828587105,0.037984922727376975,0.05043182264797094,0,0,0,0
2020-09-14,0.013782814808064505,0.027900680166250576,0.04079917731614354,0.04820564386630962,0.0645360657541246,0.02331276879174524,0.033066333828587105,0.037984922727376975,0.05043182264797094,0,0,0,0
2020-09-15,0.0003584099127080633,0.027900680166250576,0.04079917731614354,0.04820564386630962,0.0645360657541246,0.02331276879174524,0.033066333828587105,0.037984922727376975,0.05043182264797094,0,0,0,0
2020-09-16,0.005452052420201138,0.027900680166250576,0.04079917731614354,0.04820564386630962,0.0645360657541246,0.02331276879174524,0.033066333828587105,0.037984922727376975,0.05043182264797094,0,0,0,0
2020-09-17,-0.005089612676237749,0.027900680166250576,0.04079917731614354,0.04820564386630962,0.0645360657541246,0.02331276879174524,0.033066333828587105,0.037984922727376975,0.05043182264797094,0,0,0,0
2020-09-18,-0.010394893222973618,0.027900680166250576,0.04079917731614354,0.04820564386630962,0.0645360657541246,0.02331276879174524,0.033066333828587105,0.037984922727376975,0.05043182264797094,0,0,0,0
2020-09-21,-0.0172347095614348,0.027900680166250576,0.04079917731614354,0.04820564386630962,0.0645360657541246,0.02331276879174524,0.033066333828587105,0.037984922727376975,0.05043182264797094,0,0,0,0
2020-09-22,0.002999649172137686,0.027900680166250576,0.04079917731614354,0.04820564386630962,0.0645360657541246,0.02331276879174524,0.033066333828587105,0.037984922727376975,0.05043182264797094,0,0,0,0
2020-09-23,-0.023973460304214492,0.027900680166250576,0.04079917731614354,0.04820564386630962,0.0645360657541246,0.02331276879174524,0.033066333828587105,0.037984922727376975,0.05043182264797094,0,0,1,0
2020-09-24,0.0025220088349812357,0.027900680166250576,0.04079917731614354,0.04820564386630962,0.0645360657541246,0.02331276879174524,0.033066333828587105,0.037984922727376975,0.05043182264797094,0,0,0,0
2020-09-25,0.013772861005337589,0.027900680166250576,0.04079917731614354,0.04820564386630962,0.0645360657541246,0.02331276879174524,0.033066333828587105,0.037984922727376975,0.05043182264797094,0,0,0,0
2020-09-28,0.015951032197296284,0.027900680166250576,0.04079917731614354,0.04820564386630962,0.0645360657541246,0.02331276879174524,0.033066333828587105,0.037984922727376975,0.05043182264797094,0,0,0,0
2020-09-29,-0.008538840600835351,0.027900680166250576,0.04079917731614354,0.04820564386630962,0.0645360657541246,0.02331276879174524,0.033066333828587105,0.037984922727376975,0.05043182264797094,0,0,0,0
2020-09-30,0.006931003562135198,0.027900680166250576,0.04079917731614354,0.04820564386630962,0.0645360657541246,0.02331276879174524,0.033066333828587105,0.037984922727376975,0.05043182264797094,0,0,0,0
2020-10-01,-0.0012875351910729932,0.027900680166250576,0.04079917731614354,0.04820564386630962,0.0645360657541246,0.02331276879174524,0.033066333828587105,0.037984922727376975,0.05043182264797094,0,0,0,0
2020-10-02,-0.0005765001002761996,0.027900680166250576,0.04079917731614354,0.04820564386630962,0.0645360657541246,0.02331276879174524,0.033066333828587105,0.037984922727376975,0.05043182264797094,0,0,0,0
2020-10-05,0.01913341083713591,0.027900680166250576,0.04079917731614354,0.04820564386630962,0.0645360657541246,0.02331276879174524,0.033066333828587105,0.037984922727376975,0.05043182264797094,0,0,0,0
2020-10-06,-0.010328527259028627,0.027900680166250576,0.04079917731614354,0.04820564386630962,0.0645360657541246,0.02331276879174524,0.033066333828587105,0.037984922727376975,0.05043182264797094,0,0,0,0
2020-10-07,0.01610436465652901,0.027900680166250576,0.04079917731614354,0.04820564386630962,0.0645360657541246,0.02331276879174524,0.033066333828587105,0.037984922727376975,0.05043182264797094,0,0,0,0
2020-10-08,0.013886103289821696,0.027900680166250576,0.04079917731614354,0.04820564386630962,0.0645360657541246,0.02331276879174524,0.033066333828587105,0.037984922727376975,0.05043182264797094,0,0,0,0
2020-10-09,0.0031006610857173575,0.027900680166250576,0.04079917731614354,0.04820564386630962,0.0645360657541246,0.02331276879174524,0.033066333828587105,0.037984922727376975,0.05043182264797094,0,0,0,0
2020-10-12,0.010755629570180935,0.027900680166250576,0.04079917731614354,0.04820564386630962,0.0645360657541246,0.02331276879174524,0.033066333828587105,0.037984922727376975,0.05043182264797094,0,0,0,0
2020-10-13,-0.010533136795078196,0.027900680166250576,0.04079917731614354,0.04820564386630962,0.0645360657541246,0.02331276879174524,0.033066333828587105,0.037984922727376975,0.05043182264797094,0,0,0,0
2020-10-14,-0.0026419221576917044,0.027900680166250576,0.04079917731614354,0.04820564386630962,0.0645360657541246,0.02331276879174524,0.033066333828587105,0.037984922727376975,0.05043182264797094,0,0,0,0
2020-10-15,0.0013736740386124395,0.027900680166250576,0.04079917731614354,0.04820564386630962,0.0645360657541246,0.02331276879174524,0.033066333828587105,0.037984922727376975,0.05043182264797094,0,0,0,0
2020-10-16,0.0003141159878558821,0.027900680166250576,0.04079917731614354,0.04820564386630962,0.0645360657541246,0.02331276879174524,0.033066333828587105,0.037984922727376975,0.05043182264797094,0,0,0,0
2020-10-19,-0.015352798848838818,0.027900680166250576,0.04079917731614354,0.04820564386630962,0.0645360657541246,0.02331276879174524,0.033066333828587105,0.037984922727376975,0.05043182264797094,0,0,0,0
2020-10-20,0.005684891339337784,0.027900680166250576,0.04079917731614354,0.04820564386630962,0.0645360657541246,0.02331276879174524,0.033066333828587105,0.037984922727376975,0.05043182264797094,0,0,0,0
2020-10-21,-0.006534567324125386,0.027900680166250576,0.04079917731614354,0.04820564386630962,0.0645360657541246,0.02331276879174524,0.033066333828587105,0.037984922727376975,0.05043182264797094,0,0,0,0
2020-10-22,0.014012141991871946,0.027900680166250576,0.04079917731614354,0.04820564386630962,0.0645360657541246,0.02331276879174524,0.033066333828587105,0.037984922727376975,0.05043182264797094,0,0,0,0
2020-10-23,0.0015703550572012204,0.027900680166250576,0.04079917731614354,0.04820564386630962,0.0645360657541246,0.02331276879174524,0.033066333828587105,0.037984922727376975,0.05043182264797094,0,0,0,0
2020-10-26,-0.019539642068505107,0.027900680166250576,0.04079917731614354,0.04820564386630962,0.0645360657541246,0.02331276879174524,0.033066333828587105,0.037984922727376975,0.05043182264797094,0,0,0,0
2020-10-27,-0.008523065489547291,0.027900680166250576,0.04079917731614354,0.04820564386630962,0.0645360657541246,0.02331276879174524,0.033066333828587105,0.037984922727376975,0.05043182264797094,0,0,0,0
2020-10-28,-0.03455581420021114,0.027900680166250576,0.04079917731614354,0.04820564386630962,0.0645360657541246,0.02331276879174524,0.033066333828587105,0.037984922727376975,0.05043182264797094,1,0,1,0
2020-10-29,0.010484910065484885,0.027900680166250576,0.04079917731614354,0.04820564386630962,0.0645360657541246,0.02331276879174524,0.033066333828587105,0.037984922727376975,0.05043182264797094,0,0,0,0
2020-10-30,-0.005034015484073751,0.027900680166250576,0.04079917731614354,0.04820564386630962,0.0645360657541246,0.02331276879174524,0.033066333828587105,0.037984922727376975,0.05043182264797094,0,0,0,0
2020-11-02,0.018876125361756285,0.027900680166250576,0.04079917731614354,0.04820564386630962,0.0645360657541246,0.02331276879174524,0.033066333828587105,0.037984922727376975,0.05043182264797094,0,0,0,0
2020-11-03,0.015588115711537077,0.027900680166250576,0.04079917731614354,0.04820564386630962,0.0645360657541246,0.02331276879174524,0.033066333828587105,0.037984922727376975,0.05043182264797094,0,0,0,0
2020-11-04,0.009684976063772967,0.027900680166250576,0.04079917731614354,0.04820564386630962,0.0645360657541246,0.02331276879174524,0.033066333828587105,0.037984922727376975,0.05043182264797094,0,0,0,0
2020-11-05,0.015462348720438722,0.027900680166250576,0.04079917731614354,0.04820564386630962,0.0645360657541246,0.02331276879174524,0.033066333828587105,0.037984922727376975,0.05043182264797094,0,0,0,0
2020-11-06,-0.003911419671858432,0.027900680166250576,0.04079917731614354,0.04820564386630962,0.0645360657541246,0.02331276879174524,0.033066333828587105,0.037984922727376975,0.05043182264797094,0,0,0,0
2020-11-09,0.03982870735524057,0.027900680166250576,0.04079917731614354,0.04820564386630962,0.0645360657541246,0.02331276879174524,0.033066333828587105,0.037984922727376975,0.05043182264797094,0,0,0,0
2020-11-10,0.007335622206786361,0.027900680166250576,0.04079917731614354,0.04820564386630962,0.0645360657541246,0.02331276879174524,0.033066333828587105,0.037984922727376975,0.05043182264797094,0,0,0,0
2020-11-11,0.0015054989977000314,0.027900680166250576,0.04079917731614354,0.04820564386630962,0.0645360657541246,0.02331276879174524,0.033066333828587105,0.037984922727376975,0.05043182264797094,0,0,0,0
2020-11-12,-0.0142408757598227,0.027900680166250576,0.04079917731614354,0.04820564386630962,0.0645360657541246,0.02331276879174524,0.033066333828587105,0.037984922727376975,0.05043182264797094,0,0,0,0
2020-11-13,0.016963506788789003,0.027900680166250576,0.04079917731614354,0.04820564386630962,0.0645360657541246,0.02331276879174524,0.033066333828587105,0.037984922727376975,0.05043182264797094,0,0,0,0
2020-11-16,0.02002590254921793,0.027900680166250576,0.04079917731614354,0.04820564386630962,0.0645360657541246,0.02331276879174524,0.033066333828587105,0.037984922727376975,0.05043182264797094,0,0,0,0
2020-11-17,-0.004457606796640426,0.027900680166250576,0.04079917731614354,0.04820564386630962,0.0645360657541246,0.02331276879174524,0.033066333828587105,0.037984922727376975,0.05043182264797094,0,0,0,0
2020-11-18,-0.014972191435235946,0.027900680166250576,0.04079917731614354,0.04820564386630962,0.0645360657541246,0.02331276879174524,0.033066333828587105,0.037984922727376975,0.05043182264797094,0,0,0,0
2020-11-19,0.003359720829854639,0.027900680166250576,0.04079917731614354,0.04820564386630962,0.0645360657541246,0.02331276879174524,0.033066333828587105,0.037984922727376975,0.05043182264797094,0,0,0,0
2020-11-20,-0.006074335723479466,0.027900680166250576,0.04079917731614354,0.04820564386630962,0.0645360657541246,0.02331276879174524,0.033066333828587105,0.037984922727376975,0.05043182264797094,0,0,0,0
2020-11-23,0.015251109714775156,0.027900680166250576,0.04079917731614354,0.04820564386630962,0.0645360657541246,0.02331276879174524,0.033066333828587105,0.037984922727376975,0.05043182264797094,0,0,0,0
2020-11-24,0.020749773596860376,0.027900680166250576,0.04079917731614354,0.04820564386630962,0.0645360657541246,0.02331276879174524,0.033066333828587105,0.037984922727376975,0.05043182264797094,0,0,0,0
2020-11-25,-0.005021781431272058,0.027900680166250576,0.04079917731614354,0.04820564386630962,0.0645360657541246,0.02331276879174524,0.033066333828587105,0.037984922727376975,0.05043182264797094,0,0,0,0
2020-11-27,-0.0013301099255377915,0.027900680166250576,0.04079917731614354,0.04820564386630962,0.0645360657541246,0.02331276879174524,0.033066333828587105,0.037984922727376975,0.05043182264797094,0,0,0,0
2020-11-30,-0.013755350268195802,0.027900680166250576,0.04079917731614354,0.04820564386630962,0.0645360657541246,0.02331276879174524,0.033066333828587105,0.037984922727376975,0.05043182264797094,0,0,0,0
2020-12-01,0.008047991193434365,0.027900680166250576,0.04079917731614354,0.04820564386630962,0.0645360657541246,0.02331276879174524,0.033066333828587105,0.037984922727376975,0.05043182264797094,0,0,0,0
2020-12-02,0.008414581277556163,0.027900680166250576,0.04079917731614354,0.04820564386630962,0.0645360657541246,0.02331276879174524,0.033066333828587105,0.037984922727376975,0.05043182264797094,0,0,0,0
2020-12-03,0.00011608580899297165,0.027900680166250576,0.04079917731614354,0.04820564386630962,0.0645360657541246,0.02331276879174524,0.033066333828587105,0.037984922727376975,0.05043182264797094,0,0,0,0
2020-12-04,0.013742086804760812,0.027900680166250576,0.04079917731614354,0.04820564386630962,0.0645360657541246,0.02331276879174524,0.033066333828587105,0.037984922727376975,0.05043182264797094,0,0,0,0
2020-12-07,-0.005025598034429016,0.027900680166250576,0.04079917731614354,0.04820564386630962,0.0645360657541246,0.02331276879174524,0.033066333828587105,0.037984922727376975,0.05043182264797094,0,0,0,0
2020-12-08,0.004277512277200359,0.027900680166250576,0.04079917731614354,0.04820564386630962,0.0645360657541246,0.02331276879174524,0.033066333828587105,0.037984922727376975,0.05043182264797094,0,0,0,0
2020-12-09,-0.0045068404224041245,0.027900680166250576,0.04079917731614354,0.04820564386630962,0.0645360657541246,0.02331276879174524,0.033066333828587105,0.037984922727376975,0.05043182264797094,0,0,0,0
2020-12-10,0.0023912342642909887,0.027900680166250576,0.04079917731614354,0.04820564386630962,0.0645360657541246,0.02331276879174524,0.033066333828587105,0.037984922727376975,0.05043182264797094,0,0,0,0
2020-12-11,-0.0035660280026248927,0.027900680166250576,0.04079917731614354,0.04820564386630962,0.0645360657541246,0.02331276879174524,0.033066333828587105,0.037984922727376975,0.05043182264797094,0,0,0,0
2020-12-14,-0.010561177653429258,0.017943772346458095,0.02557623378963497,0.030227274128692843,0.038435197295820005,0.014928602106628204,0.021226884701841937,0.024917043708995907,0.03184094453346808,0,0,0,0
2020-12-15,0.015779774596068958,0.017943772346458095,0.02557623378963497,0.030227274128692843,0.038435197295820005,0.014928602106628204,0.021226884701841937,0.024917043708995907,0.03184094453346808,0,0,0,0
2020-12-16,-0.0022389164948110516,0.017943772346458095,0.02557623378963497,0.030227274128692843,0.038435197295820005,0.014928602106628204,0.021226884701841937,0.024917043708995907,0.03184094453346808,0,0,0,0
2020-12-17,0.005000276557858991,0.017943772346458095,0.02557623378963497,0.030227274128692843,0.038435197295820005,0.014928602106628204,0.021226884701841937,0.024917043708995907,0.03184094453346808,0,0,0,0
2020-12-18,-0.005832138645548852,0.017943772346458095,0.02557623378963497,0.030227274128692843,0.038435197295820005,0.014928602106628204,0.021226884701841937,0.024917043708995907,0.03184094453346808,0,0,0,0
2020-12-21,-0.005280582549612723,0.017943772346458095,0.02557623378963497,0.030227274128692843,0.038435197295820005,0.014928602106628204,0.021226884701841937,0.024917043708995907,0.03184094453346808,0,0,0,0
2020-12-22,-0.004211438379415003,0.017943772346458095,0.02557623378963497,0.030227274128692843,0.038435197295820005,0.014928602106628204,0.021226884701841937,0.024917043708995907,0.03184094453346808,0,0,0,0
2020-12-23,0.005080222794520937,0.017943772346458095,0.02557623378963497,0.030227274128692843,0.038435197295820005,0.014928602106628204,0.021226884701841937,0.024917043708995907,0.03184094453346808,0,0,0,0
2020-12-24,0.00238266508849454,0.017943772346458095,0.02557623378963497,0.030227274128692843,0.038435197295820005,0.014928602106628204,0.021226884701841937,0.024917043708995907,0.03184094453346808,0,0,0,0
2020-12-28,0.003781598656802325,0.017943772346458095,0.02557623378963497,0.030227274128692843,0.038435197295820005,0.014928602106628204,0.021226884701841937,0.024917043708995907,0.03184094453346808,0,0,0,0
2020-12-29,-0.00260014489557183,0.017943772346458095,0.02557623378963497,0.030227274128692843,0.038435197295820005,0.014928602106628204,0.021226884701841937,0.024917043708995907,0.03184094453346808,0,0,0,0
2020-12-30,0.00459206429116506,0.017943772346458095,0.02557623378963497,0.030227274128692843,0.038435197295820005,0.014928602106628204,0.021226884701841937,0.024917043708995907,0.03184094453346808,0,0,0,0
2020-12-31,0.005755494454140052,0.017943772346458095,0.02557623378963497,0.030227274128692843,0.038435197295820005,0.014928602106628204,0.021226884701841937,0.024917043708995907,0.03184094453346808,0,0,0,0
2021-01-04,-0.013791800997182238,0.017943772346458095,0.02557623378963497,0.030227274128692843,0.038435197295820005,0.014928602106628204,0.021226884701841937,0.024917043708995907,0.03184094453346808,0,0,0,0
2021-01-05,0.011208838441855657,0.017943772346458095,0.02557623378963497,0.030227274128692843,0.038435197295820005,0.014928602106628204,0.021226884701841937,0.024917043708995907,0.03184094453346808,0,0,0,0
2021-01-06,0.017654068717822803,0.017943772346458095,0.02557623378963497,0.030227274128692843,0.038435197295820005,0.014928602106628204,0.021226884701841937,0.024917043708995907,0.03184094453346808,0,0,0,0
2021-01-07,0.010779311907745533,0.017943772346458095,0.02557623378963497,0.030227274128692843,0.038435197295820005,0.014928602106628204,0.021226884701841937,0.024917043708995907,0.03184094453346808,0,0,0,0
2021-01-08,0.0029973124113425167,0.017943772346458095,0.02557623378963497,0.030227274128692843,0.038435197295820005,0.014928602106628204,0.021226884701841937,0.024917043708995907,0.03184094453346808,0,0,0,0
2021-01-11,-0.00018095833668791108,0.017943772346458095,0.02557623378963497,0.030227274128692843,0.038435197295820005,0.014928602106628204,0.021226884701841937,0.024917043708995907,0.03184094453346808,0,0,0,0
2021-01-12,0.0048060275327739595,0.017943772346458095,0.02557623378963497,0.030227274128692843,0.038435197295820005,0.014928602106628204,0.021226884701841937,0.024917043708995907,0.03184094453346808,0,0,0,0
2021-01-13,0.0019963380774200516,0.017943772346458095,0.02557623378963497,0.030227274128692843,0.038435197295820005,0.014928602106628204,0.021226884701841937,0.024917043708995907,0.03184094453346808,0,0,0,0
2021-01-14,0.0025396808233914925,0.017943772346458095,0.02557623378963497,0.030227274128692843,0.038435197295820005,0.014928602106628204,0.021226884701841937,0.024917043708995907,0.03184094453346808,0,0,0,0
2021-01-15,-0.010604978309001093,0.017943772346458095,0.02557623378963497,0.030227274128692843,0.038435197295820005,0.014928602106628204,0.021226884701841937,0.024917043708995907,0.03184094453346808,0,0,0,0
2021-01-19,0.007171629382198557,0.017943772346458095,0.02557623378963497,0.030227274128692843,0.038435197295820005,0.014928602106628204,0.021226884701841937,0.024917043708995907,0.03184094453346808,0,0,0,0
2021-01-20,0.007196700937254434,0.017943772346458095,0.02557623378963497,0.030227274128692843,0.038435197295820005,0.014928602106628204,0.021226884701841937,0.024917043708995907,0.03184094453346808,0,0,0,0
2021-01-21,-0.007121308347778199,0.017943772346458095,0.02557623378963497,0.030227274128692843,0.038435197295820005,0.014928602106628204,0.021226884701841937,0.024917043708995907,0.03184094453346808,0,0,0,0
2021-01-22,-0.0037915637886276102,0.017943772346458095,0.02557623378963497,0.030227274128692843,0.038435197295820005,0.014928602106628204,0.021226884701841937,0.024917043708995907,0.03184094453346808,0,0,0,0
2021-01-25,0.0020406570908005524,0.017943772346458095,0.02557623378963497,0.030227274128692843,0.038435197295820005,0.014928602106628204,0.021226884701841937,0.024917043708995907,0.03184094453346808,0,0,0,0
2021-01-26,-0.00764448604496534,0.017943772346458095,0.02557623378963497,0.030227274128692843,0.038435197295820005,0.014928602106628204,0.021226884701841937,0.024917043708995907,0.03184094453346808,0,0,0,0
2021-01-27,-0.023641553821314585,0.017943772346458095,0.02557623378963497,0.030227274128692843,0.038435197295820005,0.014928602106628204,0.021226884701841937,0.024917043708995907,0.03184094453346808,1,0,1,0
2021-01-28,0.011987632779239952,0.017943772346458095,0.02557623378963497,0.030227274128692843,0.038435197295820005,0.014928602106628204,0.021226884701841937,0.024917043708995907,0.03184094453346808,0,0,0,0
2021-01-29,-0.019107025024772385,0.017943772346458095,0.02557623378963497,0.030227274128692843,0.038435197295820005,0.014928602106628204,0.021226884701841937,0.024917043708995907,0.03184094453346808,1,0,1,0
2021-02-01,0.011478429109474265,0.017943772346458095,0.02557623378963497,0.030227274128692843,0.038435197295820005,0.014928602106628204,0.021226884701841937,0.024917043708995907,0.03184094453346808,0,0,0,0
2021-02-02,0.013461054029150817,0.017943772346458095,0.02557623378963497,0.030227274128692843,0.038435197295820005,0.014928602106628204,0.021226884701841937,0.024917043708995907,0.03184094453346808,0,0,0,0
2021-02-03,0.0050310490086983095,0.017943772346458095,0.02557623378963497,0.030227274128692843,0.038435197295820005,0.014928602106628204,0.021226884701841937,0.024917043708995907,0.03184094453346808,0,0,0,0
2021-02-04,0.011807590969226598,0.017943772346458095,0.02557623378963497,0.030227274128692843,0.038435197295820005,0.014928602106628204,0.021226884701841937,0.024917043708995907,0.03184094453346808,0,0,0,0
2021-02-05,0.003367274822726773,0.017943772346458095,0.02557623378963497,0.030227274128692843,0.038435197295820005,0.014928602106628204,0.021226884701841937,0.024917043708995907,0.03184094453346808,0,0,0,0
2021-02-08,0.010493110236843925,0.017943772346458095,0.02557623378963497,0.030227274128692843,0.038435197295820005,0.014928602106628204,0.021226884701841937,0.024917043708995907,0.03184094453346808,0,0,0,0
2021-02-09,-0.000960412106328414,0.017943772346458095,0.02557623378963497,0.030227274128692843,0.038435197295820005,0.014928602106628204,0.021226884701841937,0.024917043708995907,0.03184094453346808,0,0,0,0
2021-02-10,0.0030380058198815093,0.017943772346458095,0.02557623378963497,0.030227274128692843,0.038435197295820005,0.014928602106628204,0.021226884701841937,0.024917043708995907,0.03184094453346808,0,0,0,0
2021-02-11,-0.0017310173522390785,0.017943772346458095,0.02557623378963497,0.030227274128692843,0.038435197295820005,0.014928602106628204,0.021226884701841937,0.024917043708995907,0.03184094453346808,0,0,0,0
2021-02-12,0.006039527728262372,0.017943772346458095,0.02557623378963497,0.030227274128692843,0.038435197295820005,0.014928602106628204,0.021226884701841937,0.024917043708995907,0.03184094453346808,0,0,0,0
2021-02-16,0.0022076606827973713,0.017943772346458095,0.02557623378963497,0.030227274128692843,0.038435197295820005,0.014928602106628204,0.021226884701841937,0.024917043708995907,0.03184094453346808,0,0,0,0
2021-02-17,0.0018171037968595905,0.017943772346458095,0.02557623378963497,0.030227274128692843,0.038435197295820005,0.014928602106628204,0.021226884701841937,0.024917043708995907,0.03184094453346808,0,0,0,0
2021-02-18,-0.00618339055284694,0.017943772346458095,0.02557623378963497,0.030227274128692843,0.038435197295820005,0.014928602106628204,0.021226884701841937,0.024917043708995907,0.03184094453346808,0,0,0,0
2021-02-19,0.0020354204578613864,0.017943772346458095,0.02557623378963497,0.030227274128692843,0.038435197295820005,0.014928602106628204,0.021226884701841937,0.024917043708995907,0.03184094453346808,0,0,0,0
2021-02-22,-0.0008085029220251732,0.017943772346458095,0.02557623378963497,0.030227274128692843,0.038435197295820005,0.014928602106628204,0.021226884701841937,0.024917043708995907,0.03184094453346808,0,0,0,0
2021-02-23,0.004370010003803223,0.017943772346458095,0.02557623378963497,0.030227274128692843,0.038435197295820005,0.014928602106628204,0.021226884701841937,0.024917043708995907,0.03184094453346808,0,0,0,0
2021-02-24,0.013438444634440164,0.017943772346458095,0.02557623378963497,0.030227274128692843,0.038435197295820005,0.014928602106628204,0.021226884701841937,0.024917043708995907,0.03184094453346808,0,0,0,0
2021-02-25,-0.01936162574710124,0.017943772346458095,0.02557623378963497,0.030227274128692843,0.038435197295820005,0.014928602106628204,0.021226884701841937,0.024917043708995907,0.03184094453346808,1,0,1,0
2021-02-26,-0.011565654176459087,0.017943772346458095,0.02557623378963497,0.030227274128692843,0.038435197295820005,0.014928602106628204,0.021226884701841937,0.024917043708995907,0.03184094453346808,0,0,0,0
2021-03-01,0.024597439689999674,0.017943772346458095,0.02557623378963497,0.030227274128692843,0.038435197295820005,0.014928602106628204,0.021226884701841937,0.024917043708995907,0.03184094453346808,0,0,0,0
2021-03-02,-0.005963123886096998,0.017943772346458095,0.02557623378963497,0.030227274128692843,0.038435197295820005,0.014928602106628204,0.021226884701841937,0.024917043708995907,0.03184094453346808,0,0,0,0
2021-03-03,-0.005709563551698431,0.017943772346458095,0.02557623378963497,0.030227274128692843,0.038435197295820005,0.014928602106628204,0.021226884701841937,0.024917043708995907,0.03184094453346808,0,0,0,0
2021-03-04,-0.0075857966884981904,0.017943772346458095,0.02557623378963497,0.030227274128692843,0.038435197295820005,0.014928602106628204,0.021226884701841937,0.024917043708995907,0.03184094453346808,0,0,0,0
2021-03-05,0.021712071940768234,0.017943772346458095,0.02557623378963497,0.030227274128692843,0.038435197295820005,0.014928602106628204,0.021226884701841937,0.024917043708995907,0.03184094453346808,0,0,0,0
2021-03-08,0.0010011063274904036,0.017943772346458095,0.02557623378963497,0.030227274128692843,0.038435197295820005,0.014928602106628204,0.021226884701841937,0.024917043708995907,0.03184094453346808,0,0,0,0
2021-03-09,0.005092603725769494,0.017943772346458095,0.02557623378963497,0.030227274128692843,0.038435197295820005,0.014928602106628204,0.021226884701841937,0.024917043708995907,0.03184094453346808,0,0,0,0
2021-03-10,0.010170335603433922,0.017943772346458095,0.02557623378963497,0.030227274128692843,0.038435197295820005,0.014928602106628204,0.021226884701841937,0.024917043708995907,0.03184094453346808,0,0,0,0
2021-03-11,0.004700179644497442,0.017943772346458095,0.02557623378963497,0.030227274128692843,0.038435197295820005,0.014928602106628204,0.021226884701841937,0.024917043708995907,0.03184094453346808,0,0,0,0
2021-03-12,0.0050289882296134835,0.017943772346458095,0.02557623378963497,0.030227274128692843,0.038435197295820005,0.014928602106628204,0.021226884701841937,0.024917043708995907,0.03184094453346808,0,0,0,0
2021-03-15,0.0038949863038219004,0.017943772346458095,0.02557623378963497,0.030227274128692843,0.038435197295820005,0.014928602106628204,0.021226884701841937,0.024917043708995907,0.03184094453346808,0,0,0,0
2021-03-16,-0.006692119048216214,0.017943772346458095,0.02557623378963497,0.030227274128692843,0.038435197295820005,0.014928602106628204,0.021226884701841937,0.024917043708995907,0.03184094453346808,0,0,0,0
2021-03-17,0.0012062353920571527,0.017943772346458095,0.02557623378963497,0.030227274128692843,0.038435197295820005,0.014928602106628204,0.021226884701841937,0.024917043708995907,0.03184094453346808,0,0,0,0
2021-03-18,-0.012897136311752431,0.017943772346458095,0.02557623378963497,0.030227274128692843,0.038435197295820005,0.014928602106628204,0.021226884701841937,0.024917043708995907,0.03184094453346808,0,0,0,0
2021-03-19,-0.0025158845433493017,0.017943772346458095,0.02557623378963497,0.030227274128692843,0.038435197295820005,0.014928602106628204,0.021226884701841937,0.024917043708995907,0.03184094453346808,0,0,0,0
2021-03-22,0.0016402453629666468,0.017943772346458095,0.02557623378963497,0.030227274128692843,0.038435197295820005,0.014928602106628204,0.021226884701841937,0.024917043708995907,0.03184094453346808,0,0,0,0
2021-03-23,-0.007990890133636484,0.017943772346458095,0.02557623378963497,0.030227274128692843,0.038435197295820005,0.014928602106628204,0.021226884701841937,0.024917043708995907,0.03184094453346808,0,0,0,0
2021-03-24,0.00250742000766055,0.017943772346458095,0.02557623378963497,0.030227274128692843,0.038435197295820005,0.014928602106628204,0.021226884701841937,0.024917043708995907,0.03184094453346808,0,0,0,0
2021-03-25,0.00800433472004462,0.017943772346458095,0.02557623378963497,0.030227274128692843,0.038435197295820005,0.014928602106628204,0.021226884701841937,0.024917043708995907,0.03184094453346808,0,0,0,0
2021-03-26,0.017184415675888264,0.017943772346458095,0.02557623378963497,0.030227274128692843,0.038435197295820005,0.014928602106628204,0.021226884701841937,0.024917043708995907,0.03184094453346808,0,0,0,0
2021-03-29,-0.0015581337511005194,0.017943772346458095,0.02557623378963497,0.030227274128692843,0.038435197295820005,0.014928602106628204,0.021226884701841937,0.024917043708995907,0.03184094453346808,0,0,0,0
2021-03-30,-0.003942249558614501,0.017943772346458095,0.02557623378963497,0.030227274128692843,0.038435197295820005,0.014928602106628204,0.021226884701841937,0.024917043708995907,0.03184094453346808,0,0,0,0
2021-03-31,0.0016300439571770473,0.017943772346458095,0.02557623378963497,0.030227274128692843,0.038435197295820005,0.014928602106628204,0.021226884701841937,0.024917043708995907,0.03184094453346808,0,0,0,0
2021-04-01,0.009638878544622557,0.017943772346458095,0.02557623378963497,0.030227274128692843,0.038435197295820005,0.014928602106628204,0.021226884701841937,0.024917043708995907,0.03184094453346808,0,0,0,0
2021-04-05,0.006922920467559454,0.017943772346458095,0.02557623378963497,0.030227274128692843,0.038435197295820005,0.014928602106628204,0.021226884701841937,0.024917043708995907,0.03184094453346808,0,0,0,0
2021-04-06,-0.0015060061934303352,0.017943772346458095,0.02557623378963497,0.030227274128692843,0.038435197295820005,0.014928602106628204,0.021226884701841937,0.024917043708995907,0.03184094453346808,0,0,0,0
2021-04-07,0.0009598572307599853,0.017943772346458095,0.02557623378963497,0.030227274128692843,0.038435197295820005,0.014928602106628204,0.021226884701841937,0.024917043708995907,0.03184094453346808,0,0,0,0
2021-04-08,0.001349714234683048,0.017943772346458095,0.02557623378963497,0.030227274128692843,0.038435197295820005,0.014928602106628204,0.021226884701841937,0.024917043708995907,0.03184094453346808,0,0,0,0
2021-04-09,0.005470779985956587,0.017943772346458095,0.02557623378963497,0.030227274128692843,0.038435197295820005,0.014928602106628204,0.021226884701841937,0.024917043708995907,0.03184094453346808,0,0,0,0
2021-04-12,-0.00035506898389032414,0.017943772346458095,0.02557623378963497,0.030227274128692843,0.038435197295820005,0.014928602106628204,0.021226884701841937,0.024917043708995907,0.03184094453346808,0,0,0,0
2021-04-13,0.0021521527058635673,0.017943772346458095,0.02557623378963497,0.030227274128692843,0.038435197295820005,0.014928602106628204,0.021226884701841937,0.024917043708995907,0.03184094453346808,0,0,0,0
2021-04-14,0.0035621412062452292,0.017943772346458095,0.02557623378963497,0.030227274128692843,0.038435197295820005,0.014928602106628204,0.021226884701841937,0.024917043708995907,0.03184094453346808,0,0,0,0
2021-04-15,0.0072364338673081815,0.017943772346458095,0.02557623378963497,0.030227274128692843,0.038435197295820005,0.014928602106628204,0.021226884701841937,0.024917043708995907,0.03184094453346808,0,0,0,0
2021-04-16,0.0028386022812392836,0.017943772346458095,0.02557623378963497,0.030227274128692843,0.038435197295820005,0.014928602106628204,0.021226884701841937,0.024917043708995907,0.03184094453346808,0,0,0,0
2021-04-19,-0.003730384464623037,0.017943772346458095,0.02557623378963497,0.030227274128692843,0.038435197295820005,0.014928602106628204,0.021226884701841937,0.024917043708995907,0.03184094453346808,0,0,0,0
2021-04-20,-0.00807845556517617,0.017943772346458095,0.02557623378963497,0.030227274128692843,0.038435197295820005,0.014928602106628204,0.021226884701841937,0.024917043708995907,0.03184094453346808,0,0,0,0
2021-04-21,0.008960209804579128,0.017943772346458095,0.02557623378963497,0.030227274128692843,0.038435197295820005,0.014928602106628204,0.021226884701841937,0.024917043708995907,0.03184094453346808,0,0,0,0
2021-04-22,-0.008667145368527359,0.017943772346458095,0.02557623378963497,0.030227274128692843,0.038435197295820005,0.014928602106628204,0.021226884701841937,0.024917043708995907,0.03184094453346808,0,0,0,0
2021-04-23,0.009906887034870252,0.017943772346458095,0.02557623378963497,0.030227274128692843,0.038435197295820005,0.014928602106628204,0.021226884701841937,0.024917043708995907,0.03184094453346808,0,0,0,0
2021-04-26,0.00082319604647054,0.017943772346458095,0.02557623378963497,0.030227274128692843,0.038435197295820005,0.014928602106628204,0.021226884701841937,0.024917043708995907,0.03184094453346808,0,0,0,0
2021-04-27,0.0017128534625307362,0.017943772346458095,0.02557623378963497,0.030227274128692843,0.038435197295820005,0.014928602106628204,0.021226884701841937,0.024917043708995907,0.03184094453346808,0,0,0,0
2021-04-28,0.003102418000308811,0.017943772346458095,0.02557623378963497,0.030227274128692843,0.038435197295820005,0.014928602106628204,0.021226884701841937,0.024917043708995907,0.03184094453346808,0,0,0,0
2021-04-29,0.00662825099789152,0.017943772346458095,0.02557623378963497,0.030227274128692843,0.038435197295820005,0.014928602106628204,0.021226884701841937,0.024917043708995907,0.03184094453346808,0,0,0,0
2021-04-30,-0.008067576824608012,0.017943772346458095,0.02557623378963497,0.030227274128692843,0.038435197295820005,0.014928602106628204,0.021226884701841937,0.024917043708995907,0.03184094453346808,0,0,0,0
2021-05-03,0.007554669681061602,0.017943772346458095,0.02557623378963497,0.030227274128692843,0.038435197295820005,0.014928602106628204,0.021226884701841937,0.024917043708995907,0.03184094453346808,0,0,0,0
2021-05-04,-0.002016401537736761,0.017943772346458095,0.02557623378963497,0.030227274128692843,0.038435197295820005,0.014928602106628204,0.021226884701841937,0.024917043708995907,0.03184094453346808,0,0,0,0
2021-05-05,0.003368294407063665,0.017943772346458095,0.02557623378963497,0.030227274128692843,0.038435197295820005,0.014928602106628204,0.021226884701841937,0.024917043708995907,0.03184094453346808,0,0,0,0
2021-05-06,0.007667997434200644,0.017943772346458095,0.02557623378963497,0.030227274128692843,0.038435197295820005,0.014928602106628204,0.021226884701841937,0.024917043708995907,0.03184094453346808,0,0,0,0
2021-05-07,0.008452803458735674,0.017943772346458095,0.02557623378963497,0.030227274128692843,0.038435197295820005,0.014928602106628204,0.021226884701841937,0.024917043708995907,0.03184094453346808,0,0,0,0
2021-05-10,-0.0033731363202534,0.017943772346458095,0.02557623378963497,0.030227274128692843,0.038435197295820005,0.014928602106628204,0.021226884701841937,0.024917043708995907,0.03184094453346808,0,0,0,0
2021-05-11,-0.013439770741406527,0.017943772346458095,0.02557623378963497,0.030227274128692843,0.038435197295820005,0.014928602106628204,0.021226884701841937,0.024917043708995907,0.03184094453346808,0,0,0,0
2021-05-12,-0.016132204297162438,0.017943772346458095,0.02557623378963497,0.030227274128692843,0.038435197295820005,0.014928602106628204,0.021226884701841937,0.024917043708995907,0.03184094453346808,0,0,1,0
2021-05-13,0.010777020160698344,0.017943772346458095,0.02557623378963497,0.030227274128692843,0.038435197295820005,0.014928602106628204,0.021226884701841937,0.024917043708995907,0.03184094453346808,0,0,0,0
2021-05-14,0.015275803395925368,0.017943772346458095,0.02557623378963497,0.030227274128692843,0.038435197295820005,0.014928602106628204,0.021226884701841937,0.024917043708995907,0.03184094453346808,0,0,0,0
2021-05-17,0.00024041322044424777,0.017943772346458095,0.02557623378963497,0.030227274128692843,0.038435197295820005,0.014928602106628204,0.021226884701841937,0.024917043708995907,0.03184094453346808,0,0,0,0
2021-05-18,-0.009817469573167674,0.017943772346458095,0.02557623378963497,0.030227274128692843,0.038435197295820005,0.014928602106628204,0.021226884701841937,0.024917043708995907,0.03184094453346808,0,0,0,0
2021-05-19,-0.005646060134302091,0.017943772346458095,0.02557623378963497,0.030227274128692843,0.038435197295820005,0.014928602106628204,0.021226884701841937,0.024917043708995907,0.03184094453346808,0,0,0,0
2021-05-20,0.007145740768099304,0.017943772346458095,0.02557623378963497,0.030227274128692843,0.038435197295820005,0.014928602106628204,0.021226884701841937,0.024917043708995907,0.03184094453346808,0,0,0,0
2021-05-21,0.0022673898172705224,0.017943772346458095,0.02557623378963497,0.030227274128692843,0.038435197295820005,0.014928602106628204,0.021226884701841937,0.024917043708995907,0.03184094453346808,0,0,0,0
2021-05-24,0.006827940049006435,0.017943772346458095,0.02557623378963497,0.030227274128692843,0.038435197295820005,0.014928602106628204,0.021226884701841937,0.024917043708995907,0.03184094453346808,0,0,0,0
2021-05-25,-0.007246671946124134,0.017943772346458095,0.02557623378963497,0.030227274128692843,0.038435197295820005,0.014928602106628204,0.021226884701841937,0.024917043708995907,0.03184094453346808,0,0,0,0
2021-05-26,0.001606417485772218,0.017943772346458095,0.02557623378963497,0.030227274128692843,0.038435197295820005,0.014928602106628204,0.021226884701841937,0.024917043708995907,0.03184094453346808,0,0,0,0
2021-05-27,0.0017229765232451722,0.017943772346458095,0.02557623378963497,0.030227274128692843,0.038435197295820005,0.014928602106628204,0.021226884701841937,0.024917043708995907,0.03184094453346808,0,0,0,0
2021-05-28,0.0026246968169013787,0.017943772346458095,0.02557623378963497,0.030227274128692843,0.038435197295820005,0.014928602106628204,0.021226884701841937,0.024917043708995907,0.03184094453346808,0,0,0,0
2021-06-01,0.0027399528739609933,0.017943772346458095,0.02557623378963497,0.030227274128692843,0.038435197295820005,0.014928602106628204,0.021226884701841937,0.024917043708995907,0.03184094453346808,0,0,0,0
2021-06-02,0.004126331952812772,0.017943772346458095,0.02557623378963497,0.030227274128692843,0.038435197295820005,0.014928602106628204,0.021226884701841937,0.024917043708995907,0.03184094453346808,0,0,0,0
2021-06-03,-0.0001677641378618732,0.017943772346458095,0.02557623378963497,0.030227274128692843,0.038435197295820005,0.014928602106628204,0.021226884701841937,0.024917043708995907,0.03184094453346808,0,0,0,0
2021-06-04,0.006043566129323976,0.017943772346458095,0.02557623378963497,0.030227274128692843,0.038435197295820005,0.014928602106628204,0.021226884701841937,0.024917043708995907,0.03184094453346808,0,0,0,0
2021-06-07,-0.0019346274984517176,0.017943772346458095,0.02557623378963497,0.030227274128692843,0.038435197295820005,0.014928602106628204,0.021226884701841937,0.024917043708995907,0.03184094453346808,0,0,0,0
2021-06-08,-0.00040559645944779533,0.012837903138524905,0.01882918888762057,0.022478025495348164,0.028881058952540548,0.011076881978471094,0.015048592441531748,0.017373274268927628,0.021865111120554878,0,0,0,0
2021-06-09,-0.0011840424159829507,0.012837903138524905,0.01882918888762057,0.022478025495348164,0.028881058952540548,0.011076881978471094,0.015048592441531748,0.017373274268927628,0.021865111120554878,0,0,0,0
2021-06-10,0.0025089122630603403,0.012837903138524905,0.01882918888762057,0.022478025495348164,0.028881058952540548,0.011076881978471094,0.015048592441531748,0.017373274268927628,0.021865111120554878,0,0,0,0
2021-06-11,0.0011075602385298199,0.012837903138524905,0.01882918888762057,0.022478025495348164,0.028881058952540548,0.011076881978471094,0.015048592441531748,0.017373274268927628,0.021865111120554878,0,0,0,0
2021-06-14,-0.0005722336604846923,0.012837903138524905,0.01882918888762057,0.022478025495348164,0.028881058952540548,0.011076881978471094,0.015048592441531748,0.017373274268927628,0.021865111120554878,0,0,0,0
2021-06-15,0.0029071815329987055,0.012837903138524905,0.01882918888762057,0.022478025495348164,0.028881058952540548,0.011076881978471094,0.015048592441531748,0.017373274268927628,0.021865111120554878,0,0,0,0
2021-06-16,-0.006568584088691353,0.012837903138524905,0.01882918888762057,0.022478025495348164,0.028881058952540548,0.011076881978471094,0.015048592441531748,0.017373274268927628,0.021865111120554878,0,0,0,0
2021-06-17,-0.007980249965573913,0.012837903138524905,0.01882918888762057,0.022478025495348164,0.028881058952540548,0.011076881978471094,0.015048592441531748,0.017373274268927628,0.021865111120554878,0,0,0,0
2021-06-18,-0.018303012252703376,0.012837903138524905,0.01882918888762057,0.022478025495348164,0.028881058952540548,0.011076881978471094,0.015048592441531748,0.017373274268927628,0.021865111120554878,1,0,1,1
2021-06-21,0.019464187043768864,0.012837903138524905,0.01882918888762057,0.022478025495348164,0.028881058952540548,0.011076881978471094,0.015048592441531748,0.017373274268927628,0.021865111120554878,0,0,0,0
2021-06-22,0.0028342194441346885,0.012837903138524905,0.01882918888762057,0.022478025495348164,0.028881058952540548,0.011076881978471094,0.015048592441531748,0.017373274268927628,0.021865111120554878,0,0,0,0
2021-06-23,-0.002103821356219662,0.012837903138524905,0.01882918888762057,0.022478025495348164,0.028881058952540548,0.011076881978471094,0.015048592441531748,0.017373274268927628,0.021865111120554878,0,0,0,0
2021-06-24,0.00644342098791183,0.012837903138524905,0.01882918888762057,0.022478025495348164,0.028881058952540548,0.011076881978471094,0.015048592441531748,0.017373274268927628,0.021865111120554878,0,0,0,0
2021-06-25,0.005257423647573542,0.012837903138524905,0.01882918888762057,0.022478025495348164,0.028881058952540548,0.011076881978471094,0.015048592441531748,0.017373274268927628,0.021865111120554878,0,0,0,0
2021-06-28,-0.0038113753372431346,0.012837903138524905,0.01882918888762057,0.022478025495348164,0.028881058952540548,0.011076881978471094,0.015048592441531748,0.017373274268927628,0.021865111120554878,0,0,0,0
2021-06-29,-0.0025374693939583808,0.012837903138524905,0.01882918888762057,0.022478025495348164,0.028881058952540548,0.011076881978471094,0.015048592441531748,0.017373274268927628,0.021865111120554878,0,0,0,0
2021-06-30,0.0030956950162687705,0.012837903138524905,0.01882918888762057,0.022478025495348164,0.028881058952540548,0.011076881978471094,0.015048592441531748,0.017373274268927628,0.021865111120554878,0,0,0,0
2021-07-01,0.008456480521817767,0.012837903138524905,0.01882918888762057,0.022478025495348164,0.028881058952540548,0.011076881978471094,0.015048592441531748,0.017373274268927628,0.021865111120554878,0,0,0,0
2021-07-02,0.004300880178640198,0.012837903138524905,0.01882918888762057,0.022478025495348164,0.028881058952540548,0.011076881978471094,0.015048592441531748,0.017373274268927628,0.021865111120554878,0,0,0,0
2021-07-06,-0.007614155256446706,0.012837903138524905,0.01882918888762057,0.022478025495348164,0.028881058952540548,0.011076881978471094,0.015048592441531748,0.017373274268927628,0.021865111120554878,0,0,0,0
2021-07-07,0.0023834039605855834,0.012837903138524905,0.01882918888762057,0.022478025495348164,0.028881058952540548,0.011076881978471094,0.015048592441531748,0.017373274268927628,0.021865111120554878,0,0,0,0
2021-07-08,-0.009458633770264263,0.012837903138524905,0.01882918888762057,0.022478025495348164,0.028881058952540548,0.011076881978471094,0.015048592441531748,0.017373274268927628,0.021865111120554878,0,0,0,0
2021-07-09,0.012803157525093697,0.012837903138524905,0.01882918888762057,0.022478025495348164,0.028881058952540548,0.011076881978471094,0.015048592441531748,0.017373274268927628,0.021865111120554878,0,0,0,0
2021-07-12,0.0027358526170403225,0.012837903138524905,0.01882918888762057,0.022478025495348164,0.028881058952540548,0.011076881978471094,0.015048592441531748,0.017373274268927628,0.021865111120554878,0,0,0,0
2021-07-13,-0.005143019622043816,0.012837903138524905,0.01882918888762057,0.022478025495348164,0.028881058952540548,0.011076881978471094,0.015048592441531748,0.017373274268927628,0.021865111120554878,0,0,0,0
2021-07-14,-0.002630305231897137,0.012837903138524905,0.01882918888762057,0.022478025495348164,0.028881058952540548,0.011076881978471094,0.015048592441531748,0.017373274268927628,0.021865111120554878,0,0,0,0
2021-07-15,-0.0018348657011681994,0.012837903138524905,0.01882918888762057,0.022478025495348164,0.028881058952540548,0.011076881978471094,0.015048592441531748,0.017373274268927628,0.021865111120554878,0,0,0,0
2021-07-16,-0.008065835607878099,0.012837903138524905,0.01882918888762057,0.022478025495348164,0.028881058952540548,0.011076881978471094,0.015048592441531748,0.017373274268927628,0.021865111120554878,0,0,0,0
2021-07-19,-0.020103430718726247,0.012837903138524905,0.01882918888762057,0.022478025495348164,0.028881058952540548,0.011076881978471094,0.015048592441531748,0.017373274268927628,0.021865111120554878,1,0,1,1
2021-07-20,0.01581884918651883,0.012837903138524905,0.01882918888762057,0.022478025495348164,0.028881058952540548,0.011076881978471094,0.015048592441531748,0.017373274268927628,0.021865111120554878,0,0,0,0
2021-07-21,0.009873305424383675,0.012837903138524905,0.01882918888762057,0.022478025495348164,0.028881058952540548,0.011076881978471094,0.015048592441531748,0.017373274268927628,0.021865111120554878,0,0,0,0
2021-07-22,-0.0010826333961943598,0.012837903138524905,0.01882918888762057,0.022478025495348164,0.028881058952540548,0.011076881978471094,0.015048592441531748,0.017373274268927628,0.021865111120554878,0,0,0,0
2021-07-23,0.0066450220596641855,0.012837903138524905,0.01882918888762057,0.022478025495348164,0.028881058952540548,0.011076881978471094,0.015048592441531748,0.017373274268927628,0.021865111120554878,0,0,0,0
2021-07-26,0.0036394233784886993,0.012837903138524905,0.01882918888762057,0.022478025495348164,0.028881058952540548,0.011076881978471094,0.015048592441531748,0.017373274268927628,0.021865111120554878,0,0,0,0
2021-07-27,-0.001064325726939493,0.012837903138524905,0.01882918888762057,0.022478025495348164,0.028881058952540548,0.011076881978471094,0.015048592441531748,0.017373274268927628,0.021865111120554878,0,0,0,0
2021-07-28,-4.9566305595909376e-05,0.012837903138524905,0.01882918888762057,0.022478025495348164,0.028881058952540548,0.011076881978471094,0.015048592441531748,0.017373274268927628,0.021865111120554878,0,0,0,0
2021-07-29,0.006042635242989724,0.012837903138524905,0.01882918888762057,0.022478025495348164,0.028881058952540548,0.011076881978471094,0.015048592441531748,0.017373274268927628,0.021865111120554878,0,0,0,0
2021-07-30,-0.005567771004125849,0.012837903138524905,0.01882918888762057,0.022478025495348164,0.028881058952540548,0.011076881978471094,0.015048592441531748,0.017373274268927628,0.021865111120554878,0,0,0,0
2021-08-02,-0.0015383631655852717,0.012837903138524905,0.01882918888762057,0.022478025495348164,0.028881058952540548,0.011076881978471094,0.015048592441531748,0.017373274268927628,0.021865111120554878,0,0,0,0
2021-08-03,0.010732035495336379,0.012837903138524905,0.01882918888762057,0.022478025495348164,0.028881058952540548,0.011076881978471094,0.015048592441531748,0.017373274268927628,0.021865111120554878,0,0,0,0
2021-08-04,-0.008314490310278764,0.012837903138524905,0.01882918888762057,0.022478025495348164,0.028881058952540548,0.011076881978471094,0.015048592441531748,0.017373274268927628,0.021865111120554878,0,0,0,0
2021-08-05,0.006789194712499303,0.012837903138524905,0.01882918888762057,0.022478025495348164,0.028881058952540548,0.011076881978471094,0.015048592441531748,0.017373274268927628,0.021865111120554878,0,0,0,0
2021-08-06,0.004739623891975586,0.012837903138524905,0.01882918888762057,0.022478025495348164,0.028881058952540548,0.011076881978471094,0.015048592441531748,0.017373274268927628,0.021865111120554878,0,0,0,0
2021-08-09,-0.0022977984502942925,0.012837903138524905,0.01882918888762057,0.022478025495348164,0.028881058952540548,0.011076881978471094,0.015048592441531748,0.017373274268927628,0.021865111120554878,0,0,0,0
2021-08-10,0.004402295192677684,0.012837903138524905,0.01882918888762057,0.022478025495348164,0.028881058952540548,0.011076881978471094,0.015048592441531748,0.017373274268927628,0.021865111120554878,0,0,0,0
2021-08-11,0.004862845234348394,0.012837903138524905,0.01882918888762057,0.022478025495348164,0.028881058952540548,0.011076881978471094,0.015048592441531748,0.017373274268927628,0.021865111120554878,0,0,0,0
2021-08-12,0.002358361670398938,0.012837903138524905,0.01882918888762057,0.022478025495348164,0.028881058952540548,0.011076881978471094,0.015048592441531748,0.017373274268927628,0.021865111120554878,0,0,0,0
2021-08-13,-0.0002857660898618393,0.012837903138524905,0.01882918888762057,0.022478025495348164,0.028881058952540548,0.011076881978471094,0.015048592441531748,0.017373274268927628,0.021865111120554878,0,0,0,0
2021-08-16,0.0009289789266291785,0.012837903138524905,0.01882918888762057,0.022478025495348164,0.028881058952540548,0.011076881978471094,0.015048592441531748,0.017373274268927628,0.021865111120554878,0,0,0,0
2021-08-17,-0.004405032923315332,0.012837903138524905,0.01882918888762057,0.022478025495348164,0.028881058952540548,0.011076881978471094,0.015048592441531748,0.017373274268927628,0.021865111120554878,0,0,0,0
2021-08-18,-0.012816559070707367,0.012837903138524905,0.01882918888762057,0.022478025495348164,0.028881058952540548,0.011076881978471094,0.015048592441531748,0.017373274268927628,0.021865111120554878,0,0,1,0
2021-08-19,-0.002983849611168705,0.012837903138524905,0.01882918888762057,0.022478025495348164,0.028881058952540548,0.011076881978471094,0.015048592441531748,0.017373274268927628,0.021865111120554878,0,0,0,0
2021-08-20,0.007100754999175963,0.012837903138524905,0.01882918888762057,0.022478025495348164,0.028881058952540548,0.011076881978471094,0.015048592441531748,0.017373274268927628,0.021865111120554878,0,0,0,0
2021-08-23,0.008876186089190188,0.012837903138524905,0.01882918888762057,0.022478025495348164,0.028881058952540548,0.011076881978471094,0.015048592441531748,0.017373274268927628,0.021865111120554878,0,0,0,0
2021-08-24,0.002553932543933109,0.012837903138524905,0.01882918888762057,0.022478025495348164,0.028881058952540548,0.011076881978471094,0.015048592441531748,0.017373274268927628,0.021865111120554878,0,0,0,0
2021-08-25,0.003775369334362473,0.012837903138524905,0.01882918888762057,0.022478025495348164,0.028881058952540548,0.011076881978471094,0.015048592441531748,0.017373274268927628,0.021865111120554878,0,0,0,0
2021-08-26,-0.0061783040311282665,0.012837903138524905,0.01882918888762057,0.022478025495348164,0.028881058952540548,0.011076881978471094,0.015048592441531748,0.017373274268927628,0.021865111120554878,0,0,0,0
2021-08-27,0.009064177693730807,0.012837903138524905,0.01882918888762057,0.022478025495348164,0.028881058952540548,0.011076881978471094,0.015048592441531748,0.017373274268927628,0.021865111120554878,0,0,0,0
2021-08-30,-0.0007144702340807035,0.012837903138524905,0.01882918888762057,0.022478025495348164,0.028881058952540548,0.011076881978471094,0.015048592441531748,0.017373274268927628,0.021865111120554878,0,0,0,0
2021-08-31,-0.0028743847027597976,0.012837903138524905,0.01882918888762057,0.022478025495348164,0.028881058952540548,0.011076881978471094,0.015048592441531748,0.017373274268927628,0.021865111120554878,0,0,0,0
2021-09-01,-0.0014620055653816399,0.012837903138524905,0.01882918888762057,0.022478025495348164,0.028881058952540548,0.011076881978471094,0.015048592441531748,0.017373274268927628,0.021865111120554878,0,0,0,0
2021-09-02,0.008693146025643955,0.012837903138524905,0.01882918888762057,0.022478025495348164,0.028881058952540548,0.011076881978471094,0.015048592441531748,0.017373274268927628,0.021865111120554878,0,0,0,0
2021-09-03,-0.0030891892415545502,0.012837903138524905,0.01882918888762057,0.022478025495348164,0.028881058952540548,0.011076881978471094,0.015048592441531748,0.017373274268927628,0.021865111120554878,0,0,0,0
2021-09-07,-0.007431550493103564,0.012837903138524905,0.01882918888762057,0.022478025495348164,0.028881058952540548,0.011076881978471094,0.015048592441531748,0.017373274268927628,0.021865111120554878,0,0,0,0
2021-09-08,-0.00023530286280922023,0.012837903138524905,0.01882918888762057,0.022478025495348164,0.028881058952540548,0.011076881978471094,0.015048592441531748,0.017373274268927628,0.021865111120554878,0,0,0,0
2021-09-09,-0.0035732865667299036,0.012837903138524905,0.01882918888762057,0.022478025495348164,0.028881058952540548,0.011076881978471094,0.015048592441531748,0.017373274268927628,0.021865111120554878,0,0,0,0
2021-09-10,-0.00763324441877624,0.012837903138524905,0.01882918888762057,0.022478025495348164,0.028881058952540548,0.011076881978471094,0.015048592441531748,0.017373274268927628,0.021865111120554878,0,0,0,0
2021-09-13,0.005318601455980505,0.012837903138524905,0.01882918888762057,0.022478025495348164,0.028881058952540548,0.011076881978471094,0.015048592441531748,0.017373274268927628,0.021865111120554878,0,0,0,0
2021-09-14,-0.0071960243892291555,0.012837903138524905,0.01882918888762057,0.022478025495348164,0.028881058952540548,0.011076881978471094,0.015048592441531748,0.017373274268927628,0.021865111120554878,0,0,0,0
2021-09-15,0.011335924744115789,0.012837903138524905,0.01882918888762057,0.022478025495348164,0.028881058952540548,0.011076881978471094,0.015048592441531748,0.017373274268927628,0.021865111120554878,0,0,0,0
2021-09-16,-0.004740496462492284,0.012837903138524905,0.01882918888762057,0.022478025495348164,0.028881058952540548,0.011076881978471094,0.015048592441531748,0.017373274268927628,0.021865111120554878,0,0,0,0
2021-09-17,-0.008963608200979764,0.012837903138524905,0.01882918888762057,0.022478025495348164,0.028881058952540548,0.011076881978471094,0.015048592441531748,0.017373274268927628,0.021865111120554878,0,0,0,0
2021-09-20,-0.01622049111416399,0.012837903138524905,0.01882918888762057,0.022478025495348164,0.028881058952540548,0.011076881978471094,0.015048592441531748,0.017373274268927628,0.021865111120554878,1,0,1,0
2021-09-21,-0.0008692218325823876,0.012837903138524905,0.01882918888762057,0.022478025495348164,0.028881058952540548,0.011076881978471094,0.015048592441531748,0.017373274268927628,0.021865111120554878,0,0,0,0
2021-09-22,0.011318772560785428,0.012837903138524905,0.01882918888762057,0.022478025495348164,0.028881058952540548,0.011076881978471094,0.015048592441531748,0.017373274268927628,0.021865111120554878,0,0,0,0
2021-09-23,0.014443358087190937,0.012837903138524905,0.01882918888762057,0.022478025495348164,0.028881058952540548,0.011076881978471094,0.015048592441531748,0.017373274268927628,0.021865111120554878,0,0,0,0
2021-09-24,0.0017164582365519923,0.012837903138524905,0.01882918888762057,0.022478025495348164,0.028881058952540548,0.011076881978471094,0.015048592441531748,0.017373274268927628,0.021865111120554878,0,0,0,0
2021-09-27,0.0015139179958063799,0.012837903138524905,0.01882918888762057,0.022478025495348164,0.028881058952540548,0.011076881978471094,0.015048592441531748,0.017373274268927628,0.021865111120554878,0,0,0,0
2021-09-28,-0.015043741305742469,0.012837903138524905,0.01882918888762057,0.022478025495348164,0.028881058952540548,0.011076881978471094,0.015048592441531748,0.017373274268927628,0.021865111120554878,1,0,1,0
2021-09-29,0.003307064544726804,0.012837903138524905,0.01882918888762057,0.022478025495348164,0.028881058952540548,0.011076881978471094,0.015048592441531748,0.017373274268927628,0.021865111120554878,0,0,0,0
2021-09-30,-0.013089973132097015,0.012837903138524905,0.01882918888762057,0.022478025495348164,0.028881058952540548,0.011076881978471094,0.015048592441531748,0.017373274268927628,0.021865111120554878,1,0,1,0
2021-10-01,0.012862510532743532,0.012837903138524905,0.01882918888762057,0.022478025495348164,0.028881058952540548,0.011076881978471094,0.015048592441531748,0.017373274268927628,0.021865111120554878,0,0,0,0
2021-10-04,-0.005145171805855033,0.012837903138524905,0.01882918888762057,0.022478025495348164,0.028881058952540548,0.011076881978471094,0.015048592441531748,0.017373274268927628,0.021865111120554878,0,0,0,0
2021-10-05,0.0091842362637958,0.012837903138524905,0.01882918888762057,0.022478025495348164,0.028881058952540548,0.011076881978471094,0.015048592441531748,0.017373274268927628,0.021865111120554878,0,0,0,0
2021-10-06,0.002719093969825972,0.012837903138524905,0.01882918888762057,0.022478025495348164,0.028881058952540548,0.011076881978471094,0.015048592441531748,0.017373274268927628,0.021865111120554878,0,0,0,0
2021-10-07,0.0067003635592945265,0.012837903138524905,0.01882918888762057,0.022478025495348164,0.028881058952540548,0.011076881978471094,0.015048592441531748,0.017373274268927628,0.021865111120554878,0,0,0,0
2021-10-08,0.002447170787152414,0.012837903138524905,0.01882918888762057,0.022478025495348164,0.028881058952540548,0.011076881978471094,0.015048592441531748,0.017373274268927628,0.021865111120554878,0,0,0,0
2021-10-11,-0.00801984526898783,0.012837903138524905,0.01882918888762057,0.022478025495348164,0.028881058952540548,0.011076881978471094,0.015048592441531748,0.017373274268927628,0.021865111120554878,0,0,0,0
2021-10-12,-0.0016160037435623738,0.012837903138524905,0.01882918888762057,0.022478025495348164,0.028881058952540548,0.011076881978471094,0.015048592441531748,0.017373274268927628,0.021865111120554878,0,0,0,0
2021-10-13,0.0026235571230887908,0.012837903138524905,0.01882918888762057,0.022478025495348164,0.028881058952540548,0.011076881978471094,0.015048592441531748,0.017373274268927628,0.021865111120554878,0,0,0,0
2021-10-14,0.0161279022662573,0.012837903138524905,0.01882918888762057,0.022478025495348164,0.028881058952540548,0.011076881978471094,0.015048592441531748,0.017373274268927628,0.021865111120554878,0,0,0,0
2021-10-15,0.006696171814685376,0.012837903138524905,0.01882918888762057,0.022478025495348164,0.028881058952540548,0.011076881978471094,0.015048592441531748,0.017373274268927628,0.021865111120554878,0,0,0,0
2021-10-18,-0.0004916995461732539,0.012837903138524905,0.01882918888762057,0.022478025495348164,0.028881058952540548,0.011076881978471094,0.015048592441531748,0.017373274268927628,0.021865111120554878,0,0,0,0
2021-10-19,0.010018785825754281,0.012837903138524905,0.01882918888762057,0.022478025495348164,0.028881058952540548,0.011076881978471094,0.015048592441531748,0.017373274268927628,0.021865111120554878,0,0,0,0
2021-10-20,0.007615656723903691,0.012837903138524905,0.01882918888762057,0.022478025495348164,0.028881058952540548,0.011076881978471094,0.015048592441531748,0.017373274268927628,0.021865111120554878,0,0,0,0
2021-10-21,-0.0014800289204607055,0.012837903138524905,0.01882918888762057,0.022478025495348164,0.028881058952540548,0.011076881978471094,0.015048592441531748,0.017373274268927628,0.021865111120554878,0,0,0,0
2021-10-22,0.004482885751334821,0.012837903138524905,0.01882918888762057,0.022478025495348164,0.028881058952540548,0.011076881978471094,0.015048592441531748,0.017373274268927628,0.021865111120554878,0,0,0,0
2021-10-25,0.003019336999850412,0.012837903138524905,0.01882918888762057,0.022478025495348164,0.028881058952540548,0.011076881978471094,0.015048592441531748,0.017373274268927628,0.021865111120554878,0,0,0,0
2021-10-26,0.0020436347375288005,0.012837903138524905,0.01882918888762057,0.022478025495348164,0.028881058952540548,0.011076881978471094,0.015048592441531748,0.017373274268927628,0.021865111120554878,0,0,0,0
2021-10-27,-0.01107797871298169,0.012837903138524905,0.01882918888762057,0.022478025495348164,0.028881058952540548,0.011076881978471094,0.015048592441531748,0.017373274268927628,0.021865111120554878,0,0,1,0
2021-10-28,0.009461301817895536,0.012837903138524905,0.01882918888762057,0.022478025495348164,0.028881058952540548,0.011076881978471094,0.015048592441531748,0.017373274268927628,0.021865111120554878,0,0,0,0
2021-10-29,-3.364211851489763e-05,0.012837903138524905,0.01882918888762057,0.022478025495348164,0.028881058952540548,0.011076881978471094,0.015048592441531748,0.017373274268927628,0.021865111120554878,0,0,0,0
2021-11-01,0.003280539801911595,0.012837903138524905,0.01882918888762057,0.022478025495348164,0.028881058952540548,0.011076881978471094,0.015048592441531748,0.017373274268927628,0.021865111120554878,0,0,0,0
2021-11-02,0.0023315070701955365,0.012837903138524905,0.01882918888762057,0.022478025495348164,0.028881058952540548,0.011076881978471094,0.015048592441531748,0.017373274268927628,0.021865111120554878,0,0,0,0
2021-11-03,0.0010331912460953864,0.012837903138524905,0.01882918888762057,0.022478025495348164,0.028881058952540548,0.011076881978471094,0.015048592441531748,0.017373274268927628,0.021865111120554878,0,0,0,0
2021-11-04,1.1209194567286758e-06,0.012837903138524905,0.01882918888762057,0.022478025495348164,0.028881058952540548,0.011076881978471094,0.015048592441531748,0.017373274268927628,0.021865111120554878,0,0,0,0
2021-11-05,0.004339970660089816,0.012837903138524905,0.01882918888762057,0.022478025495348164,0.028881058952540548,0.011076881978471094,0.015048592441531748,0.017373274268927628,0.021865111120554878,0,0,0,0
2021-11-08,0.002261520169503526,0.012837903138524905,0.01882918888762057,0.022478025495348164,0.028881058952540548,0.011076881978471094,0.015048592441531748,0.017373274268927628,0.021865111120554878,0,0,0,0
2021-11-09,-0.0006946133590647263,0.012837903138524905,0.01882918888762057,0.022478025495348164,0.028881058952540548,0.011076881978471094,0.015048592441531748,0.017373274268927628,0.021865111120554878,0,0,0,0
2021-11-10,-0.0068478527306634115,0.012837903138524905,0.01882918888762057,0.022478025495348164,0.028881058952540548,0.011076881978471094,0.015048592441531748,0.017373274268927628,0.021865111120554878,0,0,0,0
2021-11-11,-0.00023300798097979593,0.012837903138524905,0.01882918888762057,0.022478025495348164,0.028881058952540548,0.011076881978471094,0.015048592441531748,0.017373274268927628,0.021865111120554878,0,0,0,0
2021-11-12,0.004521823849880707,0.012837903138524905,0.01882918888762057,0.022478025495348164,0.028881058952540548,0.011076881978471094,0.015048592441531748,0.017373274268927628,0.021865111120554878,0,0,0,0
2021-11-15,0.0023422570499220348,0.012837903138524905,0.01882918888762057,0.022478025495348164,0.028881058952540548,0.011076881978471094,0.015048592441531748,0.017373274268927628,0.021865111120554878,0,0,0,0
2021-11-16,0.002088052927136747,0.012837903138524905,0.01882918888762057,0.022478025495348164,0.028881058952540548,0.011076881978471094,0.015048592441531748,0.017373274268927628,0.021865111120554878,0,0,0,0
2021-11-17,-0.005157210312359971,0.012837903138524905,0.01882918888762057,0.022478025495348164,0.028881058952540548,0.011076881978471094,0.015048592441531748,0.017373274268927628,0.021865111120554878,0,0,0,0
2021-11-18,-0.0006583151444123475,0.012837903138524905,0.01882918888762057,0.022478025495348164,0.028881058952540548,0.011076881978471094,0.015048592441531748,0.017373274268927628,0.021865111120554878,0,0,0,0
2021-11-19,-0.007242896849394444,0.012837903138524905,0.01882918888762057,0.022478025495348164,0.028881058952540548,0.011076881978471094,0.015048592441531748,0.017373274268927628,0.021865111120554878,0,0,0,0
2021-11-22,0.003120411957223857,0.012837903138524905,0.01882918888762057,0.022478025495348164,0.028881058952540548,0.011076881978471094,0.015048592441531748,0.017373274268927628,0.021865111120554878,0,0,0,0
2021-11-23,0.0069463616583049686,0.012837903138524905,0.01882918888762057,0.022478025495348164,0.028881058952540548,0.011076881978471094,0.015048592441531748,0.017373274268927628,0.021865111120554878,0,0,0,0
2021-11-24,0.0023535852821836042,0.012837903138524905,0.01882918888762057,0.022478025495348164,0.028881058952540548,0.011076881978471094,0.015048592441531748,0.017373274268927628,0.021865111120554878,0,0,0,0
2021-11-26,-0.02421724721865673,0.012794380743493155,0.01843807896002283,0.02110786303466246,0.02793571210355112,0.011042382247111735,0.015193385182469979,0.01754973023817597,0.02193671177586313,1,1,1,1
2021-11-29,0.00927209917646928,0.012794380743493155,0.01843807896002283,0.02110786303466246,0.02793571210355112,0.011042382247111735,0.015193385182469979,0.01754973023817597,0.02193671177586313,0,0,0,0
2021-11-30,-0.021588558906543803,0.012794380743493155,0.01843807896002283,0.02110786303466246,0.02793571210355112,0.011042382247111735,0.015193385182469979,0.01754973023817597,0.02193671177586313,1,1,1,1
2021-12-01,-0.008672077451345732,0.012794380743493155,0.01843807896002283,0.02110786303466246,0.02793571210355112,0.011042382247111735,0.015193385182469979,0.01754973023817597,0.02193671177586313,0,0,0,0
2021-12-02,0.018454372687823385,0.012794380743493155,0.01843807896002283,0.02110786303466246,0.02793571210355112,0.011042382247111735,0.015193385182469979,0.01754973023817597,0.02193671177586313,0,0,0,0
2021-12-03,-0.005618896866571418,0.012794380743493155,0.01843807896002283,0.02110786303466246,0.02793571210355112,0.011042382247111735,0.015193385182469979,0.01754973023817597,0.02193671177586313,0,0,0,0
2021-12-06,0.012678146111786472,0.012794380743493155,0.01843807896002283,0.02110786303466246,0.02793571210355112,0.011042382247111735,0.015193385182469979,0.01754973023817597,0.02193671177586313,0,0,0,0
2021-12-07,0.018003499514484284,0.012794380743493155,0.01843807896002283,0.02110786303466246,0.02793571210355112,0.011042382247111735,0.015193385182469979,0.01754973023817597,0.02193671177586313,0,0,0,0
2021-12-08,0.001520062833538363,0.012794380743493155,0.01843807896002283,0.02110786303466246,0.02793571210355112,0.011042382247111735,0.015193385182469979,0.01754973023817597,0.02193671177586313,0,0,0,0
2021-12-09,-0.004217177689495476,0.012794380743493155,0.01843807896002283,0.02110786303466246,0.02793571210355112,0.011042382247111735,0.015193385182469979,0.01754973023817597,0.02193671177586313,0,0,0,0
2021-12-10,0.0072256291552937136,0.012794380743493155,0.01843807896002283,0.02110786303466246,0.02793571210355112,0.011042382247111735,0.015193385182469979,0.01754973023817597,0.02193671177586313,0,0,0,0
2021-12-13,-0.007378926704753755,0.012794380743493155,0.01843807896002283,0.02110786303466246,0.02793571210355112,0.011042382247111735,0.015193385182469979,0.01754973023817597,0.02193671177586313,0,0,0,0
2021-12-14,-0.005898189512560362,0.012794380743493155,0.01843807896002283,0.02110786303466246,0.02793571210355112,0.011042382247111735,0.015193385182469979,0.01754973023817597,0.02193671177586313,0,0,0,0
2021-12-15,0.012113487820442314,0.012794380743493155,0.01843807896002283,0.02110786303466246,0.02793571210355112,0.011042382247111735,0.015193385182469979,0.01754973023817597,0.02193671177586313,0,0,0,0
2021-12-16,-0.001044289806667475,0.012794380743493155,0.01843807896002283,0.02110786303466246,0.02793571210355112,0.011042382247111735,0.015193385182469979,0.01754973023817597,0.02193671177586313,0,0,0,0
2021-12-17,-0.014239457539148353,0.012794380743493155,0.01843807896002283,0.02110786303466246,0.02793571210355112,0.011042382247111735,0.015193385182469979,0.01754973023817597,0.02193671177586313,1,0,1,0
2021-12-20,-0.010858961450748831,0.012794380743493155,0.01843807896002283,0.02110786303466246,0.02793571210355112,0.011042382247111735,0.015193385182469979,0.01754973023817597,0.02193671177586313,0,0,0,0
2021-12-21,0.01623266601522369,0.012794380743493155,0.01843807896002283,0.02110786303466246,0.02793571210355112,0.011042382247111735,0.015193385182469979,0.01754973023817597,0.02193671177586313,0,0,0,0
2021-12-22,0.007535972602620252,0.012794380743493155,0.01843807896002283,0.02110786303466246,0.02793571210355112,0.011042382247111735,0.015193385182469979,0.01754973023817597,0.02193671177586313,0,0,0,0
2021-12-23,0.0047358312355507215,0.012794380743493155,0.01843807896002283,0.02110786303466246,0.02793571210355112,0.011042382247111735,0.015193385182469979,0.01754973023817597,0.02193671177586313,0,0,0,0
2021-12-27,0.013291845451634145,0.012794380743493155,0.01843807896002283,0.02110786303466246,0.02793571210355112,0.011042382247111735,0.015193385182469979,0.01754973023817597,0.02193671177586313,0,0,0,0
2021-12-28,0.0007303824209675543,0.012794380743493155,0.01843807896002283,0.02110786303466246,0.02793571210355112,0.011042382247111735,0.015193385182469979,0.01754973023817597,0.02193671177586313,0,0,0,0
2021-12-29,0.0010363927440127753,0.012794380743493155,0.01843807896002283,0.02110786303466246,0.02793571210355112,0.011042382247111735,0.015193385182469979,0.01754973023817597,0.02193671177586313,0,0,0,0
2021-12-30,-0.0021704301257883733,0.012794380743493155,0.01843807896002283,0.02110786303466246,0.02793571210355112,0.011042382247111735,0.015193385182469979,0.01754973023817597,0.02193671177586313,0,0,0,0
2021-12-31,-0.0004505388672602882,0.012794380743493155,0.01843807896002283,0.02110786303466246,0.02793571210355112,0.011042382247111735,0.015193385182469979,0.01754973023817597,0.02193671177586313,0,0,0,0
2022-01-03,0.004198021303513475,0.012794380743493155,0.01843807896002283,0.02110786303466246,0.02793571210355112,0.011042382247111735,0.015193385182469979,0.01754973023817597,0.02193671177586313,0,0,0,0
2022-01-04,0.007501751362296428,0.012794380743493155,0.01843807896002283,0.02110786303466246,0.02793571210355112,0.011042382247111735,0.015193385182469979,0.01754973023817597,0.02193671177586313,0,0,0,0
2022-01-05,-0.011390007415686033,0.012794380743493155,0.01843807896002283,0.02110786303466246,0.02793571210355112,0.011042382247111735,0.015193385182469979,0.01754973023817597,0.02193671177586313,0,0,1,0
2022-01-06,0.0018921932772540697,0.012794380743493155,0.01843807896002283,0.02110786303466246,0.02793571210355112,0.011042382247111735,0.015193385182469979,0.01754973023817597,0.02193671177586313,0,0,0,0
2022-01-07,0.002043262093630546,0.012794380743493155,0.01843807896002283,0.02110786303466246,0.02793571210355112,0.011042382247111735,0.015193385182469979,0.01754973023817597,0.02193671177586313,0,0,0,0
2022-01-10,-0.0021772345407092145,0.012794380743493155,0.01843807896002283,0.02110786303466246,0.02793571210355112,0.011042382247111735,0.015193385182469979,0.01754973023817597,0.02193671177586313,0,0,0,0
2022-01-11,0.00971647483012969,0.012794380743493155,0.01843807896002283,0.02110786303466246,0.02793571210355112,0.011042382247111735,0.015193385182469979,0.01754973023817597,0.02193671177586313,0,0,0,0
2022-01-12,0.0019331306029167872,0.012794380743493155,0.01843807896002283,0.02110786303466246,0.02793571210355112,0.011042382247111735,0.015193385182469979,0.01754973023817597,0.02193671177586313,0,0,0,0
2022-01-13,-0.008238668047943884,0.012794380743493155,0.01843807896002283,0.02110786303466246,0.02793571210355112,0.011042382247111735,0.015193385182469979,0.01754973023817597,0.02193671177586313,0,0,0,0
2022-01-14,0.0009897214143586314,0.012794380743493155,0.01843807896002283,0.02110786303466246,0.02793571210355112,0.011042382247111735,0.015193385182469979,0.01754973023817597,0.02193671177586313,0,0,0,0
2022-01-18,-0.014062261583661462,0.012794380743493155,0.01843807896002283,0.02110786303466246,0.02793571210355112,0.011042382247111735,0.015193385182469979,0.01754973023817597,0.02193671177586313,1,0,1,0
2022-01-19,-0.00850605389489845,0.012794380743493155,0.01843807896002283,0.02110786303466246,0.02793571210355112,0.011042382247111735,0.015193385182469979,0.01754973023817597,0.02193671177586313,0,0,0,0
2022-01-20,-0.008260572414335624,0.012794380743493155,0.01843807896002283,0.02110786303466246,0.02793571210355112,0.011042382247111735,0.015193385182469979,0.01754973023817597,0.02193671177586313,0,0,0,0
2022-01-21,-0.014554556031600953,0.012794380743493155,0.01843807896002283,0.02110786303466246,0.02793571210355112,0.011042382247111735,0.015193385182469979,0.01754973023817597,0.02193671177586313,1,0,1,0
2022-01-24,0.0016772484718236434,0.012794380743493155,0.01843807896002283,0.02110786303466246,0.02793571210355112,0.011042382247111735,0.015193385182469979,0.01754973023817597,0.02193671177586313,0,0,0,0
2022-01-25,-0.0036570718132188378,0.012794380743493155,0.01843807896002283,0.02110786303466246,0.02793571210355112,0.011042382247111735,0.015193385182469979,0.01754973023817597,0.02193671177586313,0,0,0,0
2022-01-26,-0.0025692205112160817,0.012794380743493155,0.01843807896002283,0.02110786303466246,0.02793571210355112,0.011042382247111735,0.015193385182469979,0.01754973023817597,0.02193671177586313,0,0,0,0
2022-01-27,-0.001098116656636874,0.012794380743493155,0.01843807896002283,0.02110786303466246,0.02793571210355112,0.011042382247111735,0.015193385182469979,0.01754973023817597,0.02193671177586313,0,0,0,0
2022-01-28,0.01645925284336217,0.012794380743493155,0.01843807896002283,0.02110786303466246,0.02793571210355112,0.011042382247111735,0.015193385182469979,0.01754973023817597,0.02193671177586313,0,0,0,0
2022-01-31,0.012961524605291288,0.012794380743493155,0.01843807896002283,0.02110786303466246,0.02793571210355112,0.011042382247111735,0.015193385182469979,0.01754973023817597,0.02193671177586313,0,0,0,0
2022-02-01,0.008725185609515046,0.012794380743493155,0.01843807896002283,0.02110786303466246,0.02793571210355112,0.011042382247111735,0.015193385182469979,0.01754973023817597,0.02193671177586313,0,0,0,0
2022-02-02,0.008962518622987697,0.012794380743493155,0.01843807896002283,0.02110786303466246,0.02793571210355112,0.011042382247111735,0.015193385182469979,0.01754973023817597,0.02193671177586313,0,0,0,0
2022-02-03,-0.014100280320884982,0.012794380743493155,0.01843807896002283,0.02110786303466246,0.02793571210355112,0.011042382247111735,0.015193385182469979,0.01754973023817597,0.02193671177586313,1,0,1,0
2022-02-04,0.002659010605468,0.012794380743493155,0.01843807896002283,0.02110786303466246,0.02793571210355112,0.011042382247111735,0.015193385182469979,0.01754973023817597,0.02193671177586313,0,0,0,0
2022-02-07,0.0004854713087090949,0.012794380743493155,0.01843807896002283,0.02110786303466246,0.02793571210355112,0.011042382247111735,0.015193385182469979,0.01754973023817597,0.02193671177586313,0,0,0,0
2022-02-08,0.004483526556305251,0.012794380743493155,0.01843807896002283,0.02110786303466246,0.02793571210355112,0.011042382247111735,0.015193385182469979,0.01754973023817597,0.02193671177586313,0,0,0,0
2022-02-09,0.010980082879366184,0.012794380743493155,0.01843807896002283,0.02110786303466246,0.02793571210355112,0.011042382247111735,0.015193385182469979,0.01754973023817597,0.02193671177586313,0,0,0,0
2022-02-10,-0.01680453169196664,0.012794380743493155,0.01843807896002283,0.02110786303466246,0.02793571210355112,0.011042382247111735,0.015193385182469979,0.01754973023817597,0.02193671177586313,1,0,1,0
2022-02-11,-0.009301698179914513,0.012794380743493155,0.01843807896002283,0.02110786303466246,0.02793571210355112,0.011042382247111735,0.015193385182469979,0.01754973023817597,0.02193671177586313,0,0,0,0
2022-02-14,-0.008753340327919825,0.012794380743493155,0.01843807896002283,0.02110786303466246,0.02793571210355112,0.011042382247111735,0.015193385182469979,0.01754973023817597,0.02193671177586313,0,0,0,0
2022-02-15,0.00948423673055052,0.012794380743493155,0.01843807896002283,0.02110786303466246,0.02793571210355112,0.011042382247111735,0.015193385182469979,0.01754973023817597,0.02193671177586313,0,0,0,0
2022-02-16,0.0025670051743835486,0.012794380743493155,0.01843807896002283,0.02110786303466246,0.02793571210355112,0.011042382247111735,0.015193385182469979,0.01754973023817597,0.02193671177586313,0,0,0,0
2022-02-17,-0.0161204212386579,0.012794380743493155,0.01843807896002283,0.02110786303466246,0.02793571210355112,0.011042382247111735,0.015193385182469979,0.01754973023817597,0.02193671177586313,1,0,1,0
2022-02-18,-0.0058144520659754876,0.012794380743493155,0.01843807896002283,0.02110786303466246,0.02793571210355112,0.011042382247111735,0.015193385182469979,0.01754973023817597,0.02193671177586313,0,0,0,0
2022-02-22,-0.007824024555956367,0.012794380743493155,0.01843807896002283,0.02110786303466246,0.02793571210355112,0.011042382247111735,0.015193385182469979,0.01754973023817597,0.02193671177586313,0,0,0,0
2022-02-23,-0.013034804083378254,0.012794380743493155,0.01843807896002283,0.02110786303466246,0.02793571210355112,0.011042382247111735,0.015193385182469979,0.01754973023817597,0.02193671177586313,1,0,1,0
2022-02-24,0.007608065943043917,0.012794380743493155,0.01843807896002283,0.02110786303466246,0.02793571210355112,0.011042382247111735,0.015193385182469979,0.01754973023817597,0.02193671177586313,0,0,0,0
2022-02-25,0.025327333771874676,0.012794380743493155,0.01843807896002283,0.02110786303466246,0.02793571210355112,0.011042382247111735,0.015193385182469979,0.01754973023817597,0.02193671177586313,0,0,0,0
2022-02-28,0.0014675580677549224,0.012794380743493155,0.01843807896002283,0.02110786303466246,0.02793571210355112,0.011042382247111735,0.015193385182469979,0.01754973023817597,0.02193671177586313,0,0,0,0
2022-03-01,-0.013200040400280822,0.012794380743493155,0.01843807896002283,0.02110786303466246,0.02793571210355112,0.011042382247111735,0.015193385182469979,0.01754973023817597,0.02193671177586313,1,0,1,0
2022-03-02,0.01942929704813725,0.012794380743493155,0.01843807896002283,0.02110786303466246,0.02793571210355112,0.011042382247111735,0.015193385182469979,0.01754973023817597,0.02193671177586313,0,0,0,0
2022-03-03,0.0008901548440219794,0.012794380743493155,0.01843807896002283,0.02110786303466246,0.02793571210355112,0.011042382247111735,0.015193385182469979,0.01754973023817597,0.02193671177586313,0,0,0,0
2022-03-04,0.0011928221722029753,0.012794380743493155,0.01843807896002283,0.02110786303466246,0.02793571210355112,0.011042382247111735,0.015193385182469979,0.01754973023817597,0.02193671177586313,0,0,0,0
2022-03-07,-0.017374573144673725,0.012794380743493155,0.01843807896002283,0.02110786303466246,0.02793571210355112,0.011042382247111735,0.015193385182469979,0.01754973023817597,0.02193671177586313,1,0,1,0
2022-03-08,-0.006446754423226908,0.012794380743493155,0.01843807896002283,0.02110786303466246,0.02793571210355112,0.011042382247111735,0.015193385182469979,0.01754973023817597,0.02193671177586313,0,0,0,0
2022-03-09,0.01426818967679172,0.012794380743493155,0.01843807896002283,0.02110786303466246,0.02793571210355112,0.011042382247111735,0.015193385182469979,0.01754973023817597,0.02193671177586313,0,0,0,0
2022-03-10,0.0006459934236060557,0.012794380743493155,0.01843807896002283,0.02110786303466246,0.02793571210355112,0.011042382247111735,0.015193385182469979,0.01754973023817597,0.02193671177586313,0,0,0,0
2022-03-11,-0.009232962519608715,0.012794380743493155,0.01843807896002283,0.02110786303466246,0.02793571210355112,0.011042382247111735,0.015193385182469979,0.01754973023817597,0.02193671177586313,0,0,0,0
2022-03-14,-0.004944196351821669,0.012794380743493155,0.01843807896002283,0.02110786303466246,0.02793571210355112,0.011042382247111735,0.015193385182469979,0.01754973023817597,0.02193671177586313,0,0,0,0
2022-03-15,0.011386982803664592,0.012794380743493155,0.01843807896002283,0.02110786303466246,0.02793571210355112,0.011042382247111735,0.015193385182469979,0.01754973023817597,0.02193671177586313,0,0,0,0
2022-03-16,0.014322548331750218,0.012794380743493155,0.01843807896002283,0.02110786303466246,0.02793571210355112,0.011042382247111735,0.015193385182469979,0.01754973023817597,0.02193671177586313,0,0,0,0
2022-03-17,0.014059604653631838,0.012794380743493155,0.01843807896002283,0.02110786303466246,0.02793571210355112,0.011042382247111735,0.015193385182469979,0.01754973023817597,0.02193671177586313,0,0,0,0
2022-03-18,0.004841268539476805,0.012794380743493155,0.01843807896002283,0.02110786303466246,0.02793571210355112,0.011042382247111735,0.015193385182469979,0.01754973023817597,0.02193671177586313,0,0,0,0
2022-03-21,0.006356600641804802,0.012794380743493155,0.01843807896002283,0.02110786303466246,0.02793571210355112,0.011042382247111735,0.015193385182469979,0.01754973023817597,0.02193671177586313,0,0,0,0
2022-03-22,0.0059555384131631806,0.012794380743493155,0.01843807896002283,0.02110786303466246,0.02793571210355112,0.011042382247111735,0.015193385182469979,0.01754973023817597,0.02193671177586313,0,0,0,0
2022-03-23,-0.008060181608191452,0.012794380743493155,0.01843807896002283,0.02110786303466246,0.02793571210355112,0.011042382247111735,0.015193385182469979,0.01754973023817597,0.02193671177586313,0,0,0,0
2022-03-24,0.011536055120725397,0.012794380743493155,0.01843807896002283,0.02110786303466246,0.02793571210355112,0.011042382247111735,0.015193385182469979,0.01754973023817597,0.02193671177586313,0,0,0,0
2022-03-25,0.009135123385075179,0.012794380743493155,0.01843807896002283,0.02110786303466246,0.02793571210355112,0.011042382247111735,0.015193385182469979,0.01754973023817597,0.02193671177586313,0,0,0,0
2022-03-28,0.0007148158095776764,0.012794380743493155,0.01843807896002283,0.02110786303466246,0.02793571210355112,0.011042382247111735,0.015193385182469979,0.01754973023817597,0.02193671177586313,0,0,0,0
2022-03-29,0.008188181653012756,0.012794380743493155,0.01843807896002283,0.02110786303466246,0.02793571210355112,0.011042382247111735,0.015193385182469979,0.01754973023817597,0.02193671177586313,0,0,0,0
2022-03-30,-0.0008791786649844142,0.012794380743493155,0.01843807896002283,0.02110786303466246,0.02793571210355112,0.011042382247111735,0.015193385182469979,0.01754973023817597,0.02193671177586313,0,0,0,0
2022-03-31,-0.013383942769584309,0.012794380743493155,0.01843807896002283,0.02110786303466246,0.02793571210355112,0.011042382247111735,0.015193385182469979,0.01754973023817597,0.02193671177586313,1,0,1,0
2022-04-01,0.002751109377640427,0.012794380743493155,0.01843807896002283,0.02110786303466246,0.02793571210355112,0.011042382247111735,0.015193385182469979,0.01754973023817597,0.02193671177586313,0,0,0,0
2022-04-04,0.0009768003063303397,0.012794380743493155,0.01843807896002283,0.02110786303466246,0.02793571210355112,0.011042382247111735,0.015193385182469979,0.01754973023817597,0.02193671177586313,0,0,0,0
2022-04-05,-0.008866867240817604,0.012794380743493155,0.01843807896002283,0.02110786303466246,0.02793571210355112,0.011042382247111735,0.015193385182469979,0.01754973023817597,0.02193671177586313,0,0,0,0
2022-04-06,-0.0011360018032259892,0.012794380743493155,0.01843807896002283,0.02110786303466246,0.02793571210355112,0.011042382247111735,0.015193385182469979,0.01754973023817597,0.02193671177586313,0,0,0,0
2022-04-07,0.005500105289170679,0.012794380743493155,0.01843807896002283,0.02110786303466246,0.02793571210355112,0.011042382247111735,0.015193385182469979,0.01754973023817597,0.02193671177586313,0,0,0,0
2022-04-08,0.003460440495072138,0.012794380743493155,0.01843807896002283,0.02110786303466246,0.02793571210355112,0.011042382247111735,0.015193385182469979,0.01754973023817597,0.02193671177586313,0,0,0,0
2022-04-11,-0.01640096172141516,0.012794380743493155,0.01843807896002283,0.02110786303466246,0.02793571210355112,0.011042382247111735,0.015193385182469979,0.01754973023817597,0.02193671177586313,1,0,1,0
2022-04-12,-0.0014570037721390425,0.012794380743493155,0.01843807896002283,0.02110786303466246,0.02793571210355112,0.011042382247111735,0.015193385182469979,0.01754973023817597,0.02193671177586313,0,0,0,0
2022-04-13,0.007774625074904661,0.012794380743493155,0.01843807896002283,0.02110786303466246,0.02793571210355112,0.011042382247111735,0.015193385182469979,0.01754973023817597,0.02193671177586313,0,0,0,0
2022-04-14,-0.007224389765573021,0.012794380743493155,0.01843807896002283,0.02110786303466246,0.02793571210355112,0.011042382247111735,0.015193385182469979,0.01754973023817597,0.02193671177586313,0,0,0,0
2022-04-18,0.0005947271062067447,0.012794380743493155,0.01843807896002283,0.02110786303466246,0.02793571210355112,0.011042382247111735,0.015193385182469979,0.01754973023817597,0.02193671177586313,0,0,0,0
2022-04-19,0.010577739850359816,0.012794380743493155,0.01843807896002283,0.02110786303466246,0.02793571210355112,0.011042382247111735,0.015193385182469979,0.01754973023817597,0.02193671177586313,0,0,0,0
2022-04-20,0.005132129447772364,0.012794380743493155,0.01843807896002283,0.02110786303466246,0.02793571210355112,0.011042382247111735,0.015193385182469979,0.01754973023817597,0.02193671177586313,0,0,0,0
2022-04-21,-0.01691864350404679,0.012794380743493155,0.01843807896002283,0.02110786303466246,0.02793571210355112,0.011042382247111735,0.015193385182469979,0.01754973023817597,0.02193671177586313,1,0,1,0
2022-04-22,-0.02717050868280716,0.012794380743493155,0.01843807896002283,0.02110786303466246,0.02793571210355112,0.011042382247111735,0.015193385182469979,0.01754973023817597,0.02193671177586313,1,1,1,1
2022-04-25,-0.0016370244271672186,0.012794380743493155,0.01843807896002283,0.02110786303466246,0.02793571210355112,0.011042382247111735,0.015193385182469979,0.01754973023817597,0.02193671177586313,0,0,0,0
2022-04-26,-0.020196054676435683,0.012794380743493155,0.01843807896002283,0.02110786303466246,0.02793571210355112,0.011042382247111735,0.015193385182469979,0.01754973023817597,0.02193671177586313,1,0,1,1
2022-04-27,0.003988146452722659,0.012794380743493155,0.01843807896002283,0.02110786303466246,0.02793571210355112,0.011042382247111735,0.015193385182469979,0.01754973023817597,0.02193671177586313,0,0,0,0
2022-04-28,0.020392253703597242,0.012794380743493155,0.01843807896002283,0.02110786303466246,0.02793571210355112,0.011042382247111735,0.015193385182469979,0.01754973023817597,0.02193671177586313,0,0,0,0
2022-04-29,-0.03208238204203969,0.012794380743493155,0.01843807896002283,0.02110786303466246,0.02793571210355112,0.011042382247111735,0.015193385182469979,0.01754973023817597,0.02193671177586313,1,1,1,1
2022-05-02,0.0032554432315747145,0.012794380743493155,0.01843807896002283,0.02110786303466246,0.02793571210355112,0.011042382247111735,0.015193385182469979,0.01754973023817597,0.02193671177586313,0,0,0,0
2022-05-03,0.008639577699780228,0.012794380743493155,0.01843807896002283,0.02110786303466246,0.02793571210355112,0.011042382247111735,0.015193385182469979,0.01754973023817597,0.02193671177586313,0,0,0,0
2022-05-04,0.0296999986023612,0.012794380743493155,0.01843807896002283,0.02110786303466246,0.02793571210355112,0.011042382247111735,0.015193385182469979,0.01754973023817597,0.02193671177586313,0,0,0,0
2022-05-05,-0.02665456210620912,0.012794380743493155,0.01843807896002283,0.02110786303466246,0.02793571210355112,0.011042382247111735,0.015193385182469979,0.01754973023817597,0.02193671177586313,1,1,1,1
2022-05-06,0.00087504347894513,0.012794380743493155,0.01843807896002283,0.02110786303466246,0.02793571210355112,0.011042382247111735,0.015193385182469979,0.01754973023817597,0.02193671177586313,0,0,0,0
2022-05-09,-0.03439468965761634,0.012794380743493155,0.01843807896002283,0.02110786303466246,0.02793571210355112,0.011042382247111735,0.015193385182469979,0.01754973023817597,0.02193671177586313,1,1,1,1
2022-05-10,0.00033657635649738516,0.012794380743493155,0.01843807896002283,0.02110786303466246,0.02793571210355112,0.011042382247111735,0.015193385182469979,0.01754973023817597,0.02193671177586313,0,0,0,0
2022-05-11,-0.0075140808067837685,0.012794380743493155,0.01843807896002283,0.02110786303466246,0.02793571210355112,0.011042382247111735,0.015193385182469979,0.01754973023817597,0.02193671177586313,0,0,0,0
2022-05-12,-0.001910691519183783,0.012794380743493155,0.01843807896002283,0.02110786303466246,0.02793571210355112,0.011042382247111735,0.015193385182469979,0.01754973023817597,0.02193671177586313,0,0,0,0
2022-05-13,0.019911487218793416,0.012794380743493155,0.01843807896002283,0.02110786303466246,0.02793571210355112,0.011042382247111735,0.015193385182469979,0.01754973023817597,0.02193671177586313,0,0,0,0
2022-05-16,0.001962939020946946,0.012794380743493155,0.01843807896002283,0.02110786303466246,0.02793571210355112,0.011042382247111735,0.015193385182469979,0.01754973023817597,0.02193671177586313,0,0,0,0
2022-05-17,0.01902892012283052,0.012794380743493155,0.01843807896002283,0.02110786303466246,0.02793571210355112,0.011042382247111735,0.015193385182469979,0.01754973023817597,0.02193671177586313,0,0,0,0
2022-05-18,-0.030811843297625506,0.012794380743493155,0.01843807896002283,0.02110786303466246,0.02793571210355112,0.011042382247111735,0.015193385182469979,0.01754973023817597,0.02193671177586313,1,1,1,1
2022-05-19,-0.005200511907823343,0.025318735491984948,0.03619242999490219,0.0433868379751429,0.054631034974374534,0.0225412316063297,0.030049327897231498,0.03450787129161546,0.04270287947056013,0,0,0,0
2022-05-20,0.0013062277191033453,0.025318735491984948,0.03619242999490219,0.0433868379751429,0.054631034974374534,0.0225412316063297,0.030049327897231498,0.03450787129161546,0.04270287947056013,0,0,0,0
2022-05-23,0.019458972442342036,0.025318735491984948,0.03619242999490219,0.0433868379751429,0.054631034974374534,0.0225412316063297,0.030049327897231498,0.03450787129161546,0.04270287947056013,0,0,0,0
2022-05-24,0.00018974810360261583,0.025318735491984948,0.03619242999490219,0.0433868379751429,0.054631034974374534,0.0225412316063297,0.030049327897231498,0.03450787129161546,0.04270287947056013,0,0,0,0
2022-05-25,0.007653813105659643,0.025318735491984948,0.03619242999490219,0.0433868379751429,0.054631034974374534,0.0225412316063297,0.030049327897231498,0.03450787129161546,0.04270287947056013,0,0,0,0
2022-05-26,0.014932456565464313,0.025318735491984948,0.03619242999490219,0.0433868379751429,0.054631034974374534,0.0225412316063297,0.030049327897231498,0.03450787129161546,0.04270287947056013,0,0,0,0
2022-05-27,0.020668902753268492,0.025318735491984948,0.03619242999490219,0.0433868379751429,0.054631034974374534,0.0225412316063297,0.030049327897231498,0.03450787129161546,0.04270287947056013,0,0,0,0
2022-05-31,-0.009454825588091093,0.025318735491984948,0.03619242999490219,0.0433868379751429,0.054631034974374534,0.0225412316063297,0.030049327897231498,0.03450787129161546,0.04270287947056013,0,0,0,0
2022-06-01,-0.0047708267791797465,0.025318735491984948,0.03619242999490219,0.0433868379751429,0.054631034974374534,0.0225412316063297,0.030049327897231498,0.03450787129161546,0.04270287947056013,0,0,0,0
2022-06-02,0.012401622154322141,0.025318735491984948,0.03619242999490219,0.0433868379751429,0.054631034974374534,0.0225412316063297,0.030049327897231498,0.03450787129161546,0.04270287947056013,0,0,0,0
2022-06-03,-0.008943455269520164,0.025318735491984948,0.03619242999490219,0.0433868379751429,0.054631034974374534,0.0225412316063297,0.030049327897231498,0.03450787129161546,0.04270287947056013,0,0,0,0
2022-06-06,0.0019453917060420528,0.025318735491984948,0.03619242999490219,0.0433868379751429,0.054631034974374534,0.0225412316063297,0.030049327897231498,0.03450787129161546,0.04270287947056013,0,0,0,0
2022-06-07,0.01297360881999667,0.025318735491984948,0.03619242999490219,0.0433868379751429,0.054631034974374534,0.0225412316063297,0.030049327897231498,0.03450787129161546,0.04270287947056013,0,0,0,0
2022-06-08,-0.01197634107694768,0.025318735491984948,0.03619242999490219,0.0433868379751429,0.054631034974374534,0.0225412316063297,0.030049327897231498,0.03450787129161546,0.04270287947056013,0,0,0,0
2022-06-09,-0.023716405234290416,0.025318735491984948,0.03619242999490219,0.0433868379751429,0.054631034974374534,0.0225412316063297,0.030049327897231498,0.03450787129161546,0.04270287947056013,0,0,1,0
2022-06-10,-0.025193068593954822,0.025318735491984948,0.03619242999490219,0.0433868379751429,0.054631034974374534,0.0225412316063297,0.030049327897231498,0.03450787129161546,0.04270287947056013,0,0,1,0
2022-06-13,-0.039464001327715124,0.025318735491984948,0.03619242999490219,0.0433868379751429,0.054631034974374534,0.0225412316063297,0.030049327897231498,0.03450787129161546,0.04270287947056013,1,0,1,1
2022-06-14,-0.005870924654866339,0.025318735491984948,0.03619242999490219,0.0433868379751429,0.054631034974374534,0.0225412316063297,0.030049327897231498,0.03450787129161546,0.04270287947056013,0,0,0,0
2022-06-15,0.007141131933095393,0.025318735491984948,0.03619242999490219,0.0433868379751429,0.054631034974374534,0.0225412316063297,0.030049327897231498,0.03450787129161546,0.04270287947056013,0,0,0,0
2022-06-16,-0.032434340490796916,0.025318735491984948,0.03619242999490219,0.0433868379751429,0.054631034974374534,0.0225412316063297,0.030049327897231498,0.03450787129161546,0.04270287947056013,1,0,1,0
2022-06-17,-0.007793697246838725,0.025318735491984948,0.03619242999490219,0.0433868379751429,0.054631034974374534,0.0225412316063297,0.030049327897231498,0.03450787129161546,0.04270287947056013,0,0,0,0
2022-06-21,0.026251378726669067,0.025318735491984948,0.03619242999490219,0.0433868379751429,0.054631034974374534,0.0225412316063297,0.030049327897231498,0.03450787129161546,0.04270287947056013,0,0,0,0
2022-06-22,-0.004351347104352847,0.025318735491984948,0.03619242999490219,0.0433868379751429,0.054631034974374534,0.0225412316063297,0.030049327897231498,0.03450787129161546,0.04270287947056013,0,0,0,0
2022-06-23,0.0033361025679099266,0.025318735491984948,0.03619242999490219,0.0433868379751429,0.054631034974374534,0.0225412316063297,0.030049327897231498,0.03450787129161546,0.04270287947056013,0,0,0,0
2022-06-24,0.026280798883402626,0.025318735491984948,0.03619242999490219,0.0433868379751429,0.054631034974374534,0.0225412316063297,0.030049327897231498,0.03450787129161546,0.04270287947056013,0,0,0,0
2022-06-27,0.0034762427420797514,0.025318735491984948,0.03619242999490219,0.0433868379751429,0.054631034974374534,0.0225412316063297,0.030049327897231498,0.03450787129161546,0.04270287947056013,0,0,0,0
2022-06-28,-0.00962885645777183,0.025318735491984948,0.03619242999490219,0.0433868379751429,0.054631034974374534,0.0225412316063297,0.030049327897231498,0.03450787129161546,0.04270287947056013,0,0,0,0
2022-06-29,-0.005180995321688016,0.025318735491984948,0.03619242999490219,0.0433868379751429,0.054631034974374534,0.0225412316063297,0.030049327897231498,0.03450787129161546,0.04270287947056013,0,0,0,0
2022-06-30,-0.005698578943761467,0.025318735491984948,0.03619242999490219,0.0433868379751429,0.054631034974374534,0.0225412316063297,0.030049327897231498,0.03450787129161546,0.04270287947056013,0,0,0,0
2022-07-01,0.012184603100560373,0.025318735491984948,0.03619242999490219,0.0433868379751429,0.054631034974374534,0.0225412316063297,0.030049327897231498,0.03450787129161546,0.04270287947056013,0,0,0,0
2022-07-05,-0.012167135511465933,0.025318735491984948,0.03619242999490219,0.0433868379751429,0.054631034974374534,0.0225412316063297,0.030049327897231498,0.03450787129161546,0.04270287947056013,0,0,0,0
2022-07-06,0.00214118722494833,0.025318735491984948,0.03619242999490219,0.0433868379751429,0.054631034974374534,0.0225412316063297,0.030049327897231498,0.03450787129161546,0.04270287947056013,0,0,0,0
2022-07-07,0.014302927028807403,0.025318735491984948,0.03619242999490219,0.0433868379751429,0.054631034974374534,0.0225412316063297,0.030049327897231498,0.03450787129161546,0.04270287947056013,0,0,0,0
2022-07-08,-0.0011164055522870275,0.025318735491984948,0.03619242999490219,0.0433868379751429,0.054631034974374534,0.0225412316063297,0.030049327897231498,0.03450787129161546,0.04270287947056013,0,0,0,0
2022-07-11,-0.006586385013692834,0.025318735491984948,0.03619242999490219,0.0433868379751429,0.054631034974374534,0.0225412316063297,0.030049327897231498,0.03450787129161546,0.04270287947056013,0,0,0,0
2022-07-12,-0.009913590452298211,0.025318735491984948,0.03619242999490219,0.0433868379751429,0.054631034974374534,0.0225412316063297,0.030049327897231498,0.03450787129161546,0.04270287947056013,0,0,0,0
2022-07-13,-0.0063652066038086055,0.025318735491984948,0.03619242999490219,0.0433868379751429,0.054631034974374534,0.0225412316063297,0.030049327897231498,0.03450787129161546,0.04270287947056013,0,0,0,0
2022-07-14,-0.005764217425852008,0.025318735491984948,0.03619242999490219,0.0433868379751429,0.054631034974374534,0.0225412316063297,0.030049327897231498,0.03450787129161546,0.04270287947056013,0,0,0,0
2022-07-15,0.018156029171473544,0.025318735491984948,0.03619242999490219,0.0433868379751429,0.054631034974374534,0.0225412316063297,0.030049327897231498,0.03450787129161546,0.04270287947056013,0,0,0,0
2022-07-18,-0.005787785464440571,0.025318735491984948,0.03619242999490219,0.0433868379751429,0.054631034974374534,0.0225412316063297,0.030049327897231498,0.03450787129161546,0.04270287947056013,0,0,0,0
2022-07-19,0.02498859337643085,0.025318735491984948,0.03619242999490219,0.0433868379751429,0.054631034974374534,0.0225412316063297,0.030049327897231498,0.03450787129161546,0.04270287947056013,0,0,0,0
2022-07-20,0.0027918746953366947,0.025318735491984948,0.03619242999490219,0.0433868379751429,0.054631034974374534,0.0225412316063297,0.030049327897231498,0.03450787129161546,0.04270287947056013,0,0,0,0
2022-07-21,0.005474915073326603,0.025318735491984948,0.03619242999490219,0.0433868379751429,0.054631034974374534,0.0225412316063297,0.030049327897231498,0.03450787129161546,0.04270287947056013,0,0,0,0
2022-07-22,-0.00442567129034447,0.025318735491984948,0.03619242999490219,0.0433868379751429,0.054631034974374534,0.0225412316063297,0.030049327897231498,0.03450787129161546,0.04270287947056013,0,0,0,0
2022-07-25,0.008527300739049002,0.025318735491984948,0.03619242999490219,0.0433868379751429,0.054631034974374534,0.0225412316063297,0.030049327897231498,0.03450787129161546,0.04270287947056013,0,0,0,0
2022-07-26,-0.006535961059299776,0.025318735491984948,0.03619242999490219,0.0433868379751429,0.054631034974374534,0.0225412316063297,0.030049327897231498,0.03450787129161546,0.04270287947056013,0,0,0,0
2022-07-27,0.018255978263400096,0.025318735491984948,0.03619242999490219,0.0433868379751429,0.054631034974374534,0.0225412316063297,0.030049327897231498,0.03450787129161546,0.04270287947056013,0,0,0,0
2022-07-28,0.014675043382511684,0.025318735491984948,0.03619242999490219,0.0433868379751429,0.054631034974374534,0.0225412316063297,0.030049327897231498,0.03450787129161546,0.04270287947056013,0,0,0,0
2022-07-29,0.015975515510970255,0.025318735491984948,0.03619242999490219,0.0433868379751429,0.054631034974374534,0.0225412316063297,0.030049327897231498,0.03450787129161546,0.04270287947056013,0,0,0,0
2022-08-01,-0.005662189580566882,0.025318735491984948,0.03619242999490219,0.0433868379751429,0.054631034974374534,0.0225412316063297,0.030049327897231498,0.03450787129161546,0.04270287947056013,0,0,0,0
2022-08-02,-0.006203529188710886,0.025318735491984948,0.03619242999490219,0.0433868379751429,0.054631034974374534,0.0225412316063297,0.030049327897231498,0.03450787129161546,0.04270287947056013,0,0,0,0
2022-08-03,0.007477456199251151,0.025318735491984948,0.03619242999490219,0.0433868379751429,0.054631034974374534,0.0225412316063297,0.030049327897231498,0.03450787129161546,0.04270287947056013,0,0,0,0
2022-08-04,-0.005188693984506406,0.025318735491984948,0.03619242999490219,0.0433868379751429,0.054631034974374534,0.0225412316063297,0.030049327897231498,0.03450787129161546,0.04270287947056013,0,0,0,0
2022-08-05,0.0029029180897556894,0.025318735491984948,0.03619242999490219,0.0433868379751429,0.054631034974374534,0.0225412316063297,0.030049327897231498,0.03450787129161546,0.04270287947056013,0,0,0,0
2022-08-08,-0.00022621667237559062,0.025318735491984948,0.03619242999490219,0.0433868379751429,0.054631034974374534,0.0225412316063297,0.030049327897231498,0.03450787129161546,0.04270287947056013,0,0,0,0
2022-08-09,0.0018303730747460559,0.025318735491984948,0.03619242999490219,0.0433868379751429,0.054631034974374534,0.0225412316063297,0.030049327897231498,0.03450787129161546,0.04270287947056013,0,0,0,0
2022-08-10,0.016290785389839343,0.025318735491984948,0.03619242999490219,0.0433868379751429,0.054631034974374534,0.0225412316063297,0.030049327897231498,0.03450787129161546,0.04270287947056013,0,0,0,0
2022-08-11,0.005764750948194041,0.025318735491984948,0.03619242999490219,0.0433868379751429,0.054631034974374534,0.0225412316063297,0.030049327897231498,0.03450787129161546,0.04270287947056013,0,0,0,0
2022-08-12,0.014780115915854014,0.025318735491984948,0.03619242999490219,0.0433868379751429,0.054631034974374534,0.0225412316063297,0.030049327897231498,0.03450787129161546,0.04270287947056013,0,0,0,0
2022-08-15,0.0008770090844310239,0.025318735491984948,0.03619242999490219,0.0433868379751429,0.054631034974374534,0.0225412316063297,0.030049327897231498,0.03450787129161546,0.04270287947056013,0,0,0,0
2022-08-16,0.0012620908231778135,0.025318735491984948,0.03619242999490219,0.0433868379751429,0.054631034974374534,0.0225412316063297,0.030049327897231498,0.03450787129161546,0.04270287947056013,0,0,0,0
2022-08-17,-0.003791218504610299,0.025318735491984948,0.03619242999490219,0.0433868379751429,0.054631034974374534,0.0225412316063297,0.030049327897231498,0.03450787129161546,0.04270287947056013,0,0,0,0
2022-08-18,0.005575173846749558,0.025318735491984948,0.03619242999490219,0.0433868379751429,0.054631034974374534,0.0225412316063297,0.030049327897231498,0.03450787129161546,0.04270287947056013,0,0,0,0
2022-08-19,-0.008998054893966101,0.025318735491984948,0.03619242999490219,0.0433868379751429,0.054631034974374534,0.0225412316063297,0.030049327897231498,0.03450787129161546,0.04270287947056013,0,0,0,0
2022-08-22,-0.01708583165536153,0.025318735491984948,0.03619242999490219,0.0433868379751429,0.054631034974374534,0.0225412316063297,0.030049327897231498,0.03450787129161546,0.04270287947056013,0,0,0,0
2022-08-23,0.001149102773556348,0.025318735491984948,0.03619242999490219,0.0433868379751429,0.054631034974374534,0.0225412316063297,0.030049327897231498,0.03450787129161546,0.04270287947056013,0,0,0,0
2022-08-24,0.004140263172301045,0.025318735491984948,0.03619242999490219,0.0433868379751429,0.054631034974374534,0.0225412316063297,0.030049327897231498,0.03450787129161546,0.04270287947056013,0,0,0,0
2022-08-25,0.012300539959327209,0.025318735491984948,0.03619242999490219,0.0433868379751429,0.054631034974374534,0.0225412316063297,0.030049327897231498,0.03450787129161546,0.04270287947056013,0,0,0,0
2022-08-26,-0.028461544391427163,0.025318735491984948,0.03619242999490219,0.0433868379751429,0.054631034974374534,0.0225412316063297,0.030049327897231498,0.03450787129161546,0.04270287947056013,1,0,1,0
2022-08-29,-0.002944167648475195,0.025318735491984948,0.03619242999490219,0.0433868379751429,0.054631034974374534,0.0225412316063297,0.030049327897231498,0.03450787129161546,0.04270287947056013,0,0,0,0
2022-08-30,-0.013900213471377104,0.025318735491984948,0.03619242999490219,0.0433868379751429,0.054631034974374534,0.0225412316063297,0.030049327897231498,0.03450787129161546,0.04270287947056013,0,0,0,0
2022-08-31,-0.007933683652221368,0.025318735491984948,0.03619242999490219,0.0433868379751429,0.054631034974374534,0.0225412316063297,0.030049327897231498,0.03450787129161546,0.04270287947056013,0,0,0,0
2022-09-01,0.001192177284445957,0.025318735491984948,0.03619242999490219,0.0433868379751429,0.054631034974374534,0.0225412316063297,0.030049327897231498,0.03450787129161546,0.04270287947056013,0,0,0,0
2022-09-02,-0.006908868326509099,0.025318735491984948,0.03619242999490219,0.0433868379751429,0.054631034974374534,0.0225412316063297,0.030049327897231498,0.03450787129161546,0.04270287947056013,0,0,0,0
2022-09-06,-0.002432723170796486,0.025318735491984948,0.03619242999490219,0.0433868379751429,0.054631034974374534,0.0225412316063297,0.030049327897231498,0.03450787129161546,0.04270287947056013,0,0,0,0
2022-09-07,0.014927403271249489,0.025318735491984948,0.03619242999490219,0.0433868379751429,0.054631034974374534,0.0225412316063297,0.030049327897231498,0.03450787129161546,0.04270287947056013,0,0,0,0
2022-09-08,0.007312342776354436,0.025318735491984948,0.03619242999490219,0.0433868379751429,0.054631034974374534,0.0225412316063297,0.030049327897231498,0.03450787129161546,0.04270287947056013,0,0,0,0
2022-09-09,0.013478437784361318,0.025318735491984948,0.03619242999490219,0.0433868379751429,0.054631034974374534,0.0225412316063297,0.030049327897231498,0.03450787129161546,0.04270287947056013,0,0,0,0
2022-09-12,0.01071950076826302,0.025318735491984948,0.03619242999490219,0.0433868379751429,0.054631034974374534,0.0225412316063297,0.030049327897231498,0.03450787129161546,0.04270287947056013,0,0,0,0
2022-09-13,-0.03735204157759737,0.025318735491984948,0.03619242999490219,0.0433868379751429,0.054631034974374534,0.0225412316063297,0.030049327897231498,0.03450787129161546,0.04270287947056013,1,0,1,1
2022-09-14,0.005572669962499832,0.025318735491984948,0.03619242999490219,0.0433868379751429,0.054631034974374534,0.0225412316063297,0.030049327897231498,0.03450787129161546,0.04270287947056013,0,0,0,0
2022-09-15,-0.012522171942929492,0.025318735491984948,0.03619242999490219,0.0433868379751429,0.054631034974374534,0.0225412316063297,0.030049327897231498,0.03450787129161546,0.04270287947056013,0,0,0,0
2022-09-16,-0.010211998599965504,0.025318735491984948,0.03619242999490219,0.0433868379751429,0.054631034974374534,0.0225412316063297,0.030049327897231498,0.03450787129161546,0.04270287947056013,0,0,0,0
2022-09-19,0.007014857805792081,0.025318735491984948,0.03619242999490219,0.0433868379751429,0.054631034974374534,0.0225412316063297,0.030049327897231498,0.03450787129161546,0.04270287947056013,0,0,0,0
2022-09-20,-0.011173992302805306,0.025318735491984948,0.03619242999490219,0.0433868379751429,0.054631034974374534,0.0225412316063297,0.030049327897231498,0.03450787129161546,0.04270287947056013,0,0,0,0
2022-09-21,-0.016133890151351065,0.025318735491984948,0.03619242999490219,0.0433868379751429,0.054631034974374534,0.0225412316063297,0.030049327897231498,0.03450787129161546,0.04270287947056013,0,0,0,0
2022-09-22,-0.007523081798489946,0.025318735491984948,0.03619242999490219,0.0433868379751429,0.054631034974374534,0.0225412316063297,0.030049327897231498,0.03450787129161546,0.04270287947056013,0,0,0,0
2022-09-23,-0.021882880609883103,0.025318735491984948,0.03619242999490219,0.0433868379751429,0.054631034974374534,0.0225412316063297,0.030049327897231498,0.03450787129161546,0.04270287947056013,0,0,0,0
2022-09-26,-0.014602083491245225,0.025318735491984948,0.03619242999490219,0.0433868379751429,0.054631034974374534,0.0225412316063297,0.030049327897231498,0.03450787129161546,0.04270287947056013,0,0,0,0
2022-09-27,-0.0025380091223243775,0.025318735491984948,0.03619242999490219,0.0433868379751429,0.054631034974374534,0.0225412316063297,0.030049327897231498,0.03450787129161546,0.04270287947056013,0,0,0,0
2022-09-28,0.020995555321960208,0.025318735491984948,0.03619242999490219,0.0433868379751429,0.054631034974374534,0.0225412316063297,0.030049327897231498,0.03450787129161546,0.04270287947056013,0,0,0,0
2022-09-29,-0.018141545261608806,0.025318735491984948,0.03619242999490219,0.0433868379751429,0.054631034974374534,0.0225412316063297,0.030049327897231498,0.03450787129161546,0.04270287947056013,0,0,0,0
2022-09-30,-0.014097002265731044,0.025318735491984948,0.03619242999490219,0.0433868379751429,0.054631034974374534,0.0225412316063297,0.030049327897231498,0.03450787129161546,0.04270287947056013,0,0,0,0
2022-10-03,0.0310235444031731,0.025318735491984948,0.03619242999490219,0.0433868379751429,0.054631034974374534,0.0225412316063297,0.030049327897231498,0.03450787129161546,0.04270287947056013,0,0,0,0
2022-10-04,0.03146904729346047,0.025318735491984948,0.03619242999490219,0.0433868379751429,0.054631034974374534,0.0225412316063297,0.030049327897231498,0.03450787129161546,0.04270287947056013,0,0,0,0
2022-10-05,-0.0015611392951993212,0.025318735491984948,0.03619242999490219,0.0433868379751429,0.054631034974374534,0.0225412316063297,0.030049327897231498,0.03450787129161546,0.04270287947056013,0,0,0,0
2022-10-06,-0.010433776578857936,0.025318735491984948,0.03619242999490219,0.0433868379751429,0.054631034974374534,0.0225412316063297,0.030049327897231498,0.03450787129161546,0.04270287947056013,0,0,0,0
2022-10-07,-0.023387086476482116,0.025318735491984948,0.03619242999490219,0.0433868379751429,0.054631034974374534,0.0225412316063297,0.030049327897231498,0.03450787129161546,0.04270287947056013,0,0,1,0
2022-10-10,-0.0072813197760088,0.025318735491984948,0.03619242999490219,0.0433868379751429,0.054631034974374534,0.0225412316063297,0.030049327897231498,0.03450787129161546,0.04270287947056013,0,0,0,0
2022-10-11,-0.005872143187253142,0.025318735491984948,0.03619242999490219,0.0433868379751429,0.054631034974374534,0.0225412316063297,0.030049327897231498,0.03450787129161546,0.04270287947056013,0,0,0,0
2022-10-12,-0.006762620401903551,0.025318735491984948,0.03619242999490219,0.0433868379751429,0.054631034974374534,0.0225412316063297,0.030049327897231498,0.03450787129161546,0.04270287947056013,0,0,0,0
2022-10-13,0.029521486036676366,0.025318735491984948,0.03619242999490219,0.0433868379751429,0.054631034974374534,0.0225412316063297,0.030049327897231498,0.03450787129161546,0.04270287947056013,0,0,0,0
2022-10-14,-0.02142877053105292,0.025318735491984948,0.03619242999490219,0.0433868379751429,0.054631034974374534,0.0225412316063297,0.030049327897231498,0.03450787129161546,0.04270287947056013,0,0,0,0
2022-10-17,0.021549910920607408,0.025318735491984948,0.03619242999490219,0.0433868379751429,0.054631034974374534,0.0225412316063297,0.030049327897231498,0.03450787129161546,0.04270287947056013,0,0,0,0
2022-10-18,0.013177856965961339,0.025318735491984948,0.03619242999490219,0.0433868379751429,0.054631034974374534,0.0225412316063297,0.030049327897231498,0.03450787129161546,0.04270287947056013,0,0,0,0
2022-10-19,-0.004536070805544463,0.025318735491984948,0.03619242999490219,0.0433868379751429,0.054631034974374534,0.0225412316063297,0.030049327897231498,0.03450787129161546,0.04270287947056013,0,0,0,0
2022-10-20,-0.0110031191721625,0.025318735491984948,0.03619242999490219,0.0433868379751429,0.054631034974374534,0.0225412316063297,0.030049327897231498,0.03450787129161546,0.04270287947056013,0,0,0,0
2022-10-21,0.025118994405441398,0.025318735491984948,0.03619242999490219,0.0433868379751429,0.054631034974374534,0.0225412316063297,0.030049327897231498,0.03450787129161546,0.04270287947056013,0,0,0,0
2022-10-24,0.012075384743591577,0.025318735491984948,0.03619242999490219,0.0433868379751429,0.054631034974374534,0.0225412316063297,0.030049327897231498,0.03450787129161546,0.04270287947056013,0,0,0,0
2022-10-25,0.012641423615718567,0.025318735491984948,0.03619242999490219,0.0433868379751429,0.054631034974374534,0.0225412316063297,0.030049327897231498,0.03450787129161546,0.04270287947056013,0,0,0,0
2022-10-26,-1.0090612693553927e-05,0.025318735491984948,0.03619242999490219,0.0433868379751429,0.054631034974374534,0.0225412316063297,0.030049327897231498,0.03450787129161546,0.04270287947056013,0,0,0,0
2022-10-27,0.0013226507842926734,0.025318735491984948,0.03619242999490219,0.0433868379751429,0.054631034974374534,0.0225412316063297,0.030049327897231498,0.03450787129161546,0.04270287947056013,0,0,0,0
2022-10-28,0.022928271309634096,0.025318735491984948,0.03619242999490219,0.0433868379751429,0.054631034974374534,0.0225412316063297,0.030049327897231498,0.03450787129161546,0.04270287947056013,0,0,0,0
2022-10-31,-0.004486071210966029,0.025318735491984948,0.03619242999490219,0.0433868379751429,0.054631034974374534,0.0225412316063297,0.030049327897231498,0.03450787129161546,0.04270287947056013,0,0,0,0
2022-11-01,0.0004300126772999864,0.025318735491984948,0.03619242999490219,0.0433868379751429,0.054631034974374534,0.0225412316063297,0.030049327897231498,0.03450787129161546,0.04270287947056013,0,0,0,0
2022-11-02,-0.020333964521453446,0.025318735491984948,0.03619242999490219,0.0433868379751429,0.054631034974374534,0.0225412316063297,0.030049327897231498,0.03450787129161546,0.04270287947056013,0,0,0,0
2022-11-03,-0.0030677163457401672,0.025318735491984948,0.03619242999490219,0.0433868379751429,0.054631034974374534,0.0225412316063297,0.030049327897231498,0.03450787129161546,0.04270287947056013,0,0,0,0
2022-11-04,0.012962552716342507,0.025318735491984948,0.03619242999490219,0.0433868379751429,0.054631034974374534,0.0225412316063297,0.030049327897231498,0.03450787129161546,0.04270287947056013,0,0,0,0
2022-11-07,0.007876560066976138,0.025318735491984948,0.03619242999490219,0.0433868379751429,0.054631034974374534,0.0225412316063297,0.030049327897231498,0.03450787129161546,0.04270287947056013,0,0,0,0
2022-11-08,0.00605243244291831,0.025318735491984948,0.03619242999490219,0.0433868379751429,0.054631034974374534,0.0225412316063297,0.030049327897231498,0.03450787129161546,0.04270287947056013,0,0,0,0
2022-11-09,-0.020998713435018797,0.02223715361971671,0.031104196644512982,0.0360534907377265,0.044958210346831964,0.019045627655861805,0.025395445035290464,0.028853905550978057,0.03489619427345967,0,0,1,0
2022-11-10,0.04514226676651391,0.02223715361971671,0.031104196644512982,0.0360534907377265,0.044958210346831964,0.019045627655861805,0.025395445035290464,0.028853905550978057,0.03489619427345967,0,0,0,0
2022-11-11,0.0055994485214029815,0.02223715361971671,0.031104196644512982,0.0360534907377265,0.044958210346831964,0.019045627655861805,0.025395445035290464,0.028853905550978057,0.03489619427345967,0,0,0,0
2022-11-14,-0.006999996454681593,0.02223715361971671,0.031104196644512982,0.0360534907377265,0.044958210346831964,0.019045627655861805,0.025395445035290464,0.028853905550978057,0.03489619427345967,0,0,0,0
2022-11-15,0.0071124189134064925,0.02223715361971671,0.031104196644512982,0.0360534907377265,0.044958210346831964,0.019045627655861805,0.025395445035290464,0.028853905550978057,0.03489619427345967,0,0,0,0
2022-11-16,-0.006522146739322269,0.02223715361971671,0.031104196644512982,0.0360534907377265,0.044958210346831964,0.019045627655861805,0.025395445035290464,0.028853905550978057,0.03489619427345967,0,0,0,0
2022-11-17,-0.003546255105148366,0.02223715361971671,0.031104196644512982,0.0360534907377265,0.044958210346831964,0.019045627655861805,0.025395445035290464,0.028853905550978057,0.03489619427345967,0,0,0,0
2022-11-18,0.006622438178708998,0.02223715361971671,0.031104196644512982,0.0360534907377265,0.044958210346831964,0.019045627655861805,0.025395445035290464,0.028853905550978057,0.03489619427345967,0,0,0,0
2022-11-21,-0.0024028319312976013,0.02223715361971671,0.031104196644512982,0.0360534907377265,0.044958210346831964,0.019045627655861805,0.025395445035290464,0.028853905550978057,0.03489619427345967,0,0,0,0
2022-11-22,0.014043468461824238,0.02223715361971671,0.031104196644512982,0.0360534907377265,0.044958210346831964,0.019045627655861805,0.025395445035290464,0.028853905550978057,0.03489619427345967,0,0,0,0
2022-11-23,0.0038923564873657615,0.02223715361971671,0.031104196644512982,0.0360534907377265,0.044958210346831964,0.019045627655861805,0.025395445035290464,0.028853905550978057,0.03489619427345967,0,0,0,0
2022-11-25,0.0013096174584422418,0.02223715361971671,0.031104196644512982,0.0360534907377265,0.044958210346831964,0.019045627655861805,0.025395445035290464,0.028853905550978057,0.03489619427345967,0,0,0,0
2022-11-28,-0.017010075749619387,0.02223715361971671,0.031104196644512982,0.0360534907377265,0.044958210346831964,0.019045627655861805,0.025395445035290464,0.028853905550978057,0.03489619427345967,0,0,0,0
2022-11-29,0.0007882672455529165,0.02223715361971671,0.031104196644512982,0.0360534907377265,0.044958210346831964,0.019045627655861805,0.025395445035290464,0.028853905550978057,0.03489619427345967,0,0,0,0
2022-11-30,0.02378456331426814,0.02223715361971671,0.031104196644512982,0.0360534907377265,0.044958210346831964,0.019045627655861805,0.025395445035290464,0.028853905550978057,0.03489619427345967,0,0,0,0
2022-12-01,-0.0008727221128408932,0.02223715361971671,0.031104196644512982,0.0360534907377265,0.044958210346831964,0.019045627655861805,0.025395445035290464,0.028853905550978057,0.03489619427345967,0,0,0,0
2022-12-02,-0.0020240019453565514,0.02223715361971671,0.031104196644512982,0.0360534907377265,0.044958210346831964,0.019045627655861805,0.025395445035290464,0.028853905550978057,0.03489619427345967,0,0,0,0
2022-12-05,-0.01746488844348269,0.02223715361971671,0.031104196644512982,0.0360534907377265,0.044958210346831964,0.019045627655861805,0.025395445035290464,0.028853905550978057,0.03489619427345967,0,0,0,0
2022-12-06,-0.012152037604473137,0.02223715361971671,0.031104196644512982,0.0360534907377265,0.044958210346831964,0.019045627655861805,0.025395445035290464,0.028853905550978057,0.03489619427345967,0,0,0,0
2022-12-07,-0.0015626852974996326,0.02223715361971671,0.031104196644512982,0.0360534907377265,0.044958210346831964,0.019045627655861805,0.025395445035290464,0.028853905550978057,0.03489619427345967,0,0,0,0
2022-12-08,0.0059728113424068335,0.02223715361971671,0.031104196644512982,0.0360534907377265,0.044958210346831964,0.019045627655861805,0.025395445035290464,0.028853905550978057,0.03489619427345967,0,0,0,0
2022-12-09,-0.009603098196987786,0.02223715361971671,0.031104196644512982,0.0360534907377265,0.044958210346831964,0.019045627655861805,0.025395445035290464,0.028853905550978057,0.03489619427345967,0,0,0,0
2022-12-12,0.017898939819575417,0.02223715361971671,0.031104196644512982,0.0360534907377265,0.044958210346831964,0.019045627655861805,0.025395445035290464,0.028853905550978057,0.03489619427345967,0,0,0,0
2022-12-13,0.007217641359984194,0.02223715361971671,0.031104196644512982,0.0360534907377265,0.044958210346831964,0.019045627655861805,0.025395445035290464,0.028853905550978057,0.03489619427345967,0,0,0,0
2022-12-14,-0.005027400205943938,0.02223715361971671,0.031104196644512982,0.0360534907377265,0.044958210346831964,0.019045627655861805,0.025395445035290464,0.028853905550978057,0.03489619427345967,0,0,0,0
2022-12-15,-0.020565736491500532,0.02223715361971671,0.031104196644512982,0.0360534907377265,0.044958210346831964,0.019045627655861805,0.025395445035290464,0.028853905550978057,0.03489619427345967,0,0,1,0
2022-12-16,-0.011619952469025285,0.02223715361971671,0.031104196644512982,0.0360534907377265,0.044958210346831964,0.019045627655861805,0.025395445035290464,0.028853905550978057,0.03489619427345967,0,0,0,0
2022-12-19,-0.005393475610508447,0.02223715361971671,0.031104196644512982,0.0360534907377265,0.044958210346831964,0.019045627655861805,0.025395445035290464,0.028853905550978057,0.03489619427345967,0,0,0,0
2022-12-20,0.003334472202476375,0.02223715361971671,0.031104196644512982,0.0360534907377265,0.044958210346831964,0.019045627655861805,0.025395445035290464,0.028853905550978057,0.03489619427345967,0,0,0,0
2022-12-21,0.015860641607021882,0.02223715361971671,0.031104196644512982,0.0360534907377265,0.044958210346831964,0.019045627655861805,0.025395445035290464,0.028853905550978057,0.03489619427345967,0,0,0,0
2022-12-22,-0.013196096670523782,0.02223715361971671,0.031104196644512982,0.0360534907377265,0.044958210346831964,0.019045627655861805,0.025395445035290464,0.028853905550978057,0.03489619427345967,0,0,0,0
2022-12-23,0.008640560481619347,0.02223715361971671,0.031104196644512982,0.0360534907377265,0.044958210346831964,0.019045627655861805,0.025395445035290464,0.028853905550978057,0.03489619427345967,0,0,0,0
2022-12-27,0.000502781862771166,0.02223715361971671,0.031104196644512982,0.0360534907377265,0.044958210346831964,0.019045627655861805,0.025395445035290464,0.028853905550978057,0.03489619427345967,0,0,0,0
2022-12-28,-0.012026323844929927,0.02223715361971671,0.031104196644512982,0.0360534907377265,0.044958210346831964,0.019045627655861805,0.025395445035290464,0.028853905550978057,0.03489619427345967,0,0,0,0
2022-12-29,0.014025404693566276,0.02223715361971671,0.031104196644512982,0.0360534907377265,0.044958210346831964,0.019045627655861805,0.025395445035290464,0.028853905550978057,0.03489619427345967,0,0,0,0
2022-12-30,-0.0024979205754218094,0.02223715361971671,0.031104196644512982,0.0360534907377265,0.044958210346831964,0.019045627655861805,0.025395445035290464,0.028853905550978057,0.03489619427345967,0,0,0,0
2023-01-03,-0.006673197398572904,0.02223715361971671,0.031104196644512982,0.0360534907377265,0.044958210346831964,0.019045627655861805,0.025395445035290464,0.028853905550978057,0.03489619427345967,0,0,0,0
2023-01-04,0.006650824604144303,0.02223715361971671,0.031104196644512982,0.0360534907377265,0.044958210346831964,0.019045627655861805,0.025395445035290464,0.028853905550978057,0.03489619427345967,0,0,0,0
2023-01-05,-0.00907115442333343,0.02223715361971671,0.031104196644512982,0.0360534907377265,0.044958210346831964,0.019045627655861805,0.025395445035290464,0.028853905550978057,0.03489619427345967,0,0,0,0
2023-01-06,0.021208494916450604,0.02223715361971671,0.031104196644512982,0.0360534907377265,0.044958210346831964,0.019045627655861805,0.025395445035290464,0.028853905550978057,0.03489619427345967,0,0,0,0
2023-01-09,-0.0015488506028774362,0.02223715361971671,0.031104196644512982,0.0360534907377265,0.044958210346831964,0.019045627655861805,0.025395445035290464,0.028853905550978057,0.03489619427345967,0,0,0,0
2023-01-10,0.005712928638346251,0.02223715361971671,0.031104196644512982,0.0360534907377265,0.044958210346831964,0.019045627655861805,0.025395445035290464,0.028853905550978057,0.03489619427345967,0,0,0,0
2023-01-11,0.009335996670821632,0.02223715361971671,0.031104196644512982,0.0360534907377265,0.044958210346831964,0.019045627655861805,0.025395445035290464,0.028853905550978057,0.03489619427345967,0,0,0,0
2023-01-12,0.0039622902265467105,0.02223715361971671,0.031104196644512982,0.0360534907377265,0.044958210346831964,0.019045627655861805,0.025395445035290464,0.028853905550978057,0.03489619427345967,0,0,0,0
2023-01-13,0.0021845363782671398,0.02223715361971671,0.031104196644512982,0.0360534907377265,0.044958210346831964,0.019045627655861805,0.025395445035290464,0.028853905550978057,0.03489619427345967,0,0,0,0
2023-01-17,-0.0023530419646674776,0.02223715361971671,0.031104196644512982,0.0360534907377265,0.044958210346831964,0.019045627655861805,0.025395445035290464,0.028853905550978057,0.03489619427345967,0,0,0,0
2023-01-18,-0.017669612074921275,0.02223715361971671,0.031104196644512982,0.0360534907377265,0.044958210346831964,0.019045627655861805,0.025395445035290464,0.028853905550978057,0.03489619427345967,0,0,0,0
2023-01-19,-0.006699986332571352,0.02223715361971671,0.031104196644512982,0.0360534907377265,0.044958210346831964,0.019045627655861805,0.025395445035290464,0.028853905550978057,0.03489619427345967,0,0,0,0
2023-01-20,0.013644379892415447,0.02223715361971671,0.031104196644512982,0.0360534907377265,0.044958210346831964,0.019045627655861805,0.025395445035290464,0.028853905550978057,0.03489619427345967,0,0,0,0
2023-01-23,0.008837588766445612,0.02223715361971671,0.031104196644512982,0.0360534907377265,0.044958210346831964,0.019045627655861805,0.025395445035290464,0.028853905550978057,0.03489619427345967,0,0,0,0
2023-01-24,1.969718932653347e-05,0.02223715361971671,0.031104196644512982,0.0360534907377265,0.044958210346831964,0.019045627655861805,0.025395445035290464,0.028853905550978057,0.03489619427345967,0,0,0,0
2023-01-25,-0.001811494554916281,0.02223715361971671,0.031104196644512982,0.0360534907377265,0.044958210346831964,0.019045627655861805,0.025395445035290464,0.028853905550978057,0.03489619427345967,0,0,0,0
2023-01-26,0.010544140590230096,0.02223715361971671,0.031104196644512982,0.0360534907377265,0.044958210346831964,0.019045627655861805,0.025395445035290464,0.028853905550978057,0.03489619427345967,0,0,0,0
2023-01-27,-0.002369869299084647,0.02223715361971671,0.031104196644512982,0.0360534907377265,0.044958210346831964,0.019045627655861805,0.025395445035290464,0.028853905550978057,0.03489619427345967,0,0,0,0
2023-01-30,-0.011925237942230188,0.02223715361971671,0.031104196644512982,0.0360534907377265,0.044958210346831964,0.019045627655861805,0.025395445035290464,0.028853905550978057,0.03489619427345967,0,0,0,0
2023-01-31,0.012547520307186344,0.02223715361971671,0.031104196644512982,0.0360534907377265,0.044958210346831964,0.019045627655861805,0.025395445035290464,0.028853905550978057,0.03489619427345967,0,0,0,0
2023-02-01,0.003949280996265515,0.02223715361971671,0.031104196644512982,0.0360534907377265,0.044958210346831964,0.019045627655861805,0.025395445035290464,0.028853905550978057,0.03489619427345967,0,0,0,0
2023-02-02,0.0034541439145693536,0.02223715361971671,0.031104196644512982,0.0360534907377265,0.044958210346831964,0.019045627655861805,0.025395445035290464,0.028853905550978057,0.03489619427345967,0,0,0,0
2023-02-03,-0.00749471844418155,0.02223715361971671,0.031104196644512982,0.0360534907377265,0.044958210346831964,0.019045627655861805,0.025395445035290464,0.028853905550978057,0.03489619427345967,0,0,0,0
2023-02-06,-0.0032501221707355124,0.02223715361971671,0.031104196644512982,0.0360534907377265,0.044958210346831964,0.019045627655861805,0.025395445035290464,0.028853905550978057,0.03489619427345967,0,0,0,0
2023-02-07,0.01288069825861907,0.02223715361971671,0.031104196644512982,0.0360534907377265,0.044958210346831964,0.019045627655861805,0.025395445035290464,0.028853905550978057,0.03489619427345967,0,0,0,0
2023-02-08,-0.00908571270812311,0.02223715361971671,0.031104196644512982,0.0360534907377265,0.044958210346831964,0.019045627655861805,0.025395445035290464,0.028853905550978057,0.03489619427345967,0,0,0,0
2023-02-09,-0.009375208645827906,0.02223715361971671,0.031104196644512982,0.0360534907377265,0.044958210346831964,0.019045627655861805,0.025395445035290464,0.028853905550978057,0.03489619427345967,0,0,0,0
2023-02-10,0.010798348240762751,0.02223715361971671,0.031104196644512982,0.0360534907377265,0.044958210346831964,0.019045627655861805,0.025395445035290464,0.028853905550978057,0.03489619427345967,0,0,0,0
2023-02-13,0.008727618154011392,0.02223715361971671,0.031104196644512982,0.0360534907377265,0.044958210346831964,0.019045627655861805,0.025395445035290464,0.028853905550978057,0.03489619427345967,0,0,0,0
2023-02-14,-0.002030788205473421,0.02223715361971671,0.031104196644512982,0.0360534907377265,0.044958210346831964,0.019045627655861805,0.025395445035290464,0.028853905550978057,0.03489619427345967,0,0,0,0
2023-02-15,-6.59982426212552e-05,0.02223715361971671,0.031104196644512982,0.0360534907377265,0.044958210346831964,0.019045627655861805,0.025395445035290464,0.028853905550978057,0.03489619427345967,0,0,0,0
2023-02-16,-0.01135029355464179,0.02223715361971671,0.031104196644512982,0.0360534907377265,0.044958210346831964,0.019045627655861805,0.025395445035290464,0.028853905550978057,0.03489619427345967,0,0,0,0
2023-02-17,-0.0035604071951765973,0.02223715361971671,0.031104196644512982,0.0360534907377265,0.044958210346831964,0.019045627655861805,0.025395445035290464,0.028853905550978057,0.03489619427345967,0,0,0,0
2023-02-21,-0.017883695662504664,0.02223715361971671,0.031104196644512982,0.0360534907377265,0.044958210346831964,0.019045627655861805,0.025395445035290464,0.028853905550978057,0.03489619427345967,0,0,0,0
2023-02-22,-0.0029140438063401395,0.02223715361971671,0.031104196644512982,0.0360534907377265,0.044958210346831964,0.019045627655861805,0.025395445035290464,0.028853905550978057,0.03489619427345967,0,0,0,0
2023-02-23,0.0056696420459918075,0.02223715361971671,0.031104196644512982,0.0360534907377265,0.044958210346831964,0.019045627655861805,0.025395445035290464,0.028853905550978057,0.03489619427345967,0,0,0,0
2023-02-24,-0.006805203957325931,0.02223715361971671,0.031104196644512982,0.0360534907377265,0.044958210346831964,0.019045627655861805,0.025395445035290464,0.028853905550978057,0.03489619427345967,0,0,0,0
2023-02-27,0.001490390253609594,0.02223715361971671,0.031104196644512982,0.0360534907377265,0.044958210346831964,0.019045627655861805,0.025395445035290464,0.028853905550978057,0.03489619427345967,0,0,0,0
2023-02-28,-0.00654507082333291,0.02223715361971671,0.031104196644512982,0.0360534907377265,0.044958210346831964,0.019045627655861805,0.025395445035290464,0.028853905550978057,0.03489619427345967,0,0,0,0
2023-03-01,-0.0013334050627699854,0.02223715361971671,0.031104196644512982,0.0360534907377265,0.044958210346831964,0.019045627655861805,0.025395445035290464,0.028853905550978057,0.03489619427345967,0,0,0,0
2023-03-02,0.008643368778449262,0.02223715361971671,0.031104196644512982,0.0360534907377265,0.044958210346831964,0.019045627655861805,0.025395445035290464,0.028853905550978057,0.03489619427345967,0,0,0,0
2023-03-03,0.01502299405829494,0.02223715361971671,0.031104196644512982,0.0360534907377265,0.044958210346831964,0.019045627655861805,0.025395445035290464,0.028853905550978057,0.03489619427345967,0,0,0,0
2023-03-06,0.0013247325957244044,0.02223715361971671,0.031104196644512982,0.0360534907377265,0.044958210346831964,0.019045627655861805,0.025395445035290464,0.028853905550978057,0.03489619427345967,0,0,0,0
2023-03-07,-0.01676620369876549,0.02223715361971671,0.031104196644512982,0.0360534907377265,0.044958210346831964,0.019045627655861805,0.025395445035290464,0.028853905550978057,0.03489619427345967,0,0,0,0
2023-03-08,6.139624966282853e-05,0.02223715361971671,0.031104196644512982,0.0360534907377265,0.044958210346831964,0.019045627655861805,0.025395445035290464,0.028853905550978057,0.03489619427345967,0,0,0,0
2023-03-09,-0.017409653377589464,0.02223715361971671,0.031104196644512982,0.0360534907377265,0.044958210346831964,0.019045627655861805,0.025395445035290464,0.028853905550978057,0.03489619427345967,0,0,0,0
2023-03-10,-0.01507881396901172,0.02223715361971671,0.031104196644512982,0.0360534907377265,0.044958210346831964,0.019045627655861805,0.025395445035290464,0.028853905550978057,0.03489619427345967,0,0,0,0
2023-03-13,-0.005418768668371402,0.02223715361971671,0.031104196644512982,0.0360534907377265,0.044958210346831964,0.019045627655861805,0.025395445035290464,0.028853905550978057,0.03489619427345967,0,0,0,0
2023-03-14,0.014506229218490877,0.02223715361971671,0.031104196644512982,0.0360534907377265,0.044958210346831964,0.019045627655861805,0.025395445035290464,0.028853905550978057,0.03489619427345967,0,0,0,0
2023-03-15,-0.01431810333045659,0.02223715361971671,0.031104196644512982,0.0360534907377265,0.044958210346831964,0.019045627655861805,0.025395445035290464,0.028853905550978057,0.03489619427345967,0,0,0,0
2023-03-16,0.014793789714545733,0.02223715361971671,0.031104196644512982,0.0360534907377265,0.044958210346831964,0.019045627655861805,0.025395445035290464,0.028853905550978057,0.03489619427345967,0,0,0,0
2023-03-17,-0.014405409930485169,0.02223715361971671,0.031104196644512982,0.0360534907377265,0.044958210346831964,0.019045627655861805,0.025395445035290464,0.028853905550978057,0.03489619427345967,0,0,0,0
2023-03-20,0.010955936829943962,0.02223715361971671,0.031104196644512982,0.0360534907377265,0.044958210346831964,0.019045627655861805,0.025395445035290464,0.028853905550978057,0.03489619427345967,0,0,0,0
2023-03-21,0.011052479240951837,0.02223715361971671,0.031104196644512982,0.0360534907377265,0.044958210346831964,0.019045627655861805,0.025395445035290464,0.028853905550978057,0.03489619427345967,0,0,0,0
2023-03-22,-0.01807592661248782,0.02223715361971671,0.031104196644512982,0.0360534907377265,0.044958210346831964,0.019045627655861805,0.025395445035290464,0.028853905550978057,0.03489619427345967,0,0,0,0
2023-03-23,-0.002425722393582006,0.02223715361971671,0.031104196644512982,0.0360534907377265,0.044958210346831964,0.019045627655861805,0.025395445035290464,0.028853905550978057,0.03489619427345967,0,0,0,0
2023-03-24,0.008717515344877308,0.02223715361971671,0.031104196644512982,0.0360534907377265,0.044958210346831964,0.019045627655861805,0.025395445035290464,0.028853905550978057,0.03489619427345967,0,0,0,0
2023-03-27,0.006083018929173469,0.02223715361971671,0.031104196644512982,0.0360534907377265,0.044958210346831964,0.019045627655861805,0.025395445035290464,0.028853905550978057,0.03489619427345967,0,0,0,0
2023-03-28,0.001409460813994394,0.02223715361971671,0.031104196644512982,0.0360534907377265,0.044958210346831964,0.019045627655861805,0.025395445035290464,0.028853905550978057,0.03489619427345967,0,0,0,0
2023-03-29,0.013589984408241431,0.02223715361971671,0.031104196644512982,0.0360534907377265,0.044958210346831964,0.019045627655861805,0.025395445035290464,0.028853905550978057,0.03489619427345967,0,0,0,0
2023-03-30,0.004486994036232267,0.02223715361971671,0.031104196644512982,0.0360534907377265,0.044958210346831964,0.019045627655861805,0.025395445035290464,0.028853905550978057,0.03489619427345967,0,0,0,0
2023-03-31,0.011012724408193106,0.02223715361971671,0.031104196644512982,0.0360534907377265,0.044958210346831964,0.019045627655861805,0.025395445035290464,0.028853905550978057,0.03489619427345967,0,0,0,0
2023-04-03,0.007778926101887176,0.02223715361971671,0.031104196644512982,0.0360534907377265,0.044958210346831964,0.019045627655861805,0.025395445035290464,0.028853905550978057,0.03489619427345967,0,0,0,0
2023-04-04,-0.00802777981051744,0.02223715361971671,0.031104196644512982,0.0360534907377265,0.044958210346831964,0.019045627655861805,0.025395445035290464,0.028853905550978057,0.03489619427345967,0,0,0,0
2023-04-05,0.0041683454030026585,0.02223715361971671,0.031104196644512982,0.0360534907377265,0.044958210346831964,0.019045627655861805,0.025395445035290464,0.028853905550978057,0.03489619427345967,0,0,0,0
2023-04-06,0.001030849795611713,0.02223715361971671,0.031104196644512982,0.0360534907377265,0.044958210346831964,0.019045627655861805,0.025395445035290464,0.028853905550978057,0.03489619427345967,0,0,0,0
2023-04-10,0.002432088892041742,0.02223715361971671,0.031104196644512982,0.0360534907377265,0.044958210346831964,0.019045627655861805,0.025395445035290464,0.028853905550978057,0.03489619427345967,0,0,0,0
2023-04-11,0.0027321906272279764,0.02223715361971671,0.031104196644512982,0.0360534907377265,0.044958210346831964,0.019045627655861805,0.025395445035290464,0.028853905550978057,0.03489619427345967,0,0,0,0
2023-04-12,-0.0012359361391929126,0.02223715361971671,0.031104196644512982,0.0360534907377265,0.044958210346831964,0.019045627655861805,0.025395445035290464,0.028853905550978057,0.03489619427345967,0,0,0,0
2023-04-13,0.009079476566689561,0.02223715361971671,0.031104196644512982,0.0360534907377265,0.044958210346831964,0.019045627655861805,0.025395445035290464,0.028853905550978057,0.03489619427345967,0,0,0,0
2023-04-14,-0.0024178623237128176,0.02223715361971671,0.031104196644512982,0.0360534907377265,0.044958210346831964,0.019045627655861805,0.025395445035290464,0.028853905550978057,0.03489619427345967,0,0,0,0
2023-04-17,0.0027694351610701847,0.02223715361971671,0.031104196644512982,0.0360534907377265,0.044958210346831964,0.019045627655861805,0.025395445035290464,0.028853905550978057,0.03489619427345967,0,0,0,0
2023-04-18,0.00047886624242569453,0.02223715361971671,0.031104196644512982,0.0360534907377265,0.044958210346831964,0.019045627655861805,0.025395445035290464,0.028853905550978057,0.03489619427345967,0,0,0,0
2023-04-19,0.0008302669143623106,0.02223715361971671,0.031104196644512982,0.0360534907377265,0.044958210346831964,0.019045627655861805,0.025395445035290464,0.028853905550978057,0.03489619427345967,0,0,0,0
2023-04-20,-0.004299139780105539,0.02223715361971671,0.031104196644512982,0.0360534907377265,0.044958210346831964,0.019045627655861805,0.025395445035290464,0.028853905550978057,0.03489619427345967,0,0,0,0
2023-04-21,-0.0006601618841734924,0.02223715361971671,0.031104196644512982,0.0360534907377265,0.044958210346831964,0.019045627655861805,0.025395445035290464,0.028853905550978057,0.03489619427345967,0,0,0,0
2023-04-24,0.003195824913003279,0.02223715361971671,0.031104196644512982,0.0360534907377265,0.044958210346831964,0.019045627655861805,0.025395445035290464,0.028853905550978057,0.03489619427345967,0,0,0,0
2023-04-25,-0.014888217727556274,0.02223715361971671,0.031104196644512982,0.0360534907377265,0.044958210346831964,0.019045627655861805,0.025395445035290464,0.028853905550978057,0.03489619427345967,0,0,0,0
2023-04-26,-0.009946602958840325,0.02223715361971671,0.031104196644512982,0.0360534907377265,0.044958210346831964,0.019045627655861805,0.025395445035290464,0.028853905550978057,0.03489619427345967,0,0,0,0
2023-04-27,0.01386079267792793,0.02223715361971671,0.031104196644512982,0.0360534907377265,0.044958210346831964,0.019045627655861805,0.025395445035290464,0.028853905550978057,0.03489619427345967,0,0,0,0
2023-04-28,0.009030002237112271,0.02223715361971671,0.031104196644512982,0.0360534907377265,0.044958210346831964,0.019045627655861805,0.025395445035290464,0.028853905550978057,0.03489619427345967,0,0,0,0
2023-05-01,-0.0003134933965994408,0.02223715361971671,0.031104196644512982,0.0360534907377265,0.044958210346831964,0.019045627655861805,0.025395445035290464,0.028853905550978057,0.03489619427345967,0,0,0,0
2023-05-02,-0.01644845745137219,0.02223715361971671,0.031104196644512982,0.0360534907377265,0.044958210346831964,0.019045627655861805,0.025395445035290464,0.028853905550978057,0.03489619427345967,0,0,0,0
2023-05-03,-0.007697663018463375,0.02223715361971671,0.031104196644512982,0.0360534907377265,0.044958210346831964,0.019045627655861805,0.025395445035290464,0.028853905550978057,0.03489619427345967,0,0,0,0
2023-05-04,-0.006763473030220573,0.018072139834200574,0.0244613684358638,0.02795047311399959,0.03410395301735545,0.014848501368551897,0.01976166462126733,0.022935684893626497,0.02711470332524881,0,0,0,0
2023-05-05,0.017805684012694716,0.018072139834200574,0.0244613684358638,0.02795047311399959,0.03410395301735545,0.014848501368551897,0.01976166462126733,0.022935684893626497,0.02711470332524881,0,0,0,0
2023-05-08,-0.0010801649725395617,0.018072139834200574,0.0244613684358638,0.02795047311399959,0.03410395301735545,0.014848501368551897,0.01976166462126733,0.022935684893626497,0.02711470332524881,0,0,0,0
2023-05-09,-0.003032698518642781,0.018072139834200574,0.0244613684358638,0.02795047311399959,0.03410395301735545,0.014848501368551897,0.01976166462126733,0.022935684893626497,0.02711470332524881,0,0,0,0
2023-05-10,0.0011536383902978167,0.018072139834200574,0.0244613684358638,0.02795047311399959,0.03410395301735545,0.014848501368551897,0.01976166462126733,0.022935684893626497,0.02711470332524881,0,0,0,0
2023-05-11,-0.00561408479356817,0.018072139834200574,0.0244613684358638,0.02795047311399959,0.03410395301735545,0.014848501368551897,0.01976166462126733,0.022935684893626497,0.02711470332524881,0,0,0,0
2023-05-12,-4.327550410222659e-05,0.018072139834200574,0.0244613684358638,0.02795047311399959,0.03410395301735545,0.014848501368551897,0.01976166462126733,0.022935684893626497,0.02711470332524881,0,0,0,0
2023-05-15,0.0021895934534363463,0.018072139834200574,0.0244613684358638,0.02795047311399959,0.03410395301735545,0.014848501368551897,0.01976166462126733,0.022935684893626497,0.02711470332524881,0,0,0,0
2023-05-16,-0.012046036423650189,0.018072139834200574,0.0244613684358638,0.02795047311399959,0.03410395301735545,0.014848501368551897,0.01976166462126733,0.022935684893626497,0.02711470332524881,0,0,0,0
2023-05-17,0.011273032389596815,0.018072139834200574,0.0244613684358638,0.02795047311399959,0.03410395301735545,0.014848501368551897,0.01976166462126733,0.022935684893626497,0.02711470332524881,0,0,0,0
2023-05-18,0.006601003798880374,0.018072139834200574,0.0244613684358638,0.02795047311399959,0.03410395301735545,0.014848501368551897,0.01976166462126733,0.022935684893626497,0.02711470332524881,0,0,0,0
2023-05-19,0.0003208074420873617,0.018072139834200574,0.0244613684358638,0.02795047311399959,0.03410395301735545,0.014848501368551897,0.01976166462126733,0.022935684893626497,0.02711470332524881,0,0,0,0
2023-05-22,0.0001553135157311568,0.018072139834200574,0.0244613684358638,0.02795047311399959,0.03410395301735545,0.014848501368551897,0.01976166462126733,0.022935684893626497,0.02711470332524881,0,0,0,0
2023-05-23,-0.007686969540014754,0.018072139834200574,0.0244613684358638,0.02795047311399959,0.03410395301735545,0.014848501368551897,0.01976166462126733,0.022935684893626497,0.02711470332524881,0,0,0,0
2023-05-24,-0.0071080182233485825,0.018072139834200574,0.0244613684358638,0.02795047311399959,0.03410395301735545,0.014848501368551897,0.01976166462126733,0.022935684893626497,0.02711470332524881,0,0,0,0
2023-05-25,0.0010726134876871205,0.018072139834200574,0.0244613684358638,0.02795047311399959,0.03410395301735545,0.014848501368551897,0.01976166462126733,0.022935684893626497,0.02711470332524881,0,0,0,0
2023-05-26,0.007212106895560754,0.018072139834200574,0.0244613684358638,0.02795047311399959,0.03410395301735545,0.014848501368551897,0.01976166462126733,0.022935684893626497,0.02711470332524881,0,0,0,0
2023-05-30,-0.002365533970929127,0.018072139834200574,0.0244613684358638,0.02795047311399959,0.03410395301735545,0.014848501368551897,0.01976166462126733,0.022935684893626497,0.02711470332524881,0,0,0,0
2023-05-31,-0.005478962450633946,0.018072139834200574,0.0244613684358638,0.02795047311399959,0.03410395301735545,0.014848501368551897,0.01976166462126733,0.022935684893626497,0.02711470332524881,0,0,0,0
2023-06-01,0.007771145725087932,0.018072139834200574,0.0244613684358638,0.02795047311399959,0.03410395301735545,0.014848501368551897,0.01976166462126733,0.022935684893626497,0.02711470332524881,0,0,0,0
2023-06-02,0.01762073683832756,0.018072139834200574,0.0244613684358638,0.02795047311399959,0.03410395301735545,0.014848501368551897,0.01976166462126733,0.022935684893626497,0.02711470332524881,0,0,0,0
2023-06-05,-0.0025925988225365118,0.018072139834200574,0.0244613684358638,0.02795047311399959,0.03410395301735545,0.014848501368551897,0.01976166462126733,0.022935684893626497,0.02711470332524881,0,0,0,0
2023-06-06,0.002797687394425859,0.018072139834200574,0.0244613684358638,0.02795047311399959,0.03410395301735545,0.014848501368551897,0.01976166462126733,0.022935684893626497,0.02711470332524881,0,0,0,0
2023-06-07,0.005768713802175406,0.018072139834200574,0.0244613684358638,0.02795047311399959,0.03410395301735545,0.014848501368551897,0.01976166462126733,0.022935684893626497,0.02711470332524881,0,0,0,0
2023-06-08,0.0034483603827607087,0.018072139834200574,0.0244613684358638,0.02795047311399959,0.03410395301735545,0.014848501368551897,0.01976166462126733,0.022935684893626497,0.02711470332524881,0,0,0,0
2023-06-09,-0.00055572648628839,0.018072139834200574,0.0244613684358638,0.02795047311399959,0.03410395301735545,0.014848501368551897,0.01976166462126733,0.022935684893626497,0.02711470332524881,0,0,0,0
2023-06-12,0.004213736563909737,0.018072139834200574,0.0244613684358638,0.02795047311399959,0.03410395301735545,0.014848501368551897,0.01976166462126733,0.022935684893626497,0.02711470332524881,0,0,0,0
2023-06-13,0.005685244514366512,0.018072139834200574,0.0244613684358638,0.02795047311399959,0.03410395301735545,0.014848501368551897,0.01976166462126733,0.022935684893626497,0.02711470332524881,0,0,0,0
2023-06-14,-0.0023387219019198363,0.018072139834200574,0.0244613684358638,0.02795047311399959,0.03410395301735545,0.014848501368551897,0.01976166462126733,0.022935684893626497,0.02711470332524881,0,0,0,0
2023-06-15,0.012912844592741253,0.018072139834200574,0.0244613684358638,0.02795047311399959,0.03410395301735545,0.014848501368551897,0.01976166462126733,0.022935684893626497,0.02711470332524881,0,0,0,0
2023-06-16,-0.0016544150670380726,0.018072139834200574,0.0244613684358638,0.02795047311399959,0.03410395301735545,0.014848501368551897,0.01976166462126733,0.022935684893626497,0.02711470332524881,0,0,0,0
2023-06-20,-0.008928804191994029,0.018072139834200574,0.0244613684358638,0.02795047311399959,0.03410395301735545,0.014848501368551897,0.01976166462126733,0.022935684893626497,0.02711470332524881,0,0,0,0
2023-06-21,4.7322415908216414e-05,0.018072139834200574,0.0244613684358638,0.02795047311399959,0.03410395301735545,0.014848501368551897,0.01976166462126733,0.022935684893626497,0.02711470332524881,0,0,0,0
2023-06-22,-0.0025446494820719344,0.018072139834200574,0.0244613684358638,0.02795047311399959,0.03410395301735545,0.014848501368551897,0.01976166462126733,0.022935684893626497,0.02711470332524881,0,0,0,0
2023-06-23,-0.007961786524826906,0.018072139834200574,0.0244613684358638,0.02795047311399959,0.03410395301735545,0.014848501368551897,0.01976166462126733,0.022935684893626497,0.02711470332524881,0,0,0,0
2023-06-26,0.0023944140878735007,0.018072139834200574,0.0244613684358638,0.02795047311399959,0.03410395301735545,0.014848501368551897,0.01976166462126733,0.022935684893626497,0.02711470332524881,0,0,0,0
2023-06-27,0.007225449182337687,0.018072139834200574,0.0244613684358638,0.02795047311399959,0.03410395301735545,0.014848501368551897,0.01976166462126733,0.022935684893626497,0.02711470332524881,0,0,0,0
2023-06-28,-0.001335268789091218,0.018072139834200574,0.0244613684358638,0.02795047311399959,0.03410395301735545,0.014848501368551897,0.01976166462126733,0.022935684893626497,0.02711470332524881,0,0,0,0
2023-06-29,0.007212365091293045,0.018072139834200574,0.0244613684358638,0.02795047311399959,0.03410395301735545,0.014848501368551897,0.01976166462126733,0.022935684893626497,0.02711470332524881,0,0,0,0
2023-06-30,0.010338436990382704,0.018072139834200574,0.0244613684358638,0.02795047311399959,0.03410395301735545,0.014848501368551897,0.01976166462126733,0.022935684893626497,0.02711470332524881,0,0,0,0
2023-07-03,0.0009110972840136325,0.018072139834200574,0.0244613684358638,0.02795047311399959,0.03410395301735545,0.014848501368551897,0.01976166462126733,0.022935684893626497,0.02711470332524881,0,0,0,0
2023-07-05,-0.0014180537507912977,0.018072139834200574,0.0244613684358638,0.02795047311399959,0.03410395301735545,0.014848501368551897,0.01976166462126733,0.022935684893626497,0.02711470332524881,0,0,0,0
2023-07-06,-0.009949927332395272,0.018072139834200574,0.0244613684358638,0.02795047311399959,0.03410395301735545,0.014848501368551897,0.01976166462126733,0.022935684893626497,0.02711470332524881,0,0,0,0
2023-07-07,-0.0001296561510408286,0.018072139834200574,0.0244613684358638,0.02795047311399959,0.03410395301735545,0.014848501368551897,0.01976166462126733,0.022935684893626497,0.02711470332524881,0,0,0,0
2023-07-10,0.00501130273179766,0.018072139834200574,0.0244613684358638,0.02795047311399959,0.03410395301735545,0.014848501368551897,0.01976166462126733,0.022935684893626497,0.02711470332524881,0,0,0,0
2023-07-11,0.009478565216310532,0.018072139834200574,0.0244613684358638,0.02795047311399959,0.03410395301735545,0.014848501368551897,0.01976166462126733,0.022935684893626497,0.02711470332524881,0,0,0,0
2023-07-12,0.006419689197247567,0.018072139834200574,0.0244613684358638,0.02795047311399959,0.03410395301735545,0.014848501368551897,0.01976166462126733,0.022935684893626497,0.02711470332524881,0,0,0,0
2023-07-13,0.003663048234322528,0.018072139834200574,0.0244613684358638,0.02795047311399959,0.03410395301735545,0.014848501368551897,0.01976166462126733,0.022935684893626497,0.02711470332524881,0,0,0,0
2023-07-14,-0.003924196940736488,0.018072139834200574,0.0244613684358638,0.02795047311399959,0.03410395301735545,0.014848501368551897,0.01976166462126733,0.022935684893626497,0.02711470332524881,0,0,0,0
2023-07-17,0.0016298255638566728,0.018072139834200574,0.0244613684358638,0.02795047311399959,0.03410395301735545,0.014848501368551897,0.01976166462126733,0.022935684893626497,0.02711470332524881,0,0,0,0
2023-07-18,0.006446868283020141,0.018072139834200574,0.0244613684358638,0.02795047311399959,0.03410395301735545,0.014848501368551897,0.01976166462126733,0.022935684893626497,0.02711470332524881,0,0,0,0
2023-07-19,0.0034498147537439065,0.018072139834200574,0.0244613684358638,0.02795047311399959,0.03410395301735545,0.014848501368551897,0.01976166462126733,0.022935684893626497,0.02711470332524881,0,0,0,0
2023-07-20,0.004462436970371973,0.018072139834200574,0.0244613684358638,0.02795047311399959,0.03410395301735545,0.014848501368551897,0.01976166462126733,0.022935684893626497,0.02711470332524881,0,0,0,0
2023-07-21,0.0035812383696446,0.018072139834200574,0.0244613684358638,0.02795047311399959,0.03410395301735545,0.014848501368551897,0.01976166462126733,0.022935684893626497,0.02711470332524881,0,0,0,0
2023-07-24,0.004179815825273249,0.018072139834200574,0.0244613684358638,0.02795047311399959,0.03410395301735545,0.014848501368551897,0.01976166462126733,0.022935684893626497,0.02711470332524881,0,0,0,0
2023-07-25,0.0018437771899189183,0.018072139834200574,0.0244613684358638,0.02795047311399959,0.03410395301735545,0.014848501368551897,0.01976166462126733,0.022935684893626497,0.02711470332524881,0,0,0,0
2023-07-26,-0.0001118799103273626,0.018072139834200574,0.0244613684358638,0.02795047311399959,0.03410395301735545,0.014848501368551897,0.01976166462126733,0.022935684893626497,0.02711470332524881,0,0,0,0
2023-07-27,-0.008938119466739376,0.018072139834200574,0.0244613684358638,0.02795047311399959,0.03410395301735545,0.014848501368551897,0.01976166462126733,0.022935684893626497,0.02711470332524881,0,0,0,0
2023-07-28,0.005029918702340794,0.018072139834200574,0.0244613684358638,0.02795047311399959,0.03410395301735545,0.014848501368551897,0.01976166462126733,0.022935684893626497,0.02711470332524881,0,0,0,0
2023-07-31,0.003111547087197946,0.018072139834200574,0.0244613684358638,0.02795047311399959,0.03410395301735545,0.014848501368551897,0.01976166462126733,0.022935684893626497,0.02711470332524881,0,0,0,0
2023-08-01,-0.002918739623077727,0.018072139834200574,0.0244613684358638,0.02795047311399959,0.03410395301735545,0.014848501368551897,0.01976166462126733,0.022935684893626497,0.02711470332524881,0,0,0,0
2023-08-02,-0.010089158894243966,0.018072139834200574,0.0244613684358638,0.02795047311399959,0.03410395301735545,0.014848501368551897,0.01976166462126733,0.022935684893626497,0.02711470332524881,0,0,0,0
2023-08-03,-0.004387296972361269,0.018072139834200574,0.0244613684358638,0.02795047311399959,0.03410395301735545,0.014848501368551897,0.01976166462126733,0.022935684893626497,0.02711470332524881,0,0,0,0
2023-08-04,-0.006017496591538582,0.018072139834200574,0.0244613684358638,0.02795047311399959,0.03410395301735545,0.014848501368551897,0.01976166462126733,0.022935684893626497,0.02711470332524881,0,0,0,0
2023-08-07,0.007160811515512071,0.018072139834200574,0.0244613684358638,0.02795047311399959,0.03410395301735545,0.014848501368551897,0.01976166462126733,0.022935684893626497,0.02711470332524881,0,0,0,0
2023-08-08,-0.0012091792725924225,0.018072139834200574,0.0244613684358638,0.02795047311399959,0.03410395301735545,0.014848501368551897,0.01976166462126733,0.022935684893626497,0.02711470332524881,0,0,0,0
2023-08-09,-0.0019027369545021118,0.018072139834200574,0.0244613684358638,0.02795047311399959,0.03410395301735545,0.014848501368551897,0.01976166462126733,0.022935684893626497,0.02711470332524881,0,0,0,0
2023-08-10,-0.0007581443296986421,0.018072139834200574,0.0244613684358638,0.02795047311399959,0.03410395301735545,0.014848501368551897,0.01976166462126733,0.022935684893626497,0.02711470332524881,0,0,0,0
2023-08-11,0.0032236239613186416,0.018072139834200574,0.0244613684358638,0.02795047311399959,0.03410395301735545,0.014848501368551897,0.01976166462126733,0.022935684893626497,0.02711470332524881,0,0,0,0
2023-08-14,0.0015042449607236008,0.018072139834200574,0.0244613684358638,0.02795047311399959,0.03410395301735545,0.014848501368551897,0.01976166462126733,0.022935684893626497,0.02711470332524881,0,0,0,0
2023-08-15,-0.013434051490742189,0.018072139834200574,0.0244613684358638,0.02795047311399959,0.03410395301735545,0.014848501368551897,0.01976166462126733,0.022935684893626497,0.02711470332524881,0,0,0,0
2023-08-16,-0.005128453785305932,0.018072139834200574,0.0244613684358638,0.02795047311399959,0.03410395301735545,0.014848501368551897,0.01976166462126733,0.022935684893626497,0.02711470332524881,0,0,0,0
2023-08-17,-0.0041339756384736045,0.018072139834200574,0.0244613684358638,0.02795047311399959,0.03410395301735545,0.014848501368551897,0.01976166462126733,0.022935684893626497,0.02711470332524881,0,0,0,0
2023-08-18,0.0027168174824760134,0.018072139834200574,0.0244613684358638,0.02795047311399959,0.03410395301735545,0.014848501368551897,0.01976166462126733,0.022935684893626497,0.02711470332524881,0,0,0,0
2023-08-21,0.0016287317115916218,0.018072139834200574,0.0244613684358638,0.02795047311399959,0.03410395301735545,0.014848501368551897,0.01976166462126733,0.022935684893626497,0.02711470332524881,0,0,0,0
2023-08-22,-0.0034405151273959847,0.018072139834200574,0.0244613684358638,0.02795047311399959,0.03410395301735545,0.014848501368551897,0.01976166462126733,0.022935684893626497,0.02711470332524881,0,0,0,0
2023-08-23,0.007628236336588742,0.018072139834200574,0.0244613684358638,0.02795047311399959,0.03410395301735545,0.014848501368551897,0.01976166462126733,0.022935684893626497,0.02711470332524881,0,0,0,0
2023-08-24,-0.010642692427699782,0.018072139834200574,0.0244613684358638,0.02795047311399959,0.03410395301735545,0.014848501368551897,0.01976166462126733,0.022935684893626497,0.02711470332524881,0,0,0,0
2023-08-25,0.007823624791338099,0.018072139834200574,0.0244613684358638,0.02795047311399959,0.03410395301735545,0.014848501368551897,0.01976166462126733,0.022935684893626497,0.02711470332524881,0,0,0,0
2023-08-28,0.0052931943613275636,0.018072139834200574,0.0244613684358638,0.02795047311399959,0.03410395301735545,0.014848501368551897,0.01976166462126733,0.022935684893626497,0.02711470332524881,0,0,0,0
2023-08-29,0.009464657680051973,0.018072139834200574,0.0244613684358638,0.02795047311399959,0.03410395301735545,0.014848501368551897,0.01976166462126733,0.022935684893626497,0.02711470332524881,0,0,0,0
2023-08-30,0.0023428364020783615,0.018072139834200574,0.0244613684358638,0.02795047311399959,0.03410395301735545,0.014848501368551897,0.01976166462126733,0.022935684893626497,0.02711470332524881,0,0,0,0
2023-08-31,-0.003697989288249946,0.018072139834200574,0.0244613684358638,0.02795047311399959,0.03410395301735545,0.014848501368551897,0.01976166462126733,0.022935684893626497,0.02711470332524881,0,0,0,0
2023-09-01,0.005289498318093934,0.018072139834200574,0.0244613684358638,0.02795047311399959,0.03410395301735545,0.014848501368551897,0.01976166462126733,0.022935684893626497,0.02711470332524881,0,0,0,0
2023-09-05,-0.00691703216195396,0.018072139834200574,0.0244613684358638,0.02795047311399959,0.03410395301735545,0.014848501368551897,0.01976166462126733,0.022935684893626497,0.02711470332524881,0,0,0,0
2023-09-06,-0.003574955895545236,0.018072139834200574,0.0244613684358638,0.02795047311399959,0.03410395301735545,0.014848501368551897,0.01976166462126733,0.022935684893626497,0.02711470332524881,0,0,0,0
2023-09-07,-0.0010071456323101837,0.018072139834200574,0.0244613684358638,0.02795047311399959,0.03410395301735545,0.014848501368551897,0.01976166462126733,0.022935684893626497,0.02711470332524881,0,0,0,0
2023-09-08,0.002711147048990999,0.018072139834200574,0.0244613684358638,0.02795047311399959,0.03410395301735545,0.014848501368551897,0.01976166462126733,0.022935684893626497,0.02711470332524881,0,0,0,0
2023-09-11,0.0020613878357222163,0.018072139834200574,0.0244613684358638,0.02795047311399959,0.03410395301735545,0.014848501368551897,0.01976166462126733,0.022935684893626497,0.02711470332524881,0,0,0,0
2023-09-12,0.0003588566259657272,0.018072139834200574,0.0244613684358638,0.02795047311399959,0.03410395301735545,0.014848501368551897,0.01976166462126733,0.022935684893626497,0.02711470332524881,0,0,0,0
2023-09-13,0.00021430243885875227,0.018072139834200574,0.0244613684358638,0.02795047311399959,0.03410395301735545,0.014848501368551897,0.01976166462126733,0.022935684893626497,0.02711470332524881,0,0,0,0
2023-09-14,0.009157878148152193,0.018072139834200574,0.0244613684358638,0.02795047311399959,0.03410395301735545,0.014848501368551897,0.01976166462126733,0.022935684893626497,0.02711470332524881,0,0,0,0
2023-09-15,-0.009893769939427522,0.018072139834200574,0.0244613684358638,0.02795047311399959,0.03410395301735545,0.014848501368551897,0.01976166462126733,0.022935684893626497,0.02711470332524881,0,0,0,0
2023-09-18,0.002199721130872983,0.018072139834200574,0.0244613684358638,0.02795047311399959,0.03410395301735545,0.014848501368551897,0.01976166462126733,0.022935684893626497,0.02711470332524881,0,0,0,0
2023-09-19,-0.003138125471906092,0.018072139834200574,0.0244613684358638,0.02795047311399959,0.03410395301735545,0.014848501368551897,0.01976166462126733,0.022935684893626497,0.02711470332524881,0,0,0,0
2023-09-20,-0.006328133432776326,0.018072139834200574,0.0244613684358638,0.02795047311399959,0.03410395301735545,0.014848501368551897,0.01976166462126733,0.022935684893626497,0.02711470332524881,0,0,0,0
2023-09-21,-0.014043255550192531,0.018072139834200574,0.0244613684358638,0.02795047311399959,0.03410395301735545,0.014848501368551897,0.01976166462126733,0.022935684893626497,0.02711470332524881,0,0,0,0
2023-09-22,-0.0019332967782575265,0.018072139834200574,0.0244613684358638,0.02795047311399959,0.03410395301735545,0.014848501368551897,0.01976166462126733,0.022935684893626497,0.02711470332524881,0,0,0,0
2023-09-25,0.004466673060360935,0.018072139834200574,0.0244613684358638,0.02795047311399959,0.03410395301735545,0.014848501368551897,0.01976166462126733,0.022935684893626497,0.02711470332524881,0,0,0,0
2023-09-26,-0.01520166279120683,0.018072139834200574,0.0244613684358638,0.02795047311399959,0.03410395301735545,0.014848501368551897,0.01976166462126733,0.022935684893626497,0.02711470332524881,0,0,1,0
2023-09-27,0.0011440045478445851,0.018072139834200574,0.0244613684358638,0.02795047311399959,0.03410395301735545,0.014848501368551897,0.01976166462126733,0.022935684893626497,0.02711470332524881,0,0,0,0
2023-09-28,0.001183672578979975,0.018072139834200574,0.0244613684358638,0.02795047311399959,0.03410395301735545,0.014848501368551897,0.01976166462126733,0.022935684893626497,0.02711470332524881,0,0,0,0
2023-09-29,-0.005696614795203251,0.018072139834200574,0.0244613684358638,0.02795047311399959,0.03410395301735545,0.014848501368551897,0.01976166462126733,0.022935684893626497,0.02711470332524881,0,0,0,0
2023-10-02,-0.01101925475796398,0.018072139834200574,0.0244613684358638,0.02795047311399959,0.03410395301735545,0.014848501368551897,0.01976166462126733,0.022935684893626497,0.02711470332524881,0,0,0,0
2023-10-03,-0.0073711238993423136,0.018072139834200574,0.0244613684358638,0.02795047311399959,0.03410395301735545,0.014848501368551897,0.01976166462126733,0.022935684893626497,0.02711470332524881,0,0,0,0
2023-10-04,0.0002143551748353667,0.018072139834200574,0.0244613684358638,0.02795047311399959,0.03410395301735545,0.014848501368551897,0.01976166462126733,0.022935684893626497,0.02711470332524881,0,0,0,0
2023-10-05,-0.0009919875632558304,0.018072139834200574,0.0244613684358638,0.02795047311399959,0.03410395301735545,0.014848501368551897,0.01976166462126733,0.022935684893626497,0.02711470332524881,0,0,0,0
2023-10-06,0.011845276494509269,0.018072139834200574,0.0244613684358638,0.02795047311399959,0.03410395301735545,0.014848501368551897,0.01976166462126733,0.022935684893626497,0.02711470332524881,0,0,0,0
2023-10-09,0.010554268309107705,0.018072139834200574,0.0244613684358638,0.02795047311399959,0.03410395301735545,0.014848501368551897,0.01976166462126733,0.022935684893626497,0.02711470332524881,0,0,0,0
2023-10-10,0.005650393124491421,0.018072139834200574,0.0244613684358638,0.02795047311399959,0.03410395301735545,0.014848501368551897,0.01976166462126733,0.022935684893626497,0.02711470332524881,0,0,0,0
2023-10-11,0.0027895641018254023,0.018072139834200574,0.0244613684358638,0.02795047311399959,0.03410395301735545,0.014848501368551897,0.01976166462126733,0.022935684893626497,0.02711470332524881,0,0,0,0
2023-10-12,-0.00623652148810109,0.018072139834200574,0.0244613684358638,0.02795047311399959,0.03410395301735545,0.014848501368551897,0.01976166462126733,0.022935684893626497,0.02711470332524881,0,0,0,0
2023-10-13,0.0018571282837622632,0.018072139834200574,0.0244613684358638,0.02795047311399959,0.03410395301735545,0.014848501368551897,0.01976166462126733,0.022935684893626497,0.02711470332524881,0,0,0,0
2023-10-16,0.009354038344025166,0.018072139834200574,0.0244613684358638,0.02795047311399959,0.03410395301735545,0.014848501368551897,0.01976166462126733,0.022935684893626497,0.02711470332524881,0,0,0,0
2023-10-17,0.0013553142203635248,0.018072139834200574,0.0244613684358638,0.02795047311399959,0.03410395301735545,0.014848501368551897,0.01976166462126733,0.022935684893626497,0.02711470332524881,0,0,0,0
2023-10-18,-0.010562462824783752,0.018072139834200574,0.0244613684358638,0.02795047311399959,0.03410395301735545,0.014848501368551897,0.01976166462126733,0.022935684893626497,0.02711470332524881,0,0,0,0
2023-10-19,-0.008410373459673007,0.018072139834200574,0.0244613684358638,0.02795047311399959,0.03410395301735545,0.014848501368551897,0.01976166462126733,0.022935684893626497,0.02711470332524881,0,0,0,0
2023-10-20,-0.012365485963281981,0.018072139834200574,0.0244613684358638,0.02795047311399959,0.03410395301735545,0.014848501368551897,0.01976166462126733,0.022935684893626497,0.02711470332524881,0,0,0,0
2023-10-23,-0.006076053099640369,0.018072139834200574,0.0244613684358638,0.02795047311399959,0.03410395301735545,0.014848501368551897,0.01976166462126733,0.022935684893626497,0.02711470332524881,0,0,0,0
2023-10-24,0.006143905207593936,0.018072139834200574,0.0244613684358638,0.02795047311399959,0.03410395301735545,0.014848501368551897,0.01976166462126733,0.022935684893626497,0.02711470332524881,0,0,0,0
2023-10-25,-0.006885132563891226,0.015659831337704128,0.020820379896431762,0.0237655976065218,0.028888010411308538,0.01338027115654051,0.01732309302629355,0.019815319259757238,0.023200590006883695,0,0,0,0
2023-10-26,-0.006701352209308222,0.015659831337704128,0.020820379896431762,0.0237655976065218,0.028888010411308538,0.01338027115654051,0.01732309302629355,0.019815319259757238,0.023200590006883695,0,0,0,0
2023-10-27,-0.012330572986876297,0.015659831337704128,0.020820379896431762,0.0237655976065218,0.028888010411308538,0.01338027115654051,0.01732309302629355,0.019815319259757238,0.023200590006883695,0,0,0,0
2023-10-30,0.009872087584941337,0.015659831337704128,0.020820379896431762,0.0237655976065218,0.028888010411308538,0.01338027115654051,0.01732309302629355,0.019815319259757238,0.023200590006883695,0,0,0,0
2023-10-31,0.007024342026545211,0.015659831337704128,0.020820379896431762,0.0237655976065218,0.028888010411308538,0.01338027115654051,0.01732309302629355,0.019815319259757238,0.023200590006883695,0,0,0,0
2023-11-01,0.00721873788309745,0.015659831337704128,0.020820379896431762,0.0237655976065218,0.028888010411308538,0.01338027115654051,0.01732309302629355,0.019815319259757238,0.023200590006883695,0,0,0,0
2023-11-02,0.02051066191023588,0.015659831337704128,0.020820379896431762,0.0237655976065218,0.028888010411308538,0.01338027115654051,0.01732309302629355,0.019815319259757238,0.023200590006883695,0,0,0,0
2023-11-03,0.005989292800752761,0.015659831337704128,0.020820379896431762,0.0237655976065218,0.028888010411308538,0.01338027115654051,0.01732309302629355,0.019815319259757238,0.023200590006883695,0,0,0,0
2023-11-06,-0.0005830879254797519,0.015659831337704128,0.020820379896431762,0.0237655976065218,0.028888010411308538,0.01338027115654051,0.01732309302629355,0.019815319259757238,0.023200590006883695,0,0,0,0
2023-11-07,-0.002754237687868359,0.015659831337704128,0.020820379896431762,0.0237655976065218,0.028888010411308538,0.01338027115654051,0.01732309302629355,0.019815319259757238,0.023200590006883695,0,0,0,0
2023-11-08,-0.0016492523378173305,0.015659831337704128,0.020820379896431762,0.0237655976065218,0.028888010411308538,0.01338027115654051,0.01732309302629355,0.019815319259757238,0.023200590006883695,0,0,0,0
2023-11-09,-0.008001323954308862,0.015659831337704128,0.020820379896431762,0.0237655976065218,0.028888010411308538,0.01338027115654051,0.01732309302629355,0.019815319259757238,0.023200590006883695,0,0,0,0
2023-11-10,0.012732317307401039,0.015659831337704128,0.020820379896431762,0.0237655976065218,0.028888010411308538,0.01338027115654051,0.01732309302629355,0.019815319259757238,0.023200590006883695,0,0,0,0
2023-11-13,-0.0009277247533514501,0.015659831337704128,0.020820379896431762,0.0237655976065218,0.028888010411308538,0.01338027115654051,0.01732309302629355,0.019815319259757238,0.023200590006883695,0,0,0,0
2023-11-14,0.018915691027890515,0.015659831337704128,0.020820379896431762,0.0237655976065218,0.028888010411308538,0.01338027115654051,0.01732309302629355,0.019815319259757238,0.023200590006883695,0,0,0,0
2023-11-15,0.0009701056870647761,0.015659831337704128,0.020820379896431762,0.0237655976065218,0.028888010411308538,0.01338027115654051,0.01732309302629355,0.019815319259757238,0.023200590006883695,0,0,0,0
2023-11-16,4.854912758179066e-05,0.015659831337704128,0.020820379896431762,0.0237655976065218,0.028888010411308538,0.01338027115654051,0.01732309302629355,0.019815319259757238,0.023200590006883695,0,0,0,0
2023-11-17,0.004593243221276898,0.015659831337704128,0.020820379896431762,0.0237655976065218,0.028888010411308538,0.01338027115654051,0.01732309302629355,0.019815319259757238,0.023200590006883695,0,0,0,0
2023-11-20,0.004785984199490141,0.015659831337704128,0.020820379896431762,0.0237655976065218,0.028888010411308538,0.01338027115654051,0.01732309302629355,0.019815319259757238,0.023200590006883695,0,0,0,0
2023-11-21,-0.0008218171992336425,0.015659831337704128,0.020820379896431762,0.0237655976065218,0.028888010411308538,0.01338027115654051,0.01732309302629355,0.019815319259757238,0.023200590006883695,0,0,0,0
2023-11-22,0.00336437679450753,0.015659831337704128,0.020820379896431762,0.0237655976065218,0.028888010411308538,0.01338027115654051,0.01732309302629355,0.019815319259757238,0.023200590006883695,0,0,0,0
2023-11-24,0.0023234314628779638,0.015659831337704128,0.020820379896431762,0.0237655976065218,0.028888010411308538,0.01338027115654051,0.01732309302629355,0.019815319259757238,0.023200590006883695,0,0,0,0
2023-11-27,-0.0027329410384906,0.015659831337704128,0.020820379896431762,0.0237655976065218,0.028888010411308538,0.01338027115654051,0.01732309302629355,0.019815319259757238,0.023200590006883695,0,0,0,0
2023-11-28,-0.00021467635264844993,0.015659831337704128,0.020820379896431762,0.0237655976065218,0.028888010411308538,0.01338027115654051,0.01732309302629355,0.019815319259757238,0.023200590006883695,0,0,0,0
2023-11-29,-0.0006036223606977174,0.015659831337704128,0.020820379896431762,0.0237655976065218,0.028888010411308538,0.01338027115654051,0.01732309302629355,0.019815319259757238,0.023200590006883695,0,0,0,0
2023-11-30,0.007276280083390976,0.015659831337704128,0.020820379896431762,0.0237655976065218,0.028888010411308538,0.01338027115654051,0.01732309302629355,0.019815319259757238,0.023200590006883695,0,0,0,0
2023-12-01,0.007522223228333539,0.015659831337704128,0.020820379896431762,0.0237655976065218,0.028888010411308538,0.01338027115654051,0.01732309302629355,0.019815319259757238,0.023200590006883695,0,0,0,0
2023-12-04,-0.0033735013972209225,0.015659831337704128,0.020820379896431762,0.0237655976065218,0.028888010411308538,0.01338027115654051,0.01732309302629355,0.019815319259757238,0.023200590006883695,0,0,0,0
2023-12-05,-0.00476967869116448,0.015659831337704128,0.020820379896431762,0.0237655976065218,0.028888010411308538,0.01338027115654051,0.01732309302629355,0.019815319259757238,0.023200590006883695,0,0,0,0
2023-12-06,-0.002015205833828354,0.015659831337704128,0.020820379896431762,0.0237655976065218,0.028888010411308538,0.01338027115654051,0.01732309302629355,0.019815319259757238,0.023200590006883695,0,0,0,0
2023-12-07,0.0021509927434968795,0.015659831337704128,0.020820379896431762,0.0237655976065218,0.028888010411308538,0.01338027115654051,0.01732309302629355,0.019815319259757238,0.023200590006883695,0,0,0,0
2023-12-08,0.004532046615052147,0.015659831337704128,0.020820379896431762,0.0237655976065218,0.028888010411308538,0.01338027115654051,0.01732309302629355,0.019815319259757238,0.023200590006883695,0,0,0,0
2023-12-11,0.006053262893717734,0.015659831337704128,0.020820379896431762,0.0237655976065218,0.028888010411308538,0.01338027115654051,0.01732309302629355,0.019815319259757238,0.023200590006883695,0,0,0,0
2023-12-12,0.0013160143445241225,0.015659831337704128,0.020820379896431762,0.0237655976065218,0.028888010411308538,0.01338027115654051,0.01732309302629355,0.019815319259757238,0.023200590006883695,0,0,0,0
2023-12-13,0.016952573907746994,0.015659831337704128,0.020820379896431762,0.0237655976065218,0.028888010411308538,0.01338027115654051,0.01732309302629355,0.019815319259757238,0.023200590006883695,0,0,0,0
2023-12-14,0.004918055283370743,0.015659831337704128,0.020820379896431762,0.0237655976065218,0.028888010411308538,0.01338027115654051,0.01732309302629355,0.019815319259757238,0.023200590006883695,0,0,0,0
2023-12-15,-0.005028076626987093,0.015659831337704128,0.020820379896431762,0.0237655976065218,0.028888010411308538,0.01338027115654051,0.01732309302629355,0.019815319259757238,0.023200590006883695,0,0,0,0
2023-12-18,0.002769712778878171,0.015659831337704128,0.020820379896431762,0.0237655976065218,0.028888010411308538,0.01338027115654051,0.01732309302629355,0.019815319259757238,0.023200590006883695,0,0,0,0
2023-12-19,0.00705153135006525,0.015659831337704128,0.020820379896431762,0.0237655976065218,0.028888010411308538,0.01338027115654051,0.01732309302629355,0.019815319259757238,0.023200590006883695,0,0,0,0
2023-12-20,-0.015408410745629873,0.015659831337704128,0.020820379896431762,0.0237655976065218,0.028888010411308538,0.01338027115654051,0.01732309302629355,0.019815319259757238,0.023200590006883695,0,0,1,0
2023-12-21,0.008339689921167886,0.015659831337704128,0.020820379896431762,0.0237655976065218,0.028888010411308538,0.01338027115654051,0.01732309302629355,0.019815319259757238,0.023200590006883695,0,0,0,0
2023-12-22,0.0030742332526618598,0.015659831337704128,0.020820379896431762,0.0237655976065218,0.028888010411308538,0.01338027115654051,0.01732309302629355,0.019815319259757238,0.023200590006883695,0,0,0,0
2023-12-26,0.005178467060693984,0.015659831337704128,0.020820379896431762,0.0237655976065218,0.028888010411308538,0.01338027115654051,0.01732309302629355,0.019815319259757238,0.023200590006883695,0,0,0,0
2023-12-27,0.0007951987330807696,0.015659831337704128,0.020820379896431762,0.0237655976065218,0.028888010411308538,0.01338027115654051,0.01732309302629355,0.019815319259757238,0.023200590006883695,0,0,0,0
2023-12-28,-0.0001292704394424188,0.015659831337704128,0.020820379896431762,0.0237655976065218,0.028888010411308538,0.01338027115654051,0.01732309302629355,0.019815319259757238,0.023200590006883695,0,0,0,0
2023-12-29,-0.0018389868531250883,0.015659831337704128,0.020820379896431762,0.0237655976065218,0.028888010411308538,0.01338027115654051,0.01732309302629355,0.019815319259757238,0.023200590006883695,0,0,0,0
2024-01-02,0.0006437703573786526,0.015659831337704128,0.020820379896431762,0.0237655976065218,0.028888010411308538,0.01338027115654051,0.01732309302629355,0.019815319259757238,0.023200590006883695,0,0,0,0
2024-01-03,-0.0033899296079957547,0.015659831337704128,0.020820379896431762,0.0237655976065218,0.028888010411308538,0.01338027115654051,0.01732309302629355,0.019815319259757238,0.023200590006883695,0,0,0,0
2024-01-04,-0.0030220880565680836,0.015659831337704128,0.020820379896431762,0.0237655976065218,0.028888010411308538,0.01338027115654051,0.01732309302629355,0.019815319259757238,0.023200590006883695,0,0,0,0
2024-01-05,0.0014575648905253544,0.015659831337704128,0.020820379896431762,0.0237655976065218,0.028888010411308538,0.01338027115654051,0.01732309302629355,0.019815319259757238,0.023200590006883695,0,0,0,0
2024-01-08,0.008034838513737432,0.015659831337704128,0.020820379896431762,0.0237655976065218,0.028888010411308538,0.01338027115654051,0.01732309302629355,0.019815319259757238,0.023200590006883695,0,0,0,0
2024-01-09,-0.004837342733521134,0.015659831337704128,0.020820379896431762,0.0237655976065218,0.028888010411308538,0.01338027115654051,0.01732309302629355,0.019815319259757238,0.023200590006883695,0,0,0,0
2024-01-10,0.002186441560867535,0.015659831337704128,0.020820379896431762,0.0237655976065218,0.028888010411308538,0.01338027115654051,0.01732309302629355,0.019815319259757238,0.023200590006883695,0,0,0,0
2024-01-11,-0.003296502038442692,0.015659831337704128,0.020820379896431762,0.0237655976065218,0.028888010411308538,0.01338027115654051,0.01732309302629355,0.019815319259757238,0.023200590006883695,0,0,0,0
2024-01-12,0.0023396735934609367,0.015659831337704128,0.020820379896431762,0.0237655976065218,0.028888010411308538,0.01338027115654051,0.01732309302629355,0.019815319259757238,0.023200590006883695,0,0,0,0
2024-01-16,-0.008474481898827869,0.015659831337704128,0.020820379896431762,0.0237655976065218,0.028888010411308538,0.01338027115654051,0.01732309302629355,0.019815319259757238,0.023200590006883695,0,0,0,0
2024-01-17,-0.006307479484967863,0.015659831337704128,0.020820379896431762,0.0237655976065218,0.028888010411308538,0.01338027115654051,0.01732309302629355,0.019815319259757238,0.023200590006883695,0,0,0,0
2024-01-18,0.004492981566846251,0.015659831337704128,0.020820379896431762,0.0237655976065218,0.028888010411308538,0.01338027115654051,0.01732309302629355,0.019815319259757238,0.023200590006883695,0,0,0,0
2024-01-19,0.008592360363421555,0.015659831337704128,0.020820379896431762,0.0237655976065218,0.028888010411308538,0.01338027115654051,0.01732309302629355,0.019815319259757238,0.023200590006883695,0,0,0,0
2024-01-22,0.003134663052652978,0.015659831337704128,0.020820379896431762,0.0237655976065218,0.028888010411308538,0.01338027115654051,0.01732309302629355,0.019815319259757238,0.023200590006883695,0,0,0,0
2024-01-23,0.0015598835438003008,0.015659831337704128,0.020820379896431762,0.0237655976065218,0.028888010411308538,0.01338027115654051,0.01732309302629355,0.019815319259757238,0.023200590006883695,0,0,0,0
2024-01-24,-0.000442910722236956,0.015659831337704128,0.020820379896431762,0.0237655976065218,0.028888010411308538,0.01338027115654051,0.01732309302629355,0.019815319259757238,0.023200590006883695,0,0,0,0
2024-01-25,0.008954496443661737,0.015659831337704128,0.020820379896431762,0.0237655976065218,0.028888010411308538,0.01338027115654051,0.01732309302629355,0.019815319259757238,0.023200590006883695,0,0,0,0
2024-01-26,0.0007445292112735829,0.015659831337704128,0.020820379896431762,0.0237655976065218,0.028888010411308538,0.01338027115654051,0.01732309302629355,0.019815319259757238,0.023200590006883695,0,0,0,0
2024-01-29,0.005434323291367088,0.015659831337704128,0.020820379896431762,0.0237655976065218,0.028888010411308538,0.01338027115654051,0.01732309302629355,0.019815319259757238,0.023200590006883695,0,0,0,0
2024-01-30,0.0022998726064897474,0.015659831337704128,0.020820379896431762,0.0237655976065218,0.028888010411308538,0.01338027115654051,0.01732309302629355,0.019815319259757238,0.023200590006883695,0,0,0,0
2024-01-31,-0.011993680354216095,0.015659831337704128,0.020820379896431762,0.0237655976065218,0.028888010411308538,0.01338027115654051,0.01732309302629355,0.019815319259757238,0.023200590006883695,0,0,0,0
2024-02-01,0.010793530871147535,0.015659831337704128,0.020820379896431762,0.0237655976065218,0.028888010411308538,0.01338027115654051,0.01732309302629355,0.019815319259757238,0.023200590006883695,0,0,0,0
2024-02-02,0.0019011248790295771,0.015659831337704128,0.020820379896431762,0.0237655976065218,0.028888010411308538,0.01338027115654051,0.01732309302629355,0.019815319259757238,0.023200590006883695,0,0,0,0
2024-02-05,-0.004745622604199682,0.015659831337704128,0.020820379896431762,0.0237655976065218,0.028888010411308538,0.01338027115654051,0.01732309302629355,0.019815319259757238,0.023200590006883695,0,0,0,0
2024-02-06,0.003855745830242878,0.015659831337704128,0.020820379896431762,0.0237655976065218,0.028888010411308538,0.01338027115654051,0.01732309302629355,0.019815319259757238,0.023200590006883695,0,0,0,0
2024-02-07,0.005844035048967309,0.015659831337704128,0.020820379896431762,0.0237655976065218,0.028888010411308538,0.01338027115654051,0.01732309302629355,0.019815319259757238,0.023200590006883695,0,0,0,0
2024-02-08,0.00017763223248896124,0.015659831337704128,0.020820379896431762,0.0237655976065218,0.028888010411308538,0.01338027115654051,0.01732309302629355,0.019815319259757238,0.023200590006883695,0,0,0,0
2024-02-09,0.0015809372244724774,0.015659831337704128,0.020820379896431762,0.0237655976065218,0.028888010411308538,0.01338027115654051,0.01732309302629355,0.019815319259757238,0.023200590006883695,0,0,0,0
2024-02-12,0.003118046656909268,0.015659831337704128,0.020820379896431762,0.0237655976065218,0.028888010411308538,0.01338027115654051,0.01732309302629355,0.019815319259757238,0.023200590006883695,0,0,0,0
2024-02-13,-0.013008161291006737,0.015659831337704128,0.020820379896431762,0.0237655976065218,0.028888010411308538,0.01338027115654051,0.01732309302629355,0.019815319259757238,0.023200590006883695,0,0,0,0
2024-02-14,0.00838926367034196,0.015659831337704128,0.020820379896431762,0.0237655976065218,0.028888010411308538,0.01338027115654051,0.01732309302629355,0.019815319259757238,0.023200590006883695,0,0,0,0
2024-02-15,0.011506837516588066,0.015659831337704128,0.020820379896431762,0.0237655976065218,0.028888010411308538,0.01338027115654051,0.01732309302629355,0.019815319259757238,0.023200590006883695,0,0,0,0
2024-02-16,-0.0031783614760559457,0.015659831337704128,0.020820379896431762,0.0237655976065218,0.028888010411308538,0.01338027115654051,0.01732309302629355,0.019815319259757238,0.023200590006883695,0,0,0,0
2024-02-20,-0.0049774100144480875,0.015659831337704128,0.020820379896431762,0.0237655976065218,0.028888010411308538,0.01338027115654051,0.01732309302629355,0.019815319259757238,0.023200590006883695,0,0,0,0
2024-02-21,0.005078819256395588,0.015659831337704128,0.020820379896431762,0.0237655976065218,0.028888010411308538,0.01338027115654051,0.01732309302629355,0.019815319259757238,0.023200590006883695,0,0,0,0
2024-02-22,0.011736433219094155,0.015659831337704128,0.020820379896431762,0.0237655976065218,0.028888010411308538,0.01338027115654051,0.01732309302629355,0.019815319259757238,0.023200590006883695,0,0,0,0
2024-02-23,0.0019780089458722896,0.015659831337704128,0.020820379896431762,0.0237655976065218,0.028888010411308538,0.01338027115654051,0.01732309302629355,0.019815319259757238,0.023200590006883695,0,0,0,0
2024-02-26,-0.004389245476607408,0.015659831337704128,0.020820379896431762,0.0237655976065218,0.028888010411308538,0.01338027115654051,0.01732309302629355,0.019815319259757238,0.023200590006883695,0,0,0,0
2024-02-27,0.002710940151228168,0.015659831337704128,0.020820379896431762,0.0237655976065218,0.028888010411308538,0.01338027115654051,0.01732309302629355,0.019815319259757238,0.023200590006883695,0,0,0,0
2024-02-28,-0.0004035705218441545,0.015659831337704128,0.020820379896431762,0.0237655976065218,0.028888010411308538,0.01338027115654051,0.01732309302629355,0.019815319259757238,0.023200590006883695,0,0,0,0
2024-02-29,0.0020369123469989587,0.015659831337704128,0.020820379896431762,0.0237655976065218,0.028888010411308538,0.01338027115654051,0.01732309302629355,0.019815319259757238,0.023200590006883695,0,0,0,0
2024-03-01,0.006619394682810279,0.015659831337704128,0.020820379896431762,0.0237655976065218,0.028888010411308538,0.01338027115654051,0.01732309302629355,0.019815319259757238,0.023200590006883695,0,0,0,0
2024-03-04,0.0013565238693565153,0.015659831337704128,0.020820379896431762,0.0237655976065218,0.028888010411308538,0.01338027115654051,0.01732309302629355,0.019815319259757238,0.023200590006883695,0,0,0,0
2024-03-05,-0.006554015735983332,0.015659831337704128,0.020820379896431762,0.0237655976065218,0.028888010411308538,0.01338027115654051,0.01732309302629355,0.019815319259757238,0.023200590006883695,0,0,0,0
2024-03-06,0.00611139377189019,0.015659831337704128,0.020820379896431762,0.0237655976065218,0.028888010411308538,0.01338027115654051,0.01732309302629355,0.019815319259757238,0.023200590006883695,0,0,0,0
2024-03-07,0.007379699329152357,0.015659831337704128,0.020820379896431762,0.0237655976065218,0.028888010411308538,0.01338027115654051,0.01732309302629355,0.019815319259757238,0.023200590006883695,0,0,0,0
2024-03-08,-0.002470123561578081,0.015659831337704128,0.020820379896431762,0.0237655976065218,0.028888010411308538,0.01338027115654051,0.01732309302629355,0.019815319259757238,0.023200590006883695,0,0,0,0
2024-03-11,0.0010961820280354045,0.015659831337704128,0.020820379896431762,0.0237655976065218,0.028888010411308538,0.01338027115654051,0.01732309302629355,0.019815319259757238,0.023200590006883695,0,0,0,0
2024-03-12,0.004704800550577555,0.015659831337704128,0.020820379896431762,0.0237655976065218,0.028888010411308538,0.01338027115654051,0.01732309302629355,0.019815319259757238,0.023200590006883695,0,0,0,0
2024-03-13,0.002327059534930595,0.015659831337704128,0.020820379896431762,0.0237655976065218,0.028888010411308538,0.01338027115654051,0.01732309302629355,0.019815319259757238,0.023200590006883695,0,0,0,0
2024-03-14,-0.0022032655231991206,0.015659831337704128,0.020820379896431762,0.0237655976065218,0.028888010411308538,0.01338027115654051,0.01732309302629355,0.019815319259757238,0.023200590006883695,0,0,0,0
2024-03-15,-0.003216915900635928,0.015659831337704128,0.020820379896431762,0.0237655976065218,0.028888010411308538,0.01338027115654051,0.01732309302629355,0.019815319259757238,0.023200590006883695,0,0,0,0
2024-03-18,0.0037500216049098467,0.015659831337704128,0.020820379896431762,0.0237655976065218,0.028888010411308538,0.01338027115654051,0.01732309302629355,0.019815319259757238,0.023200590006883695,0,0,0,0
2024-03-19,0.007277919769015528,0.015659831337704128,0.020820379896431762,0.0237655976065218,0.028888010411308538,0.01338027115654051,0.01732309302629355,0.019815319259757238,0.023200590006883695,0,0,0,0
2024-03-20,0.005962396927017874,0.015659831337704128,0.020820379896431762,0.0237655976065218,0.028888010411308538,0.01338027115654051,0.01732309302629355,0.019815319259757238,0.023200590006883695,0,0,0,0
2024-03-21,0.003956462611565321,0.015659831337704128,0.020820379896431762,0.0237655976065218,0.028888010411308538,0.01338027115654051,0.01732309302629355,0.019815319259757238,0.023200590006883695,0,0,0,0
2024-03-22,-0.002662868880256123,0.015659831337704128,0.020820379896431762,0.0237655976065218,0.028888010411308538,0.01338027115654051,0.01732309302629355,0.019815319259757238,0.023200590006883695,0,0,0,0
2024-03-25,-0.0010280286301149189,0.015659831337704128,0.020820379896431762,0.0237655976065218,0.028888010411308538,0.01338027115654051,0.01732309302629355,0.019815319259757238,0.023200590006883695,0,0,0,0
2024-03-26,-0.003109840102083439,0.015659831337704128,0.020820379896431762,0.0237655976065218,0.028888010411308538,0.01338027115654051,0.01732309302629355,0.019815319259757238,0.023200590006883695,0,0,0,0
2024-03-27,0.013021082339515074,0.015659831337704128,0.020820379896431762,0.0237655976065218,0.028888010411308538,0.01338027115654051,0.01732309302629355,0.019815319259757238,0.023200590006883695,0,0,0,0
2024-03-28,0.0030077025782473655,0.015659831337704128,0.020820379896431762,0.0237655976065218,0.028888010411308538,0.01338027115654051,0.01732309302629355,0.019815319259757238,0.023200590006883695,0,0,0,0
2024-04-01,-0.002779540733730848,0.015659831337704128,0.020820379896431762,0.0237655976065218,0.028888010411308538,0.01338027115654051,0.01732309302629355,0.019815319259757238,0.023200590006883695,0,0,0,0
2024-04-02,-0.00372618263417961,0.015659831337704128,0.020820379896431762,0.0237655976065218,0.028888010411308538,0.01338027115654051,0.01732309302629355,0.019815319259757238,0.023200590006883695,0,0,0,0
2024-04-03,0.001446989830926827,0.015659831337704128,0.020820379896431762,0.0237655976065218,0.028888010411308538,0.01338027115654051,0.01732309302629355,0.019815319259757238,0.023200590006883695,0,0,0,0
2024-04-04,-0.00936730997019534,0.015659831337704128,0.020820379896431762,0.0237655976065218,0.028888010411308538,0.01338027115654051,0.01732309302629355,0.019815319259757238,0.023200590006883695,0,0,0,0
2024-04-05,0.009640936311880541,0.015659831337704128,0.020820379896431762,0.0237655976065218,0.028888010411308538,0.01338027115654051,0.01732309302629355,0.019815319259757238,0.023200590006883695,0,0,0,0
2024-04-08,-0.00014527537722628213,0.015659831337704128,0.020820379896431762,0.0237655976065218,0.028888010411308538,0.01338027115654051,0.01732309302629355,0.019815319259757238,0.023200590006883695,0,0,0,0
2024-04-09,0.001065073372658584,0.015659831337704128,0.020820379896431762,0.0237655976065218,0.028888010411308538,0.01338027115654051,0.01732309302629355,0.019815319259757238,0.023200590006883695,0,0,0,0
2024-04-10,-0.010290838680820353,0.015659831337704128,0.020820379896431762,0.0237655976065218,0.028888010411308538,0.01338027115654051,0.01732309302629355,0.019815319259757238,0.023200590006883695,0,0,0,0
2024-04-11,0.0020689813810544767,0.015659831337704128,0.020820379896431762,0.0237655976065218,0.028888010411308538,0.01338027115654051,0.01732309302629355,0.019815319259757238,0.023200590006883695,0,0,0,0
2024-04-12,-0.013340758022201426,0.015659831337704128,0.020820379896431762,0.0237655976065218,0.028888010411308538,0.01338027115654051,0.01732309302629355,0.019815319259757238,0.023200590006883695,0,0,0,0
2024-04-15,-0.009231880999430401,0.015659831337704128,0.020820379896431762,0.0237655976065218,0.028888010411308538,0.01338027115654051,0.01732309302629355,0.019815319259757238,0.023200590006883695,0,0,0,0
2024-04-16,-0.00448802067113877,0.015659831337704128,0.020820379896431762,0.0237655976065218,0.028888010411308538,0.01338027115654051,0.01732309302629355,0.019815319259757238,0.023200590006883695,0,0,0,0
2024-04-17,-0.0010101157820990585,0.015659831337704128,0.020820379896431762,0.0237655976065218,0.028888010411308538,0.01338027115654051,0.01732309302629355,0.019815319259757238,0.023200590006883695,0,0,0,0
2024-04-18,-0.0015784713721708739,0.013520272040416538,0.0184966369275699,0.021535296118258444,0.026288096273307172,0.011371644026810322,0.01467746501974311,0.016641741468441062,0.019787230619934152,0,0,0,0
2024-04-19,0.0018958333137879954,0.013520272040416538,0.0184966369275699,0.021535296118258444,0.026288096273307172,0.011371644026810322,0.01467746501974311,0.016641741468441062,0.019787230619934152,0,0,0,0
2024-04-22,0.008155798730763861,0.013520272040416538,0.0184966369275699,0.021535296118258444,0.026288096273307172,0.011371644026810322,0.01467746501974311,0.016641741468441062,0.019787230619934152,0,0,0,0
2024-04-23,0.009979960562072798,0.013520272040416538,0.0184966369275699,0.021535296118258444,0.026288096273307172,0.011371644026810322,0.01467746501974311,0.016641741468441062,0.019787230619934152,0,0,0,0
2024-04-24,-7.669308792032616e-05,0.013520272040416538,0.0184966369275699,0.021535296118258444,0.026288096273307172,0.011371644026810322,0.01467746501974311,0.016641741468441062,0.019787230619934152,0,0,0,0
2024-04-25,-0.0011779523303527331,0.013520272040416538,0.0184966369275699,0.021535296118258444,0.026288096273307172,0.011371644026810322,0.01467746501974311,0.016641741468441062,0.019787230619934152,0,0,0,0
2024-04-26,0.00012549593024111284,0.013520272040416538,0.0184966369275699,0.021535296118258444,0.026288096273307172,0.011371644026810322,0.01467746501974311,0.016641741468441062,0.019787230619934152,0,0,0,0
2024-04-29,0.005235134400732049,0.013520272040416538,0.0184966369275699,0.021535296118258444,0.026288096273307172,0.011371644026810322,0.01467746501974311,0.016641741468441062,0.019787230619934152,0,0,0,0
2024-04-30,-0.014324338984636644,0.013520272040416538,0.0184966369275699,0.021535296118258444,0.026288096273307172,0.011371644026810322,0.01467746501974311,0.016641741468441062,0.019787230619934152,1,0,1,0
2024-05-01,-0.0026896120915676385,0.013520272040416538,0.0184966369275699,0.021535296118258444,0.026288096273307172,0.011371644026810322,0.01467746501974311,0.016641741468441062,0.019787230619934152,0,0,0,0
2024-05-02,0.006028882884955219,0.013520272040416538,0.0184966369275699,0.021535296118258444,0.026288096273307172,0.011371644026810322,0.01467746501974311,0.016641741468441062,0.019787230619934152,0,0,0,0
2024-05-03,0.008498389628655014,0.013520272040416538,0.0184966369275699,0.021535296118258444,0.026288096273307172,0.011371644026810322,0.01467746501974311,0.016641741468441062,0.019787230619934152,0,0,0,0
2024-05-06,0.008820601015915355,0.013520272040416538,0.0184966369275699,0.021535296118258444,0.026288096273307172,0.011371644026810322,0.01467746501974311,0.016641741468441062,0.019787230619934152,0,0,0,0
2024-05-07,0.003217781539858563,0.013520272040416538,0.0184966369275699,0.021535296118258444,0.026288096273307172,0.011371644026810322,0.01467746501974311,0.016641741468441062,0.019787230619934152,0,0,0,0
2024-05-08,0.0017692287984438229,0.013520272040416538,0.0184966369275699,0.021535296118258444,0.026288096273307172,0.011371644026810322,0.01467746501974311,0.016641741468441062,0.019787230619934152,0,0,0,0
2024-05-09,0.00854881142161677,0.013520272040416538,0.0184966369275699,0.021535296118258444,0.026288096273307172,0.011371644026810322,0.01467746501974311,0.016641741468441062,0.019787230619934152,0,0,0,0
2024-05-10,0.0007219693508769308,0.013520272040416538,0.0184966369275699,0.021535296118258444,0.026288096273307172,0.011371644026810322,0.01467746501974311,0.016641741468441062,0.019787230619934152,0,0,0,0
2024-05-13,-0.0010142234583253337,0.013520272040416538,0.0184966369275699,0.021535296118258444,0.026288096273307172,0.011371644026810322,0.01467746501974311,0.016641741468441062,0.019787230619934152,0,0,0,0
2024-05-14,0.003767976512780209,0.013520272040416538,0.0184966369275699,0.021535296118258444,0.026288096273307172,0.011371644026810322,0.01467746501974311,0.016641741468441062,0.019787230619934152,0,0,0,0
2024-05-15,0.01147488224306687,0.013520272040416538,0.0184966369275699,0.021535296118258444,0.026288096273307172,0.011371644026810322,0.01467746501974311,0.016641741468441062,0.019787230619934152,0,0,0,0
2024-05-16,-0.002700078995125601,0.013520272040416538,0.0184966369275699,0.021535296118258444,0.026288096273307172,0.011371644026810322,0.01467746501974311,0.016641741468441062,0.019787230619934152,0,0,0,0
2024-05-17,0.003470985304035642,0.013520272040416538,0.0184966369275699,0.021535296118258444,0.026288096273307172,0.011371644026810322,0.01467746501974311,0.016641741468441062,0.019787230619934152,0,0,0,0
2024-05-20,-0.0013321789108533386,0.013520272040416538,0.0184966369275699,0.021535296118258444,0.026288096273307172,0.011371644026810322,0.01467746501974311,0.016641741468441062,0.019787230619934152,0,0,0,0
2024-05-21,0.0018594014204279165,0.013520272040416538,0.0184966369275699,0.021535296118258444,0.026288096273307172,0.011371644026810322,0.01467746501974311,0.016641741468441062,0.019787230619934152,0,0,0,0
2024-05-22,-0.00494482520946978,0.013520272040416538,0.0184966369275699,0.021535296118258444,0.026288096273307172,0.011371644026810322,0.01467746501974311,0.016641741468441062,0.019787230619934152,0,0,0,0
2024-05-23,-0.01121962228029405,0.013520272040416538,0.0184966369275699,0.021535296118258444,0.026288096273307172,0.011371644026810322,0.01467746501974311,0.016641741468441062,0.019787230619934152,0,0,0,0
2024-05-24,0.0048731005746979585,0.013520272040416538,0.0184966369275699,0.021535296118258444,0.026288096273307172,0.011371644026810322,0.01467746501974311,0.016641741468441062,0.019787230619934152,0,0,0,0
2024-05-28,-0.0030602020076406673,0.013520272040416538,0.0184966369275699,0.021535296118258444,0.026288096273307172,0.011371644026810322,0.01467746501974311,0.016641741468441062,0.019787230619934152,0,0,0,0
2024-05-29,-0.010611856781542462,0.013520272040416538,0.0184966369275699,0.021535296118258444,0.026288096273307172,0.011371644026810322,0.01467746501974311,0.016641741468441062,0.019787230619934152,0,0,0,0
2024-05-30,-0.00011411934580314797,0.013520272040416538,0.0184966369275699,0.021535296118258444,0.026288096273307172,0.011371644026810322,0.01467746501974311,0.016641741468441062,0.019787230619934152,0,0,0,0
2024-05-31,0.013391961747278996,0.013520272040416538,0.0184966369275699,0.021535296118258444,0.026288096273307172,0.011371644026810322,0.01467746501974311,0.016641741468441062,0.019787230619934152,0,0,0,0
2024-06-03,-0.006605047134069363,0.013520272040416538,0.0184966369275699,0.021535296118258444,0.026288096273307172,0.011371644026810322,0.01467746501974311,0.016641741468441062,0.019787230619934152,0,0,0,0
2024-06-04,-0.001573227623343171,0.013520272040416538,0.0184966369275699,0.021535296118258444,0.026288096273307172,0.011371644026810322,0.01467746501974311,0.016641741468441062,0.019787230619934152,0,0,0,0
2024-06-05,0.00649365212479964,0.013520272040416538,0.0184966369275699,0.021535296118258444,0.026288096273307172,0.011371644026810322,0.01467746501974311,0.016641741468441062,0.019787230619934152,0,0,0,0
2024-06-06,-0.0016726603289008077,0.013520272040416538,0.0184966369275699,0.021535296118258444,0.026288096273307172,0.011371644026810322,0.01467746501974311,0.016641741468441062,0.019787230619934152,0,0,0,0
2024-06-07,-0.0010127172373245476,0.013520272040416538,0.0184966369275699,0.021535296118258444,0.026288096273307172,0.011371644026810322,0.01467746501974311,0.016641741468441062,0.019787230619934152,0,0,0,0
2024-06-10,0.004123514831357804,0.013520272040416538,0.0184966369275699,0.021535296118258444,0.026288096273307172,0.011371644026810322,0.01467746501974311,0.016641741468441062,0.019787230619934152,0,0,0,0
2024-06-11,-0.0012233146070961816,0.013520272040416538,0.0184966369275699,0.021535296118258444,0.026288096273307172,0.011371644026810322,0.01467746501974311,0.016641741468441062,0.019787230619934152,0,0,0,0
2024-06-12,0.0027269254157142936,0.013520272040416538,0.0184966369275699,0.021535296118258444,0.026288096273307172,0.011371644026810322,0.01467746501974311,0.016641741468441062,0.019787230619934152,0,0,0,0
2024-06-13,-0.000717053973131896,0.013520272040416538,0.0184966369275699,0.021535296118258444,0.026288096273307172,0.011371644026810322,0.01467746501974311,0.016641741468441062,0.019787230619934152,0,0,0,0
2024-06-14,-0.0027405592413268865,0.013520272040416538,0.0184966369275699,0.021535296118258444,0.026288096273307172,0.011371644026810322,0.01467746501974311,0.016641741468441062,0.019787230619934152,0,0,0,0
2024-06-17,0.0047561277173125095,0.013520272040416538,0.0184966369275699,0.021535296118258444,0.026288096273307172,0.011371644026810322,0.01467746501974311,0.016641741468441062,0.019787230619934152,0,0,0,0
2024-06-18,0.0030578388330715655,0.013520272040416538,0.0184966369275699,0.021535296118258444,0.026288096273307172,0.011371644026810322,0.01467746501974311,0.016641741468441062,0.019787230619934152,0,0,0,0
2024-06-20,0.0031551406344733357,0.013520272040416538,0.0184966369275699,0.021535296118258444,0.026288096273307172,0.011371644026810322,0.01467746501974311,0.016641741468441062,0.019787230619934152,0,0,0,0
2024-06-21,-0.0025627048461181524,0.013520272040416538,0.0184966369275699,0.021535296118258444,0.026288096273307172,0.011371644026810322,0.01467746501974311,0.016641741468441062,0.019787230619934152,0,0,0,0
2024-06-24,0.004309575884182892,0.013520272040416538,0.0184966369275699,0.021535296118258444,0.026288096273307172,0.011371644026810322,0.01467746501974311,0.016641741468441062,0.019787230619934152,0,0,0,0
2024-06-25,-0.0006246044428196362,0.013520272040416538,0.0184966369275699,0.021535296118258444,0.026288096273307172,0.011371644026810322,0.01467746501974311,0.016641741468441062,0.019787230619934152,0,0,0,0
2024-06-26,-0.003796057075479183,0.013520272040416538,0.0184966369275699,0.021535296118258444,0.026288096273307172,0.011371644026810322,0.01467746501974311,0.016641741468441062,0.019787230619934152,0,0,0,0
2024-06-27,0.0006176526963497299,0.013520272040416538,0.0184966369275699,0.021535296118258444,0.026288096273307172,0.011371644026810322,0.01467746501974311,0.016641741468441062,0.019787230619934152,0,0,0,0
2024-06-28,-0.0012663248173450882,0.013520272040416538,0.0184966369275699,0.021535296118258444,0.026288096273307172,0.011371644026810322,0.01467746501974311,0.016641741468441062,0.019787230619934152,0,0,0,0
2024-07-01,-0.001578487205528841,0.013520272040416538,0.0184966369275699,0.021535296118258444,0.026288096273307172,0.011371644026810322,0.01467746501974311,0.016641741468441062,0.019787230619934152,0,0,0,0
2024-07-02,0.004209446154408149,0.013520272040416538,0.0184966369275699,0.021535296118258444,0.026288096273307172,0.011371644026810322,0.01467746501974311,0.016641741468441062,0.019787230619934152,0,0,0,0
2024-07-03,0.003013298639117844,0.013520272040416538,0.0184966369275699,0.021535296118258444,0.026288096273307172,0.011371644026810322,0.01467746501974311,0.016641741468441062,0.019787230619934152,0,0,0,0
2024-07-05,-0.0001912726743736657,0.013520272040416538,0.0184966369275699,0.021535296118258444,0.026288096273307172,0.011371644026810322,0.01467746501974311,0.016641741468441062,0.019787230619934152,0,0,0,0
2024-07-08,4.7389712617388204e-05,0.013520272040416538,0.0184966369275699,0.021535296118258444,0.026288096273307172,0.011371644026810322,0.01467746501974311,0.016641741468441062,0.019787230619934152,0,0,0,0
2024-07-09,0.0003384001434616488,0.013520272040416538,0.0184966369275699,0.021535296118258444,0.026288096273307172,0.011371644026810322,0.01467746501974311,0.016641741468441062,0.019787230619934152,0,0,0,0
2024-07-10,0.008931857533047151,0.013520272040416538,0.0184966369275699,0.021535296118258444,0.026288096273307172,0.011371644026810322,0.01467746501974311,0.016641741468441062,0.019787230619934152,0,0,0,0
2024-07-11,0.003135502923644783,0.013520272040416538,0.0184966369275699,0.021535296118258444,0.026288096273307172,0.011371644026810322,0.01467746501974311,0.016641741468441062,0.019787230619934152,0,0,0,0
2024-07-12,0.005759391409161513,0.013520272040416538,0.0184966369275699,0.021535296118258444,0.026288096273307172,0.011371644026810322,0.01467746501974311,0.016641741468441062,0.019787230619934152,0,0,0,0
2024-07-15,0.0018768168139320833,0.013520272040416538,0.0184966369275699,0.021535296118258444,0.026288096273307172,0.011371644026810322,0.01467746501974311,0.016641741468441062,0.019787230619934152,0,0,0,0
2024-07-16,0.00927367798925903,0.013520272040416538,0.0184966369275699,0.021535296118258444,0.026288096273307172,0.011371644026810322,0.01467746501974311,0.016641741468441062,0.019787230619934152,0,0,0,0
2024-07-17,-0.006299190839463777,0.013520272040416538,0.0184966369275699,0.021535296118258444,0.026288096273307172,0.011371644026810322,0.01467746501974311,0.016641741468441062,0.019787230619934152,0,0,0,0
2024-07-18,-0.007094560628796119,0.013520272040416538,0.0184966369275699,0.021535296118258444,0.026288096273307172,0.011371644026810322,0.01467746501974311,0.016641741468441062,0.019787230619934152,0,0,0,0
2024-07-19,-0.0061303056054004814,0.013520272040416538,0.0184966369275699,0.021535296118258444,0.026288096273307172,0.011371644026810322,0.01467746501974311,0.016641741468441062,0.019787230619934152,0,0,0,0
2024-07-22,0.008167985319974773,0.013520272040416538,0.0184966369275699,0.021535296118258444,0.026288096273307172,0.011371644026810322,0.01467746501974311,0.016641741468441062,0.019787230619934152,0,0,0,0
2024-07-23,-0.0040697558229820805,0.013520272040416538,0.0184966369275699,0.021535296118258444,0.026288096273307172,0.011371644026810322,0.01467746501974311,0.016641741468441062,0.019787230619934152,0,0,0,0
2024-07-24,-0.011587694621283538,0.013520272040416538,0.0184966369275699,0.021535296118258444,0.026288096273307172,0.011371644026810322,0.01467746501974311,0.016641741468441062,0.019787230619934152,0,0,1,0
2024-07-25,-6.568522594558203e-05,0.013520272040416538,0.0184966369275699,0.021535296118258444,0.026288096273307172,0.011371644026810322,0.01467746501974311,0.016641741468441062,0.019787230619934152,0,0,0,0
2024-07-26,0.010677093449501232,0.013520272040416538,0.0184966369275699,0.021535296118258444,0.026288096273307172,0.011371644026810322,0.01467746501974311,0.016641741468441062,0.019787230619934152,0,0,0,0
2024-07-29,-0.0015010935074104303,0.013520272040416538,0.0184966369275699,0.021535296118258444,0.026288096273307172,0.011371644026810322,0.01467746501974311,0.016641741468441062,0.019787230619934152,0,0,0,0
2024-07-30,0.0007596184869620208,0.013520272040416538,0.0184966369275699,0.021535296118258444,0.026288096273307172,0.011371644026810322,0.01467746501974311,0.016641741468441062,0.019787230619934152,0,0,0,0
2024-07-31,0.011366250153296493,0.013520272040416538,0.0184966369275699,0.021535296118258444,0.026288096273307172,0.011371644026810322,0.01467746501974311,0.016641741468441062,0.019787230619934152,0,0,0,0
2024-08-01,-0.012014667060393216,0.013520272040416538,0.0184966369275699,0.021535296118258444,0.026288096273307172,0.011371644026810322,0.01467746501974311,0.016641741468441062,0.019787230619934152,0,0,1,0
2024-08-02,-0.017274946784482506,0.013520272040416538,0.0184966369275699,0.021535296118258444,0.026288096273307172,0.011371644026810322,0.01467746501974311,0.016641741468441062,0.019787230619934152,1,0,1,1
2024-08-05,-0.0266465831041282,0.013520272040416538,0.0184966369275699,0.021535296118258444,0.026288096273307172,0.011371644026810322,0.01467746501974311,0.016641741468441062,0.019787230619934152,1,1,1,1
2024-08-06,0.009971452473052407,0.013520272040416538,0.0184966369275699,0.021535296118258444,0.026288096273307172,0.011371644026810322,0.01467746501974311,0.016641741468441062,0.019787230619934152,0,0,0,0
2024-08-07,-0.0038967176371413064,0.013520272040416538,0.0184966369275699,0.021535296118258444,0.026288096273307172,0.011371644026810322,0.01467746501974311,0.016641741468441062,0.019787230619934152,0,0,0,0
2024-08-08,0.02036843865319399,0.013520272040416538,0.0184966369275699,0.021535296118258444,0.026288096273307172,0.011371644026810322,0.01467746501974311,0.016641741468441062,0.019787230619934152,0,0,0,0
2024-08-09,0.0034123757991678795,0.013520272040416538,0.0184966369275699,0.021535296118258444,0.026288096273307172,0.011371644026810322,0.01467746501974311,0.016641741468441062,0.019787230619934152,0,0,0,0
2024-08-12,0.00017767807769960317,0.013520272040416538,0.0184966369275699,0.021535296118258444,0.026288096273307172,0.011371644026810322,0.01467746501974311,0.016641741468441062,0.019787230619934152,0,0,0,0
2024-08-13,0.010489096551001938,0.013520272040416538,0.0184966369275699,0.021535296118258444,0.026288096273307172,0.011371644026810322,0.01467746501974311,0.016641741468441062,0.019787230619934152,0,0,0,0
2024-08-14,0.004793390669018189,0.013520272040416538,0.0184966369275699,0.021535296118258444,0.026288096273307172,0.011371644026810322,0.01467746501974311,0.016641741468441062,0.019787230619934152,0,0,0,0
2024-08-15,0.012281767433662527,0.013520272040416538,0.0184966369275699,0.021535296118258444,0.026288096273307172,0.011371644026810322,0.01467746501974311,0.016641741468441062,0.019787230619934152,0,0,0,0
2024-08-16,0.002031258024612873,0.013520272040416538,0.0184966369275699,0.021535296118258444,0.026288096273307172,0.011371644026810322,0.01467746501974311,0.016641741468441062,0.019787230619934152,0,0,0,0
2024-08-19,0.008103984135937714,0.013520272040416538,0.0184966369275699,0.021535296118258444,0.026288096273307172,0.011371644026810322,0.01467746501974311,0.016641741468441062,0.019787230619934152,0,0,0,0
2024-08-20,-0.005127479035679955,0.013520272040416538,0.0184966369275699,0.021535296118258444,0.026288096273307172,0.011371644026810322,0.01467746501974311,0.016641741468441062,0.019787230619934152,0,0,0,0
2024-08-21,0.0034521229054791072,0.013520272040416538,0.0184966369275699,0.021535296118258444,0.026288096273307172,0.011371644026810322,0.01467746501974311,0.016641741468441062,0.019787230619934152,0,0,0,0
2024-08-22,-0.003525367888469897,0.013520272040416538,0.0184966369275699,0.021535296118258444,0.026288096273307172,0.011371644026810322,0.01467746501974311,0.016641741468441062,0.019787230619934152,0,0,0,0
2024-08-23,0.009587017120094311,0.013520272040416538,0.0184966369275699,0.021535296118258444,0.026288096273307172,0.011371644026810322,0.01467746501974311,0.016641741468441062,0.019787230619934152,0,0,0,0
2024-08-26,0.0002760241922946795,0.013520272040416538,0.0184966369275699,0.021535296118258444,0.026288096273307172,0.011371644026810322,0.01467746501974311,0.016641741468441062,0.019787230619934152,0,0,0,0
2024-08-27,-0.0003680288652557644,0.013520272040416538,0.0184966369275699,0.021535296118258444,0.026288096273307172,0.011371644026810322,0.01467746501974311,0.016641741468441062,0.019787230619934152,0,0,0,0
2024-08-28,-0.0032875506194983526,0.013520272040416538,0.0184966369275699,0.021535296118258444,0.026288096273307172,0.011371644026810322,0.01467746501974311,0.016641741468441062,0.019787230619934152,0,0,0,0
2024-08-29,0.0039153561703499755,0.013520272040416538,0.0184966369275699,0.021535296118258444,0.026288096273307172,0.011371644026810322,0.01467746501974311,0.016641741468441062,0.019787230619934152,0,0,0,0
2024-08-30,0.008700622919781588,0.013520272040416538,0.0184966369275699,0.021535296118258444,0.026288096273307172,0.011371644026810322,0.01467746501974311,0.016641741468441062,0.019787230619934152,0,0,0,0
2024-09-03,-0.018027846285277756,0.013520272040416538,0.0184966369275699,0.021535296118258444,0.026288096273307172,0.011371644026810322,0.01467746501974311,0.016641741468441062,0.019787230619934152,1,0,1,1
2024-09-04,-0.001378624514948166,0.013520272040416538,0.0184966369275699,0.021535296118258444,0.026288096273307172,0.011371644026810322,0.01467746501974311,0.016641741468441062,0.019787230619934152,0,0,0,0
2024-09-05,-0.0072606644752169856,0.013520272040416538,0.0184966369275699,0.021535296118258444,0.026288096273307172,0.011371644026810322,0.01467746501974311,0.016641741468441062,0.019787230619934152,0,0,0,0
2024-09-06,-0.013405798897578482,0.013520272040416538,0.0184966369275699,0.021535296118258444,0.026288096273307172,0.011371644026810322,0.01467746501974311,0.016641741468441062,0.019787230619934152,0,0,1,0
2024-09-09,0.011664663073472694,0.013520272040416538,0.0184966369275699,0.021535296118258444,0.026288096273307172,0.011371644026810322,0.01467746501974311,0.016641741468441062,0.019787230619934152,0,0,0,0
2024-09-10,0.0003613958566880247,0.013520272040416538,0.0184966369275699,0.021535296118258444,0.026288096273307172,0.011371644026810322,0.01467746501974311,0.016641741468441062,0.019787230619934152,0,0,0,0
2024-09-11,0.004523286189602931,0.013520272040416538,0.0184966369275699,0.021535296118258444,0.026288096273307172,0.011371644026810322,0.01467746501974311,0.016641741468441062,0.019787230619934152,0,0,0,0
2024-09-12,0.005905577214672961,0.013520272040416538,0.0184966369275699,0.021535296118258444,0.026288096273307172,0.011371644026810322,0.01467746501974311,0.016641741468441062,0.019787230619934152,0,0,0,0
2024-09-13,0.006410180173875895,0.013520272040416538,0.0184966369275699,0.021535296118258444,0.026288096273307172,0.011371644026810322,0.01467746501974311,0.016641741468441062,0.019787230619934152,0,0,0,0
2024-09-16,0.005944351545725578,0.013520272040416538,0.0184966369275699,0.021535296118258444,0.026288096273307172,0.011371644026810322,0.01467746501974311,0.016641741468441062,0.019787230619934152,0,0,0,0
2024-09-17,0.0016482381487424758,0.013520272040416538,0.0184966369275699,0.021535296118258444,0.026288096273307172,0.011371644026810322,0.01467746501974311,0.016641741468441062,0.019787230619934152,0,0,0,0
2024-09-18,-0.003345279445570179,0.013520272040416538,0.0184966369275699,0.021535296118258444,0.026288096273307172,0.011371644026810322,0.01467746501974311,0.016641741468441062,0.019787230619934152,0,0,0,0
2024-09-19,0.01197914396218332,0.013520272040416538,0.0184966369275699,0.021535296118258444,0.026288096273307172,0.011371644026810322,0.01467746501974311,0.016641741468441062,0.019787230619934152,0,0,0,0
2024-09-20,0.0007701448065602306,0.013520272040416538,0.0184966369275699,0.021535296118258444,0.026288096273307172,0.011371644026810322,0.01467746501974311,0.016641741468441062,0.019787230619934152,0,0,0,0
2024-09-23,0.003996184657127862,0.013520272040416538,0.0184966369275699,0.021535296118258444,0.026288096273307172,0.011371644026810322,0.01467746501974311,0.016641741468441062,0.019787230619934152,0,0,0,0
2024-09-24,-0.0004521243726031771,0.013520272040416538,0.0184966369275699,0.021535296118258444,0.026288096273307172,0.011371644026810322,0.01467746501974311,0.016641741468441062,0.019787230619934152,0,0,0,0
2024-09-25,-0.00490687893084933,0.013520272040416538,0.0184966369275699,0.021535296118258444,0.026288096273307172,0.011371644026810322,0.01467746501974311,0.016641741468441062,0.019787230619934152,0,0,0,0
2024-09-26,0.0005519638556459489,0.013520272040416538,0.0184966369275699,0.021535296118258444,0.026288096273307172,0.011371644026810322,0.01467746501974311,0.016641741468441062,0.019787230619934152,0,0,0,0
2024-09-27,0.003282257920932303,0.013520272040416538,0.0184966369275699,0.021535296118258444,0.026288096273307172,0.011371644026810322,0.01467746501974311,0.016641741468441062,0.019787230619934152,0,0,0,0
2024-09-30,0.0047358573362613395,0.013520272040416538,0.0184966369275699,0.021535296118258444,0.026288096273307172,0.011371644026810322,0.01467746501974311,0.016641741468441062,0.019787230619934152,0,0,0,0
2024-10-01,-0.0018842910825394132,0.013520272040416538,0.0184966369275699,0.021535296118258444,0.026288096273307172,0.011371644026810322,0.01467746501974311,0.016641741468441062,0.019787230619934152,0,0,0,0
2024-10-02,0.002245025116221967,0.013520272040416538,0.0184966369275699,0.021535296118258444,0.026288096273307172,0.011371644026810322,0.01467746501974311,0.016641741468441062,0.019787230619934152,0,0,0,0
2024-10-03,-1.2990280165978234e-05,0.013520272040416538,0.0184966369275699,0.021535296118258444,0.026288096273307172,0.011371644026810322,0.01467746501974311,0.016641741468441062,0.019787230619934152,0,0,0,0
2024-10-04,0.00747589282219159,0.013520272040416538,0.0184966369275699,0.021535296118258444,0.026288096273307172,0.011371644026810322,0.01467746501974311,0.016641741468441062,0.019787230619934152,0,0,0,0
2024-10-07,-0.00784659359219251,0.013520272040416538,0.0184966369275699,0.021535296118258444,0.026288096273307172,0.011371644026810322,0.01467746501974311,0.016641741468441062,0.019787230619934152,0,0,0,0
2024-10-08,0.0021956846056779243,0.013520272040416538,0.0184966369275699,0.021535296118258444,0.026288096273307172,0.011371644026810322,0.01467746501974311,0.016641741468441062,0.019787230619934152,0,0,0,0
2024-10-09,0.00624671088419602,0.014609710573960441,0.019773684883810608,0.022987231268672876,0.027880015117364564,0.011695904313430332,0.015213026462030871,0.01727926511134282,0.020542699186438376,0,0,0,0
2024-10-10,-0.0014628335064964392,0.014609710573960441,0.019773684883810608,0.022987231268672876,0.027880015117364564,0.011695904313430332,0.015213026462030871,0.01727926511134282,0.020542699186438376,0,0,0,0
2024-10-11,0.009532589949731208,0.014609710573960441,0.019773684883810608,0.022987231268672876,0.027880015117364564,0.011695904313430332,0.015213026462030871,0.01727926511134282,0.020542699186438376,0,0,0,0
2024-10-14,0.007273179561577013,0.014609710573960441,0.019773684883810608,0.022987231268672876,0.027880015117364564,0.011695904313430332,0.015213026462030871,0.01727926511134282,0.020542699186438376,0,0,0,0
2024-10-15,-0.010883040135782552,0.014609710573960441,0.019773684883810608,0.022987231268672876,0.027880015117364564,0.011695904313430332,0.015213026462030871,0.01727926511134282,0.020542699186438376,0,0,0,0
2024-10-16,0.007811905670882688,0.014609710573960441,0.019773684883810608,0.022987231268672876,0.027880015117364564,0.011695904313430332,0.015213026462030871,0.01727926511134282,0.020542699186438376,0,0,0,0
2024-10-17,-0.0009995347980033948,0.014609710573960441,0.019773684883810608,0.022987231268672876,0.027880015117364564,0.011695904313430332,0.015213026462030871,0.01727926511134282,0.020542699186438376,0,0,0,0
2024-10-18,0.002558206090820673,0.014609710573960441,0.019773684883810608,0.022987231268672876,0.027880015117364564,0.011695904313430332,0.015213026462030871,0.01727926511134282,0.020542699186438376,0,0,0,0
2024-10-21,-0.0038919914189880717,0.014609710573960441,0.019773684883810608,0.022987231268672876,0.027880015117364564,0.011695904313430332,0.015213026462030871,0.01727926511134282,0.020542699186438376,0,0,0,0
2024-10-22,-0.002619677227648142,0.014609710573960441,0.019773684883810608,0.022987231268672876,0.027880015117364564,0.011695904313430332,0.015213026462030871,0.01727926511134282,0.020542699186438376,0,0,0,0
2024-10-23,-0.0039663800693493815,0.014609710573960441,0.019773684883810608,0.022987231268672876,0.027880015117364564,0.011695904313430332,0.015213026462030871,0.01727926511134282,0.020542699186438376,0,0,0,0
2024-10-24,-0.0020218054450749177,0.014609710573960441,0.019773684883810608,0.022987231268672876,0.027880015117364564,0.011695904313430332,0.015213026462030871,0.01727926511134282,0.020542699186438376,0,0,0,0
2024-10-25,-0.004241304976650923,0.014609710573960441,0.019773684883810608,0.022987231268672876,0.027880015117364564,0.011695904313430332,0.015213026462030871,0.01727926511134282,0.020542699186438376,0,0,0,0
2024-10-28,0.0030016200406989975,0.014609710573960441,0.019773684883810608,0.022987231268672876,0.027880015117364564,0.011695904313430332,0.015213026462030871,0.01727926511134282,0.020542699186438376,0,0,0,0
2024-10-29,-0.004600811286741517,0.014609710573960441,0.019773684883810608,0.022987231268672876,0.027880015117364564,0.011695904313430332,0.015213026462030871,0.01727926511134282,0.020542699186438376,0,0,0,0
2024-10-30,-0.002614817136812435,0.014609710573960441,0.019773684883810608,0.022987231268672876,0.027880015117364564,0.011695904313430332,0.015213026462030871,0.01727926511134282,0.020542699186438376,0,0,0,0
2024-10-31,-0.009975930097372545,0.014609710573960441,0.019773684883810608,0.022987231268672876,0.027880015117364564,0.011695904313430332,0.015213026462030871,0.01727926511134282,0.020542699186438376,0,0,0,0
2024-11-01,-0.0009261888156795549,0.014609710573960441,0.019773684883810608,0.022987231268672876,0.027880015117364564,0.011695904313430332,0.015213026462030871,0.01727926511134282,0.020542699186438376,0,0,0,0
2024-11-04,-0.0018576673863364922,0.014609710573960441,0.019773684883810608,0.022987231268672876,0.027880015117364564,0.011695904313430332,0.015213026462030871,0.01727926511134282,0.020542699186438376,0,0,0,0
2024-11-05,0.011537973474123057,0.014609710573960441,0.019773684883810608,0.022987231268672876,0.027880015117364564,0.011695904313430332,0.015213026462030871,0.01727926511134282,0.020542699186438376,0,0,0,0
2024-11-06,0.025410589711668114,0.014609710573960441,0.019773684883810608,0.022987231268672876,0.027880015117364564,0.011695904313430332,0.015213026462030871,0.01727926511134282,0.020542699186438376,0,0,0,0
2024-11-07,0.0010125564142089074,0.014609710573960441,0.019773684883810608,0.022987231268672876,0.027880015117364564,0.011695904313430332,0.015213026462030871,0.01727926511134282,0.020542699186438376,0,0,0,0
2024-11-08,0.007954015944936388,0.014609710573960441,0.019773684883810608,0.022987231268672876,0.027880015117364564,0.011695904313430332,0.015213026462030871,0.01727926511134282,0.020542699186438376,0,0,0,0
2024-11-11,0.0028272124377138157,0.014609710573960441,0.019773684883810608,0.022987231268672876,0.027880015117364564,0.011695904313430332,0.015213026462030871,0.01727926511134282,0.020542699186438376,0,0,0,0
2024-11-12,-0.006336029470124189,0.014609710573960441,0.019773684883810608,0.022987231268672876,0.027880015117364564,0.011695904313430332,0.015213026462030871,0.01727926511134282,0.020542699186438376,0,0,0,0
2024-11-13,0.00043386073936554524,0.014609710573960441,0.019773684883810608,0.022987231268672876,0.027880015117364564,0.011695904313430332,0.015213026462030871,0.01727926511134282,0.020542699186438376,0,0,0,0
2024-11-14,-0.0064276472218099834,0.014609710573960441,0.019773684883810608,0.022987231268672876,0.027880015117364564,0.011695904313430332,0.015213026462030871,0.01727926511134282,0.020542699186438376,0,0,0,0
2024-11-15,-0.006299432110618916,0.014609710573960441,0.019773684883810608,0.022987231268672876,0.027880015117364564,0.011695904313430332,0.015213026462030871,0.01727926511134282,0.020542699186438376,0,0,0,0
2024-11-18,0.004506217376505155,0.014609710573960441,0.019773684883810608,0.022987231268672876,0.027880015117364564,0.011695904313430332,0.015213026462030871,0.01727926511134282,0.020542699186438376,0,0,0,0
2024-11-19,-0.00012102944188371196,0.014609710573960441,0.019773684883810608,0.022987231268672876,0.027880015117364564,0.011695904313430332,0.015213026462030871,0.01727926511134282,0.020542699186438376,0,0,0,0
2024-11-20,0.002828431391588313,0.014609710573960441,0.019773684883810608,0.022987231268672876,0.027880015117364564,0.011695904313430332,0.015213026462030871,0.01727926511134282,0.020542699186438376,0,0,0,0
2024-11-21,0.01055372667002369,0.014609710573960441,0.019773684883810608,0.022987231268672876,0.027880015117364564,0.011695904313430332,0.015213026462030871,0.01727926511134282,0.020542699186438376,0,0,0,0
2024-11-22,0.003657453682538747,0.014609710573960441,0.019773684883810608,0.022987231268672876,0.027880015117364564,0.011695904313430332,0.015213026462030871,0.01727926511134282,0.020542699186438376,0,0,0,0
2024-11-25,0.0009209726214433218,0.014609710573960441,0.019773684883810608,0.022987231268672876,0.027880015117364564,0.011695904313430332,0.015213026462030871,0.01727926511134282,0.020542699186438376,0,0,0,0
2024-11-26,0.004733786448998142,0.014609710573960441,0.019773684883810608,0.022987231268672876,0.027880015117364564,0.011695904313430332,0.015213026462030871,0.01727926511134282,0.020542699186438376,0,0,0,0
2024-11-27,-0.002020572013887543,0.014609710573960441,0.019773684883810608,0.022987231268672876,0.027880015117364564,0.011695904313430332,0.015213026462030871,0.01727926511134282,0.020542699186438376,0,0,0,0
2024-11-29,0.0043461680437365795,0.014609710573960441,0.019773684883810608,0.022987231268672876,0.027880015117364564,0.011695904313430332,0.015213026462030871,0.01727926511134282,0.020542699186438376,0,0,0,0
2024-12-02,-0.005745760341640079,0.014609710573960441,0.019773684883810608,0.022987231268672876,0.027880015117364564,0.011695904313430332,0.015213026462030871,0.01727926511134282,0.020542699186438376,0,0,0,0
2024-12-03,-0.002967865394299317,0.014609710573960441,0.019773684883810608,0.022987231268672876,0.027880015117364564,0.011695904313430332,0.015213026462030871,0.01727926511134282,0.020542699186438376,0,0,0,0
2024-12-04,-2.802089392625755e-05,0.014609710573960441,0.019773684883810608,0.022987231268672876,0.027880015117364564,0.011695904313430332,0.015213026462030871,0.01727926511134282,0.020542699186438376,0,0,0,0
2024-12-05,-0.002883081963309841,0.014609710573960441,0.019773684883810608,0.022987231268672876,0.027880015117364564,0.011695904313430332,0.015213026462030871,0.01727926511134282,0.020542699186438376,0,0,0,0
2024-12-06,-0.00460470809930324,0.014609710573960441,0.019773684883810608,0.022987231268672876,0.027880015117364564,0.011695904313430332,0.015213026462030871,0.01727926511134282,0.020542699186438376,0,0,0,0
2024-12-09,-0.006510915853978243,0.014609710573960441,0.019773684883810608,0.022987231268672876,0.027880015117364564,0.011695904313430332,0.015213026462030871,0.01727926511134282,0.020542699186438376,0,0,0,0
2024-12-10,-0.005428877041690605,0.014609710573960441,0.019773684883810608,0.022987231268672876,0.027880015117364564,0.011695904313430332,0.015213026462030871,0.01727926511134282,0.020542699186438376,0,0,0,0
2024-12-11,0.0004956657424784197,0.014609710573960441,0.019773684883810608,0.022987231268672876,0.027880015117364564,0.011695904313430332,0.015213026462030871,0.01727926511134282,0.020542699186438376,0,0,0,0
2024-12-12,-0.005464306835087598,0.014609710573960441,0.019773684883810608,0.022987231268672876,0.027880015117364564,0.011695904313430332,0.015213026462030871,0.01727926511134282,0.020542699186438376,0,0,0,0
2024-12-13,-0.0005535101760876813,0.014609710573960441,0.019773684883810608,0.022987231268672876,0.027880015117364564,0.011695904313430332,0.015213026462030871,0.01727926511134282,0.020542699186438376,0,0,0,0
2024-12-16,-0.004136301790553238,0.014609710573960441,0.019773684883810608,0.022987231268672876,0.027880015117364564,0.011695904313430332,0.015213026462030871,0.01727926511134282,0.020542699186438376,0,0,0,0
2024-12-17,-0.005551165857406225,0.014609710573960441,0.019773684883810608,0.022987231268672876,0.027880015117364564,0.011695904313430332,0.015213026462030871,0.01727926511134282,0.020542699186438376,0,0,0,0
2024-12-18,-0.027092358072588647,0.014609710573960441,0.019773684883810608,0.022987231268672876,0.027880015117364564,0.011695904313430332,0.015213026462030871,0.01727926511134282,0.020542699186438376,1,1,1,1
2024-12-19,-0.0012498543857673045,0.014609710573960441,0.019773684883810608,0.022987231268672876,0.027880015117364564,0.011695904313430332,0.015213026462030871,0.01727926511134282,0.020542699186438376,0,0,0,0
2024-12-20,0.01304429537941327,0.014609710573960441,0.019773684883810608,0.022987231268672876,0.027880015117364564,0.011695904313430332,0.015213026462030871,0.01727926511134282,0.020542699186438376,0,0,0,0
2024-12-23,0.005410530938557235,0.014609710573960441,0.019773684883810608,0.022987231268672876,0.027880015117364564,0.011695904313430332,0.015213026462030871,0.01727926511134282,0.020542699186438376,0,0,0,0
2024-12-24,0.008407108432584697,0.014609710573960441,0.019773684883810608,0.022987231268672876,0.027880015117364564,0.011695904313430332,0.015213026462030871,0.01727926511134282,0.020542699186438376,0,0,0,0
2024-12-26,0.00039242347166062156,0.014609710573960441,0.019773684883810608,0.022987231268672876,0.027880015117364564,0.011695904313430332,0.015213026462030871,0.01727926511134282,0.020542699186438376,0,0,0,0
2024-12-27,-0.006639038312100312,0.014609710573960441,0.019773684883810608,0.022987231268672876,0.027880015117364564,0.011695904313430332,0.015213026462030871,0.01727926511134282,0.020542699186438376,0,0,0,0
2024-12-30,-0.008683586636412008,0.014609710573960441,0.019773684883810608,0.022987231268672876,0.027880015117364564,0.011695904313430332,0.015213026462030871,0.01727926511134282,0.020542699186438376,0,0,0,0
2024-12-31,0.0003351083428136414,0.014609710573960441,0.019773684883810608,0.022987231268672876,0.027880015117364564,0.011695904313430332,0.015213026462030871,0.01727926511134282,0.020542699186438376,0,0,0,0
2025-01-02,0.0012455445915004987,0.014609710573960441,0.019773684883810608,0.022987231268672876,0.027880015117364564,0.011695904313430332,0.015213026462030871,0.01727926511134282,0.020542699186438376,0,0,0,0
2025-01-03,0.010975434403009203,0.014609710573960441,0.019773684883810608,0.022987231268672876,0.027880015117364564,0.011695904313430332,0.015213026462030871,0.01727926511134282,0.020542699186438376,0,0,0,0
2025-01-06,-0.00032311999305667305,0.014609710573960441,0.019773684883810608,0.022987231268672876,0.027880015117364564,0.011695904313430332,0.015213026462030871,0.01727926511134282,0.020542699186438376,0,0,0,0
2025-01-07,-0.0032132814226032533,0.014609710573960441,0.019773684883810608,0.022987231268672876,0.027880015117364564,0.011695904313430332,0.015213026462030871,0.01727926511134282,0.020542699186438376,0,0,0,0
2025-01-08,0.0020351127307012967,0.014609710573960441,0.019773684883810608,0.022987231268672876,0.027880015117364564,0.011695904313430332,0.015213026462030871,0.01727926511134282,0.020542699186438376,0,0,0,0
2025-01-10,-0.011481816245982074,0.014609710573960441,0.019773684883810608,0.022987231268672876,0.027880015117364564,0.011695904313430332,0.015213026462030871,0.01727926511134282,0.020542699186438376,0,0,0,0
2025-01-13,0.005046190441038824,0.014609710573960441,0.019773684883810608,0.022987231268672876,0.027880015117364564,0.011695904313430332,0.015213026462030871,0.01727926511134282,0.020542699186438376,0,0,0,0
2025-01-14,0.005916107699030103,0.014609710573960441,0.019773684883810608,0.022987231268672876,0.027880015117364564,0.011695904313430332,0.015213026462030871,0.01727926511134282,0.020542699186438376,0,0,0,0
2025-01-15,0.014644337647974653,0.014609710573960441,0.019773684883810608,0.022987231268672876,0.027880015117364564,0.011695904313430332,0.015213026462030871,0.01727926511134282,0.020542699186438376,0,0,0,0
2025-01-16,0.006453321481110245,0.014609710573960441,0.019773684883810608,0.022987231268672876,0.027880015117364564,0.011695904313430332,0.015213026462030871,0.01727926511134282,0.020542699186438376,0,0,0,0
2025-01-17,0.006033102650002005,0.014609710573960441,0.019773684883810608,0.022987231268672876,0.027880015117364564,0.011695904313430332,0.015213026462030871,0.01727926511134282,0.020542699186438376,0,0,0,0
2025-01-21,0.01037059455564486,0.014609710573960441,0.019773684883810608,0.022987231268672876,0.027880015117364564,0.011695904313430332,0.015213026462030871,0.01727926511134282,0.020542699186438376,0,0,0,0
2025-01-22,-0.0030879888343165324,0.014609710573960441,0.019773684883810608,0.022987231268672876,0.027880015117364564,0.011695904313430332,0.015213026462030871,0.01727926511134282,0.020542699186438376,0,0,0,0
2025-01-23,0.006512447542685845,0.014609710573960441,0.019773684883810608,0.022987231268672876,0.027880015117364564,0.011695904313430332,0.015213026462030871,0.01727926511134282,0.020542699186438376,0,0,0,0
2025-01-24,-0.0018113411706504197,0.014609710573960441,0.019773684883810608,0.022987231268672876,0.027880015117364564,0.011695904313430332,0.015213026462030871,0.01727926511134282,0.020542699186438376,0,0,0,0
2025-01-27,-0.011245288573079293,0.014609710573960441,0.019773684883810608,0.022987231268672876,0.027880015117364564,0.011695904313430332,0.015213026462030871,0.01727926511134282,0.020542699186438376,0,0,0,0
2025-01-28,-0.0005641024069369029,0.014609710573960441,0.019773684883810608,0.022987231268672876,0.027880015117364564,0.011695904313430332,0.015213026462030871,0.01727926511134282,0.020542699186438376,0,0,0,0
2025-01-29,-0.002630139122921576,0.014609710573960441,0.019773684883810608,0.022987231268672876,0.027880015117364564,0.011695904313430332,0.015213026462030871,0.01727926511134282,0.020542699186438376,0,0,0,0
2025-01-30,0.009292715295534394,0.014609710573960441,0.019773684883810608,0.022987231268672876,0.027880015117364564,0.011695904313430332,0.015213026462030871,0.01727926511134282,0.020542699186438376,0,0,0,0
2025-01-31,-0.008787634238296264,0.014609710573960441,0.019773684883810608,0.022987231268672876,0.027880015117364564,0.011695904313430332,0.015213026462030871,0.01727926511134282,0.020542699186438376,0,0,0,0
2025-02-03,-0.0026929316368912914,0.014609710573960441,0.019773684883810608,0.022987231268672876,0.027880015117364564,0.011695904313430332,0.015213026462030871,0.01727926511134282,0.020542699186438376,0,0,0,0
2025-02-04,0.004018387061930161,0.014609710573960441,0.019773684883810608,0.022987231268672876,0.027880015117364564,0.011695904313430332,0.015213026462030871,0.01727926511134282,0.020542699186438376,0,0,0,0
2025-02-05,0.007247591476803729,0.014609710573960441,0.019773684883810608,0.022987231268672876,0.027880015117364564,0.011695904313430332,0.015213026462030871,0.01727926511134282,0.020542699186438376,0,0,0,0
2025-02-06,-0.0013887494825570938,0.014609710573960441,0.019773684883810608,0.022987231268672876,0.027880015117364564,0.011695904313430332,0.015213026462030871,0.01727926511134282,0.020542699186438376,0,0,0,0
2025-02-07,-0.0047447847888814785,0.014609710573960441,0.019773684883810608,0.022987231268672876,0.027880015117364564,0.011695904313430332,0.015213026462030871,0.01727926511134282,0.020542699186438376,0,0,0,0
2025-02-10,0.007707242067652073,0.014609710573960441,0.019773684883810608,0.022987231268672876,0.027880015117364564,0.011695904313430332,0.015213026462030871,0.01727926511134282,0.020542699186438376,0,0,0,0
2025-02-11,0.0021927009674559818,0.014609710573960441,0.019773684883810608,0.022987231268672876,0.027880015117364564,0.011695904313430332,0.015213026462030871,0.01727926511134282,0.020542699186438376,0,0,0,0
2025-02-12,-0.006102991484014177,0.014609710573960441,0.019773684883810608,0.022987231268672876,0.027880015117364564,0.011695904313430332,0.015213026462030871,0.01727926511134282,0.020542699186438376,0,0,0,0
2025-02-13,0.006549516745572068,0.014609710573960441,0.019773684883810608,0.022987231268672876,0.027880015117364564,0.011695904313430332,0.015213026462030871,0.01727926511134282,0.020542699186438376,0,0,0,0
2025-02-14,-0.0011833406013317734,0.014609710573960441,0.019773684883810608,0.022987231268672876,0.027880015117364564,0.011695904313430332,0.015213026462030871,0.01727926511134282,0.020542699186438376,0,0,0,0
2025-02-18,0.006842061664649684,0.014609710573960441,0.019773684883810608,0.022987231268672876,0.027880015117364564,0.011695904313430332,0.015213026462030871,0.01727926511134282,0.020542699186438376,0,0,0,0
2025-02-19,0.004264879203682837,0.014609710573960441,0.019773684883810608,0.022987231268672876,0.027880015117364564,0.011695904313430332,0.015213026462030871,0.01727926511134282,0.020542699186438376,0,0,0,0
2025-02-20,-0.0021189341639616466,0.014609710573960441,0.019773684883810608,0.022987231268672876,0.027880015117364564,0.011695904313430332,0.015213026462030871,0.01727926511134282,0.020542699186438376,0,0,0,0
2025-02-21,-0.015076035928534558,0.014609710573960441,0.019773684883810608,0.022987231268672876,0.027880015117364564,0.011695904313430332,0.015213026462030871,0.01727926511134282,0.020542699186438376,1,0,1,0
2025-02-24,-0.0022657838744030573,0.014609710573960441,0.019773684883810608,0.022987231268672876,0.027880015117364564,0.011695904313430332,0.015213026462030871,0.01727926511134282,0.020542699186438376,0,0,0,0
2025-02-25,-0.003437201389421232,0.014609710573960441,0.019773684883810608,0.022987231268672876,0.027880015117364564,0.011695904313430332,0.015213026462030871,0.01727926511134282,0.020542699186438376,0,0,0,0
2025-02-26,0.00014290761854067786,0.014609710573960441,0.019773684883810608,0.022987231268672876,0.027880015117364564,0.011695904313430332,0.015213026462030871,0.01727926511134282,0.020542699186438376,0,0,0,0
2025-02-27,-0.010328532026032306,0.014609710573960441,0.019773684883810608,0.022987231268672876,0.027880015117364564,0.011695904313430332,0.015213026462030871,0.01727926511134282,0.020542699186438376,0,0,0,0
2025-02-28,0.014900321993378403,0.014609710573960441,0.019773684883810608,0.022987231268672876,0.027880015117364564,0.011695904313430332,0.015213026462030871,0.01727926511134282,0.020542699186438376,0,0,0,0
2025-03-03,-0.01445613718333261,0.014609710573960441,0.019773684883810608,0.022987231268672876,0.027880015117364564,0.011695904313430332,0.015213026462030871,0.01727926511134282,0.020542699186438376,0,0,1,0
2025-03-04,-0.014805631355809373,0.014609710573960441,0.019773684883810608,0.022987231268672876,0.027880015117364564,0.011695904313430332,0.015213026462030871,0.01727926511134282,0.020542699186438376,1,0,1,0
2025-03-05,0.004902627274805052,0.014609710573960441,0.019773684883810608,0.022987231268672876,0.027880015117364564,0.011695904313430332,0.015213026462030871,0.01727926511134282,0.020542699186438376,0,0,0,0
2025-03-06,-0.013152370748097315,0.014609710573960441,0.019773684883810608,0.022987231268672876,0.027880015117364564,0.011695904313430332,0.015213026462030871,0.01727926511134282,0.020542699186438376,0,0,1,0
2025-03-07,0.008819595661928364,0.014609710573960441,0.019773684883810608,0.022987231268672876,0.027880015117364564,0.011695904313430332,0.015213026462030871,0.01727926511134282,0.020542699186438376,0,0,0,0
2025-03-10,-0.0144785942283715,0.014609710573960441,0.019773684883810608,0.022987231268672876,0.027880015117364564,0.011695904313430332,0.015213026462030871,0.01727926511134282,0.020542699186438376,0,0,1,0
2025-03-11,-0.009257305288018889,0.014609710573960441,0.019773684883810608,0.022987231268672876,0.027880015117364564,0.011695904313430332,0.015213026462030871,0.01727926511134282,0.020542699186438376,0,0,0,0
2025-03-12,0.001959591905085243,0.014609710573960441,0.019773684883810608,0.022987231268672876,0.027880015117364564,0.011695904313430332,0.015213026462030871,0.01727926511134282,0.020542699186438376,0,0,0,0
2025-03-13,-0.008296470743430574,0.014609710573960441,0.019773684883810608,0.022987231268672876,0.027880015117364564,0.011695904313430332,0.015213026462030871,0.01727926511134282,0.020542699186438376,0,0,0,0
2025-03-14,0.021052729749281067,0.014609710573960441,0.019773684883810608,0.022987231268672876,0.027880015117364564,0.011695904313430332,0.015213026462030871,0.01727926511134282,0.020542699186438376,0,0,0,0
2025-03-17,0.010372447723634371,0.014609710573960441,0.019773684883810608,0.022987231268672876,0.027880015117364564,0.011695904313430332,0.015213026462030871,0.01727926511134282,0.020542699186438376,0,0,0,0
2025-03-18,-0.005755211845814038,0.014609710573960441,0.019773684883810608,0.022987231268672876,0.027880015117364564,0.011695904313430332,0.015213026462030871,0.01727926511134282,0.020542699186438376,0,0,0,0
2025-03-19,0.009757110760735516,0.014609710573960441,0.019773684883810608,0.022987231268672876,0.027880015117364564,0.011695904313430332,0.015213026462030871,0.01727926511134282,0.020542699186438376,0,0,0,0
2025-03-20,-0.0007631634964475139,0.014609710573960441,0.019773684883810608,0.022987231268672876,0.027880015117364564,0.011695904313430332,0.015213026462030871,0.01727926511134282,0.020542699186438376,0,0,0,0
2025-03-21,-0.0031702744345678516,0.014609710573960441,0.019773684883810608,0.022987231268672876,0.027880015117364564,0.011695904313430332,0.015213026462030871,0.01727926511134282,0.020542699186438376,0,0,0,0
2025-03-24,0.012997466168684113,0.014609710573960441,0.019773684883810608,0.022987231268672876,0.027880015117364564,0.011695904313430332,0.015213026462030871,0.01727926511134282,0.020542699186438376,0,0,0,0
2025-03-25,-0.0017334764517897723,0.014609710573960441,0.019773684883810608,0.022987231268672876,0.027880015117364564,0.011695904313430332,0.015213026462030871,0.01727926511134282,0.020542699186438376,0,0,0,0
2025-03-26,-0.005049935160516199,0.014609710573960441,0.019773684883810608,0.022987231268672876,0.027880015117364564,0.011695904313430332,0.015213026462030871,0.01727926511134282,0.020542699186438376,0,0,0,0
2025-03-27,-0.00395299526382927,0.014609710573960441,0.019773684883810608,0.022987231268672876,0.027880015117364564,0.011695904313430332,0.015213026462030871,0.01727926511134282,0.020542699186438376,0,0,0,0
2025-03-28,-0.01225319274202671,0.014609710573960441,0.019773684883810608,0.022987231268672876,0.027880015117364564,0.011695904313430332,0.015213026462030871,0.01727926511134282,0.020542699186438376,0,0,1,0
2025-03-31,0.008380645933033332,0.014609710573960441,0.019773684883810608,0.022987231268672876,0.027880015117364564,0.011695904313430332,0.015213026462030871,0.01727926511134282,0.020542699186438376,0,0,0,0
2025-04-01,0.0006396428367859791,0.014609710573960441,0.019773684883810608,0.022987231268672876,0.027880015117364564,0.011695904313430332,0.015213026462030871,0.01727926511134282,0.020542699186438376,0,0,0,0
2025-04-02,0.006283286020480137,0.014609710573960441,0.019773684883810608,0.022987231268672876,0.027880015117364564,0.011695904313430332,0.015213026462030871,0.01727926511134282,0.020542699186438376,0,0,0,0
2025-04-03,-0.046224847232370504,0.01632122178249765,0.022401810324824904,0.026074509126788614,0.031850208326590745,0.013652948633761486,0.01794777260558407,0.02030510987163233,0.024872289517139153,1,1,1,1
2025-04-04,-0.06850408707086221,0.01632122178249765,0.022401810324824904,0.026074509126788614,0.031850208326590745,0.013652948633761486,0.01794777260558407,0.02030510987163233,0.024872289517139153,1,1,1,1
2025-04-07,-0.00441504795109632,0.01632122178249765,0.022401810324824904,0.026074509126788614,0.031850208326590745,0.013652948633761486,0.01794777260558407,0.02030510987163233,0.024872289517139153,0,0,0,0
2025-04-08,-0.012447142212606701,0.01632122178249765,0.022401810324824904,0.026074509126788614,0.031850208326590745,0.013652948633761486,0.01794777260558407,0.02030510987163233,0.024872289517139153,0,0,0,0
2025-04-09,0.07705418692447576,0.01632122178249765,0.022401810324824904,0.026074509126788614,0.031850208326590745,0.013652948633761486,0.01794777260558407,0.02030510987163233,0.024872289517139153,0,0,0,0
2025-04-10,-0.035761610167782835,0.01632122178249765,0.022401810324824904,0.026074509126788614,0.031850208326590745,0.013652948633761486,0.01794777260558407,0.02030510987163233,0.024872289517139153,1,1,1,1
2025-04-11,0.017583057189939556,0.01632122178249765,0.022401810324824904,0.026074509126788614,0.031850208326590745,0.013652948633761486,0.01794777260558407,0.02030510987163233,0.024872289517139153,0,0,0,0
2025-04-14,0.010400473562826225,0.01632122178249765,0.022401810324824904,0.026074509126788614,0.031850208326590745,0.013652948633761486,0.01794777260558407,0.02030510987163233,0.024872289517139153,0,0,0,0
2025-04-15,-0.0013422872377736746,0.01632122178249765,0.022401810324824904,0.026074509126788614,0.031850208326590745,0.013652948633761486,0.01794777260558407,0.02030510987163233,0.024872289517139153,0,0,0,0
2025-04-16,-0.014070104108018714,0.01632122178249765,0.022401810324824904,0.026074509126788614,0.031850208326590745,0.013652948633761486,0.01794777260558407,0.02030510987163233,0.024872289517139153,0,0,1,0
2025-04-17,0.004381476122315862,0.01632122178249765,0.022401810324824904,0.026074509126788614,0.031850208326590745,0.013652948633761486,0.01794777260558407,0.02030510987163233,0.024872289517139153,0,0,0,0
2025-04-21,-0.02383084686732,0.01632122178249765,0.022401810324824904,0.026074509126788614,0.031850208326590745,0.013652948633761486,0.01794777260558407,0.02030510987163233,0.024872289517139153,1,0,1,1
2025-04-22,0.024324149171578817,0.01632122178249765,0.022401810324824904,0.026074509126788614,0.031850208326590745,0.013652948633761486,0.01794777260558407,0.02030510987163233,0.024872289517139153,0,0,0,0
2025-04-23,0.01078960192581266,0.01632122178249765,0.022401810324824904,0.026074509126788614,0.031850208326590745,0.013652948633761486,0.01794777260558407,0.02030510987163233,0.024872289517139153,0,0,0,0
2025-04-24,0.01717897258553894,0.01632122178249765,0.022401810324824904,0.026074509126788614,0.031850208326590745,0.013652948633761486,0.01794777260558407,0.02030510987163233,0.024872289517139153,0,0,0,0
2025-04-25,0.0024204005582047247,0.01632122178249765,0.022401810324824904,0.026074509126788614,0.031850208326590745,0.013652948633761486,0.01794777260558407,0.02030510987163233,0.024872289517139153,0,0,0,0
2025-04-28,0.0031864400504370326,0.01632122178249765,0.022401810324824904,0.026074509126788614,0.031850208326590745,0.013652948633761486,0.01794777260558407,0.02030510987163233,0.024872289517139153,0,0,0,0
2025-04-29,0.005349115939142209,0.01632122178249765,0.022401810324824904,0.026074509126788614,0.031850208326590745,0.013652948633761486,0.01794777260558407,0.02030510987163233,0.024872289517139153,0,0,0,0
2025-04-30,-0.0014698312715381685,0.01632122178249765,0.022401810324824904,0.026074509126788614,0.031850208326590745,0.013652948633761486,0.01794777260558407,0.02030510987163233,0.024872289517139153,0,0,0,0
2025-05-01,0.001131657522376916,0.01632122178249765,0.022401810324824904,0.026074509126788614,0.031850208326590745,0.013652948633761486,0.01794777260558407,0.02030510987163233,0.024872289517139153,0,0,0,0
2025-05-02,0.015088636598708741,0.01632122178249765,0.022401810324824904,0.026074509126788614,0.031850208326590745,0.013652948633761486,0.01794777260558407,0.02030510987163233,0.024872289517139153,0,0,0,0
2025-05-05,-0.005793401771798719,0.01632122178249765,0.022401810324824904,0.026074509126788614,0.031850208326590745,0.013652948633761486,0.01794777260558407,0.02030510987163233,0.024872289517139153,0,0,0,0
2025-05-06,-0.006688237384200256,0.01632122178249765,0.022401810324824904,0.026074509126788614,0.031850208326590745,0.013652948633761486,0.01794777260558407,0.02030510987163233,0.024872289517139153,0,0,0,0
2025-05-07,0.0051413359416287675,0.01632122178249765,0.022401810324824904,0.026074509126788614,0.031850208326590745,0.013652948633761486,0.01794777260558407,0.02030510987163233,0.024872289517139153,0,0,0,0
2025-05-08,0.004904986189922363,0.01632122178249765,0.022401810324824904,0.026074509126788614,0.031850208326590745,0.013652948633761486,0.01794777260558407,0.02030510987163233,0.024872289517139153,0,0,0,0
2025-05-09,-0.00012949089055668968,0.01632122178249765,0.022401810324824904,0.026074509126788614,0.031850208326590745,0.013652948633761486,0.01794777260558407,0.02030510987163233,0.024872289517139153,0,0,0,0
2025-05-12,0.024632305538334325,0.01632122178249765,0.022401810324824904,0.026074509126788614,0.031850208326590745,0.013652948633761486,0.01794777260558407,0.02030510987163233,0.024872289517139153,0,0,0,0
2025-05-13,0.0030124218804910593,0.01632122178249765,0.022401810324824904,0.026074509126788614,0.031850208326590745,0.013652948633761486,0.01794777260558407,0.02030510987163233,0.024872289517139153,0,0,0,0
2025-05-14,-0.004870792633805735,0.01632122178249765,0.022401810324824904,0.026074509126788614,0.031850208326590745,0.013652948633761486,0.01794777260558407,0.02030510987163233,0.024872289517139153,0,0,0,0
2025-05-15,0.00889504541047691,0.01632122178249765,0.022401810324824904,0.026074509126788614,0.031850208326590745,0.013652948633761486,0.01794777260558407,0.02030510987163233,0.024872289517139153,0,0,0,0
2025-05-16,0.008367556970650005,0.01632122178249765,0.022401810324824904,0.026074509126788614,0.031850208326590745,0.013652948633761486,0.01794777260558407,0.02030510987163233,0.024872289517139153,0,0,0,0
2025-05-19,0.0006255672251008472,0.01632122178249765,0.022401810324824904,0.026074509126788614,0.031850208326590745,0.013652948633761486,0.01794777260558407,0.02030510987163233,0.024872289517139153,0,0,0,0
2025-05-20,-0.002872587162455568,0.01632122178249765,0.022401810324824904,0.026074509126788614,0.031850208326590745,0.013652948633761486,0.01794777260558407,0.02030510987163233,0.024872289517139153,0,0,0,0
2025-05-21,-0.01915923842405103,0.01632122178249765,0.022401810324824904,0.026074509126788614,0.031850208326590745,0.013652948633761486,0.01794777260558407,0.02030510987163233,0.024872289517139153,1,0,1,0
2025-05-22,-0.0038420399194657945,0.01632122178249765,0.022401810324824904,0.026074509126788614,0.031850208326590745,0.013652948633761486,0.01794777260558407,0.02030510987163233,0.024872289517139153,0,0,0,0
2025-05-23,-0.001616193999600291,0.01632122178249765,0.022401810324824904,0.026074509126788614,0.031850208326590745,0.013652948633761486,0.01794777260558407,0.02030510987163233,0.024872289517139153,0,0,0,0
2025-05-27,0.015562351595337417,0.01632122178249765,0.022401810324824904,0.026074509126788614,0.031850208326590745,0.013652948633761486,0.01794777260558407,0.02030510987163233,0.024872289517139153,0,0,0,0
2025-05-28,-0.007657579239585516,0.01632122178249765,0.022401810324824904,0.026074509126788614,0.031850208326590745,0.013652948633761486,0.01794777260558407,0.02030510987163233,0.024872289517139153,0,0,0,0
2025-05-29,0.004672235610338314,0.01632122178249765,0.022401810324824904,0.026074509126788614,0.031850208326590745,0.013652948633761486,0.01794777260558407,0.02030510987163233,0.024872289517139153,0,0,0,0
2025-05-30,0.000277417550937234,0.01632122178249765,0.022401810324824904,0.026074509126788614,0.031850208326590745,0.013652948633761486,0.01794777260558407,0.02030510987163233,0.024872289517139153,0,0,0,0
2025-06-02,0.004336379456936627,0.01632122178249765,0.022401810324824904,0.026074509126788614,0.031850208326590745,0.013652948633761486,0.01794777260558407,0.02030510987163233,0.024872289517139153,0,0,0,0
2025-06-03,0.006720311668207052,0.01632122178249765,0.022401810324824904,0.026074509126788614,0.031850208326590745,0.013652948633761486,0.01794777260558407,0.02030510987163233,0.024872289517139153,0,0,0,0
2025-06-04,-0.005614167618952416,0.01632122178249765,0.022401810324824904,0.026074509126788614,0.031850208326590745,0.013652948633761486,0.01794777260558407,0.02030510987163233,0.024872289517139153,0,0,0,0
2025-06-05,-0.002152678882562309,0.01632122178249765,0.022401810324824904,0.026074509126788614,0.031850208326590745,0.013652948633761486,0.01794777260558407,0.02030510987163233,0.024872289517139153,0,0,0,0
2025-06-06,0.010419509333795844,0.01632122178249765,0.022401810324824904,0.026074509126788614,0.031850208326590745,0.013652948633761486,0.01794777260558407,0.02030510987163233,0.024872289517139153,0,0,0,0
2025-06-09,-0.0009709990318383692,0.01632122178249765,0.022401810324824904,0.026074509126788614,0.031850208326590745,0.013652948633761486,0.01794777260558407,0.02030510987163233,0.024872289517139153,0,0,0,0
2025-06-10,0.00563053020829174,0.01632122178249765,0.022401810324824904,0.026074509126788614,0.031850208326590745,0.013652948633761486,0.01794777260558407,0.02030510987163233,0.024872289517139153,0,0,0,0
2025-06-11,0.001391603550863098,0.01632122178249765,0.022401810324824904,0.026074509126788614,0.031850208326590745,0.013652948633761486,0.01794777260558407,0.02030510987163233,0.024872289517139153,0,0,0,0
2025-06-12,0.004836046689340396,0.01632122178249765,0.022401810324824904,0.026074509126788614,0.031850208326590745,0.013652948633761486,0.01794777260558407,0.02030510987163233,0.024872289517139153,0,0,0,0
2025-06-13,-0.006836945621222188,0.01632122178249765,0.022401810324824904,0.026074509126788614,0.031850208326590745,0.013652948633761486,0.01794777260558407,0.02030510987163233,0.024872289517139153,0,0,0,0
2025-06-16,0.004677260580293191,0.01632122178249765,0.022401810324824904,0.026074509126788614,0.031850208326590745,0.013652948633761486,0.01794777260558407,0.02030510987163233,0.024872289517139153,0,0,0,0
2025-06-17,-0.006377486971459183,0.01632122178249765,0.022401810324824904,0.026074509126788614,0.031850208326590745,0.013652948633761486,0.01794777260558407,0.02030510987163233,0.024872289517139153,0,0,0,0
2025-06-18,-0.00105918123079986,0.01632122178249765,0.022401810324824904,0.026074509126788614,0.031850208326590745,0.013652948633761486,0.01794777260558407,0.02030510987163233,0.024872289517139153,0,0,0,0
2025-06-20,0.0007424447101465394,0.01632122178249765,0.022401810324824904,0.026074509126788614,0.031850208326590745,0.013652948633761486,0.01794777260558407,0.02030510987163233,0.024872289517139153,0,0,0,0
2025-06-23,0.005078987419990902,0.01632122178249765,0.022401810324824904,0.026074509126788614,0.031850208326590745,0.013652948633761486,0.01794777260558407,0.02030510987163233,0.024872289517139153,0,0,0,0
2025-06-24,0.007901121102167202,0.01632122178249765,0.022401810324824904,0.026074509126788614,0.031850208326590745,0.013652948633761486,0.01794777260558407,0.02030510987163233,0.024872289517139153,0,0,0,0
2025-06-25,-0.0028609142740477567,0.01632122178249765,0.022401810324824904,0.026074509126788614,0.031850208326590745,0.013652948633761486,0.01794777260558407,0.02030510987163233,0.024872289517139153,0,0,0,0
2025-06-26,0.008244332441222867,0.01632122178249765,0.022401810324824904,0.026074509126788614,0.031850208326590745,0.013652948633761486,0.01794777260558407,0.02030510987163233,0.024872289517139153,0,0,0,0
2025-06-27,0.001589224547038776,0.01632122178249765,0.022401810324824904,0.026074509126788614,0.031850208326590745,0.013652948633761486,0.01794777260558407,0.02030510987163233,0.024872289517139153,0,0,0,0
2025-06-30,0.004632304686948725,0.01632122178249765,0.022401810324824904,0.026074509126788614,0.031850208326590745,0.013652948633761486,0.01794777260558407,0.02030510987163233,0.024872289517139153,0,0,0,0
2025-07-01,0.0035359571733364356,0.01632122178249765,0.022401810324824904,0.026074509126788614,0.031850208326590745,0.013652948633761486,0.01794777260558407,0.02030510987163233,0.024872289517139153,0,0,0,0
2025-07-02,0.001958252228985315,0.01632122178249765,0.022401810324824904,0.026074509126788614,0.031850208326590745,0.013652948633761486,0.01794777260558407,0.02030510987163233,0.024872289517139153,0,0,0,0
2025-07-03,0.00712018961380298,0.01632122178249765,0.022401810324824904,0.026074509126788614,0.031850208326590745,0.013652948633761486,0.01794777260558407,0.02030510987163233,0.024872289517139153,0,0,0,0
2025-07-07,-0.006377717734035718,0.01632122178249765,0.022401810324824904,0.026074509126788614,0.031850208326590745,0.013652948633761486,0.01794777260558407,0.02030510987163233,0.024872289517139153,0,0,0,0
2025-07-08,0.0022868198189643914,0.01632122178249765,0.022401810324824904,0.026074509126788614,0.031850208326590745,0.013652948633761486,0.01794777260558407,0.02030510987163233,0.024872289517139153,0,0,0,0
2025-07-09,0.004376481183272886,0.01632122178249765,0.022401810324824904,0.026074509126788614,0.031850208326590745,0.013652948633761486,0.01794777260558407,0.02030510987163233,0.024872289517139153,0,0,0,0
2025-07-10,0.004690760056930172,0.01632122178249765,0.022401810324824904,0.026074509126788614,0.031850208326590745,0.013652948633761486,0.01794777260558407,0.02030510987163233,0.024872289517139153,0,0,0,0
2025-07-11,-0.003898182467558167,0.01632122178249765,0.022401810324824904,0.026074509126788614,0.031850208326590745,0.013652948633761486,0.01794777260558407,0.02030510987163233,0.024872289517139153,0,0,0,0
2025-07-14,0.0008095931661683599,0.01632122178249765,0.022401810324824904,0.026074509126788614,0.031850208326590745,0.013652948633761486,0.01794777260558407,0.02030510987163233,0.024872289517139153,0,0,0,0
2025-07-15,-0.008927077258036516,0.01632122178249765,0.022401810324824904,0.026074509126788614,0.031850208326590745,0.013652948633761486,0.01794777260558407,0.02030510987163233,0.024872289517139153,0,0,0,0
2025-07-16,0.0030135631922242963,0.01632122178249765,0.022401810324824904,0.026074509126788614,0.031850208326590745,0.013652948633761486,0.01794777260558407,0.02030510987163233,0.024872289517139153,0,0,0,0
2025-07-17,0.0046741609070236195,0.01632122178249765,0.022401810324824904,0.026074509126788614,0.031850208326590745,0.013652948633761486,0.01794777260558407,0.02030510987163233,0.024872289517139153,0,0,0,0
2025-07-18,-0.00017188043304168835,0.01632122178249765,0.022401810324824904,0.026074509126788614,0.031850208326590745,0.013652948633761486,0.01794777260558407,0.02030510987163233,0.024872289517139153,0,0,0,0
2025-07-21,-0.0025503425986236716,0.01632122178249765,0.022401810324824904,0.026074509126788614,0.031850208326590745,0.013652948633761486,0.01794777260558407,0.02030510987163233,0.024872289517139153,0,0,0,0
2025-07-22,0.004865783020065349,0.01632122178249765,0.022401810324824904,0.026074509126788614,0.031850208326590745,0.013652948633761486,0.01794777260558407,0.02030510987163233,0.024872289517139153,0,0,0,0
2025-07-23,0.009745044141348526,0.01632122178249765,0.022401810324824904,0.026074509126788614,0.031850208326590745,0.013652948633761486,0.01794777260558407,0.02030510987163233,0.024872289517139153,0,0,0,0
2025-07-24,0.0006219174314619549,0.01632122178249765,0.022401810324824904,0.026074509126788614,0.031850208326590745,0.013652948633761486,0.01794777260558407,0.02030510987163233,0.024872289517139153,0,0,0,0
2025-07-25,0.003917955536004965,0.01632122178249765,0.022401810324824904,0.026074509126788614,0.031850208326590745,0.013652948633761486,0.01794777260558407,0.02030510987163233,0.024872289517139153,0,0,0,0
2025-07-28,-0.0015023012716870571,0.01632122178249765,0.022401810324824904,0.026074509126788614,0.031850208326590745,0.013652948633761486,0.01794777260558407,0.02030510987163233,0.024872289517139153,0,0,0,0
2025-07-29,-0.0006294658546335873,0.01632122178249765,0.022401810324824904,0.026074509126788614,0.031850208326590745,0.013652948633761486,0.01794777260558407,0.02030510987163233,0.024872289517139153,0,0,0,0
2025-07-30,-0.0020846895366861064,0.01632122178249765,0.022401810324824904,0.026074509126788614,0.031850208326590745,0.013652948633761486,0.01794777260558407,0.02030510987163233,0.024872289517139153,0,0,0,0
2025-07-31,-0.0065345215760395465,0.01632122178249765,0.022401810324824904,0.026074509126788614,0.031850208326590745,0.013652948633761486,0.01794777260558407,0.02030510987163233,0.024872289517139153,0,0,0,0
2025-08-01,-0.011995138780971772,0.01632122178249765,0.022401810324824904,0.026074509126788614,0.031850208326590745,0.013652948633761486,0.01794777260558407,0.02030510987163233,0.024872289517139153,0,0,0,0
2025-08-04,0.011972567826248429,0.01632122178249765,0.022401810324824904,0.026074509126788614,0.031850208326590745,0.013652948633761486,0.01794777260558407,0.02030510987163233,0.024872289517139153,0,0,0,0
2025-08-05,-0.004679927636499153,0.01632122178249765,0.022401810324824904,0.026074509126788614,0.031850208326590745,0.013652948633761486,0.01794777260558407,0.02030510987163233,0.024872289517139153,0,0,0,0
2025-08-06,-0.0012738037024048238,0.01632122178249765,0.022401810324824904,0.026074509126788614,0.031850208326590745,0.013652948633761486,0.01794777260558407,0.02030510987163233,0.024872289517139153,0,0,0,0
2025-08-07,-0.0024673296639162413,0.01632122178249765,0.022401810324824904,0.026074509126788614,0.031850208326590745,0.013652948633761486,0.01794777260558407,0.02030510987163233,0.024872289517139153,0,0,0,0
2025-08-08,0.005538883968062067,0.01632122178249765,0.022401810324824904,0.026074509126788614,0.031850208326590745,0.013652948633761486,0.01794777260558407,0.02030510987163233,0.024872289517139153,0,0,0,0
2025-08-11,-0.0032271324299165197,0.01632122178249765,0.022401810324824904,0.026074509126788614,0.031850208326590745,0.013652948633761486,0.01794777260558407,0.02030510987163233,0.024872289517139153,0,0,0,0
2025-08-12,0.009199609944806555,0.01632122178249765,0.022401810324824904,0.026074509126788614,0.031850208326590745,0.013652948633761486,0.01794777260558407,0.02030510987163233,0.024872289517139153,0,0,0,0
2025-08-13,0.006127600273292913,0.01632122178249765,0.022401810324824904,0.026074509126788614,0.031850208326590745,0.013652948633761486,0.01794777260558407,0.02030510987163233,0.024872289517139153,0,0,0,0
2025-08-14,-0.001302864261097009,0.01632122178249765,0.022401810324824904,0.026074509126788614,0.031850208326590745,0.013652948633761486,0.01794777260558407,0.02030510987163233,0.024872289517139153,0,0,0,0
2025-08-15,-0.0016028590594046525,0.01632122178249765,0.022401810324824904,0.026074509126788614,0.031850208326590745,0.013652948633761486,0.01794777260558407,0.02030510987163233,0.024872289517139153,0,0,0,0
2025-08-18,-0.000865673893708975,0.01632122178249765,0.022401810324824904,0.026074509126788614,0.031850208326590745,0.013652948633761486,0.01794777260558407,0.02030510987163233,0.024872289517139153,0,0,0,0
2025-08-19,-0.00036410589950717283,0.01632122178249765,0.022401810324824904,0.026074509126788614,0.031850208326590745,0.013652948633761486,0.01794777260558407,0.02030510987163233,0.024872289517139153,0,0,0,0
2025-08-20,0.0013567451187191139,0.01632122178249765,0.022401810324824904,0.026074509126788614,0.031850208326590745,0.013652948633761486,0.01794777260558407,0.02030510987163233,0.024872289517139153,0,0,0,0
2025-08-21,-0.002544303274149103,0.01632122178249765,0.022401810324824904,0.026074509126788614,0.031850208326590745,0.013652948633761486,0.01794777260558407,0.02030510987163233,0.024872289517139153,0,0,0,0
2025-08-22,0.01357383660060546,0.01632122178249765,0.022401810324824904,0.026074509126788614,0.031850208326590745,0.013652948633761486,0.01794777260558407,0.02030510987163233,0.024872289517139153,0,0,0,0
2025-08-25,-0.006514056673526967,0.01632122178249765,0.022401810324824904,0.026074509126788614,0.031850208326590745,0.013652948633761486,0.01794777260558407,0.02030510987163233,0.024872289517139153,0,0,0,0
2025-08-26,0.004789089865723279,0.01632122178249765,0.022401810324824904,0.026074509126788614,0.031850208326590745,0.013652948633761486,0.01794777260558407,0.02030510987163233,0.024872289517139153,0,0,0,0
2025-08-27,0.002912260548846495,0.01632122178249765,0.022401810324824904,0.026074509126788614,0.031850208326590745,0.013652948633761486,0.01794777260558407,0.02030510987163233,0.024872289517139153,0,0,0,0
2025-08-28,0.0014943602240710889,0.01632122178249765,0.022401810324824904,0.026074509126788614,0.031850208326590745,0.013652948633761486,0.01794777260558407,0.02030510987163233,0.024872289517139153,0,0,0,0
2025-08-29,-0.0027161088461622462,0.01632122178249765,0.022401810324824904,0.026074509126788614,0.031850208326590745,0.013652948633761486,0.01794777260558407,0.02030510987163233,0.024872289517139153,0,0,0,0
2025-09-02,-0.005078742503543991,0.01632122178249765,0.022401810324824904,0.026074509126788614,0.031850208326590745,0.013652948633761486,0.01794777260558407,0.02030510987163233,0.024872289517139153,0,0,0,0
2025-09-03,-0.0036153242492627117,0.01632122178249765,0.022401810324824904,0.026074509126788614,0.031850208326590745,0.013652948633761486,0.01794777260558407,0.02030510987163233,0.024872289517139153,0,0,0,0
2025-09-04,0.006302919249689755,0.01632122178249765,0.022401810324824904,0.026074509126788614,0.031850208326590745,0.013652948633761486,0.01794777260558407,0.02030510987163233,0.024872289517139153,0,0,0,0
2025-09-05,-0.006206134055910683,0.01632122178249765,0.022401810324824904,0.026074509126788614,0.031850208326590745,0.013652948633761486,0.01794777260558407,0.02030510987163233,0.024872289517139153,0,0,0,0
2025-09-08,4.857379992578117e-06,0.01632122178249765,0.022401810324824904,0.026074509126788614,0.031850208326590745,0.013652948633761486,0.01794777260558407,0.02030510987163233,0.024872289517139153,0,0,0,0
2025-09-09,0.0026892963504595896,0.01632122178249765,0.022401810324824904,0.026074509126788614,0.031850208326590745,0.013652948633761486,0.01794777260558407,0.02030510987163233,0.024872289517139153,0,0,0,0
2025-09-10,0.00715160036541357,0.01632122178249765,0.022401810324824904,0.026074509126788614,0.031850208326590745,0.013652948633761486,0.01794777260558407,0.02030510987163233,0.024872289517139153,0,0,0,0
2025-09-11,0.008588955631267972,0.01632122178249765,0.022401810324824904,0.026074509126788614,0.031850208326590745,0.013652948633761486,0.01794777260558407,0.02030510987163233,0.024872289517139153,0,0,0,0
2025-09-12,-0.0036847759771499035,0.01632122178249765,0.022401810324824904,0.026074509126788614,0.031850208326590745,0.013652948633761486,0.01794777260558407,0.02030510987163233,0.024872289517139153,0,0,0,0
2025-09-15,0.0010022460639782028,0.01632122178249765,0.022401810324824904,0.026074509126788614,0.031850208326590745,0.013652948633761486,0.01794777260558407,0.02030510987163233,0.024872289517139153,0,0,0,0
2025-09-16,-0.0016865523032352622,0.01632122178249765,0.022401810324824904,0.026074509126788614,0.031850208326590745,0.013652948633761486,0.01794777260558407,0.02030510987163233,0.024872289517139153,0,0,0,0
2025-09-17,0.001029379699309389,0.01632122178249765,0.022401810324824904,0.026074509126788614,0.031850208326590745,0.013652948633761486,0.01794777260558407,0.02030510987163233,0.024872289517139153,0,0,0,0
2025-09-18,0.004696216733707729,0.01632122178249765,0.022401810324824904,0.026074509126788614,0.031850208326590745,0.013652948633761486,0.01794777260558407,0.02030510987163233,0.024872289517139153,0,0,0,0
2025-09-19,0.0016252494768135364,0.01632122178249765,0.022401810324824904,0.026074509126788614,0.031850208326590745,0.013652948633761486,0.01794777260558407,0.02030510987163233,0.024872289517139153,0,0,0,0
2025-09-22,0.004224344116375093,0.01632122178249765,0.022401810324824904,0.026074509126788614,0.031850208326590745,0.013652948633761486,0.01794777260558407,0.02030510987163233,0.024872289517139153,0,0,0,0
2025-09-23,0.0008818598937089479,0.01632122178249765,0.022401810324824904,0.026074509126788614,0.031850208326590745,0.013652948633761486,0.01794777260558407,0.02030510987163233,0.024872289517139153,0,0,0,0
2025-09-24,-0.00019315010896463834,0.01632122178249765,0.022401810324824904,0.026074509126788614,0.031850208326590745,0.013652948633761486,0.01794777260558407,0.02030510987163233,0.024872289517139153,0,0,0,0
2025-09-25,-0.004748680114724552,0.011634407426865275,0.016947437829996595,0.019561599132316844,0.026019429287938777,0.009874483381561805,0.013229691808694198,0.015301836521304754,0.018347438335097842,0,0,0,0
2025-09-26,0.008632528247587702,0.011634407426865275,0.016947437829996595,0.019561599132316844,0.026019429287938777,0.009874483381561805,0.013229691808694198,0.015301836521304754,0.018347438335097842,0,0,0,0
2025-09-29,0.000498936237212716,0.011634407426865275,0.016947437829996595,0.019561599132316844,0.026019429287938777,0.009874483381561805,0.013229691808694198,0.015301836521304754,0.018347438335097842,0,0,0,0
2025-09-30,0.003839796706562627,0.011634407426865275,0.016947437829996595,0.019561599132316844,0.026019429287938777,0.009874483381561805,0.013229691808694198,0.015301836521304754,0.018347438335097842,0,0,0,0
2025-10-01,0.005917101948851501,0.011634407426865275,0.016947437829996595,0.019561599132316844,0.026019429287938777,0.009874483381561805,0.013229691808694198,0.015301836521304754,0.018347438335097842,0,0,0,0
2025-10-02,-0.0007860222895364456,0.011634407426865275,0.016947437829996595,0.019561599132316844,0.026019429287938777,0.009874483381561805,0.013229691808694198,0.015301836521304754,0.018347438335097842,0,0,0,0
2025-10-03,0.004481566949448603,0.011634407426865275,0.016947437829996595,0.019561599132316844,0.026019429287938777,0.009874483381561805,0.013229691808694198,0.015301836521304754,0.018347438335097842,0,0,0,0
2025-10-06,0.003948736601549293,0.011634407426865275,0.016947437829996595,0.019561599132316844,0.026019429287938777,0.009874483381561805,0.013229691808694198,0.015301836521304754,0.018347438335097842,0,0,0,0
2025-10-07,-0.0011304952234538947,0.011634407426865275,0.016947437829996595,0.019561599132316844,0.026019429287938777,0.009874483381561805,0.013229691808694198,0.015301836521304754,0.018347438335097842,0,0,0,0
2025-10-08,0.00429951303301697,0.011634407426865275,0.016947437829996595,0.019561599132316844,0.026019429287938777,0.009874483381561805,0.013229691808694198,0.015301836521304754,0.018347438335097842,0,0,0,0
2025-10-09,-0.005926371482367523,0.011634407426865275,0.016947437829996595,0.019561599132316844,0.026019429287938777,0.009874483381561805,0.013229691808694198,0.015301836521304754,0.018347438335097842,0,0,0,0
2025-10-10,-0.02304275097167158,0.011634407426865275,0.016947437829996595,0.019561599132316844,0.026019429287938777,0.009874483381561805,0.013229691808694198,0.015301836521304754,0.018347438335097842,1,1,1,1
2025-10-13,0.01131388069118642,0.011634407426865275,0.016947437829996595,0.019561599132316844,0.026019429287938777,0.009874483381561805,0.013229691808694198,0.015301836521304754,0.018347438335097842,0,0,0,0
2025-10-14,0.0028568190668587443,0.011634407426865275,0.016947437829996595,0.019561599132316844,0.026019429287938777,0.009874483381561805,0.013229691808694198,0.015301836521304754,0.018347438335097842,0,0,0,0
2025-10-15,0.003439037232059052,0.011634407426865275,0.016947437829996595,0.019561599132316844,0.026019429287938777,0.009874483381561805,0.013229691808694198,0.015301836521304754,0.018347438335097842,0,0,0,0
2025-10-16,-0.009371373815145101,0.011634407426865275,0.016947437829996595,0.019561599132316844,0.026019429287938777,0.009874483381561805,0.013229691808694198,0.015301836521304754,0.018347438335097842,0,0,0,0
2025-10-17,0.003956275684033278,0.011634407426865275,0.016947437829996595,0.019561599132316844,0.026019429287938777,0.009874483381561805,0.013229691808694198,0.015301836521304754,0.018347438335097842,0,0,0,0
2025-10-20,0.009363827354464532,0.011634407426865275,0.016947437829996595,0.019561599132316844,0.026019429287938777,0.009874483381561805,0.013229691808694198,0.015301836521304754,0.018347438335097842,0,0,0,0
2025-10-21,-0.0002831407281057762,0.011634407426865275,0.016947437829996595,0.019561599132316844,0.026019429287938777,0.009874483381561805,0.013229691808694198,0.015301836521304754,0.018347438335097842,0,0,0,0
2025-10-22,-0.002544106388138869,0.011634407426865275,0.016947437829996595,0.019561599132316844,0.026019429287938777,0.009874483381561805,0.013229691808694198,0.015301836521304754,0.018347438335097842,0,0,0,0
2025-10-23,0.006566758823503202,0.011634407426865275,0.016947437829996595,0.019561599132316844,0.026019429287938777,0.009874483381561805,0.013229691808694198,0.015301836521304754,0.018347438335097842,0,0,0,0
2025-10-24,0.005230297622557881,0.011634407426865275,0.016947437829996595,0.019561599132316844,0.026019429287938777,0.009874483381561805,0.013229691808694198,0.015301836521304754,0.018347438335097842,0,0,0,0
2025-10-27,0.006751339861315296,0.011634407426865275,0.016947437829996595,0.019561599132316844,0.026019429287938777,0.009874483381561805,0.013229691808694198,0.015301836521304754,0.018347438335097842,0,0,0,0
2025-10-28,-0.004919847071946078,0.011634407426865275,0.016947437829996595,0.019561599132316844,0.026019429287938777,0.009874483381561805,0.013229691808694198,0.015301836521304754,0.018347438335097842,0,0,0,0
2025-10-29,-0.0014263679886662186,0.011634407426865275,0.016947437829996595,0.019561599132316844,0.026019429287938777,0.009874483381561805,0.013229691808694198,0.015301836521304754,0.018347438335097842,0,0,0,0
2025-10-30,-0.004456961816802831,0.011634407426865275,0.016947437829996595,0.019561599132316844,0.026019429287938777,0.009874483381561805,0.013229691808694198,0.015301836521304754,0.018347438335097842,0,0,0,0
2025-10-31,0.001330416379138762,0.011634407426865275,0.016947437829996595,0.019561599132316844,0.026019429287938777,0.009874483381561805,0.013229691808694198,0.015301836521304754,0.018347438335097842,0,0,0,0
2025-11-03,-6.541509606345038e-05,0.011634407426865275,0.016947437829996595,0.019561599132316844,0.026019429287938777,0.009874483381561805,0.013229691808694198,0.015301836521304754,0.018347438335097842,0,0,0,0
2025-11-04,-0.007873906378998433,0.011634407426865275,0.016947437829996595,0.019561599132316844,0.026019429287938777,0.009874483381561805,0.013229691808694198,0.015301836521304754,0.018347438335097842,0,0,0,0
2025-11-05,0.003051703504090595,0.011634407426865275,0.016947437829996595,0.019561599132316844,0.026019429287938777,0.009874483381561805,0.013229691808694198,0.015301836521304754,0.018347438335097842,0,0,0,0
2025-11-06,-0.004499772601469616,0.011634407426865275,0.016947437829996595,0.019561599132316844,0.026019429287938777,0.009874483381561805,0.013229691808694198,0.015301836521304754,0.018347438335097842,0,0,0,0
2025-11-07,0.005550871251738492,0.011634407426865275,0.016947437829996595,0.019561599132316844,0.026019429287938777,0.009874483381561805,0.013229691808694198,0.015301836521304754,0.018347438335097842,0,0,0,0
2025-11-10,0.00949013965423992,0.011634407426865275,0.016947437829996595,0.019561599132316844,0.026019429287938777,0.009874483381561805,0.013229691808694198,0.015301836521304754,0.018347438335097842,0,0,0,0
2025-11-11,0.004979905069706316,0.011634407426865275,0.016947437829996595,0.019561599132316844,0.026019429287938777,0.009874483381561805,0.013229691808694198,0.015301836521304754,0.018347438335097842,0,0,0,0
2025-11-12,0.0022277804532154348,0.011634407426865275,0.016947437829996595,0.019561599132316844,0.026019429287938777,0.009874483381561805,0.013229691808694198,0.015301836521304754,0.018347438335097842,0,0,0,0
2025-11-13,-0.011770515280804484,0.011634407426865275,0.016947437829996595,0.019561599132316844,0.026019429287938777,0.009874483381561805,0.013229691808694198,0.015301836521304754,0.018347438335097842,1,0,1,0
2025-11-14,0.0010113337187377658,0.011634407426865275,0.016947437829996595,0.019561599132316844,0.026019429287938777,0.009874483381561805,0.013229691808694198,0.015301836521304754,0.018347438335097842,0,0,0,0
2025-11-17,-0.009220704810430014,0.011634407426865275,0.016947437829996595,0.019561599132316844,0.026019429287938777,0.009874483381561805,0.013229691808694198,0.015301836521304754,0.018347438335097842,0,0,0,0
2025-11-18,-0.0029789382013854773,0.011634407426865275,0.016947437829996595,0.019561599132316844,0.026019429287938777,0.009874483381561805,0.013229691808694198,0.015301836521304754,0.018347438335097842,0,0,0,0
2025-11-19,-0.0007689348493779303,0.011634407426865275,0.016947437829996595,0.019561599132316844,0.026019429287938777,0.009874483381561805,0.013229691808694198,0.015301836521304754,0.018347438335097842,0,0,0,0
2025-11-20,-0.013632551561670392,0.011634407426865275,0.016947437829996595,0.019561599132316844,0.026019429287938777,0.009874483381561805,0.013229691808694198,0.015301836521304754,0.018347438335097842,1,0,1,0
2025-11-21,0.009338419732849964,0.011634407426865275,0.016947437829996595,0.019561599132316844,0.026019429287938777,0.009874483381561805,0.013229691808694198,0.015301836521304754,0.018347438335097842,0,0,0,0
2025-11-24,0.008222130980468673,0.011634407426865275,0.016947437829996595,0.019561599132316844,0.026019429287938777,0.009874483381561805,0.013229691808694198,0.015301836521304754,0.018347438335097842,0,0,0,0
2025-11-25,0.007063107865096356,0.011634407426865275,0.016947437829996595,0.019561599132316844,0.026019429287938777,0.009874483381561805,0.013229691808694198,0.015301836521304754,0.018347438335097842,0,0,0,0
2025-11-26,0.00724599922968275,0.011634407426865275,0.016947437829996595,0.019561599132316844,0.026019429287938777,0.009874483381561805,0.013229691808694198,0.015301836521304754,0.018347438335097842,0,0,0,0
2025-11-28,0.0060282481316876885,0.011634407426865275,0.016947437829996595,0.019561599132316844,0.026019429287938777,0.009874483381561805,0.013229691808694198,0.015301836521304754,0.018347438335097842,0,0,0,0
2025-12-01,-0.008047811905579764,0.011634407426865275,0.016947437829996595,0.019561599132316844,0.026019429287938777,0.009874483381561805,0.013229691808694198,0.015301836521304754,0.018347438335097842,0,0,0,0
2025-12-02,-0.000903330629524211,0.011634407426865275,0.016947437829996595,0.019561599132316844,0.026019429287938777,0.009874483381561805,0.013229691808694198,0.015301836521304754,0.018347438335097842,0,0,0,0
2025-12-03,0.0069529761531357025,0.011634407426865275,0.016947437829996595,0.019561599132316844,0.026019429287938777,0.009874483381561805,0.013229691808694198,0.015301836521304754,0.018347438335097842,0,0,0,0
2025-12-04,0.0008882548005384948,0.011634407426865275,0.016947437829996595,0.019561599132316844,0.026019429287938777,0.009874483381561805,0.013229691808694198,0.015301836521304754,0.018347438335097842,0,0,0,0
2025-12-05,-0.0015624394765652732,0.011634407426865275,0.016947437829996595,0.019561599132316844,0.026019429287938777,0.009874483381561805,0.013229691808694198,0.015301836521304754,0.018347438335097842,0,0,0,0
2025-12-08,-0.0053451655920749176,0.011634407426865275,0.016947437829996595,0.019561599132316844,0.026019429287938777,0.009874483381561805,0.013229691808694198,0.015301836521304754,0.018347438335097842,0,0,0,0
2025-12-09,-0.001746388180177574,0.011634407426865275,0.016947437829996595,0.019561599132316844,0.026019429287938777,0.009874483381561805,0.013229691808694198,0.015301836521304754,0.018347438335097842,0,0,0,0
2025-12-10,0.00932815135241925,0.011634407426865275,0.016947437829996595,0.019561599132316844,0.026019429287938777,0.009874483381561805,0.013229691808694198,0.015301836521304754,0.018347438335097842,0,0,0,0
2025-12-11,0.0053916033380533145,0.011634407426865275,0.016947437829996595,0.019561599132316844,0.026019429287938777,0.009874483381561805,0.013229691808694198,0.015301836521304754,0.018347438335097842,0,0,0,0
2025-12-12,-0.008087312348175946,0.011634407426865275,0.016947437829996595,0.019561599132316844,0.026019429287938777,0.009874483381561805,0.013229691808694198,0.015301836521304754,0.018347438335097842,0,0,0,0
2025-12-15,0.0008931205315035651,0.011634407426865275,0.016947437829996595,0.019561599132316844,0.026019429287938777,0.009874483381561805,0.013229691808694198,0.015301836521304754,0.018347438335097842,0,0,0,0
2025-12-16,-0.008787776456288416,0.011634407426865275,0.016947437829996595,0.019561599132316844,0.026019429287938777,0.009874483381561805,0.013229691808694198,0.015301836521304754,0.018347438335097842,0,0,0,0
2025-12-17,-0.00521797403918096,0.011634407426865275,0.016947437829996595,0.019561599132316844,0.026019429287938777,0.009874483381561805,0.013229691808694198,0.015301836521304754,0.018347438335097842,0,0,0,0
2025-12-18,0.0033722508672796585,0.011634407426865275,0.016947437829996595,0.019561599132316844,0.026019429287938777,0.009874483381561805,0.013229691808694198,0.015301836521304754,0.018347438335097842,0,0,0,0
2025-12-19,0.005473959469505373,0.011634407426865275,0.016947437829996595,0.019561599132316844,0.026019429287938777,0.009874483381561805,0.013229691808694198,0.015301836521304754,0.018347438335097842,0,0,0,0
2025-12-22,0.007913318601120375,0.011634407426865275,0.016947437829996595,0.019561599132316844,0.026019429287938777,0.009874483381561805,0.013229691808694198,0.015301836521304754,0.018347438335097842,0,0,0,0
2025-12-23,0.002808275798157577,0.011634407426865275,0.016947437829996595,0.019561599132316844,0.026019429287938777,0.009874483381561805,0.013229691808694198,0.015301836521304754,0.018347438335097842,0,0,0,0
2025-12-24,0.0030403943436443496,0.011634407426865275,0.016947437829996595,0.019561599132316844,0.026019429287938777,0.009874483381561805,0.013229691808694198,0.015301836521304754,0.018347438335097842,0,0,0,0
2025-12-26,-0.0007551164954122949,0.011634407426865275,0.016947437829996595,0.019561599132316844,0.026019429287938777,0.009874483381561805,0.013229691808694198,0.015301836521304754,0.018347438335097842,0,0,0,0
2025-12-29,-0.0008388004192242559,0.011634407426865275,0.016947437829996595,0.019561599132316844,0.026019429287938777,0.009874483381561805,0.013229691808694198,0.015301836521304754,0.018347438335097842,0,0,0,0
2025-12-30,-0.00010001368534920572,0.011634407426865275,0.016947437829996595,0.019561599132316844,0.026019429287938777,0.009874483381561805,0.013229691808694198,0.015301836521304754,0.018347438335097842,0,0,0,0
2025-12-31,-0.0072488622981109006,0.011634407426865275,0.016947437829996595,0.019561599132316844,0.026019429287938777,0.009874483381561805,0.013229691808694198,0.015301836521304754,0.018347438335097842,0,0,0,0
2026-01-02,0.008871792870293249,0.011634407426865275,0.016947437829996595,0.019561599132316844,0.026019429287938777,0.009874483381561805,0.013229691808694198,0.015301836521304754,0.018347438335097842,0,0,0,0
2026-01-05,0.00783241285547701,0.011634407426865275,0.016947437829996595,0.019561599132316844,0.026019429287938777,0.009874483381561805,0.013229691808694198,0.015301836521304754,0.018347438335097842,0,0,0,0
2026-01-06,0.005074098422592654,0.011634407426865275,0.016947437829996595,0.019561599132316844,0.026019429287938777,0.009874483381561805,0.013229691808694198,0.015301836521304754,0.018347438335097842,0,0,0,0
2026-01-07,-0.009006825607306935,0.011634407426865275,0.016947437829996595,0.019561599132316844,0.026019429287938777,0.009874483381561805,0.013229691808694198,0.015301836521304754,0.018347438335097842,0,0,0,0
2026-01-08,0.003002510155831433,0.011634407426865275,0.016947437829996595,0.019561599132316844,0.026019429287938777,0.009874483381561805,0.013229691808694198,0.015301836521304754,0.018347438335097842,0,0,0,0
2026-01-09,0.005339388160551253,0.011634407426865275,0.016947437829996595,0.019561599132316844,0.026019429287938777,0.009874483381561805,0.013229691808694198,0.015301836521304754,0.018347438335097842,0,0,0,0
2026-01-12,9.068282204189088e-05,0.011634407426865275,0.016947437829996595,0.019561599132316844,0.026019429287938777,0.009874483381561805,0.013229691808694198,0.015301836521304754,0.018347438335097842,0,0,0,0
2026-01-13,-0.0002786346224042435,0.011634407426865275,0.016947437829996595,0.019561599132316844,0.026019429287938777,0.009874483381561805,0.013229691808694198,0.015301836521304754,0.018347438335097842,0,0,0,0
2026-01-14,0.002831013326259922,0.011634407426865275,0.016947437829996595,0.019561599132316844,0.026019429287938777,0.009874483381561805,0.013229691808694198,0.015301836521304754,0.018347438335097842,0,0,0,0
2026-01-15,0.002311217108232603,0.011634407426865275,0.016947437829996595,0.019561599132316844,0.026019429287938777,0.009874483381561805,0.013229691808694198,0.015301836521304754,0.018347438335097842,0,0,0,0
2026-01-16,-0.0004143540964943973,0.011634407426865275,0.016947437829996595,0.019561599132316844,0.026019429287938777,0.009874483381561805,0.013229691808694198,0.015301836521304754,0.018347438335097842,0,0,0,0
2026-01-20,-0.014905862264896414,0.011634407426865275,0.016947437829996595,0.019561599132316844,0.026019429287938777,0.009874483381561805,0.013229691808694198,0.015301836521304754,0.018347438335097842,1,0,1,0
2026-01-21,0.012972326600307144,0.011634407426865275,0.016947437829996595,0.019561599132316844,0.026019429287938777,0.009874483381561805,0.013229691808694198,0.015301836521304754,0.018347438335097842,0,0,0,0
2026-01-22,0.0014570275942775187,0.011634407426865275,0.016947437829996595,0.019561599132316844,0.026019429287938777,0.009874483381561805,0.013229691808694198,0.015301836521304754,0.018347438335097842,0,0,0,0
2026-01-23,-0.0032486826292541246,0.011634407426865275,0.016947437829996595,0.019561599132316844,0.026019429287938777,0.009874483381561805,0.013229691808694198,0.015301836521304754,0.018347438335097842,0,0,0,0
2026-01-26,0.00443176484210416,0.011634407426865275,0.016947437829996595,0.019561599132316844,0.026019429287938777,0.009874483381561805,0.013229691808694198,0.015301836521304754,0.018347438335097842,0,0,0,0
2026-01-27,0.0027099221505051357,0.011634407426865275,0.016947437829996595,0.019561599132316844,0.026019429287938777,0.009874483381561805,0.013229691808694198,0.015301836521304754,0.018347438335097842,0,0,0,0
2026-01-28,2.2295994014848646e-06,0.011634407426865275,0.016947437829996595,0.019561599132316844,0.026019429287938777,0.009874483381561805,0.013229691808694198,0.015301836521304754,0.018347438335097842,0,0,0,0
2026-01-29,0.0012825664901133307,0.011634407426865275,0.016947437829996595,0.019561599132316844,0.026019429287938777,0.009874483381561805,0.013229691808694198,0.015301836521304754,0.018347438335097842,0,0,0,0
2026-01-30,-0.0019139111552504875,0.011634407426865275,0.016947437829996595,0.019561599132316844,0.026019429287938777,0.009874483381561805,0.013229691808694198,0.015301836521304754,0.018347438335097842,0,0,0,0
2026-02-02,0.001386002859021084,0.011634407426865275,0.016947437829996595,0.019561599132316844,0.026019429287938777,0.009874483381561805,0.013229691808694198,0.015301836521304754,0.018347438335097842,0,0,0,0
2026-02-03,0.0006414151767981962,0.011634407426865275,0.016947437829996595,0.019561599132316844,0.026019429287938777,0.009874483381561805,0.013229691808694198,0.015301836521304754,0.018347438335097842,0,0,0,0
2026-02-04,0.0012113158742267927,0.011634407426865275,0.016947437829996595,0.019561599132316844,0.026019429287938777,0.009874483381561805,0.013229691808694198,0.015301836521304754,0.018347438335097842,0,0,0,0
2026-02-05,-0.009755946760070402,0.011634407426865275,0.016947437829996595,0.019561599132316844,0.026019429287938777,0.009874483381561805,0.013229691808694198,0.015301836521304754,0.018347438335097842,0,0,0,0
2026-02-06,0.021261917235861676,0.011634407426865275,0.016947437829996595,0.019561599132316844,0.026019429287938777,0.009874483381561805,0.013229691808694198,0.015301836521304754,0.018347438335097842,0,0,0,0
2026-02-09,0.0027057345357877926,0.011634407426865275,0.016947437829996595,0.019561599132316844,0.026019429287938777,0.009874483381561805,0.013229691808694198,0.015301836521304754,0.018347438335097842,0,0,0,0
2026-02-10,-0.000761990856159706,0.011634407426865275,0.016947437829996595,0.019561599132316844,0.026019429287938777,0.009874483381561805,0.013229691808694198,0.015301836521304754,0.018347438335097842,0,0,0,0
2026-02-11,0.004755178076096185,0.011634407426865275,0.016947437829996595,0.019561599132316844,0.026019429287938777,0.009874483381561805,0.013229691808694198,0.015301836521304754,0.018347438335097842,0,0,0,0
2026-02-12,-0.011374342224761556,0.011634407426865275,0.016947437829996595,0.019561599132316844,0.026019429287938777,0.009874483381561805,0.013229691808694198,0.015301836521304754,0.018347438335097842,0,0,1,0
2026-02-13,0.007908046257229817,0.011634407426865275,0.016947437829996595,0.019561599132316844,0.026019429287938777,0.009874483381561805,0.013229691808694198,0.015301836521304754,0.018347438335097842,0,0,0,0
2026-02-17,0.000178982576639957,0.011634407426865275,0.016947437829996595,0.019561599132316844,0.026019429287938777,0.009874483381561805,0.013229691808694198,0.015301836521304754,0.018347438335097842,0,0,0,0
2026-02-18,0.0037978272471577814,0.011634407426865275,0.016947437829996595,0.019561599132316844,0.026019429287938777,0.009874483381561805,0.013229691808694198,0.015301836521304754,0.018347438335097842,0,0,0,0
2026-02-19,0.0009930475594274787,0.011634407426865275,0.016947437829996595,0.019561599132316844,0.026019429287938777,0.009874483381561805,0.013229691808694198,0.015301836521304754,0.018347438335097842,0,0,0,0
2026-02-20,0.0028589105215493476,0.011634407426865275,0.016947437829996595,0.019561599132316844,0.026019429287938777,0.009874483381561805,0.013229691808694198,0.015301836521304754,0.018347438335097842,0,0,0,0
2026-02-23,-0.007364995875169583,0.011634407426865275,0.016947437829996595,0.019561599132316844,0.026019429287938777,0.009874483381561805,0.013229691808694198,0.015301836521304754,0.018347438335097842,0,0,0,0
2026-02-24,0.006175382462411927,0.011634407426865275,0.016947437829996595,0.019561599132316844,0.026019429287938777,0.009874483381561805,0.013229691808694198,0.015301836521304754,0.018347438335097842,0,0,0,0
2026-02-25,0.005116933084827947,0.011634407426865275,0.016947437829996595,0.019561599132316844,0.026019429287938777,0.009874483381561805,0.013229691808694198,0.015301836521304754,0.018347438335097842,0,0,0,0
2026-02-26,-0.0006386311167159768,0.011634407426865275,0.016947437829996595,0.019561599132316844,0.026019429287938777,0.009874483381561805,0.013229691808694198,0.015301836521304754,0.018347438335097842,0,0,0,0
2026-02-27,0.0008247231007072024,0.011634407426865275,0.016947437829996595,0.019561599132316844,0.026019429287938777,0.009874483381561805,0.013229691808694198,0.015301836521304754,0.018347438335097842,0,0,0,0
2026-03-02,0.0021871693019350985,0.011634407426865275,0.016947437829996595,0.019561599132316844,0.026019429287938777,0.009874483381561805,0.013229691808694198,0.015301836521304754,0.018347438335097842,0,0,0,0
2026-03-03,-0.010247627129807346,0.011634407426865275,0.016947437829996595,0.019561599132316844,0.026019429287938777,0.009874483381561805,0.013229691808694198,0.015301836521304754,0.018347438335097842,0,0,1,0
2026-03-04,0.004704138428320347,0.011634407426865275,0.016947437829996595,0.019561599132316844,0.026019429287938777,0.009874483381561805,0.013229691808694198,0.015301836521304754,0.018347438335097842,0,0,0,0
2026-03-05,-0.00768518949888651,0.011634407426865275,0.016947437829996595,0.019561599132316844,0.026019429287938777,0.009874483381561805,0.013229691808694198,0.015301836521304754,0.018347438335097842,0,0,0,0
2026-03-06,-0.009872570502314465,0.011634407426865275,0.016947437829996595,0.019561599132316844,0.026019429287938777,0.009874483381561805,0.013229691808694198,0.015301836521304754,0.018347438335097842,0,0,0,0
2026-03-09,0.005106952526974775,0.011634407426865275,0.016947437829996595,0.019561599132316844,0.026019429287938777,0.009874483381561805,0.013229691808694198,0.015301836521304754,0.018347438335097842,0,0,0,0
2026-03-10,-0.005525884095790246,0.011634407426865275,0.016947437829996595,0.019561599132316844,0.026019429287938777,0.009874483381561805,0.013229691808694198,0.015301836521304754,0.018347438335097842,0,0,0,0
2026-03-11,0.0008748682130356832,0.011634407426865275,0.016947437829996595,0.019561599132316844,0.026019429287938777,0.009874483381561805,0.013229691808694198,0.015301836521304754,0.018347438335097842,0,0,0,0
2026-03-12,-0.011019900908914254,0.011634407426865275,0.016947437829996595,0.019561599132316844,0.026019429287938777,0.009874483381561805,0.013229691808694198,0.015301836521304754,0.018347438335097842,0,0,1,0
2026-03-13,-0.0007033683004081465,0.011634407426865275,0.016947437829996595,0.019561599132316844,0.026019429287938777,0.009874483381561805,0.013229691808694198,0.015301836521304754,0.018347438335097842,0,0,0,0
2026-03-16,0.008473361161723425,0.011634407426865275,0.016947437829996595,0.019561599132316844,0.026019429287938777,0.009874483381561805,0.013229691808694198,0.015301836521304754,0.018347438335097842,0,0,0,0
2026-03-17,0.002086716511202693,0.011634407426865275,0.016947437829996595,0.019561599132316844,0.026019429287938777,0.009874483381561805,0.013229691808694198,0.015301836521304754,0.018347438335097842,0,0,0,0
2026-03-18,-0.010302126547450248,0.011634407426865275,0.016947437829996595,0.019561599132316844,0.026019429287938777,0.009874483381561805,0.013229691808694198,0.015301836521304754,0.018347438335097842,0,0,1,0
2026-03-19,0.0003781330866945543,0.010597543931080243,0.014609862212460908,0.01708139913163594,0.020935205667237087,0.010770211890547237,0.014461770121753084,0.01672329946019254,0.02038825284885277,0,0,0,0
2026-03-20,-0.01447038889847097,0.010597543931080243,0.014609862212460908,0.01708139913163594,0.020935205667237087,0.010770211890547237,0.014461770121753084,0.01672329946019254,0.02038825284885277,1,0,1,0
2026-03-23,0.009455589795503096,0.010597543931080243,0.014609862212460908,0.01708139913163594,0.020935205667237087,0.010770211890547237,0.014461770121753084,0.01672329946019254,0.02038825284885277,0,0,0,0
2026-03-24,0.0034167097256631884,0.010597543931080243,0.014609862212460908,0.01708139913163594,0.020935205667237087,0.010770211890547237,0.014461770121753084,0.01672329946019254,0.02038825284885277,0,0,0,0
2026-03-25,0.0038555168142606093,0.010597543931080243,0.014609862212460908,0.01708139913163594,0.020935205667237087,0.010770211890547237,0.014461770121753084,0.01672329946019254,0.02038825284885277,0,0,0,0
2026-03-26,-0.009303909526023996,0.010597543931080243,0.014609862212460908,0.01708139913163594,0.020935205667237087,0.010770211890547237,0.014461770121753084,0.01672329946019254,0.02038825284885277,0,0,0,0
2026-03-27,-0.010009525752046,0.010597543931080243,0.014609862212460908,0.01708139913163594,0.020935205667237087,0.010770211890547237,0.014461770121753084,0.01672329946019254,0.02038825284885277,0,0,0,0
2026-03-30,-0.0036627722074371997,0.010597543931080243,0.014609862212460908,0.01708139913163594,0.020935205667237087,0.010770211890547237,0.014461770121753084,0.01672329946019254,0.02038825284885277,0,0,0,0
2026-03-31,0.018595954864297905,0.010597543931080243,0.014609862212460908,0.01708139913163594,0.020935205667237087,0.010770211890547237,0.014461770121753084,0.01672329946019254,0.02038825284885277,0,0,0,0
2026-04-01,0.002112157729840862,0.010597543931080243,0.014609862212460908,0.01708139913163594,0.020935205667237087,0.010770211890547237,0.014461770121753084,0.01672329946019254,0.02038825284885277,0,0,0,0
2026-04-02,0.001448037568829456,0.010597543931080243,0.014609862212460908,0.01708139913163594,0.020935205667237087,0.010770211890547237,0.014461770121753084,0.01672329946019254,0.02038825284885277,0,0,0,0
2026-04-06,0.003229274730547393,0.010597543931080243,0.014609862212460908,0.01708139913163594,0.020935205667237087,0.010770211890547237,0.014461770121753084,0.01672329946019254,0.02038825284885277,0,0,0,0
2026-04-07,0.00218986359548476,0.010597543931080243,0.014609862212460908,0.01708139913163594,0.020935205667237087,0.010770211890547237,0.014461770121753084,0.01672329946019254,0.02038825284885277,0,0,0,0
2026-04-08,0.016399507967803574,0.010597543931080243,0.014609862212460908,0.01708139913163594,0.020935205667237087,0.010770211890547237,0.014461770121753084,0.01672329946019254,0.02038825284885277,0,0,0,0
2026-04-09,0.002043602411050144,0.010597543931080243,0.014609862212460908,0.01708139913163594,0.020935205667237087,0.010770211890547237,0.014461770121753084,0.01672329946019254,0.02038825284885277,0,0,0,0
2026-04-10,-0.005164291063200617,0.010597543931080243,0.014609862212460908,0.01708139913163594,0.020935205667237087,0.010770211890547237,0.014461770121753084,0.01672329946019254,0.02038825284885277,0,0,0,0
2026-04-13,0.007160044797341598,0.010597543931080243,0.014609862212460908,0.01708139913163594,0.020935205667237087,0.010770211890547237,0.014461770121753084,0.01672329946019254,0.02038825284885277,0,0,0,0
2026-04-14,0.002983848116752693,0.010597543931080243,0.014609862212460908,0.01708139913163594,0.020935205667237087,0.010770211890547237,0.014461770121753084,0.01672329946019254,0.02038825284885277,0,0,0,0
2026-04-15,-0.00024100969630218294,0.010597543931080243,0.014609862212460908,0.01708139913163594,0.020935205667237087,0.010770211890547237,0.014461770121753084,0.01672329946019254,0.02038825284885277,0,0,0,0
2026-04-16,0.0028615637743089084,0.010597543931080243,0.014609862212460908,0.01708139913163594,0.020935205667237087,0.010770211890547237,0.014461770121753084,0.01672329946019254,0.02038825284885277,0,0,0,0
2026-04-17,0.005162950147504785,0.010597543931080243,0.014609862212460908,0.01708139913163594,0.020935205667237087,0.010770211890547237,0.014461770121753084,0.01672329946019254,0.02038825284885277,0,0,0,0
2026-04-20,-0.0017029495033604473,0.010597543931080243,0.014609862212460908,0.01708139913163594,0.020935205667237087,0.010770211890547237,0.014461770121753084,0.01672329946019254,0.02038825284885277,0,0,0,0
2026-04-21,-0.005672907119250653,0.010597543931080243,0.014609862212460908,0.01708139913163594,0.020935205667237087,0.010770211890547237,0.014461770121753084,0.01672329946019254,0.02038825284885277,0,0,0,0
2026-04-22,0.005863661901681756,0.010597543931080243,0.014609862212460908,0.01708139913163594,0.020935205667237087,0.010770211890547237,0.014461770121753084,0.01672329946019254,0.02038825284885277,0,0,0,0
2026-04-23,0.003582164431167462,0.010597543931080243,0.014609862212460908,0.01708139913163594,0.020935205667237087,0.010770211890547237,0.014461770121753084,0.01672329946019254,0.02038825284885277,0,0,0,0
2026-04-24,0.0006674395795958322,0.010597543931080243,0.014609862212460908,0.01708139913163594,0.020935205667237087,0.010770211890547237,0.014461770121753084,0.01672329946019254,0.02038825284885277,0,0,0,0
2026-04-27,0.0007345525159373608,0.010597543931080243,0.014609862212460908,0.01708139913163594,0.020935205667237087,0.010770211890547237,0.014461770121753084,0.01672329946019254,0.02038825284885277,0,0,0,0
2026-04-28,-0.00139053808558189,0.010597543931080243,0.014609862212460908,0.01708139913163594,0.020935205667237087,0.010770211890547237,0.014461770121753084,0.01672329946019254,0.02038825284885277,0,0,0,0
2026-04-29,0.0008889908919835649,0.010597543931080243,0.014609862212460908,0.01708139913163594,0.020935205667237087,0.010770211890547237,0.014461770121753084,0.01672329946019254,0.02038825284885277,0,0,0,0
2026-04-30,0.014419099895563312,0.010597543931080243,0.014609862212460908,0.01708139913163594,0.020935205667237087,0.010770211890547237,0.014461770121753084,0.01672329946019254,0.02038825284885277,0,0,0,0
2026-05-01,-0.0030674701130266532,0.010597543931080243,0.014609862212460908,0.01708139913163594,0.020935205667237087,0.010770211890547237,0.014461770121753084,0.01672329946019254,0.02038825284885277,0,0,0,0
2026-05-04,-0.002621345507635042,0.010597543931080243,0.014609862212460908,0.01708139913163594,0.020935205667237087,0.010770211890547237,0.014461770121753084,0.01672329946019254,0.02038825284885277,0,0,0,0
2026-05-05,0.006186390434910279,0.010597543931080243,0.014609862212460908,0.01708139913163594,0.020935205667237087,0.010770211890547237,0.014461770121753084,0.01672329946019254,0.02038825284885277,0,0,0,0
2026-05-06,0.002094831584461987,0.010597543931080243,0.014609862212460908,0.01708139913163594,0.020935205667237087,0.010770211890547237,0.014461770121753084,0.01672329946019254,0.02038825284885277,0,0,0,0
2026-05-07,-0.009044861301549986,0.010597543931080243,0.014609862212460908,0.01708139913163594,0.020935205667237087,0.010770211890547237,0.014461770121753084,0.01672329946019254,0.02038825284885277,0,0,0,0
2026-05-08,0.0013490758631753308,0.010597543931080243,0.014609862212460908,0.01708139913163594,0.020935205667237087,0.010770211890547237,0.014461770121753084,0.01672329946019254,0.02038825284885277,0,0,0,0
2026-05-11,0.008183275625591896,0.010597543931080243,0.014609862212460908,0.01708139913163594,0.020935205667237087,0.010770211890547237,0.014461770121753084,0.01672329946019254,0.02038825284885277,0,0,0,0
2026-05-12,0.0020960290373685715,0.010597543931080243,0.014609862212460908,0.01708139913163594,0.020935205667237087,0.010770211890547237,0.014461770121753084,0.01672329946019254,0.02038825284885277,0,0,0,0
2026-05-13,-0.0007714489110403686,0.010597543931080243,0.014609862212460908,0.01708139913163594,0.020935205667237087,0.010770211890547237,0.014461770121753084,0.01672329946019254,0.02038825284885277,0,0,0,0
2026-05-14,0.006558859781134102,0.010597543931080243,0.014609862212460908,0.01708139913163594,0.020935205667237087,0.010770211890547237,0.014461770121753084,0.01672329946019254,0.02038825284885277,0,0,0,0
2026-05-15,-0.008912695077328654,0.010597543931080243,0.014609862212460908,0.01708139913163594,0.020935205667237087,0.010770211890547237,0.014461770121753084,0.01672329946019254,0.02038825284885277,0,0,0,0
2026-05-18,0.003137302452375513,0.010597543931080243,0.014609862212460908,0.01708139913163594,0.020935205667237087,0.010770211890547237,0.014461770121753084,0.01672329946019254,0.02038825284885277,0,0,0,0
2026-05-19,-0.0008258910809607383,0.010597543931080243,0.014609862212460908,0.01708139913163594,0.020935205667237087,0.010770211890547237,0.014461770121753084,0.01672329946019254,0.02038825284885277,0,0,0,0
2026-05-20,0.0047153920743400685,0.010597543931080243,0.014609862212460908,0.01708139913163594,0.020935205667237087,0.010770211890547237,0.014461770121753084,0.01672329946019254,0.02038825284885277,0,0,0,0
2026-05-21,0.002423110649679608,0.010597543931080243,0.014609862212460908,0.01708139913163594,0.020935205667237087,0.010770211890547237,0.014461770121753084,0.01672329946019254,0.02038825284885277,0,0,0,0
2026-05-22,0.0072409562998941735,0.010597543931080243,0.014609862212460908,0.01708139913163594,0.020935205667237087,0.010770211890547237,0.014461770121753084,0.01672329946019254,0.02038825284885277,0,0,0,0
2026-05-26,0.0011213705611355204,0.010597543931080243,0.014609862212460908,0.01708139913163594,0.020935205667237087,0.010770211890547237,0.014461770121753084,0.01672329946019254,0.02038825284885277,0,0,0,0
2026-05-27,-0.0042339434565964945,0.010597543931080243,0.014609862212460908,0.01708139913163594,0.020935205667237087,0.010770211890547237,0.014461770121753084,0.01672329946019254,0.02038825284885277,0,0,0,0
2026-05-28,0.002089700801326333,0.010597543931080243,0.014609862212460908,0.01708139913163594,0.020935205667237087,0.010770211890547237,0.014461770121753084,0.01672329946019254,0.02038825284885277,0,0,0,0
2026-05-29,0.0001376809404548079,0.010597543931080243,0.014609862212460908,0.01708139913163594,0.020935205667237087,0.010770211890547237,0.014461770121753084,0.01672329946019254,0.02038825284885277,0,0,0,0
2026-06-01,-0.0004650545158636707,0.010597543931080243,0.014609862212460908,0.01708139913163594,0.020935205667237087,0.010770211890547237,0.014461770121753084,0.01672329946019254,0.02038825284885277,0,0,0,0
2026-06-02,0.006394714109625768,0.010597543931080243,0.014609862212460908,0.01708139913163594,0.020935205667237087,0.010770211890547237,0.014461770121753084,0.01672329946019254,0.02038825284885277,0,0,0,0
2026-06-03,-0.0018675762293383935,0.010597543931080243,0.014609862212460908,0.01708139913163594,0.020935205667237087,0.010770211890547237,0.014461770121753084,0.01672329946019254,0.02038825284885277,0,0,0,0
2026-06-04,0.008841598251602531,0.010597543931080243,0.014609862212460908,0.01708139913163594,0.020935205667237087,0.010770211890547237,0.014461770121753084,0.01672329946019254,0.02038825284885277,0,0,0,0
2026-06-05,-0.015352123892127851,0.010597543931080243,0.014609862212460908,0.01708139913163594,0.020935205667237087,0.010770211890547237,0.014461770121753084,0.01672329946019254,0.02038825284885277,1,0,1,0
2026-06-08,0.0005989602689603699,0.010597543931080243,0.014609862212460908,0.01708139913163594,0.020935205667237087,0.010770211890547237,0.014461770121753084,0.01672329946019254,0.02038825284885277,0,0,0,0
2026-06-09,0.0008294109546084208,0.010597543931080243,0.014609862212460908,0.01708139913163594,0.020935205667237087,0.010770211890547237,0.014461770121753084,0.01672329946019254,0.02038825284885277,0,0,0,0
2026-06-10,-0.010532431688163339,0.010597543931080243,0.014609862212460908,0.01708139913163594,0.020935205667237087,0.010770211890547237,0.014461770121753084,0.01672329946019254,0.02038825284885277,0,0,0,0
2026-06-11,0.011763014511815911,0.010597543931080243,0.014609862212460908,0.01708139913163594,0.020935205667237087,0.010770211890547237,0.014461770121753084,0.01672329946019254,0.02038825284885277,0,0,0,0
2026-06-12,0.007143893773900173,0.010597543931080243,0.014609862212460908,0.01708139913163594,0.020935205667237087,0.010770211890547237,0.014461770121753084,0.01672329946019254,0.02038825284885277,0,0,0,0
2026-06-15,0.0051640488138370135,0.010597543931080243,0.014609862212460908,0.01708139913163594,0.020935205667237087,0.010770211890547237,0.014461770121753084,0.01672329946019254,0.02038825284885277,0,0,0,0
2026-06-16,-0.0012963100760743332,0.010597543931080243,0.014609862212460908,0.01708139913163594,0.020935205667237087,0.010770211890547237,0.014461770121753084,0.01672329946019254,0.02038825284885277,0,0,0,0
2026-06-17,-0.00908096793381084,0.010597543931080243,0.014609862212460908,0.01708139913163594,0.020935205667237087,0.010770211890547237,0.014461770121753084,0.01672329946019254,0.02038825284885277,0,0,0,0
2026-06-18,0.0028556092511051344,0.010597543931080243,0.014609862212460908,0.01708139913163594,0.020935205667237087,0.010770211890547237,0.014461770121753084,0.01672329946019254,0.02038825284885277,0,0,0,0
2026-06-22,0.0059816516511347765,0.010597543931080243,0.014609862212460908,0.01708139913163594,0.020935205667237087,0.010770211890547237,0.014461770121753084,0.01672329946019254,0.02038825284885277,0,0,0,0
2026-06-23,-0.006382176924507234,0.010597543931080243,0.014609862212460908,0.01708139913163594,0.020935205667237087,0.010770211890547237,0.014461770121753084,0.01672329946019254,0.02038825284885277,0,0,0,0
2026-06-24,0.0004867075209786915,0.010597543931080243,0.014609862212460908,0.01708139913163594,0.020935205667237087,0.010770211890547237,0.014461770121753084,0.01672329946019254,0.02038825284885277,0,0,0,0
2026-06-25,0.00819182124760252,0.010597543931080243,0.014609862212460908,0.01708139913163594,0.020935205667237087,0.010770211890547237,0.014461770121753084,0.01672329946019254,0.02038825284885277,0,0,0,0
2026-06-26,-0.0010197629550976904,0.010597543931080243,0.014609862212460908,0.01708139913163594,0.020935205667237087,0.010770211890547237,0.014461770121753084,0.01672329946019254,0.02038825284885277,0,0,0,0
2026-06-29,0.006417323667478931,0.010597543931080243,0.014609862212460908,0.01708139913163594,0.020935205667237087,0.010770211890547237,0.014461770121753084,0.01672329946019254,0.02038825284885277,0,0,0,0
2026-06-30,0.001371030025322706,0.010597543931080243,0.014609862212460908,0.01708139913163594,0.020935205667237087,0.010770211890547237,0.014461770121753084,0.01672329946019254,0.02038825284885277,0,0,0,0
2026-07-01,-0.0041073435194603145,0.010597543931080243,0.014609862212460908,0.01708139913163594,0.020935205667237087,0.010770211890547237,0.014461770121753084,0.01672329946019254,0.02038825284885277,0,0,0,0
2026-07-02,0.006430938111941334,0.010597543931080243,0.014609862212460908,0.01708139913163594,0.020935205667237087,0.010770211890547237,0.014461770121753084,0.01672329946019254,0.02038825284885277,0,0,0,0
2026-07-06,0.0029382427253359703,0.010597543931080243,0.014609862212460908,0.01708139913163594,0.020935205667237087,0.010770211890547237,0.014461770121753084,0.01672329946019254,0.02038825284885277,0,0,0,0
2026-07-07,0.0005933124482125671,0.010597543931080243,0.014609862212460908,0.01708139913163594,0.020935205667237087,0.010770211890547237,0.014461770121753084,0.01672329946019254,0.02038825284885277,0,0,0,0
2026-07-08,-0.0034559815236269867,0.010597543931080243,0.014609862212460908,0.01708139913163594,0.020935205667237087,0.010770211890547237,0.014461770121753084,0.01672329946019254,0.02038825284885277,0,0,0,0
2026-07-09,0.00344159415338005,0.010597543931080243,0.014609862212460908,0.01708139913163594,0.020935205667237087,0.010770211890547237,0.014461770121753084,0.01672329946019254,0.02038825284885277,0,0,0,0
2026-07-10,0.0024026183190031807,0.010597543931080243,0.014609862212460908,0.01708139913163594,0.020935205667237087,0.010770211890547237,0.014461770121753084,0.01672329946019254,0.02038825284885277,0,0,0,0
2026-07-13,0.0008160631820184738,0.010597543931080243,0.014609862212460908,0.01708139913163594,0.020935205667237087,0.010770211890547237,0.014461770121753084,0.01672329946019254,0.02038825284885277,0,0,0,0
2026-07-14,0.00032744507139000057,0.010597543931080243,0.014609862212460908,0.01708139913163594,0.020935205667237087,0.010770211890547237,0.014461770121753084,0.01672329946019254,0.02038825284885277,0,0,0,0
2026-07-15,-0.0029873654042496174,0.010597543931080243,0.014609862212460908,0.01708139913163594,0.020935205667237087,0.010770211890547237,0.014461770121753084,0.01672329946019254,0.02038825284885277,0,0,0,0
2026-07-16,0.0017734189713660851,0.010597543931080243,0.014609862212460908,0.01708139913163594,0.020935205667237087,0.010770211890547237,0.014461770121753084,0.01672329946019254,0.02038825284885277,0,0,0,0
2026-07-17,-0.0047393072989690135,0.010597543931080243,0.014609862212460908,0.01708139913163594,0.020935205667237087,0.010770211890547237,0.014461770121753084,0.01672329946019254,0.02038825284885277,0,0,0,0
2026-07-20,-0.003451725856410933,0.010597543931080243,0.014609862212460908,0.01708139913163594,0.020935205667237087,0.010770211890547237,0.014461770121753084,0.01672329946019254,0.02038825284885277,0,0,0,0
2026-07-21,0.008065927708989146,0.010597543931080243,0.014609862212460908,0.01708139913163594,0.020935205667237087,0.010770211890547237,0.014461770121753084,0.01672329946019254,0.02038825284885277,0,0,0,0
2026-07-22,0.0035720712476519437,0.010597543931080243,0.014609862212460908,0.01708139913163594,0.020935205667237087,0.010770211890547237,0.014461770121753084,0.01672329946019254,0.02038825284885277,0,0,0,0
2026-07-23,0.0016903927695979299,0.010597543931080243,0.014609862212460908,0.01708139913163594,0.020935205667237087,0.010770211890547237,0.014461770121753084,0.01672329946019254,0.02038825284885277,0,0,0,0
2026-07-24,0.0017415092933674825,0.010597543931080243,0.014609862212460908,0.01708139913163594,0.020935205667237087,0.010770211890547237,0.014461770121753084,0.01672329946019254,0.02038825284885277,0,0,0,0
2026-07-27,-0.003616741084658789,0.010597543931080243,0.014609862212460908,0.01708139913163594,0.020935205667237087,0.010770211890547237,0.014461770121753084,0.01672329946019254,0.02038825284885277,0,0,0,0
2026-07-28,-0.0001842954729713222,0.010597543931080243,0.014609862212460908,0.01708139913163594,0.020935205667237087,0.010770211890547237,0.014461770121753084,0.01672329946019254,0.02038825284885277,0,0,0,0
2026-07-29,-0.013124700077492838,0.010597543931080243,0.014609862212460908,0.01708139913163594,0.020935205667237087,0.010770211890547237,0.014461770121753084,0.01672329946019254,0.02038825284885277,1,0,1,0
2026-07-30,0.009818139397027295,0.010597543931080243,0.014609862212460908,0.01708139913163594,0.020935205667237087,0.010770211890547237,0.014461770121753084,0.01672329946019254,0.02038825284885277,0,0,0,0
2026-07-31,0.0012990490806790503,0.010597543931080243,0.014609862212460908,0.01708139913163594,0.020935205667237087,0.010770211890547237,0.014461770121753084,0.01672329946019254,0.02038825284885277,0,0,0,0
2026-08-03,0.00583272270260069,0.010597543931080243,0.014609862212460908,0.01708139913163594,0.020935205667237087,0.010770211890547237,0.014461770121753084,0.01672329946019254,0.02038825284885277,0,0,0,0
2026-08-04,0.011646669503680842,0.010597543931080243,0.014609862212460908,0.01708139913163594,0.020935205667237087,0.010770211890547237,0.014461770121753084,0.01672329946019254,0.02038825284885277,0,0,0,0
2026-08-05,-0.0034323099939993257,0.010597543931080243,0.014609862212460908,0.01708139913163594,0.020935205667237087,0.010770211890547237,0.014461770121753084,0.01672329946019254,0.02038825284885277,0,0,0,0
2026-08-06,-0.0009314490060165577,0.010597543931080243,0.014609862212460908,0.01708139913163594,0.020935205667237087,0.010770211890547237,0.014461770121753084,0.01672329946019254,0.02038825284885277,0,0,0,0
2026-08-07,0.0028855838275069837,0.010597543931080243,0.014609862212460908,0.01708139913163594,0.020935205667237087,0.010770211890547237,0.014461770121753084,0.01672329946019254,0.02038825284885277,0,0,0,0
2026-08-10,0.006056726885898367,0.010597543931080243,0.014609862212460908,0.01708139913163594,0.020935205667237087,0.010770211890547237,0.014461770121753084,0.01672329946019254,0.02038825284885277,0,0,0,0
2026-08-11,0.0032411410139860223,0.010597543931080243,0.014609862212460908,0.01708139913163594,0.020935205667237087,0.010770211890547237,0.014461770121753084,0.01672329946019254,0.02038825284885277,0,0,0,0
2026-08-12,0.004188237235267579,0.010597543931080243,0.014609862212460908,0.01708139913163594,0.020935205667237087,0.010770211890547237,0.014461770121753084,0.01672329946019254,0.02038825284885277,0,0,0,0
2026-08-13,0.0038673443712028666,0.010597543931080243,0.014609862212460908,0.01708139913163594,0.020935205667237087,0.010770211890547237,0.014461770121753084,0.01672329946019254,0.02038825284885277,0,0,0,0
2026-08-14,0.0014423772892973535,0.010597543931080243,0.014609862212460908,0.01708139913163594,0.020935205667237087,0.010770211890547237,0.014461770121753084,0.01672329946019254,0.02038825284885277,0,0,0,0
2026-08-17,-0.001176840486309395,0.010597543931080243,0.014609862212460908,0.01708139913163594,0.020935205667237087,0.010770211890547237,0.014461770121753084,0.01672329946019254,0.02038825284885277,0,0,0,0
2026-08-18,-0.0017765678388641222,0.010597543931080243,0.014609862212460908,0.01708139913163594,0.020935205667237087,0.010770211890547237,0.014461770121753084,0.01672329946019254,0.02038825284885277,0,0,0,0
2026-08-19,0.0013067779259978048,0.010597543931080243,0.014609862212460908,0.01708139913163594,0.020935205667237087,0.010770211890547237,0.014461770121753084,0.01672329946019254,0.02038825284885277,0,0,0,0
2026-08-20,-0.007803885315909544,0.010597543931080243,0.014609862212460908,0.01708139913163594,0.020935205667237087,0.010770211890547237,0.014461770121753084,0.01672329946019254,0.02038825284885277,0,0,0,0
2026-08-21,0.0007390228964168823,0.010597543931080243,0.014609862212460908,0.01708139913163594,0.020935205667237087,0.010770211890547237,0.014461770121753084,0.01672329946019254,0.02038825284885277,0,0,0,0
2026-08-24,-0.0017846300924618992,0.010597543931080243,0.014609862212460908,0.01708139913163594,0.020935205667237087,0.010770211890547237,0.014461770121753084,0.01672329946019254,0.02038825284885277,0,0,0,0
2026-08-25,-8.651122579266177e-05,0.010597543931080243,0.014609862212460908,0.01708139913163594,0.020935205667237087,0.010770211890547237,0.014461770121753084,0.01672329946019254,0.02038825284885277,0,0,0,0
2026-08-26,0.0023902881156996863,0.010597543931080243,0.014609862212460908,0.01708139913163594,0.020935205667237087,0.010770211890547237,0.014461770121753084,0.01672329946019254,0.02038825284885277,0,0,0,0
2026-08-27,0.00018067038911957867,0.010597543931080243,0.014609862212460908,0.01708139913163594,0.020935205667237087,0.010770211890547237,0.014461770121753084,0.01672329946019254,0.02038825284885277,0,0,0,0
2026-08-28,-0.004299152529638381,0.010597543931080243,0.014609862212460908,0.01708139913163594,0.020935205667237087,0.010770211890547237,0.014461770121753084,0.01672329946019254,0.02038825284885277,0,0,0,0
2026-08-31,-0.001710334787657296,0.010597543931080243,0.014609862212460908,0.01708139913163594,0.020935205667237087,0.010770211890547237,0.014461770121753084,0.01672329946019254,0.02038825284885277,0,0,0,0
2026-09-01,-0.002578661263330126,0.010597543931080243,0.014609862212460908,0.01708139913163594,0.020935205667237087,0.010770211890547237,0.014461770121753084,0.01672329946019254,0.02038825284885277,0,0,0,0
2026-09-02,0.003942894850877651,0.010597543931080243,0.014609862212460908,0.01708139913163594,0.020935205667237087,0.010770211890547237,0.014461770121753084,0.01672329946019254,0.02038825284885277,0,0,0,0
2026-09-03,0.00739557928292328,0.010597543931080243,0.014609862212460908,0.01708139913163594,0.020935205667237087,0.010770211890547237,0.014461770121753084,0.01672329946019254,0.02038825284885277,0,0,0,0
2026-09-04,-0.0026733456580878704,0.010597543931080243,0.014609862212460908,0.01708139913163594,0.020935205667237087,0.010770211890547237,0.014461770121753084,0.01672329946019254,0.02038825284885277,0,0,0,0
2026-09-08,-0.003861982836184171,0.010597543931080243,0.014609862212460908,0.01708139913163594,0.020935205667237087,0.010770211890547237,0.014461770121753084,0.01672329946019254,0.02038825284885277,0,0,0,0
2026-09-09,-0.0044071365424309585,0.010597543931080243,0.014609862212460908,0.01708139913163594,0.020935205667237087,0.010770211890547237,0.014461770121753084,0.01672329946019254,0.02038825284885277,0,0,0,0
2026-09-10,-0.0074286551824249165,0.010227748460598596,0.014001388910602377,0.01606800917024307,0.020221038578983844,0.010479692746609962,0.014503372635217737,0.016776221706728534,0.020630828181633327,0,0,0,0
2026-09-11,0.005322555087399437,0.010227748460598596,0.014001388910602377,0.01606800917024307,0.020221038578983844,0.010479692746609962,0.014503372635217737,0.016776221706728534,0.020630828181633327,0,0,0,0
2026-09-14,-0.007057711950915661,0.010227748460598596,0.014001388910602377,0.01606800917024307,0.020221038578983844,0.010479692746609962,0.014503372635217737,0.016776221706728534,0.020630828181633327,0,0,0,0
2026-09-15,-0.0011671601868560593,0.010227748460598596,0.014001388910602377,0.01606800917024307,0.020221038578983844,0.010479692746609962,0.014503372635217737,0.016776221706728534,0.020630828181633327,0,0,0,0
2026-09-16,-0.007016706019564938,0.010227748460598596,0.014001388910602377,0.01606800917024307,0.020221038578983844,0.010479692746609962,0.014503372635217737,0.016776221706728534,0.020630828181633327,0,0,0,0
2026-09-17,0.008065831125414825,0.010227748460598596,0.014001388910602377,0.01606800917024307,0.020221038578983844,0.010479692746609962,0.014503372635217737,0.016776221706728534,0.020630828181633327,0,0,0,0
2026-09-18,-0.0008473929331660372,0.010227748460598596,0.014001388910602377,0.01606800917024307,0.020221038578983844,0.010479692746609962,0.014503372635217737,0.016776221706728534,0.020630828181633327,0,0,0,0
2026-09-21,0.004706855143644828,0.010227748460598596,0.014001388910602377,0.01606800917024307,0.020221038578983844,0.010479692746609962,0.014503372635217737,0.016776221706728534,0.020630828181633327,0,0,0,0
2026-09-22,-0.0028598888625258755,0.010227748460598596,0.014001388910602377,0.01606800917024307,0.020221038578983844,0.010479692746609962,0.014503372635217737,0.016776221706728534,0.020630828181633327,0,0,0,0
2026-09-23,-0.004871001621342271,0.010227748460598596,0.014001388910602377,0.01606800917024307,0.020221038578983844,0.010479692746609962,0.014503372635217737,0.016776221706728534,0.020630828181633327,0,0,0,0
2026-09-24,-0.0016555524822083121,0.010227748460598596,0.014001388910602377,0.01606800917024307,0.020221038578983844,0.010479692746609962,0.014503372635217737,0.016776221706728534,0.020630828181633327,0,0,0,0
2026-09-25,0.00402769769654248,0.010227748460598596,0.014001388910602377,0.01606800917024307,0.020221038578983844,0.010479692746609962,0.014503372635217737,0.016776221706728534,0.020630828181633327,0,0,0,0
2026-09-28,-0.0057695302260320075,0.010227748460598596,0.014001388910602377,0.01606800917024307,0.020221038578983844,0.010479692746609962,0.014503372635217737,0.016776221706728534,0.020630828181633327,0,0,0,0
2026-09-29,-0.0005370920589629436,0.010227748460598596,0.014001388910602377,0.01606800917024307,0.020221038578983844,0.010479692746609962,0.014503372635217737,0.016776221706728534,0.020630828181633327,0,0,0,0
2026-09-30,-0.005842525763262617,0.010227748460598596,0.014001388910602377,0.01606800917024307,0.020221038578983844,0.010479692746609962,0.014503372635217737,0.016776221706728534,0.020630828181633327,0,0,0,0
2026-10-01,0.005055368438407491,0.010227748460598596,0.014001388910602377,0.01606800917024307,0.020221038578983844,0.010479692746609962,0.014503372635217737,0.016776221706728534,0.020630828181633327,0,0,0,0
2026-10-02,0.004470287613611351,0.010227748460598596,0.014001388910602377,0.01606800917024307,0.020221038578983844,0.010479692746609962,0.014503372635217737,0.016776221706728534,0.020630828181633327,0,0,0,0
2026-10-05,0.005868601519526141,0.010227748460598596,0.014001388910602377,0.01606800917024307,0.020221038578983844,0.010479692746609962,0.014503372635217737,0.016776221706728534,0.020630828181633327,0,0,0,0
2026-10-06,0.007749620675684096,0.010227748460598596,0.014001388910602377,0.01606800917024307,0.020221038578983844,0.010479692746609962,0.014503372635217737,0.016776221706728534,0.020630828181633327,0,0,0,0
