date,end,r_h,var99_G_sqrt,es99_G_sqrt,es97_5_G_sqrt,var97_5_G_sqrt,var95_G_sqrt,es95_G_sqrt,var99_G_path,es99_G_path,es97_5_G_path,var97_5_G_path,var95_G_path,es95_G_path,var99_T_path,es99_T_path,es97_5_T_path,var97_5_T_path,var95_T_path,es95_T_path,var99_T_join,es99_T_join,es97_5_T_join,var97_5_T_join,var95_T_join,es95_T_join,var99_WC,es99_WC,es97_5_WC,var97_5_WC,var95_WC,es95_WC,var99_WC_emp,es99_WC_emp,es97_5_WC_emp,var97_5_WC_emp,var95_WC_emp,es95_WC_emp,var99_E_join,es99_E_join,es97_5_E_join,var97_5_E_join,var95_E_join,es95_E_join
2020-01-02,2020-01-15,0.015018961221992214,0.040913745711012355,0.05026663776388121,0.04125907731338487,0.031157164872971276,0.02391033474372799,0.0341039217474411,0.03873194207210323,0.04656705390872132,0.0388696908997,0.02997082485062627,0.022799758234207657,0.03241010906247861,0.04102965570082165,0.052575270671556124,0.04206085527940593,0.03123149754821881,0.023268464244618176,0.034323863179148026,0.04076886130441317,0.05405145733306761,0.0426693752799567,0.030767064248871868,0.022690350154525668,0.03452410311604793,0.0409249362673135,0.05413390520064291,0.0422675268481839,0.029058149069597076,0.022062698905429577,0.0338402828900461,0.04442236166005377,0.061757922489217944,0.04628213575315541,0.02982094370446469,0.021793445510208363,0.03587022808171212,0.04890774986402574,0.06446270120321479,0.04968692051637194,0.03101513148096352,0.02231174406936663,0.03800114015448557
2020-01-16,2020-01-30,-0.004272152364476318,0.045451866709698585,0.056153170069119206,0.046007638254322025,0.034509502652925836,0.026622678154218215,0.038016295695828685,0.04040513478319727,0.051076729568504266,0.04149139500106793,0.031104977092511654,0.024075242285879525,0.034389483307823675,0.04491419073348917,0.05662707618124409,0.04561179726988948,0.03342608841146823,0.025451177671725635,0.037215548739247255,0.04567598179521027,0.05989605961671957,0.047472342415157895,0.03409329568188581,0.024713910251061157,0.03816710032738349,0.04486776299444901,0.05829955828523862,0.04622108110745764,0.03308102387783932,0.02468420656569522,0.037369436017362576,0.0435494709799763,0.0647689540345433,0.049799969841642276,0.033939209131752614,0.024788471126521792,0.03929542242932395,0.05115391594176567,0.069689258021565,0.052871380097671596,0.0336120594273947,0.024598141777555597,0.04084964809936383
2020-01-31,2020-02-13,0.017361459362846988,0.058333312381388516,0.07207707945487087,0.05941185165086293,0.04500110634314544,0.034724593013429256,0.04925486509344027,0.05466834836317556,0.07051515100807952,0.056731816787025054,0.04155432515126393,0.03256181580441629,0.046698810955300846,0.053522342904512285,0.06964813616652767,0.05602239837734861,0.041233617219595065,0.032144153351269196,0.04621349266776488,0.05770443379827187,0.07552501577343908,0.05917166375095409,0.04181528690927612,0.03151027760069858,0.047536793401667825,0.055410866370022724,0.07415737481275408,0.05795508851041416,0.0405250446770603,0.030293769152679624,0.046382697652828084,0.05413810238951917,0.07877158628065549,0.05962775409839257,0.04063637208369015,0.030827048183154602,0.04717867620401701,0.06509821427934438,0.08589398294818748,0.06738418330375646,0.043879151419126045,0.031196003116961503,0.05225085409232575
2020-02-14,2020-02-28,-0.13449336426456993,0.05980942568917076,0.07338964057133121,0.06065448717734096,0.04618664696176682,0.03569706381872125,0.05047084394466533,0.05470748898571258,0.0681773794934743,0.05510612373489466,0.040762469057097926,0.03205346282362583,0.0455700012074899,0.055819852130323075,0.07083379258754557,0.05698874688893875,0.041796169147458706,0.0328954830926094,0.04690789484539646,0.05657742653441123,0.07306290083464917,0.05873798960046625,0.04304147131458767,0.033239765555024246,0.048126084008823795,0.055818500650231126,0.0751193352474234,0.05873321504061004,0.04192762614871314,0.03219569839693272,0.04754766228946188,0.05589020220178193,0.08106054372918653,0.06225679108979899,0.04207687136893706,0.03268186459218654,0.049581125473834975,0.06599537456727085,0.08748896703038529,0.06865377976960094,0.04483537716555039,0.033025361893326104,0.053409976651557785
2020-03-02,2020-03-13,-0.1169510961294661,0.14416126979023852,0.17390009782765845,0.14445560725298803,0.11066056795844069,0.0868193376227403,0.12109432345248093,0.1239193168029064,0.15065274068851264,0.12592441143478342,0.09848298631296418,0.08001515422623276,0.10703416717536555,0.1285515251920452,0.16133281765300317,0.13283514064057447,0.10238936236512235,0.08086882177621207,0.11173986647038575,0.13301421286418355,0.1742834411527736,0.13845607625209505,0.1015037073878772,0.0810226591482392,0.11421050506895442,0.1342595656024509,0.17152356920240597,0.13927342863651246,0.10556137161959672,0.08122030449320806,0.11553668535947446,0.16008472696968648,0.19006743566193665,0.15018887038546888,0.10765417287934888,0.0796562934450371,0.12035429659862548,0.15064645524902268,0.19883107022228394,0.15876395402415625,0.11671150705190315,0.08115150210071875,0.12636588227981266
2020-03-16,2020-03-27,-0.06375836751283266,0.375607434907488,0.4506853858190563,0.3774436471603103,0.2924335013283754,0.23470224529021824,0.319113949786871,0.2957154906526598,0.3517513931136685,0.29933319078318243,0.23985084406536955,0.20036159117438263,0.25888771098566643,0.29775361813170126,0.3546105540839395,0.3020305901931447,0.24421471326692193,0.20097879131526558,0.26074095519325713,0.3125280330153859,0.38496029082063143,0.3172411476870042,0.2444353332174837,0.20438696180523683,0.26971922597548903,0.3104403102868791,0.3792274003854759,0.3128338447568411,0.23681876409503103,0.1964086143160433,0.2637627089925985,0.351889928934675,0.40341626579884926,0.3335645922702475,0.2618533962221016,0.20019814847825151,0.27855605331187905,0.3659286160948531,0.42677853546192684,0.3601331535298119,0.28801573122049373,0.200318551235704,0.29691921112553393
2020-03-30,2020-04-13,0.09298468607067112,0.369445488414385,0.45420115823526575,0.3751021168150961,0.28794289525697425,0.22655771540187522,0.3138632468978925,0.2920503177940503,0.3543481313034038,0.30001357015906216,0.24402825965100022,0.20234972982920535,0.2604595090997294,0.2948409163741186,0.3494874061040049,0.29896288361006584,0.2429943112925871,0.1995116819039177,0.2591899463778044,0.30304896505318935,0.3695635209094826,0.3098702951521237,0.2454587008011863,0.20109707142820588,0.26546071853978115,0.30826433964089045,0.36795374826308735,0.30907049354344973,0.24457271684665632,0.1971755206887363,0.2639062089443613,0.34536819568431676,0.4460371063134154,0.34884798134492406,0.24974825720307733,0.19675859507615753,0.2840717189366852,0.35705467411320724,0.42545237779252815,0.35716760597023406,0.2819727803960878,0.19954512307643008,0.2958161593725991
2020-04-14,2020-04-27,0.03340196183040126,0.2404310799055753,0.2977047567430348,0.24460250135206474,0.18647679553002655,0.14666531211309256,0.20424168509759824,0.20758910603262443,0.24616399632139963,0.20756143060267024,0.16404267278415896,0.13350374104878354,0.17749783102847333,0.21210623148442279,0.25801565889348566,0.2146265556797482,0.16680191410433132,0.1356441673158951,0.18206363655776994,0.2163510173052962,0.26635975453531285,0.2211128064124128,0.17281853191513144,0.1364210879189602,0.18687505025390144,0.2113012154004591,0.27242508694967543,0.22193480418997197,0.16988179160205155,0.13479534722520378,0.18553823465161495,0.24925414931225617,0.3191068844007141,0.2519987224485604,0.18225617750751066,0.13517429250299795,0.20203382020951163,0.24649614134420428,0.3182102687613565,0.2589147486602116,0.19578842931051899,0.13420355415792712,0.20830282560209212
2020-04-28,2020-05-11,0.008163673830873033,0.1608792520138902,0.19281581186332433,0.16224428162765234,0.12636646862388595,0.09895467626586224,0.13679538243975836,0.1407693349183133,0.17567859676709233,0.14444557857642462,0.11233172494020192,0.0913276732765211,0.1225879106253258,0.14586535684585858,0.1819247135303367,0.14895056812738824,0.11430982385891265,0.09120183737002432,0.12499990496242622,0.15401636597616053,0.20036126777595575,0.1594976645386421,0.11747072245103377,0.09252724906484672,0.13157582834231452,0.1499899528202037,0.19004253961775142,0.15463956122194866,0.11340199882481473,0.08800452184951123,0.12747075696265206,0.16975022637812426,0.2281026370625204,0.1709785693981945,0.11373645578079848,0.0882019637227038,0.13515146909543665,0.16430342950841006,0.2223237826786787,0.18024965595109677,0.139342881886005,0.08703035473747307,0.14298830912021596
2020-05-12,2020-05-26,0.028439102532986326,0.12442294890131315,0.1505240612425703,0.12627045441459203,0.09875229361316078,0.07692501098107106,0.1062433329093151,0.11040470954933423,0.13816268431673026,0.11478136673261617,0.0891331785747883,0.07056053524882584,0.09681031788010629,0.11240539042709076,0.14342908567868823,0.11721802498504254,0.08851722821072264,0.06980598925436393,0.09789017149236721,0.11915545765192513,0.15508306656006202,0.12350242589702189,0.09005070609146584,0.0725951748414507,0.10189088908231703,0.1172384318434433,0.1519936083206703,0.12138781936310734,0.08896795822312337,0.06789769615475383,0.09955800841552426,0.13446774647195586,0.18476061491478657,0.13781927056999474,0.08994458890216218,0.06934501836167033,0.1077704751009853,0.13655482326458473,0.17618827548350477,0.14138825903299568,0.10683639674563007,0.0703024179172099,0.112272670867003
2020-05-27,2020-06-09,0.09551206505322683,0.14289287043124907,0.17699440699325283,0.1444207798613228,0.10683740701042366,0.08319560919278148,0.11911031880594021,0.12704735828040967,0.16062818636291712,0.13107924902865764,0.09850931128854143,0.0786574472446865,0.10945473015779768,0.1254498852353468,0.16466385204831938,0.13194316130388176,0.09878291105100175,0.07722573030741146,0.10926329581624032,0.1314471368549732,0.1735907817349359,0.13827060204568914,0.10298663490718098,0.07895075942502874,0.11366125819534534,0.13430736876251115,0.16933287009257073,0.13669899897418178,0.10290988412600087,0.07773054392451764,0.11235251292573889,0.1430139213675092,0.19079060174903278,0.1468753288489462,0.10338025782937861,0.07422805428737408,0.11676034190652672,0.14485961697613708,0.19107692084608427,0.15430884398217956,0.11589597628930828,0.07450099917165172,0.121701270905573
2020-06-10,2020-06-23,-0.055209349419996966,0.13323363927071938,0.1655269858834403,0.1346753332047315,0.09995399600746076,0.0783591437886656,0.11129811263496955,0.1212834097619026,0.14724004983912434,0.12231200018632518,0.09516009429530996,0.07507025022391324,0.10339538141239127,0.1182973568400005,0.1502431823910177,0.12243363034834126,0.09256535394614168,0.07303039131142251,0.10183850619028964,0.12391938627550857,0.1586435194410774,0.1281501997095079,0.09371606593719523,0.07244070806206714,0.10497715600618752,0.1210721947170407,0.15550140412024566,0.12509347325891734,0.0920055483001362,0.07168277164732682,0.10229719760899625,0.13822712664670592,0.1895822818246622,0.14203861977433468,0.09458560828058123,0.06919107874581396,0.11081123033770515,0.14250160350985677,0.18236270355657402,0.14679869603887874,0.11052335223328605,0.07153356361375802,0.11670576647919764
2020-06-24,2020-07-08,-0.009924814874097033,0.12169132634235641,0.1523805096415131,0.12509229504493272,0.09558149823716351,0.07633076030392505,0.10510818940560279,0.11716081801118514,0.1431996732720873,0.11896798936169804,0.09152648324977304,0.07149696814898274,0.09995775463258305,0.11350481776899853,0.14106732082606815,0.1172026080461469,0.09141501181785965,0.07439254681858219,0.0998814681912157,0.12322485614015369,0.15680621735943912,0.1253935940356779,0.09282086681344238,0.07429374240460676,0.10429432699642187,0.12101543618722632,0.15479286643494564,0.1248544976120411,0.09359856143350519,0.07217612337329528,0.10314090532669383,0.13761411991833727,0.17547587960811387,0.1376262839694479,0.09627814298035069,0.0713073176726531,0.10957774604024467,0.13978513460380337,0.17398161849837163,0.1429582569918255,0.11240121902556975,0.07175176175564209,0.11349570749414976
2020-07-09,2020-07-22,0.04490210088285612,0.10564261352426883,0.13168033383468916,0.10795730875882266,0.08247728504317023,0.06572339546879023,0.09053607877309412,0.1015348950337772,0.12647003579982755,0.10412233903720045,0.0791257203456336,0.06215949691253999,0.08705761207501482,0.09942850230115902,0.12941020663854036,0.10429215522694134,0.07854449221542059,0.06145847490798713,0.08666819801431508,0.10697024569922078,0.13951535491131753,0.1111603605637315,0.08133081893035596,0.06271793637642256,0.09113668478570278,0.10303341762016331,0.13732094735145825,0.10791128927358482,0.0779727673840575,0.061195047183675785,0.08819180739452807,0.1178007845904461,0.16362949831279106,0.1259317215869139,0.08457376218027124,0.0605488480396974,0.09785438748365571,0.1207246963500479,0.1569697156241151,0.12444918579947359,0.09307269645695176,0.0598654145651372,0.09843569472089968
2020-07-23,2020-08-05,0.005923133012987618,0.09859584391883572,0.1209873514017838,0.09965200839637364,0.07565800403728533,0.059500875022511286,0.08310922799362909,0.08807425899116782,0.10790613145921733,0.08990401987383494,0.07043842446153532,0.05689495308597521,0.07647471263210123,0.09466154857438426,0.11956095577257062,0.09647838112401709,0.0716636079301797,0.05648406913557526,0.07990453232609264,0.09797222550413974,0.12521432111889427,0.1014166427191945,0.07532641411586632,0.05792165946538933,0.08357535229262031,0.09136716773903168,0.11787649176499189,0.09504528267508881,0.07186982713211587,0.055064751819010146,0.07881013723244794,0.11059081638076144,0.1452246949102774,0.11340282455087643,0.07196050510944924,0.05367976324826388,0.08740612260649809,0.11808265390867048,0.14585002146405376,0.11598863903872854,0.0855999315919864,0.05718821639709026,0.09147353415833173
2020-08-06,2020-08-19,0.008489328343661185,0.08381970726126513,0.10358664500193092,0.08512098069769031,0.06480152091099099,0.05069263098967334,0.07089252709564567,0.08185336451177659,0.10292544515206052,0.0832499684890533,0.06195631135246361,0.0487888789700047,0.06884719676554517,0.07907405036764117,0.09953707926854398,0.08139144331914977,0.06236217315901726,0.04895952686377814,0.06810765040753633,0.08332014250339528,0.11084792542128015,0.08702416809933425,0.06255105690173693,0.0489066475570852,0.07081182297143895,0.08020973131125421,0.10522395813168746,0.0843504891622693,0.06250580673992272,0.04762623151733924,0.06932963243822433,0.09489584801681185,0.12186255993206864,0.09588080500122356,0.06720281049252239,0.04774462433581998,0.07545242651417113,0.08741115131254426,0.12173817631768415,0.09716248526413741,0.07434942678825016,0.04770940858148594,0.07735780173774578
2020-08-20,2020-09-02,0.027980513745176707,0.06678686333191164,0.08135457223677839,0.0674388800852141,0.05116988772575284,0.04089108262238795,0.056430091056746026,0.06678038829338144,0.08257905455785897,0.06775684812250944,0.050926213174361565,0.03980054226778692,0.05631194518443688,0.06751402840336261,0.08779078969470869,0.07058284723485636,0.05124328207082232,0.03933556491255365,0.057790102692371934,0.07013937329929866,0.09167498490804102,0.07210763811404958,0.05089809412388395,0.03993934914439372,0.05842733585204101,0.06764440277937568,0.08732901619311216,0.0698481244138324,0.05133172582857163,0.03907693551477891,0.057265222243777746,0.0827858881233046,0.10818555709388201,0.08127817328616056,0.05293214336514245,0.037770699504748956,0.06276118701931882,0.08512817595963873,0.10606634963282206,0.08526655692528239,0.06189206755630414,0.0391744202890804,0.06595467519440053
2020-09-03,2020-09-17,-0.036782690304788875,0.07411665850530083,0.08967426219863738,0.07448361850081849,0.056754941036447425,0.045197957070054036,0.06249386840074409,0.06792325146665124,0.08616465519578753,0.07044012571829665,0.05472237690411025,0.04341809339492389,0.059291405184961704,0.0705120992396352,0.0921890638689912,0.07382969344396212,0.05492396403984411,0.04370709355027646,0.06123754855587848,0.07507918901950317,0.09495696860595554,0.07749954413408171,0.05839717883320139,0.04401501967680941,0.0641431248177478,0.07465331669886906,0.09838253391277925,0.07796475094728941,0.0559195156455033,0.042493257410717224,0.06332315745561776,0.08740829712687308,0.11705671845890762,0.08751661136286984,0.05619180522016145,0.04083353593734512,0.06732542312160669,0.0844325309234557,0.11098813017415082,0.08896738481623684,0.06719675766747903,0.04120486017972903,0.06971796314501037
2020-09-18,2020-10-01,-0.021860478197828995,0.09585921971277762,0.11609988198522382,0.09637115050845291,0.07336603681175358,0.05781766851904187,0.08065319299444333,0.08766012734733476,0.10917677745968175,0.09002878113285497,0.06957806734106689,0.05471420352894556,0.0754504044811465,0.09389904673136419,0.11891174198157789,0.09518514820690901,0.07021535580503148,0.055506698079659834,0.07833734733636578,0.0960181563664852,0.12530911560893987,0.09814450906801335,0.0700394522792805,0.05504784778605348,0.08008274935592613,0.09070500758686674,0.12424595436226502,0.09755155592832254,0.07124452807894702,0.05382430216789071,0.07956143846510838,0.1033175402339519,0.13720574403246674,0.10535985881584996,0.07296822206226425,0.05411640392068587,0.08315612644559577,0.11891769257671174,0.14289001842779608,0.11405432743361195,0.08525247209324464,0.05430140576144357,0.0905774788807569
2020-10-02,2020-10-15,0.04291688768263565,0.09186625362043395,0.11178796862402557,0.09318743143077503,0.07118181527946797,0.0566389434562942,0.07817595446358827,0.08684692799460556,0.11319786726212139,0.08984365351057778,0.06642419733845317,0.05314754661032434,0.0743250840075535,0.08561233791653249,0.10735693339697783,0.0886679492584634,0.06871785057672138,0.053064895779306044,0.07425449956866471,0.09026058753457228,0.11502627037308845,0.09229031821357625,0.0676170070642206,0.05377754299435893,0.0760608264734606,0.09061326995541016,0.11833496094768886,0.09353761684881329,0.06837220477105639,0.051729203842931545,0.07653216158223117,0.10142252951852133,0.12666193771698261,0.09943855536602239,0.0706041498494279,0.04938535634894248,0.07901260560640827,0.10384425749948038,0.13079354970360008,0.10587387061724877,0.08066016425118723,0.054500378670727316,0.08497574409318849
2020-10-16,2020-10-29,-0.050935665931623075,0.08185969416885074,0.09828570633996987,0.08210673344705949,0.0641038534908254,0.04914571287680526,0.06892311123879452,0.07862106437511623,0.09957559467360502,0.08064806368274367,0.06026902128140515,0.04789442398089726,0.06695842637654409,0.081019197652734,0.10477284716666067,0.08339557304258845,0.06125842045289112,0.04734479749963662,0.06811542247083913,0.0811750456260987,0.10741243692325905,0.08540443125000283,0.06264282215271684,0.04788448738001386,0.06973337038466826,0.0855092499881197,0.11190971027417251,0.08683978087309432,0.06061644412301033,0.046884736789209125,0.06974159762572081,0.0943991418394945,0.12619698021620568,0.09732966930116424,0.06148724996090948,0.0471233499208341,0.07490290787694813,0.09133672393687117,0.1198052324082916,0.0970390761810447,0.072921045980524,0.050720788194520895,0.07852350590557688
2020-10-30,2020-11-12,0.09248763347985307,0.11706445941235433,0.14099601204372816,0.11811622208540035,0.09249229897482018,0.07119552052657221,0.09940644327913983,0.11096531843903266,0.13667920559575714,0.11300726169259101,0.08821960500459944,0.06947891912881642,0.09528635688465366,0.11734761378841102,0.1420528154502118,0.1164579325876959,0.08785176163555598,0.07043965218224675,0.09752572045765805,0.11545371293753572,0.14685710563109905,0.11917394643256887,0.08908535513935817,0.0701838040569822,0.09875312834351863,0.11671431688799146,0.14933427471770125,0.12095047427534021,0.08938522960253037,0.06845005071837214,0.0990436838190749,0.13295704329711458,0.17220758095327401,0.1328074343398318,0.08938505457313749,0.06706938623710484,0.10455977046769556,0.13085654539925304,0.16651749692810203,0.13631891144841107,0.10449013526156445,0.06949398114472506,0.10990180906485413
2020-11-13,2020-11-27,0.05050319424830546,0.14117328141489477,0.1763401663921616,0.14486345815577936,0.11108728762359552,0.08768791384754879,0.12151697513414642,0.130726522248156,0.15775747212628877,0.13313591056296523,0.10568565263973,0.0849462418995173,0.11338981252110555,0.13771186665485968,0.1757363135262712,0.14198591205615516,0.10828134727747728,0.08674530391883901,0.11891852481534372,0.14393771451018053,0.18594215087571273,0.1491513180612771,0.11044607439970665,0.08694791498014813,0.12330942733428508,0.13836928801058349,0.181886893577764,0.14709878986131547,0.1104599464938268,0.08667028238311622,0.12244298896034224,0.15604933593998585,0.19817249476643217,0.16188349422322498,0.11741026206319194,0.08670128270830663,0.12967118200627628,0.15713764182722037,0.20315951781123065,0.16661968105461727,0.12834207897827166,0.08868401324310174,0.13567518557706712
2020-11-30,2020-12-11,0.010980431047982435,0.105955171693379,0.13377094762447794,0.10913212853013762,0.08367149065020377,0.06550519657842752,0.09143769214403501,0.10182511992008615,0.12556190269159057,0.10365379113731928,0.07895959638521068,0.06402372797490165,0.08722787715326424,0.11067383190490969,0.13628819481323523,0.11153424985373508,0.08448174720162682,0.06633786664488138,0.09301449435246005,0.1075094435576822,0.13899170152933274,0.11235039272383925,0.08477213306021733,0.06713390952506615,0.09341925431100762,0.11074131620138976,0.1394433767794267,0.11393683184214012,0.08559204861898788,0.06566112071225325,0.09388412297654758,0.11834535611029164,0.15621956866488443,0.12627391381599204,0.09281490921780247,0.0648490802825154,0.10061507212661497,0.12052769014571744,0.15376386418423563,0.1276223107689314,0.09890823538616317,0.06861093084385117,0.1049419622793276
2020-12-14,2020-12-28,0.0018653972114989084,0.08194908704511637,0.10271059913436362,0.08432291218460414,0.06480855280455894,0.05194613099136303,0.07114220059603468,0.07819661923662509,0.09359557993994501,0.07870074461892744,0.06103832417436661,0.04983591461610088,0.06671064832532007,0.08211687750210729,0.10012313204183272,0.08281527198253694,0.063906250907223,0.04880253261191976,0.06905736512018726,0.08241155811060533,0.10647782935574356,0.08571588116260768,0.06473518927771554,0.04919640907546888,0.07115668582423741,0.08259202512568296,0.11047450591430337,0.08651399579495442,0.06234625325913688,0.048401219729823704,0.07053181441117841,0.09457186809550637,0.12227122279602694,0.09797851904623583,0.0685260616231866,0.04846386156205488,0.07696997966860343,0.0925809086283778,0.11662364430939867,0.09523266941287307,0.07248170763912672,0.05051441632101917,0.0780194959406951
2020-12-29,2021-01-12,0.04755418044940723,0.06846355519146018,0.08512970517977202,0.07005364634506736,0.05394132644236949,0.043116617436738176,0.05900792447433867,0.06877487476820028,0.08613194884722412,0.07048608947940471,0.05339985739474516,0.041211895233449924,0.05877845307964525,0.06841516695493101,0.08615618299886853,0.06997837235853101,0.052452224144522684,0.04151611628783854,0.05828163861856685,0.07115708437217413,0.09143768255141489,0.07353059878237687,0.053979927540828115,0.041802308941659164,0.060380225852727024,0.07173071003779216,0.09203616744770875,0.07371814276462463,0.05398871052105033,0.041375478057297674,0.0603345490959326,0.08237174481830188,0.11021778179025882,0.08624426463923723,0.05893016478679797,0.03988475557479351,0.06663831170368231,0.08052102708849372,0.1029851902344569,0.08359042829032734,0.062384430974046265,0.04218267329169191,0.06699252882160124
2021-01-13,2021-01-27,-0.03389265329367796,0.08774254536800707,0.10796311933194096,0.08849367655554762,0.06734776594895613,0.053346038819703866,0.073997731944255,0.08457378337275501,0.10658852724098516,0.08684399078573866,0.06439360733741026,0.05125695834205292,0.07191817851028252,0.08581952961530538,0.10622584739816547,0.08754779878154924,0.06677014478744901,0.052328730507827555,0.07319654902526392,0.08624115737698299,0.11299544969820884,0.09122125419069699,0.06816266926334848,0.05177000089527278,0.07494939494374722,0.08698018323672431,0.11462295762731924,0.09040855560371121,0.06503019417223627,0.05147244887841477,0.07401547916732684,0.10028255932629454,0.130887582281228,0.10443544527105143,0.07218659409968559,0.0507977967552182,0.08131024880912331,0.09653756858253332,0.12825938394990413,0.10342736594410587,0.07878588492295109,0.0535942302798277,0.08308720263740103
2021-01-28,2021-02-10,0.05408629654145449,0.09691129164655041,0.11834363710641156,0.09722217844735456,0.07422550160579239,0.05866535991748004,0.08147997133887748,0.08886587080449047,0.10732647370770454,0.08964480756691062,0.06915710693903157,0.055440325861769564,0.07564466137929117,0.09111739272301908,0.1127487408053982,0.09226010005872672,0.0701173112453367,0.05570700591312334,0.07707881245905653,0.09452325886206549,0.12197235510999349,0.09777331068361783,0.07239448092207384,0.05639376521920697,0.08063450501684707,0.09336591120706435,0.11973309653437411,0.09611544110333332,0.0712331582998563,0.05673991585897438,0.0796243751891026,0.10905521225447005,0.13843396345141043,0.11062285441653626,0.07545732402402196,0.05426311207919442,0.08629094922582922,0.11010408498875622,0.13432659725804824,0.11078801368800095,0.0891863994496641,0.05836890521728611,0.09090473251523849
2021-02-11,2021-02-25,0.0071258502867227345,0.07743056786268744,0.09667778036993119,0.07947218895976356,0.06120064443476992,0.04869091149432557,0.0669303074542652,0.07923206165134561,0.09858548797239462,0.08068659322435578,0.06117034372713243,0.04858961573828771,0.0675924349073955,0.07667350748792022,0.09628576936434588,0.0789047023936836,0.06086428002907804,0.04780054963890288,0.06627775761030821,0.08050350188146195,0.10462279815672158,0.08339807854502455,0.06127474020734401,0.04661181687465003,0.06798845890084688,0.08133609284503082,0.11148294246733104,0.08601529176737269,0.06097946367265153,0.04755922255177381,0.06974576416425717,0.08969071360698329,0.12035076916831774,0.09551035584525783,0.0674375083327797,0.04637581056901594,0.07542515576128857,0.09330181657993653,0.11679047473998111,0.09483315205289089,0.07263290772048567,0.04945062756714363,0.0766326656641939
2021-02-26,2021-03-11,0.03871555283701184,0.09299069536450154,0.1171668732111122,0.09624861835740894,0.07448709156813382,0.05929296939843562,0.08116008110942617,0.09303634521254825,0.1138182950153816,0.09428636013479061,0.07257852086123218,0.057271505234479554,0.07895699467670576,0.09645994443481941,0.11967973284097537,0.09818485477847244,0.07465045616821708,0.057244274208764594,0.08152661741848895,0.09952390931868128,0.12772611023435826,0.10208997643069628,0.07524698538352725,0.05753241501958555,0.08359744300482061,0.10028133651246485,0.13231742229535048,0.10367902971831588,0.07357316410972128,0.05695593988458115,0.08414491547033406,0.10794635789940232,0.14022290581506933,0.1130971320262378,0.07835588209119866,0.05652742566966821,0.09051296831557609,0.11180691408543285,0.1389916805976055,0.1140478085837821,0.08708829825708933,0.060798145130335116,0.0927312010757789
2021-03-12,2021-03-25,-0.007433709769138714,0.09883289995756483,0.1192542093089974,0.09976873536324292,0.07671410579056945,0.06047318021625111,0.083946682370095,0.09188730062178829,0.11295675239246682,0.09320054611950934,0.07109236980090713,0.056238378054058805,0.07792930313910242,0.09563857139423554,0.12047661552728162,0.0980860045769071,0.07483023189235809,0.05740149337623243,0.08177389781168401,0.10179037555587256,0.12877745827664025,0.10305901992129947,0.07615677294270945,0.05797028573891513,0.08452279969226416,0.09713656451451438,0.1286846816857931,0.10185917827256458,0.07423397913564526,0.05740521266366698,0.08343918010435832,0.11271049664392827,0.14535992968184497,0.1136739422032299,0.0778700631434836,0.05721191631744952,0.08909624782018802,0.11533454387210362,0.14174935955975632,0.11500235323595216,0.08652038524809186,0.06158221727381974,0.09337091735269316
2021-03-26,2021-04-09,0.034223041115528034,0.08327764285203758,0.10128116875534783,0.08465220823442873,0.06549243836316616,0.0509851231783954,0.07092220378712416,0.07870253443931148,0.09744774181744406,0.08072070384288364,0.062210706760865785,0.04862285492729042,0.06766173146782556,0.07892291890808961,0.09937373256334499,0.08087060295457314,0.06022693782255732,0.04693902084095782,0.06683219419057133,0.08456087071667474,0.10787359451716233,0.08625825720835877,0.06239459316435882,0.048550459474065645,0.07026701889213129,0.08444792729628327,0.11089740915667928,0.08709514566886312,0.06240236254696484,0.04800470437229957,0.07049106175886562,0.09298587281776179,0.12303121029277898,0.09676357587572164,0.0655707445069529,0.047071095453808616,0.07642693531165222,0.09621348104081046,0.11878154286561304,0.09767901875463744,0.07624451716025285,0.048567729374617695,0.07858588366899007
2021-04-12,2021-04-23,0.014298969400808596,0.06686165033954874,0.08279289565873456,0.06796269850503509,0.05148677287752866,0.04048035551467654,0.056553436806195484,0.06560474680367362,0.08166158895464289,0.0670509113994617,0.05107520983006545,0.03899393034404175,0.05553782733185031,0.06634924160522238,0.08549912015472964,0.06868673380449843,0.05105369625689428,0.039193735794623825,0.056440358232550294,0.0686531784334411,0.09341157447599453,0.07232939616157483,0.05121326432629909,0.03856917693261194,0.058058817108929045,0.06928499446107637,0.09254384491807711,0.07218690924554175,0.05135607140180868,0.03847239640309176,0.0581740060493024,0.08178397206912155,0.1029285980064482,0.08096195129709015,0.05532105635386914,0.03839507816156989,0.06341074126563936,0.07968634792563226,0.10092846260501113,0.08146058951840257,0.06117721738623934,0.039379956762764755,0.06540093603364225
2021-04-26,2021-05-07,0.033763311523468974,0.07083767020995556,0.0871610555637684,0.07169606634225849,0.05490814510805235,0.042788468395969476,0.059696414297572276,0.06499163785281693,0.08347625740385625,0.06829545657957578,0.05214340866078646,0.040850558633082026,0.05694935450396966,0.06930870976931695,0.08780551408405238,0.07123527938362566,0.05353781372693247,0.041758854955579704,0.05922276574871621,0.07179941953531,0.09255043602169165,0.07383981150249486,0.0541252182138761,0.041238034191852284,0.06035935949149561,0.07346516333765025,0.09716994181846238,0.07749533971827159,0.0569541919672899,0.04107195467538224,0.06256619173114625,0.08433470751675123,0.10984552513954407,0.08539651551649403,0.05881408816707035,0.04197924583616677,0.06661377276116259,0.0850928632630696,0.105477428339439,0.08594247788159487,0.06603982353356401,0.04261968461936248,0.06971905678722036
2021-05-10,2021-05-21,-0.011817289798433417,0.06597280316992019,0.08201185926472429,0.06748183874870005,0.051253750783146666,0.040433514899929884,0.056298048511407656,0.06315208554892988,0.08101516925465516,0.06444684924564056,0.047441685700937375,0.03781871563117622,0.05332638857613983,0.0651544422779855,0.08325104086885908,0.06691929010928908,0.04978623327151103,0.03727508276401368,0.05479288507560676,0.0667126107884837,0.08851757647399365,0.06929844855271661,0.049900405525478336,0.03810367188814017,0.05641416617616922,0.0677735407805264,0.0914161116584065,0.07075896679908247,0.05018321615897261,0.038674174924793955,0.057101253218627,0.07759675957607863,0.10092960373280778,0.07856018516114889,0.05448342279152632,0.03851821962405048,0.0614299088453213,0.07224565745741711,0.09793996137392295,0.0788981558441218,0.06096877618803484,0.04038563793732034,0.0638916162311116
2021-05-24,2021-06-07,0.016642470018857224,0.07573917137348249,0.09315935273913238,0.0770422680459379,0.05873884177474282,0.04646213705660282,0.06441217101688101,0.07277280581639431,0.09081598751758384,0.07429142137252605,0.055886467917238655,0.04449754684733007,0.06209175156208539,0.07446568847364296,0.0929142692600065,0.0756456215708661,0.05573974216077347,0.04303960139436467,0.06206971678514493,0.07781564911922732,0.10211193437646265,0.08038871905652355,0.05616342168022411,0.042528127999182284,0.06449167594808253,0.0777413423576223,0.09923074218957702,0.07896483326818553,0.05709013812169744,0.04380507456168536,0.06432190017548722,0.08916325135319515,0.1141272691853722,0.09078756937284402,0.06218935380757857,0.04317173871933309,0.07124631703774385,0.08165283238473231,0.1092306130599396,0.08893897679001668,0.06945692460739725,0.04590429614569414,0.07216818905305905
2021-06-08,2021-06-21,-0.010086112752435017,0.06068256568319573,0.07614354395500707,0.06195907027860058,0.04680091285790063,0.03717213134690577,0.05176418144624416,0.06152186485469686,0.0764501338289179,0.06184682859007886,0.045611488250891695,0.03528258054183301,0.0509596846207985,0.06302774820967827,0.08152638387583142,0.06442934125911026,0.04612330228713543,0.034883560120537886,0.05202405588823497,0.06272453131218075,0.0839833898863028,0.06540898467468081,0.046981355561040966,0.03538429928359451,0.05304764609522727,0.062442638972504426,0.0861034812626159,0.06680097886894651,0.04811061004342385,0.03560380818271583,0.053813164006738676,0.07236410189122476,0.09759027897019366,0.07533773331393782,0.05133097253463311,0.03494467067785988,0.058769771326428286,0.07000359268956505,0.09554717760545682,0.0758844061305368,0.05379119797208936,0.036600543493095515,0.059567384906670455
2021-06-22,2021-07-06,0.012311975469933902,0.08960965898269264,0.11078569847736136,0.09130229590009835,0.06985018610179294,0.055431181289636366,0.07664434767314443,0.08698541948306085,0.10850758628998257,0.08908800570944993,0.0682165592801162,0.05354058540824483,0.07482628761871675,0.08502437610183934,0.10574251955752435,0.08717770050078112,0.06704344639104436,0.053494654110422916,0.07347632406335518,0.089704178011754,0.1169983292729164,0.09401529563996713,0.06928255840918457,0.05421499791016773,0.07732766247288365,0.09267711191855053,0.1195455411401359,0.09520559822267295,0.06934199177418578,0.05260628743043017,0.07733253297289505,0.10151333237092809,0.134134948563371,0.10650331666961957,0.07459940896558963,0.053373383655188414,0.08378027978552716,0.10149134306108702,0.1263173517209161,0.1042205723989359,0.08200120134018445,0.05337701296728226,0.08493057255526237
2021-07-07,2021-07-20,-0.01407787598303308,0.06953230127642629,0.08803528288378598,0.07150871495861366,0.054074040698855325,0.042377244431692114,0.05948194419265902,0.06688614177762078,0.08067558201213247,0.06630562182075755,0.04952392730643618,0.03930736782145479,0.05516717213521888,0.06671499627697486,0.08565769023708089,0.06895910432859169,0.051027589039095975,0.0401198424788866,0.05703487976212764,0.07108698507846928,0.09374839284315949,0.07372854292900675,0.05245245329278357,0.0406139604963414,0.05984134632200173,0.07204620571546247,0.09288926052231533,0.07389930250401647,0.052986964690957566,0.04030554270078616,0.06017130216227855,0.07843688007938106,0.10581615897610325,0.0827736355755176,0.05840596901990405,0.04105532439143833,0.06507005985541475,0.0776416128568344,0.09904758460613867,0.08199622758909396,0.06483712299561133,0.04211901961774834,0.06619016217739263
2021-07-21,2021-08-03,0.028853553049864797,0.09475283919990267,0.11784850037885676,0.0964766887106664,0.07329516721584843,0.05733337712441556,0.0804587175889116,0.08614969632117693,0.10838490967966052,0.08883451703880757,0.06638164264700648,0.05283910930420891,0.07376449268974343,0.09225380431913836,0.11666883659967799,0.09353639856042142,0.06893316966641548,0.055182261730424606,0.0774224638425606,0.0953542496498628,0.12131310085082912,0.09784439593249374,0.07233226177841735,0.055097254612709076,0.0804232911930792,0.09549851035340867,0.1272449427999088,0.09976889380711063,0.07089065953358067,0.05485957437662162,0.08067630966510864,0.10378894038308897,0.14065812281918785,0.11031578729170366,0.07828637618143441,0.05572353439183641,0.08714959115625232,0.10916752293765854,0.13609105000313637,0.11006369020779828,0.08193274904475385,0.05852708356329488,0.08945319316028215
2021-08-04,2021-08-17,0.009495058571782384,0.06442573507886927,0.07873236612631652,0.06585511604236799,0.051729206846702916,0.0410447976609768,0.05574030668068604,0.06399646870517461,0.08211893703655529,0.06696477872582238,0.050950503299344335,0.03979045491480618,0.055697361578192224,0.0647028283075943,0.08682988255888803,0.06835166981759812,0.04988834639750976,0.0390738846486495,0.056206937166923696,0.06865497009193061,0.09012034317292934,0.07180398612668634,0.05259382503875496,0.039045395825157696,0.058342072566257716,0.06880683626533013,0.09017501070942772,0.0718635519945218,0.05206710548285175,0.03845239643950672,0.05832608890577295,0.0761868859631336,0.10039275163659714,0.078868129117801,0.055343526073534426,0.040205557578202426,0.06207862025993616,0.0769445891847088,0.09937373024155752,0.0803124770247653,0.061499358725576575,0.04162834860321367,0.06444344789743965
2021-08-18,2021-08-31,0.004065274589472837,0.06019580622127052,0.07345297825767921,0.06135512056505802,0.048188787730063305,0.03818921691717295,0.05187827943539004,0.05892369515558843,0.07291281069322102,0.060448775590232484,0.045747825584853935,0.035566182739220624,0.050263605876484846,0.06250440314833118,0.07803838451830064,0.06361342512908165,0.04760046505327002,0.035958865898744204,0.05228327361650868,0.06347508216456595,0.08322256961010069,0.06581081681073195,0.047817961638818816,0.036417875482572554,0.05371109823920784,0.06565526968627214,0.08717782200639386,0.06857512303644589,0.04946281732046432,0.037373360772027645,0.05563033081025993,0.07244468158610531,0.09557885297081048,0.07436288724760243,0.05106076659484406,0.03748306533631615,0.05822736553429436,0.0690843205821225,0.09204366890223575,0.07450903175000843,0.056752088552611435,0.03819471981080027,0.06009453487069683
2021-09-01,2021-09-15,-0.004579858285162206,0.062366930320835116,0.07783405808306242,0.0636471188212824,0.04850704074492274,0.03749262778849217,0.05301530405922074,0.061898155550953446,0.0782649659190482,0.06350847946387092,0.04808606189942105,0.03715247025144458,0.05288264967171006,0.061571914189712175,0.07890877008858718,0.06416693796995793,0.04826687955584409,0.038346985106924955,0.053555939100954277,0.06539748426392307,0.08325734559290053,0.06653933753574334,0.04898205358319716,0.03745982428629637,0.054690860773961306,0.06469616412334123,0.0854631407889175,0.0679049394933134,0.0492594593878109,0.038031749492628414,0.05552978337627573,0.0726942948800446,0.09509165477699058,0.07447082252958148,0.0509476023363974,0.038367242361691936,0.05849166471424391,0.07161066549456725,0.09591146794820071,0.07766178869134617,0.05840884013231528,0.03996164397357939,0.06245757255649873
2021-09-16,2021-09-29,-0.010442155789571224,0.06681789657185294,0.08378719038831026,0.06869831194652,0.05242648580980964,0.040839050720534856,0.05730158059148926,0.0702631156167275,0.08740247775409596,0.07077667899406662,0.05297590793925831,0.04135680741989398,0.05871625673281403,0.06893351209091128,0.08794833181804494,0.07071445298867425,0.05208700180178636,0.04120149431909947,0.058300749758726185,0.07221881832011794,0.09350366645216965,0.07379818548940391,0.05296818707413053,0.039820252647227744,0.059652371437708594,0.07358993726328494,0.09298742168550549,0.07430041799903034,0.05338063174087049,0.04077538369458534,0.06057885806827218,0.07715255835781601,0.10871932607820856,0.08351413269312105,0.057821346454812815,0.04029476558825149,0.06488491913763217,0.08342644031921906,0.10380698492010625,0.08388746436206002,0.062286497014649556,0.04170063685616741,0.06679490415571437
2021-09-30,2021-10-13,0.010244708993872463,0.08468563065623906,0.10183593425102408,0.08503786148298605,0.06618259587236118,0.05280528911433014,0.07200699670601994,0.0823492365553371,0.10168340769501175,0.0837073290604474,0.06421483041589379,0.05040509969395415,0.06999068397451831,0.08580109648925645,0.10844701943460629,0.08759644407169778,0.06578730377481552,0.05150514793080479,0.0729421150770681,0.08985857893507902,0.11698485009122525,0.09345898440016509,0.06816802109724239,0.05045075107138002,0.0755570935048534,0.09034093248758372,0.11742869551725349,0.0930490820255753,0.06569430295434865,0.050840609251255914,0.07526675502680574,0.09683668556408033,0.13073727424396112,0.10169837460008097,0.06971403424331366,0.051248617846416905,0.08041073504845463,0.09535105108710355,0.12648294719755293,0.10205370856664327,0.07735184201514314,0.05316236599995178,0.08207363713355645
2021-10-14,2021-10-27,0.03680401200654825,0.06871239205005308,0.08312455484534167,0.06936578047486018,0.05394367712430457,0.04273398432953948,0.05864234625688041,0.06709237372519529,0.0803368133824206,0.06704459928039047,0.051999473378840026,0.04182394681906443,0.05667994219228336,0.06674958207649025,0.08442086528736471,0.06926520806006672,0.053604180485892945,0.042222703596338625,0.05824225997933656,0.07379346903218123,0.09381383760462224,0.07518222624445195,0.05515280155336752,0.04184433804422869,0.061405697338407096,0.07200941514954982,0.09625118162774075,0.07564415027504537,0.053278906395672614,0.04210415415733892,0.06156978301674828,0.08056629360107194,0.10450156505033649,0.08354779588159028,0.059276265488620604,0.04134285551039958,0.06596734054418657,0.07854583403570933,0.10432262501613848,0.08468669991927262,0.06399010115801883,0.042395228330320396,0.06768198162226494
2021-10-28,2021-11-10,0.014335723002870254,0.06582731932416497,0.0805103567756846,0.0667556612651558,0.05142417606984617,0.04134002836026516,0.056228843368142295,0.06531193256534519,0.08154773972348493,0.06684102680124457,0.05012884394587188,0.03938408733277959,0.055691889179079745,0.06688883346082442,0.08479379125394633,0.0683815532148793,0.050947643487565926,0.039354760427899406,0.05639385728604663,0.07012153741940218,0.08922095414194248,0.0709447166612527,0.05165997466818255,0.04002910914153332,0.05790819957934049,0.06782632745472361,0.09084494058383917,0.07135231137165139,0.05176531830943068,0.04039714074510317,0.058488756510794986,0.07624098731757685,0.10120162214857123,0.07983638108484323,0.0558323460206918,0.03985919474042542,0.06306916194106167,0.07811979751677346,0.09750235812835432,0.07954627066578962,0.059311096758537706,0.03958269165676798,0.06390937776542978
2021-11-11,2021-11-24,0.007469158039468225,0.06262650588570848,0.07642988947589162,0.06316375369141031,0.048531186737261214,0.0389773063063138,0.05321806100783769,0.06241238810103374,0.07791788501401614,0.06344056082073188,0.04819493603743998,0.037106893635637656,0.052737497172533856,0.06317881926168319,0.07801428808285396,0.06422849903033331,0.04781650971946492,0.036805962353706416,0.0529282086177502,0.06576315857145161,0.08586887129311155,0.06802579800742005,0.049057900358387176,0.03746836187137494,0.05523255950122545,0.0656654219471414,0.08602975267958506,0.0681967065485411,0.05014499780011655,0.0381912585989949,0.05579514926440825,0.0751583271138825,0.09626804984407389,0.0760539445791626,0.053626102218384715,0.03821344020633458,0.05992764919570835,0.07727748020129278,0.09485612047867273,0.07664134962029306,0.05655070391270705,0.03892548133801246,0.06144113249839853
2021-11-26,2021-12-09,-0.003879897062806605,0.059420620454035844,0.07465067224010173,0.06133479405922012,0.047712570402932225,0.03743203454229052,0.05164136353067266,0.0599272149293234,0.075277106387154,0.06194151205123734,0.04716335615716442,0.03716094380028066,0.05181819753654969,0.06635842160396002,0.08398554569929813,0.06719211484232207,0.04882018884316181,0.03794183550834611,0.05524965515323639,0.06885775950675051,0.08748357464688615,0.0692678203769665,0.05008155286769774,0.03783029285143022,0.05613265928269222,0.06693280692862003,0.0900978479884558,0.07038619525444584,0.05088470658877641,0.03789372021560546,0.05713395306677713,0.07468899073251853,0.09518028920496546,0.07737320292872696,0.05660244957070575,0.038623486823796585,0.061313842766693584,0.0768528094618643,0.09763878758465619,0.07874417148123605,0.058364011608382844,0.03921398831090351,0.06273185187279406
2021-12-10,2021-12-23,0.007967822048424446,0.08500338315732102,0.10385562522622926,0.0859312191156791,0.06702134656251948,0.05334032680033967,0.07273066921311791,0.08390604276651487,0.10681009283905735,0.08777756290216661,0.06755876439218068,0.05310136524350112,0.07362764741904756,0.081941106653168,0.1019200630728681,0.08460443637804317,0.06550346083764956,0.05152445817480189,0.0713590659830504,0.08612149043007525,0.11119599332468992,0.08955437345871861,0.06693331828140398,0.051657449053267,0.07400520588351689,0.09127313338806282,0.11140635752712058,0.09108880164411383,0.06733515460853894,0.05289180078938695,0.0750459173149923,0.09788065324309933,0.1270505758199058,0.09999907625660018,0.06885808040574076,0.05039717036885343,0.07916495687486719,0.1032334444416671,0.1231322787042675,0.10087982403839744,0.07582844880534756,0.05449738839049234,0.08259764752078155
2021-12-27,2022-01-07,0.022732903424565215,0.08526490600734365,0.10439226595450939,0.08660829615030032,0.06693346119273608,0.05266060021496107,0.07276995377564766,0.08357955017530927,0.10583872025228501,0.08516567612234588,0.06321586818005163,0.050315040564745526,0.0706276144016577,0.08523304746976705,0.10415070138713341,0.08550495126950862,0.06447202439451397,0.04965752964244154,0.07093933628991102,0.08631139466346158,0.11133126023865354,0.08892526029003772,0.06491239393335371,0.049573307020468436,0.0725404668510666,0.0858511496469916,0.1089708577822152,0.08819595093326794,0.06683377137925517,0.050774676853898984,0.07278309164087267,0.09345291775101078,0.12462571370220583,0.09861887337881271,0.06831230818930396,0.0493986520094777,0.07768988969755483,0.10029273131645153,0.12072995032755202,0.09861247076741199,0.07190092336093214,0.05208416239624033,0.0798596195534958
2022-01-10,2022-01-24,-0.037506246665700384,0.08343478112757208,0.10274236341892004,0.08502904804808234,0.06525572436718738,0.05173657662450882,0.07139793491445794,0.08155587972879005,0.09906784508374326,0.08244159337847137,0.06351872584585637,0.0492398070984235,0.06907580000857538,0.08029811193684805,0.10315286731762391,0.08345799297475195,0.06282729828877341,0.048787038057329375,0.06899912942574907,0.08548758963098846,0.1122957800875188,0.0894044028728612,0.06522373244953245,0.049953313158994976,0.0727098567383592,0.08663302030403087,0.11548524419751253,0.08996529543421833,0.06521722995933861,0.049758507354334985,0.07303920444646189,0.09387750857961129,0.12214810817255684,0.09561716084704189,0.06540312533757672,0.04996590079741989,0.0756601855383264,0.09676335635699214,0.11981086646907312,0.09681108616686195,0.07000042449168309,0.05179320742310205,0.07856289764923285
2022-01-25,2022-02-07,0.032089970612865046,0.0817906039714624,0.0989368075645204,0.082700586312124,0.06434614296441894,0.05123986362885862,0.06983029290551901,0.08101021526241495,0.10237209996987649,0.08257727050890842,0.06131078874933749,0.047761696928792986,0.0681294416372303,0.07732839913512028,0.09442237190358033,0.07834027348872763,0.06083365514138588,0.04917583672072132,0.06637869452973838,0.0819750665356181,0.10555298144276438,0.08364305975391166,0.061323167678826854,0.04818698724189866,0.06897490706794225,0.08186564108832269,0.10445213630388825,0.08432543775182684,0.06274625925871966,0.04822349697012088,0.06963822672758516,0.09100937301003695,0.11669778600745756,0.0932427250862134,0.0656365176758047,0.050058524571053274,0.07427182827731965,0.0924910693642894,0.11539528092555149,0.09424812332948736,0.06956202047176042,0.05108327483374182,0.07672687916104468
2022-02-08,2022-02-22,-0.03587837597672796,0.08174493831233909,0.09892153730533294,0.08259322674209559,0.06400610673508994,0.051349980297292236,0.0698081651145397,0.0785380453534592,0.10005919536656892,0.081301441071506,0.06228946691143055,0.0486284978374414,0.06769662053220117,0.07755720955705553,0.09814355371625513,0.08115693780173451,0.06259740141085729,0.04839451232569418,0.0677357425283118,0.08707135107743035,0.10604922200904358,0.08708237355101553,0.0641020975944455,0.04869718374956344,0.0711807019536417,0.0854687277218204,0.11074138029155399,0.08780584569234849,0.06308231041677845,0.04856401868541692,0.0717277389259288,0.0927695120652634,0.12008340872030188,0.093996822814865,0.06187296605666032,0.048356263268332395,0.0746155647304335,0.09712209077512354,0.11918195289617042,0.09678217867257996,0.0698917526269929,0.05063422133242591,0.07781079044348575
2022-02-23,2022-03-08,0.01521826782079122,0.08698112224297569,0.10550103039953747,0.08717585629037569,0.06759325776962626,0.053570401335628064,0.07358815190962553,0.08081037585668803,0.10515402869953583,0.0853049443352739,0.06421313654963388,0.051301068944107665,0.07130372055350649,0.08566956344034564,0.10814495774085048,0.08775994770602798,0.06667266044707078,0.052069917334786206,0.07312496880383855,0.08836355217817854,0.11653219360107879,0.0932699868276411,0.0687429635113773,0.05278362787110832,0.07634255510843893,0.08922730510345907,0.11511750915975462,0.09241303295665435,0.06818844557093467,0.053601487583315975,0.0761987422008993,0.09613855443184112,0.1212631903644644,0.0971162091529675,0.06932423459651572,0.05280366856619916,0.07879964435684102,0.10243561250939953,0.1271588497169583,0.10365718155447533,0.07632231674894727,0.05388481094980776,0.08333361821800102
2022-03-09,2022-03-22,0.0563621075508676,0.11280679444496962,0.13537699039862025,0.11275426222431231,0.08783597364067733,0.06994634898527222,0.09546567592491151,0.10259233357050807,0.12584340435115368,0.10433926666139232,0.08134405563107942,0.06563002255818359,0.08857566348817408,0.10273652101454853,0.1302112636645348,0.10640002607412109,0.08080983485908795,0.06527944169112614,0.08935362218779212,0.10762125775526796,0.1385329682806865,0.11161402629465647,0.08355910042121772,0.06733665384488143,0.09323453823271367,0.10840101094048389,0.1391196762739327,0.1127120175207806,0.08482200114204903,0.0656058673916013,0.09347543903120084,0.12288121545770232,0.15586936069942195,0.12305783550670923,0.08577907197451697,0.06764937209705241,0.09943047149479306,0.1153674444346515,0.15219728961231954,0.12380202205242859,0.09328479752523297,0.07061003795858528,0.10153941926139351
2022-03-23,2022-04-05,0.002464726631559037,0.09177525489565581,0.1118648790024863,0.0927942385569036,0.07242979109210693,0.05861061203066667,0.07873396947332767,0.08537901513369772,0.1025252742031843,0.08613100954936963,0.06808123383284038,0.05517753930208566,0.07364905464708642,0.09128696647841782,0.11720290776674858,0.0944733627308536,0.06973309613395437,0.05467786794826203,0.07790563752884296,0.09239512945359964,0.12310107644760498,0.09787013361440622,0.0711690037362984,0.05508986776981044,0.0801150674943174,0.0944485965585172,0.11911064406932016,0.09646685709237171,0.07273688102425825,0.05647555119760661,0.0799758345775675,0.10289710422515698,0.13420370152266842,0.10549343536646334,0.07255421801573728,0.05568233726044688,0.08449392006406947,0.10197954082091476,0.13661520930026896,0.11043002146736026,0.0828281924960274,0.05629035887192251,0.08877255279654869
2022-04-06,2022-04-20,0.010943847221386407,0.08000084151447835,0.09763449449951825,0.08106563480596704,0.06356873702425293,0.050989916029073656,0.06875662559935594,0.0764216468232976,0.0924499905951269,0.07721590258982325,0.05992461578492736,0.0476027644321112,0.06524008340701316,0.07775597094688652,0.09870450438149266,0.08035905066873354,0.06066271585257892,0.04709901105921617,0.06669788926504426,0.07988961052524028,0.10319929106874545,0.0830189019617234,0.061880935652941414,0.04819366948590296,0.06874483635916619,0.08044675920956341,0.10040787764813759,0.0821382596319952,0.06299443424331483,0.04905805219801409,0.06888009891797034,0.08811805782323542,0.11056540553577986,0.08864636705270365,0.06488402999161257,0.04874785805064877,0.0720392216672775,0.08564634315841815,0.112170167487527,0.09132968734013627,0.06737802077226587,0.04959819693947396,0.07405593800456978
2022-04-21,2022-05-04,-0.03055815395138736,0.07298343832913504,0.09051593615104724,0.07537532646654643,0.058977115853169296,0.04739445281645104,0.06391912685297861,0.07066424768007078,0.0841071532286884,0.07077408194928171,0.05619465253339548,0.043765235681538874,0.05995970306486839,0.07409885482439914,0.0933550188140914,0.07680975733295319,0.058932764942129116,0.046040499137143955,0.06445119500550948,0.07849140480367611,0.09963212282737749,0.08094301882949438,0.0597430602431467,0.04597132817515363,0.06630853835751997,0.07894040632899611,0.10376494837307795,0.08236417619833356,0.06067695858009246,0.04630151006976474,0.0674162371606283,0.08414580787950954,0.1106686529152408,0.08635794821503953,0.05914159970147682,0.046188578512637156,0.06932750930525652,0.08854119638666666,0.11389394482057105,0.09131365148117862,0.06350251658392624,0.046550729450597225,0.07270766632800539
2022-05-05,2022-05-18,-0.05165592656705317,0.11964282749477508,0.1467165888898722,0.12298857108075989,0.0971155960060272,0.07832096065409812,0.10478479297755738,0.10760136976551152,0.12881755661942657,0.10914547033885962,0.0869535859474371,0.07056267933762639,0.09349990587375868,0.11772415949745073,0.1394706894806939,0.11889731817070841,0.09283596703113708,0.07400717989384097,0.10055629329801093,0.12134190136949695,0.1487722716504975,0.12315411829459541,0.09438435106228943,0.07269681751852813,0.10280308128519897,0.12081339155259317,0.15207881685284977,0.1241826808863565,0.09443304264587263,0.07417980945910693,0.10357517044879418,0.1305706662597794,0.1693719927239588,0.13301101856533099,0.09064220236536102,0.07256334451010936,0.10728988232723004,0.13792500702776112,0.16862074131749477,0.13852426413927432,0.1010620849898969,0.07423189753480654,0.1126011046438033
2022-05-19,2022-06-02,0.058013906959258045,0.1357189693175943,0.16307219515838317,0.1383943697673114,0.11135681051710179,0.08674467331893293,0.11796914272097937,0.13470216275838318,0.1635400592191462,0.1367994943283923,0.1060881932878179,0.08361177917089319,0.115295834354216,0.12781432196058534,0.15872187755851885,0.1317308675965882,0.1033289906655992,0.08163165404236293,0.11155710512814405,0.13441216551509808,0.1703476933367739,0.13774000655220578,0.10447752855700593,0.0816637237978001,0.11460160286004453,0.1389127483973669,0.1727757097717201,0.1413226919566531,0.10673168412615935,0.08332776184351766,0.11780434177008499,0.14501550990139409,0.17898990426890837,0.14797214403472903,0.11050135483720706,0.08526225823610785,0.12285072863401045,0.14668908157656313,0.1889415534887454,0.15386431342930512,0.11241737249749664,0.08413192124617858,0.12598610290632165
2022-06-03,2022-06-16,-0.11721937097443913,0.09849407957579732,0.11857839429242345,0.10035002162404444,0.08059874875131416,0.06259085364981552,0.08545488588825159,0.09376698491674097,0.1150752931588113,0.09528176448879651,0.07459344763382411,0.059338944643670434,0.08057189728586592,0.0964889452275158,0.11992018024383568,0.0986252075012541,0.07546816695062473,0.05927239169688505,0.08207233184626034,0.10130448954334491,0.12726159662013012,0.10325611111520988,0.07673146781042472,0.06006528059103421,0.08537413595054621,0.10335561874647888,0.1320715807026574,0.10601008541236812,0.07836921561605702,0.060488852486677284,0.08680346595730405,0.10861932974096779,0.137031751460843,0.1102390839851872,0.08031357983927073,0.06057723126710879,0.08993223791873015,0.11244091334472195,0.1409717328503519,0.11396337349941436,0.08384208289266222,0.060692660447188455,0.09267214055881241
2022-06-17,2022-07-01,0.040160085773142506,0.14546131954716243,0.1734490539352589,0.1467758133448748,0.11764094929795788,0.0940362942553111,0.12575034359836842,0.1347388706945354,0.16063804871694665,0.13578644111860905,0.10792032226874061,0.08686306624403708,0.11579985252975984,0.13935016692844207,0.17584364588401535,0.14314911122283,0.10925210234747063,0.09010320203308847,0.12078247722883628,0.14688065698621516,0.18615850560991773,0.15059319539960225,0.11190106075709456,0.08830151589108051,0.12461822409499584,0.1457160475842397,0.18595846335969163,0.15158874968084365,0.11466036807458937,0.09083651045362189,0.1264040603134081,0.15687183199809626,0.20250914531039174,0.16127093554291877,0.11806243494933112,0.09234935328386257,0.13207015811435682,0.1604345580041026,0.19953745518146904,0.16426552889474932,0.12363474093831636,0.09498769225057074,0.1370195195343474
2022-07-05,2022-07-18,-0.015211800475692256,0.11084702260788755,0.13424301961160398,0.11253930761582634,0.08880396101810832,0.07113358816002467,0.09598722821582206,0.10843692826547893,0.13313763975334736,0.11043660475880782,0.08421012254938,0.06835393073510701,0.09323640630254587,0.10478591135627113,0.1293852221792152,0.10797234972121203,0.08451535383818648,0.06619434941511224,0.09100726871127873,0.11058789509101362,0.14203541151824944,0.11402246584784093,0.08580741735083895,0.06913821722521817,0.09537003076894292,0.11137204694353843,0.13923627425052817,0.1152241130682209,0.08829732810535944,0.06992742522298365,0.09653746127542664,0.11431915496704827,0.1523470915586371,0.12131619746976002,0.09401104228979311,0.07025707949457785,0.10066847501578213,0.11701404041622959,0.15350075609385644,0.12623325811248365,0.09721235010668926,0.0727029235976715,0.10456872104134461
2022-07-19,2022-08-01,0.07745175076604706,0.09549917293118665,0.11449463346781727,0.0960359647651328,0.07509206393898135,0.060697585159485416,0.08168074990067324,0.09244855959312476,0.11395566463475694,0.09479184956669733,0.0740962981137757,0.05878325578449074,0.08015809771171291,0.09774053106823019,0.12124875403612148,0.09908888505376479,0.07494184266322106,0.05984542362617378,0.08288434376871244,0.09887202047815623,0.12578574266620993,0.10112147411201204,0.07679753358517549,0.06039461646547472,0.0846705683064956,0.09948325987582403,0.12965643603577406,0.10445553190426571,0.07755073074445343,0.06152311254342107,0.08662818779083953,0.10734739751321842,0.13740199315416152,0.11143563619485161,0.08403546009020336,0.06520191741827643,0.09228008673027008,0.10960054323259552,0.13640258751383924,0.11264565553934694,0.086514093004855,0.06423630103918729,0.09339966274531533
2022-08-02,2022-08-15,0.03842478332110851,0.09553134210240033,0.11437165304087243,0.09615186392779872,0.07563564973841364,0.061079649958897725,0.08180411051003154,0.09522314247276126,0.11947111589526066,0.09801154784504881,0.0758486207532319,0.05936166599737837,0.08219348460162305,0.09455844385748519,0.1185341478629321,0.09753211005483314,0.07521981125827444,0.05920930664182846,0.08182794283923665,0.09947162878807758,0.12402453414597936,0.1016824806986263,0.0769925204921867,0.059329632195053834,0.08418302977312406,0.10016016594879418,0.12719497834058038,0.10276090625725147,0.07690733398510077,0.06092492091753028,0.08537128944125269,0.11040697341465716,0.1377626408932181,0.1120807842952942,0.0822071418860561,0.06162926586153132,0.09119502424946732,0.10339713461162782,0.1346354393408526,0.11092161407563138,0.08481628379621702,0.06248062138773333,0.09265955590543863
2022-08-16,2022-08-29,-0.03025655486927456,0.08296041777202344,0.10123763413960685,0.08431343505133515,0.06637456850349892,0.053252481633278864,0.07167762025846829,0.07937011060297489,0.09481854348944302,0.08078361082190147,0.06532123142641572,0.05170335157316665,0.06943990951229667,0.08020695579724739,0.10054660692481092,0.08208283677524639,0.06244685494067562,0.05009400868804515,0.06890003971426623,0.0830753902116247,0.10676542120631152,0.08577386829342512,0.06354863831468098,0.049567126324870966,0.07068630455394853,0.08614110815596936,0.11089415698690594,0.08953406679621893,0.06686987410307571,0.0519690764982605,0.07408710337483694,0.09179915298612927,0.11950773398698028,0.09785609509926946,0.07292572230538315,0.052586870457359595,0.07933314616994835,0.09640248743947244,0.11964163776040383,0.0966418955839559,0.07449048133091758,0.054358362839689894,0.08007007629306273
2022-08-30,2022-09-13,-0.019942359591665727,0.10682583540795944,0.12799723936383606,0.10732223873512318,0.08426308552979975,0.0677548488281744,0.09113825698918056,0.09651671758230698,0.12155610682596699,0.10048524643252756,0.07783507146715495,0.062345848656631016,0.08508560370043174,0.10271978710648692,0.1276789775714108,0.10427601733543607,0.0792194953969281,0.06383105744575165,0.08762688951747417,0.10726662742052191,0.13346806558407576,0.10944309327585768,0.08200679295362037,0.06433143994026554,0.09094659750672182,0.1039489149601403,0.13407764127791977,0.10880248961158309,0.08356794599243485,0.06498108488326661,0.09095677318978326,0.11535771119843476,0.14173853845911974,0.11834546930318766,0.08833274797592665,0.06646379347313848,0.0973561596383085,0.11682951375094398,0.14681512517360712,0.12074367016139874,0.09001583767492849,0.06849389831084071,0.10021828476900768
2022-09-14,2022-09-27,-0.08170145608075034,0.12748095376364535,0.15413342401673646,0.12937098843496467,0.10296502615866468,0.0826976081230063,0.11053416649030665,0.12526301769689732,0.15327176123434513,0.12612790068406377,0.0967790753427132,0.07901960496051691,0.1063196348546282,0.12314379876780475,0.15529710536087837,0.12778615409049418,0.09801234375746228,0.0776142660399045,0.10735094049209605,0.12727910385626545,0.1594006583550106,0.13083653924689745,0.09849847776091546,0.07837408772946072,0.10927423438876904,0.1288907770753517,0.16814656886125534,0.13504181947615768,0.10051139541681886,0.08044549464831056,0.11250484275900906,0.13742145357264235,0.17642057201637498,0.14446658326125647,0.10660563397765761,0.08361784263657177,0.11825386425378517,0.14471445698949356,0.1741520448594423,0.14545656965786877,0.11059867477293595,0.08425518665638536,0.12121964291846364
2022-09-28,2022-10-11,0.008103268824549233,0.10114104970175068,0.1251056194989324,0.10390791765842645,0.08107268925924661,0.06589827497811876,0.08843777629222202,0.09575360353801944,0.11962184005168348,0.09854347917977957,0.07659616005195656,0.06279634892448839,0.08411957567390863,0.10129494465023649,0.12641560827519482,0.10302410099644,0.07777035527518764,0.06262689450773323,0.08657751428506219,0.10124498410332536,0.13154873785255314,0.1056974572989196,0.07807342974146844,0.062353451003647586,0.08765275958929566,0.10412482919594405,0.13812523108843774,0.10962672403626908,0.08109270310439555,0.06357104540606039,0.09080688650242134,0.11162408097892802,0.14606443372649225,0.1173404313763331,0.08744070005982517,0.06647537039141704,0.09635703156250423,0.11215448374458724,0.14237543037139214,0.11753909752477386,0.08997005260862813,0.06603940676227378,0.0974871971428815
2022-10-12,2022-10-25,0.07271023858903926,0.11939304507661183,0.14054661560180076,0.1195991733969665,0.09579012932490673,0.07784436563263548,0.10270368604305073,0.11513369998764178,0.14065715577202062,0.11738890861231861,0.09229310759579852,0.07499587971590815,0.09991339196944306,0.11805534766850684,0.14176449470749786,0.11822915285728294,0.0919096954412548,0.07455780387819815,0.10023338547541139,0.1196513824064702,0.14943749128960993,0.12316983217250158,0.09570325150782917,0.07461378708682757,0.10333093615058848,0.12250449938701288,0.15488763307609876,0.1272586208771947,0.0998076312736929,0.07606042902604587,0.1064362068998151,0.13142673549108838,0.16521735698261847,0.13360889637566445,0.10160899788719464,0.07686646614527932,0.11025082598280886,0.12948415805361285,0.15861334000110916,0.1354059648333665,0.10714784189252116,0.07919833330397162,0.11302068668106677
2022-10-26,2022-11-08,0.029868599928001255,0.11453691289337344,0.1337189478559225,0.11391080367602606,0.09098571614184676,0.07453928680489054,0.0978111654082046,0.11088410963080546,0.13768085519459888,0.11307726156265013,0.08606830836600628,0.06953439388932549,0.09490267333130308,0.11099558955008515,0.13945517293370485,0.11540172829074642,0.08984408774597694,0.07263780294360649,0.09791928891548723,0.11775090729205896,0.14685509010102046,0.11977151765407867,0.0906863970174938,0.07164575697443668,0.09991483326652675,0.11595793299542478,0.1440600767892591,0.11992396477468784,0.09387623429705887,0.07325988113897605,0.101079411919695,0.12971424583176946,0.16364078533918147,0.1315744376709145,0.09619661866155982,0.07321023383833858,0.10697379312090197,0.1275592174553881,0.15902396747885952,0.13219940633134616,0.09767913249547053,0.07560304483348095,0.10873419483806791
2022-11-09,2022-11-22,0.037684426659966366,0.09306461874830879,0.11231254987782448,0.09452198842837967,0.07507457865202966,0.05921526676957553,0.08039619395817965,0.08627918285034468,0.1074256615749104,0.08880056810955425,0.06879130723705383,0.05595447016911994,0.07525952108685448,0.09151839295446725,0.11358346221356302,0.09366461557510539,0.07258495118146684,0.0566759990171942,0.07870996850724601,0.09592032697769133,0.12029139807670712,0.09731493136425207,0.07291585759856202,0.05741293828679351,0.08115276608662775,0.0965704555530772,0.12349111335430296,0.10076589752961207,0.07668488492067949,0.06052945224212018,0.0842712706858398,0.10329799768925353,0.1367511068603566,0.1092922645487275,0.07861246641098348,0.05971506945705856,0.08872905431726381,0.10523753368605923,0.1309433048451604,0.10956671316939805,0.08502032729697247,0.06169197288458019,0.09063733715285961
2022-11-23,2022-12-07,-0.02113442867074808,0.09270800356969391,0.11255818458033204,0.09455871312927822,0.07509331551121676,0.05919440373245801,0.08043011877331388,0.09016106409779719,0.11056632562467908,0.09175710153451999,0.0714387159753478,0.057541068893554745,0.07771556371834192,0.09797112363671613,0.12065567751155698,0.09851802301922229,0.07313731188844551,0.05834828461757788,0.08197833526184513,0.10080913940984003,0.126383557728715,0.10231593525775184,0.07543315969873587,0.05827193834585823,0.08420247414677656,0.09880810598896389,0.12521833600968515,0.10226299761552156,0.07704341933986639,0.05968137985193146,0.08469833983051195,0.10578449252451011,0.1382309882025626,0.11099561126754458,0.08113253112010674,0.06001260254904855,0.09009988491991516,0.10606078527979952,0.13429532736107486,0.11114957876303998,0.08400214759145543,0.06220339537480452,0.09166007018371154
2022-12-08,2022-12-21,4.196798074078122e-05,0.08740437358178041,0.10451289352110969,0.08839477957739797,0.07026648775842533,0.057574437580530734,0.0756928672465958,0.08460398503842019,0.10457596728783944,0.08727680292872023,0.0676580982391808,0.05259615309607653,0.07330802927836587,0.08415592771644394,0.10368520724356374,0.0863378995352125,0.06699297913660177,0.05375675676449474,0.07304374630941339,0.08867011189915536,0.11028703472757219,0.09073402407303392,0.06913412885777949,0.05356317183362559,0.07558814323787046,0.09006870924188688,0.11378328737672348,0.09249107105820596,0.07007346671594204,0.05479293507690844,0.07693003729400265,0.09641637687726029,0.12180052441291452,0.09777943295971273,0.06988201737035238,0.05498482766343773,0.07999904945513264,0.09821613762636022,0.12421960975824606,0.10213341038147593,0.07349154304502428,0.056338718817067146,0.08385673774916629
2022-12-22,2023-01-06,0.008243087009122579,0.08478762752837372,0.10104409257330407,0.08551775682051271,0.06807730622749904,0.05538813569496152,0.07320541672907378,0.08344756339836021,0.10204632748485847,0.0845019159440952,0.06424076406695112,0.050364769658286554,0.07060875580660056,0.08400634755508758,0.10524278236016761,0.086788464555865,0.0670809970901975,0.05206426991955926,0.07274448010686982,0.08717023790534408,0.11252671717972089,0.09004019110208952,0.06566998311822597,0.052365697059388275,0.07416163511795787,0.08601194885400609,0.1120137155253155,0.09014330913277449,0.06610323025121226,0.051817056786411915,0.07410707576707404,0.09494291887846303,0.12214444492791625,0.09665246478593283,0.0680779583599189,0.053433083096747706,0.07814664118517214,0.09335261818418639,0.12276253629371398,0.09992134411306475,0.07292734815745126,0.053103004270417975,0.08160771737598765
2023-01-09,2023-01-23,0.013311869984253618,0.09235790906707403,0.11106969464682653,0.09365851860653732,0.0736022174650828,0.059069135538341026,0.0796499070907345,0.08688311026777987,0.10658511818160546,0.0882647975925173,0.06791699215254168,0.0542313772492861,0.07426533054582284,0.08475254567472339,0.10388724416939885,0.08644146874298728,0.0683501494818096,0.05408897721953963,0.07379968131663063,0.08684409268222529,0.11267382431515488,0.0905880009370306,0.06786088213010853,0.05399790234551652,0.07544306962843875,0.09124980869284775,0.11147042419171622,0.09213236922823284,0.07197977538068656,0.056006695929586875,0.07758838790111494,0.0957933206214208,0.12636138454104212,0.09998572069278834,0.07072787451191433,0.05540112710189768,0.08084336429488402,0.0988115612865702,0.12504162431326277,0.10272716219643342,0.07718532412304893,0.05656825336485279,0.08426787804913283
2023-01-24,2023-02-06,0.001036101717928475,0.08407884105486123,0.10008010458959596,0.08454350199133424,0.06699717658608481,0.05309348034872626,0.07187365618980733,0.07980693300247058,0.09649328170634398,0.08068553849161796,0.06360591105626652,0.05048620516466693,0.06859390523959581,0.0785062226912328,0.09566608469314702,0.07952968028962544,0.061904157538904644,0.04992092521344913,0.06730119271897408,0.08092568428158323,0.10073564291978157,0.08319601572706886,0.06405870631037387,0.05104643761613357,0.07015108414815611,0.08286024734295395,0.10395763611672494,0.08478579089518866,0.06400609314711596,0.051018871578401015,0.07085627054178684,0.09055331261540842,0.11430278306462156,0.09069641899865198,0.06357803842020983,0.05086672464072462,0.07372597923450525,0.08893617093878045,0.11156529838703419,0.0922719702472452,0.069248243817358,0.0531112142240162,0.07688301912312084
2023-02-07,2023-02-21,-0.019801087918215683,0.07350675667002725,0.08857039397069226,0.07446400546958047,0.058485244096209275,0.04685326095781361,0.06311320835791438,0.07085890914135284,0.08870891175612253,0.07295266011852779,0.05711260302058281,0.045071715028442205,0.06159577468700138,0.07140660449284539,0.08778441739788877,0.07333760447673508,0.05615747077288391,0.04492407888216739,0.06172104431576923,0.07251715064078147,0.09308977245439072,0.07612331248036062,0.058089653425286505,0.04499356217087153,0.06367308362606808,0.07494085361437577,0.0949869305962975,0.07725416061445048,0.058661170165366185,0.0457419370204993,0.0642507899902656,0.0809512360679066,0.10626011051443136,0.08329489245702129,0.05919819531251838,0.0455380610060768,0.06743746902649476,0.08203577958556191,0.10491772006235375,0.08603416344799694,0.06410041454474112,0.048482491902280114,0.07095541739763449
2023-02-22,2023-03-07,-0.0020296742666217837,0.0875027516386387,0.10409113702384933,0.08791687370656617,0.06937452865672068,0.05581762220378807,0.07473608029300927,0.0835235705129891,0.10409721121834954,0.08631485780360494,0.06688743724995916,0.053375092902113765,0.07278972449328275,0.08754352890291266,0.10852355647663002,0.08937287789962521,0.06859158477823568,0.05411094289683374,0.07490659631258709,0.08778646308097086,0.11264631014171142,0.09158429591952416,0.06909908694067322,0.05405998020409077,0.07633347405518986,0.08979123706272824,0.11269493780785869,0.0920886494624622,0.07085696723115108,0.053898320891867864,0.07661949658271487,0.09650219918624102,0.12769234300798302,0.09980373389583726,0.06729879217104444,0.05318418532324695,0.07982927584105695,0.0987928015055729,0.1249570285139533,0.10234228931854195,0.07604256661999755,0.05550894795860851,0.08408251011331083
2023-03-08,2023-03-21,-0.017589597873254127,0.08384493013475693,0.09954683413746672,0.0840087659510464,0.0666137215363483,0.0534041606988718,0.07158439415172754,0.07435485921906357,0.0943353666465701,0.07806082830411322,0.061459095745160446,0.04963767817817234,0.06644083700662536,0.08423085552140058,0.10234195556645787,0.08443161647515925,0.0642933901580581,0.05105356780445273,0.07059452323767905,0.08573686848031518,0.1068517700474576,0.0871309518826978,0.0642504922533931,0.050008347692778385,0.07147676015597342,0.08261112330717661,0.10655831478732736,0.08638679902619546,0.06577187905950127,0.051500077992006725,0.07193472444615111,0.09328048894086766,0.12080382858448824,0.09354220354770999,0.06328317902002238,0.05152597538193326,0.07510944493491616,0.09138147326505543,0.11958523175787854,0.09658776271849305,0.06859728316767254,0.0548518411776269,0.07924431681397073
2023-03-22,2023-04-04,0.02510730936941352,0.10296892309876332,0.12276601611161696,0.10424269129957525,0.08291285871696509,0.06700039646821311,0.08917170335933354,0.09440326425008584,0.11430975865630609,0.09591381792684038,0.07615419916595542,0.06056655151370997,0.08169629672411474,0.09523544697471639,0.12084027592642257,0.09927587287368088,0.07688123314905579,0.062378779124798805,0.08401815657765745,0.09953705373250049,0.12640603340747916,0.10319938481794184,0.07748875689820141,0.06157166353025289,0.0857734249493969,0.09958900442289091,0.12785912115684897,0.10345065392412503,0.0786156432928583,0.06333475071062784,0.08669623072277904,0.10854847991168837,0.14311505404604996,0.11290124324692746,0.08076754723574539,0.06256128255469094,0.09114357971862393,0.10428026197565225,0.1376774450560665,0.11176344149481351,0.08322506999821754,0.06530068503305024,0.09293417636458738
2023-04-05,2023-04-19,0.021305416100056426,0.08420959880648136,0.10142110375627418,0.084679621505703,0.06592757994104959,0.05352113678223761,0.07192773417808862,0.08058123808871633,0.09636846956591824,0.08120424679559447,0.06442057527515722,0.052085296709968365,0.06939899319772795,0.07767623418348828,0.0968107566142899,0.08082424436358042,0.06373186960147059,0.05107552661852907,0.06867132503538141,0.082795746553584,0.10580903717962546,0.08546405541543209,0.06381353087594283,0.050736129604655615,0.07119124163371057,0.08420143242869071,0.1054787241157821,0.08602816994476169,0.06449902495753462,0.05058597054969839,0.07138575722236461,0.08749849275248772,0.1113739965300217,0.09008597160200589,0.06727625396378481,0.05270010007813864,0.07423076569191986,0.09040202707283984,0.11350667327828559,0.09448439710015606,0.07326853869965252,0.0567021196052611,0.0788434962348814
2023-04-20,2023-05-03,-0.02952024989411116,0.06362127766261592,0.07759698368484239,0.06455100664965424,0.05003738664538378,0.04034218562979601,0.0546734036822948,0.06391271346175871,0.07586484779060329,0.06425567460603739,0.050304051194731955,0.03926299104141645,0.05416980632606151,0.06543840195376943,0.07864619947801973,0.06646370621708363,0.05214502960000655,0.04049684457188801,0.05606698083714911,0.06882003039707671,0.0844770789480766,0.06975847670750199,0.052612841963948,0.040897164954918214,0.05784429750791793,0.07019854682056129,0.08637073769531138,0.07098668823026501,0.05292846395424911,0.042102039589241434,0.05886627292860099,0.0777826399293792,0.09766365567751117,0.07648969260064446,0.05389124822133183,0.04025926292430703,0.061434309203515856,0.07370564173684284,0.09510882835391474,0.0772684110638927,0.05636331816046665,0.04373181002646115,0.06351634402031603
2023-05-04,2023-05-17,0.0018084786447506221,0.08028793506394644,0.09716321167203329,0.08134863630413414,0.06341876957038906,0.051722793163196515,0.06926010410072081,0.07925767792279968,0.09645936207236026,0.07993134486786733,0.0614472775278858,0.04792101837012103,0.06688491261533316,0.07946465602474378,0.09755975154448455,0.08059059371921347,0.0616572866052873,0.05022381358237296,0.06802925627009017,0.08078343133287293,0.10244835404650936,0.08374865965436135,0.06427408500061824,0.050188786453090495,0.06985295955789979,0.08306099542945512,0.10152299651431526,0.08375939536990842,0.06405457437700109,0.05087798542271741,0.07052938912020161,0.08904165043050198,0.11360621476112716,0.0912951077440828,0.06922528994036468,0.0489168476344518,0.07474142829565267,0.08662065477920532,0.11188327899447426,0.09081290619037823,0.06635695756198147,0.05184062804211073,0.07528291036980284
2023-05-18,2023-06-01,-0.0014655374287299526,0.07515987497300011,0.09045157620785345,0.07588607515716522,0.05954187932216352,0.04816185715522735,0.06463343340755268,0.07204249269412107,0.08588793690775329,0.07257240077172533,0.05721460912222992,0.045572530050694296,0.0616626923116353,0.07392071382817143,0.09401983600023808,0.07664941922884547,0.058624079114477604,0.04689098850666684,0.06447400290868413,0.07524452296686743,0.09663151754163772,0.07830856771254713,0.059934006025189515,0.04652218834525792,0.0652930293045303,0.07589112286746122,0.09880069071287245,0.07923341338841225,0.05929674133239119,0.04716927636067792,0.06598588776207746,0.08388916302826586,0.10692180394684714,0.08617168374702741,0.06623640372817126,0.04757254144624517,0.07040372551482905,0.08229270946909902,0.10641765103250948,0.08696841100652951,0.06307550649850768,0.0505051582706749,0.07191036742837159
2023-06-02,2023-06-15,0.047991138526732535,0.07505686839093069,0.08933106146036292,0.07577117781683805,0.05964458356478387,0.04770602981516515,0.06447361302734753,0.07343165375832109,0.09083036746700897,0.07520482756554435,0.05770699565985369,0.04640677996721008,0.06335096938936716,0.07477273436039404,0.09052697369997668,0.07565411881133184,0.059083771594008995,0.0454873344101926,0.06367626269835455,0.07842762641334326,0.09836996840029485,0.07874276736403797,0.05749782734628556,0.04494737140445308,0.06451219988143116,0.07700018293169868,0.09473413046195263,0.07777303581905402,0.05946172849451765,0.04590590477309224,0.06496274397957419,0.08209098955323223,0.10796066942785751,0.08517366335911546,0.05980346251354713,0.04589344941643473,0.06836376728822595,0.08463685484659736,0.10606159140964447,0.08600490230923209,0.0604164500073086,0.04917244600531187,0.07080004754354181
2023-06-16,2023-06-30,0.004788645854484831,0.07070551467910041,0.08466591128478514,0.07165976764466889,0.05654763707616765,0.04507098239751968,0.060902526195091414,0.06672586563095129,0.08034628490892402,0.0677761478923868,0.05371787297999324,0.042300165592894526,0.057550014692324764,0.07107111381953603,0.08911072061135292,0.0733360062756085,0.05686784876935472,0.045389590128254595,0.06187392894278489,0.07447271528441893,0.09094170257092049,0.0753365639661814,0.058610651677581956,0.04619859919373651,0.06336383508453004,0.0741086799959631,0.09515655249825902,0.076122867819252,0.056343039490259025,0.0443648300575183,0.06260912146757203,0.08115583526029145,0.10498221623535048,0.08324603785054711,0.060721538000621404,0.04457594937338714,0.06701491414845226,0.0790702270251064,0.10292657497303827,0.0835109246599264,0.06045893485287114,0.048770427422405345,0.06898027529726088
2023-07-03,2023-07-17,0.010969936821539579,0.06508902423653172,0.07987382111224306,0.06681138475894181,0.05293309848352162,0.04225753892282884,0.0568729844162455,0.06448629954184722,0.08227810265152355,0.06714005020731124,0.05183821090516278,0.04202816918141959,0.056844135728131726,0.0669765269979822,0.081488139254206,0.06803448547279764,0.05342027531608562,0.042158987740116484,0.05764830779233934,0.07056505425677857,0.09039583150731106,0.07283057833887732,0.054232772159329416,0.041827562955528315,0.06008292946208914,0.06938249168235656,0.08759550135048184,0.07188514217508521,0.054993235606053965,0.04202140885195025,0.059886751235974554,0.07795524729719458,0.09957533326742828,0.07826143568869595,0.05211660250391277,0.04235620788563798,0.0628427504047413,0.07919858766855219,0.10013681444216163,0.08138243525383088,0.0577865827433662,0.04397460304707993,0.06608685944247582
2023-07-18,2023-07-31,0.02492349635782025,0.06257059271487185,0.07716212092217216,0.06439322627430905,0.05065170075658489,0.04054248882779039,0.05468123209292339,0.0663032932226814,0.08084172088118731,0.06774151902009905,0.05259028909088356,0.04135446626497589,0.057182534941726086,0.06272791964947234,0.07612539936824428,0.0642475556471957,0.05123175662433043,0.03993761028457448,0.05459406433309787,0.06679926626240365,0.08419612472749921,0.06889761376003362,0.05150214049186256,0.041047107835065766,0.05721185006527659,0.06570399885300225,0.08276552516392588,0.06782099592628373,0.05173434512016477,0.041250523728570604,0.056935549120373415,0.07171190777315414,0.0952706489898473,0.07454943596231203,0.05151287273445971,0.04048870058241913,0.06004405923671388,0.07316894095387151,0.09235136617589364,0.07546009379403784,0.0546229081151863,0.043155092731740945,0.06276345105370458
2023-08-01,2023-08-14,-0.013922893795387095,0.06465123231836033,0.07708596753912102,0.06410875152928476,0.049208208741971335,0.03924555130589818,0.05396029569489424,0.060779460404996995,0.07546171497478346,0.0623743352944817,0.04771769464937872,0.03741171310660595,0.0520464789969414,0.061151013206233985,0.07646144403524721,0.06268870202166492,0.04823073601279962,0.038009263277717455,0.05252238137518933,0.06307545952298518,0.08328496795628769,0.06700342046594604,0.04986238567469381,0.03833693092841328,0.055179557339903526,0.06377227764197231,0.08184802482970469,0.06583859265968775,0.049059908595319335,0.038377420491192187,0.05442296760282092,0.07061171552746498,0.09498578438508593,0.0729036141205888,0.04772923067078619,0.038074095265469204,0.05745018281145,0.07103311554748254,0.09150211861756247,0.07342187236430178,0.05047721269639331,0.04124064925561066,0.05977622942284016
2023-08-15,2023-08-28,-0.011538879439147305,0.06280284327350816,0.07471567002260901,0.06215489877811515,0.047690383727665535,0.03815994264450714,0.05234809785056735,0.060725106553177054,0.07608911955372076,0.06210098536139241,0.04727663072344412,0.03639849131315168,0.05164865176203922,0.06130897029247166,0.07475827026696712,0.0624324719907691,0.048897463094469566,0.03782277994881012,0.05252097809532272,0.06232564343476579,0.07920832030082461,0.06428449785849535,0.04853443896338997,0.03696893816162019,0.05329577215151153,0.06367422972765664,0.07991479095205198,0.0648300308756278,0.048987250399005734,0.03780627670206497,0.05369521312495152,0.07034525672417927,0.09182849295858811,0.07118173419566343,0.04717182617435597,0.03735748527043552,0.056419479348160884,0.07014357957141916,0.08977188350813103,0.07276939222959515,0.051820183719424755,0.04042716168011322,0.059597707648756104
2023-08-29,2023-09-12,0.007286361993962372,0.06065236513013391,0.07597219820211921,0.0627797965665156,0.04892515278768619,0.03912235998838643,0.05313217896026552,0.060825319274741455,0.07564712024803887,0.06252660041915373,0.048300288098323485,0.03884300491084849,0.05286141336804451,0.06033022510686783,0.07558656714851339,0.06220107384972627,0.04792234480865055,0.037389577554425624,0.05219660854286592,0.06165684779316787,0.0772368380003609,0.06307323580892822,0.04729692770295338,0.037327939971260105,0.052555922492785775,0.06180436202863736,0.07798909931047185,0.0640485182585841,0.04881172080809902,0.038515803557932736,0.05369164546922889,0.07059646349064692,0.08948773601089666,0.06941577100120058,0.046811536626163885,0.0378161094481265,0.05546818545899161,0.06891754724647883,0.08693678539077335,0.0710024434281497,0.05111138136389101,0.04103635382777622,0.05856364785688689
2023-09-13,2023-09-26,-0.03255476169879348,0.060107112800650286,0.07521148172362148,0.061993091430513035,0.04821345647098578,0.0387089301936009,0.05240408510342584,0.06269569926998425,0.07772586550001712,0.06350183660385574,0.04899110065654152,0.037831085839402624,0.0532854326793533,0.061990185807409254,0.07426400909067694,0.06226098964012747,0.04787893732493782,0.03822938387237374,0.052380231030166036,0.06267657604376649,0.07755861833305999,0.0639347802101582,0.048602490108779615,0.0381671838481065,0.05343649340083689,0.06208583089634165,0.07814299212043933,0.06433929170110626,0.04907770600213587,0.0381353134232488,0.05355923238237025,0.0716933265849736,0.09054866982876708,0.0698783133230187,0.04746212285212861,0.03824424157540413,0.05609747092451133,0.07089327243172368,0.08914343604582492,0.07190097719933808,0.051102231719803666,0.0406915123888363,0.05890773940852963
2023-09-27,2023-10-10,0.0034757325806859785,0.0695612577977955,0.08262261542075766,0.07005838251446442,0.05590321670551051,0.04461904691558112,0.05983877713185438,0.06743542501661162,0.08215659291382169,0.06917030901681553,0.054392029816168,0.04313112520704377,0.05874765076554729,0.06911389297486445,0.08379529956688075,0.0700932775465594,0.054698780978068615,0.04342247740976567,0.05926948833674677,0.06923428914350918,0.08679481589129352,0.07161799715610706,0.05496178820708502,0.04308055704540669,0.06010846463201167,0.06959239227848692,0.08729529226011248,0.07157210858974103,0.05462515459069471,0.0432753122310035,0.06000360540516527,0.07983622373150963,0.10453476614736287,0.07989875515908434,0.05335865201045103,0.04309788955765973,0.0636941946850501,0.07890127032452435,0.09897894014200657,0.08101998489522201,0.05861559049474566,0.04599524600133732,0.066798511908093
2023-10-11,2023-10-24,-0.02126049018217027,0.07116886733973596,0.08506273610292306,0.07202809329223105,0.05707895773801618,0.04566366554302139,0.061385422223435196,0.07169938670915749,0.08769883558179513,0.07276757967646498,0.05627678929792313,0.044483566143892504,0.061428635292750326,0.07113304844506184,0.0872504489882388,0.07228852936502915,0.05510692816562775,0.04524223076915366,0.06092221359341437,0.07217130784690858,0.09212474936204434,0.07467484033037122,0.05703541555550415,0.04410882040429835,0.06231847045088128,0.07299750820482033,0.08812252469831211,0.07365222193394001,0.05705670906082772,0.0453942426701014,0.0622156197467554,0.0798201468395225,0.10758536908338812,0.0830982102345841,0.056814230746409546,0.04508856887434326,0.06643574387295399,0.08348646152843255,0.10217503621745104,0.08339749121031739,0.06013421128248395,0.048012970762038344,0.06884367461150004
2023-10-25,2023-11-07,0.02050316036241036,0.0739249253352844,0.0876100678527066,0.07465947161658462,0.059370144895993605,0.04781680475982818,0.06367047626249185,0.07042556450349247,0.08341026164352021,0.07106070376603996,0.05709206776290845,0.04656597017805303,0.06121116323286888,0.07146079866228333,0.08754929657923376,0.07288399202392423,0.057374031183129164,0.04574796963672789,0.06213268226620664,0.07428699290118845,0.09396833321816878,0.07702967154921922,0.05807963765788347,0.04608383438691315,0.06424849755478511,0.0747217323638329,0.09430751333787303,0.07707522549088233,0.05801141627634902,0.0467741562556829,0.06447138056327187,0.08016079519415509,0.10716400660357044,0.0821231552897306,0.05597100120552896,0.04479476616637781,0.06571970333531614,0.08096477765443966,0.10295049552716935,0.08229266402043012,0.06029567362998913,0.04844339415915087,0.06842472090446716
2023-11-08,2023-11-21,0.030236585402555933,0.07385182759305413,0.08781109803938446,0.07457995912568138,0.059438815965807267,0.04737867987681769,0.06352405656747688,0.07372655181132808,0.08794521999909038,0.07407670687297323,0.05860193923533424,0.04637782472913103,0.06294198052018231,0.07422439403387518,0.09213719466212561,0.0755633199510349,0.05764795751604815,0.04636083929906329,0.06340598278813028,0.07435225349127522,0.09404790623171094,0.07644848357454105,0.057619905505973866,0.045607313848147625,0.0637840851425079,0.07484337379760557,0.09304522196661903,0.07687302663804221,0.05863940412372534,0.04644450761874198,0.06454659072545292,0.08194813420081516,0.10737479642960125,0.0836925755873995,0.05660052269538788,0.046417948155354494,0.06732080865310291,0.08280730461510467,0.10639418664286536,0.08582453003947521,0.06026253754823178,0.04826309558623075,0.07041655587474009
2023-11-22,2023-12-06,0.007596528377882962,0.06631917869934673,0.07962266135219233,0.06736452239659975,0.053564960587167997,0.04318672939084262,0.05744672927819289,0.06443319154220874,0.0784892656439098,0.06565769303884568,0.05186969341431,0.04182243301209816,0.056058578595732426,0.06876514325105675,0.08451023746863212,0.06998410289582724,0.054196369708955174,0.04266672626173336,0.05886131963911403,0.07005626894174637,0.08906121677517488,0.07233642366854816,0.05452468979123402,0.041966171504652434,0.060034066018935406,0.06917195821821681,0.08418070859487196,0.06996811885319279,0.05489635981051058,0.04353573717781112,0.05926670950681003,0.07534480373003315,0.09837343431586021,0.07561023981019371,0.05153811067728051,0.042731317857302,0.061029147365699234,0.07666804439219958,0.09586212407172105,0.07702363643002931,0.055477696480090856,0.045378710306151315,0.06375234027863036
2023-12-07,2023-12-20,0.024451058593724193,0.06003717034789554,0.07190984980270085,0.06079684976524798,0.048178673648082114,0.03872310525125174,0.05180543383177858,0.05833740731646881,0.07132777243519689,0.05963509934501567,0.046598635945043196,0.03826725860764993,0.05090989253833077,0.06009211319778139,0.07295458437825655,0.06133646741530565,0.04895459410973372,0.038485336514546394,0.052126877230471755,0.06085290899647978,0.07739668440408164,0.06348265974841111,0.04923165772424213,0.038764812741662706,0.05338776209535019,0.06213948472135429,0.07757070045679079,0.06430871782444922,0.05004999883725484,0.038843892975306896,0.05422415134650039,0.06861907780133251,0.08882992213054232,0.06776562462950465,0.04637109469822746,0.038054523922877434,0.054929959833547225,0.06784713251389267,0.08683232456361256,0.0699337307538313,0.0498321328359546,0.04066609399596846,0.05790777859361636
2023-12-21,2024-01-05,0.013489828034865254,0.07490734260456135,0.08891202591972287,0.07543810441869808,0.06039524046661965,0.048752892426931795,0.06474218412013935,0.0733456648820516,0.08819877006428917,0.07381417899981024,0.057585564079908516,0.046202845113708556,0.06257811768552814,0.07078560958484081,0.08812385059951805,0.07274437851558477,0.056304955993231265,0.04575391954714379,0.06167307964250567,0.07519010067037599,0.09767437611056008,0.07789380936877978,0.057434157228372446,0.046187087798007086,0.0645295103689982,0.07485526522091512,0.09638434106930495,0.07864904747740684,0.05960217799431736,0.04590842259987415,0.0653055521658947,0.08284976151969446,0.10503406808807031,0.08270484131912338,0.056706446998243495,0.04581920021994177,0.06661525407544212,0.08395111597606726,0.10721086581692382,0.08402428267586734,0.05838217170111017,0.0486699526504375,0.06917422871009314
2024-01-08,2024-01-22,0.0026239014373333064,0.06390787319708176,0.07712284764713324,0.06487469930776352,0.05150481211295523,0.04148548130806422,0.05541944078273087,0.06449750159305445,0.07731660009217153,0.06503361526333223,0.05091312478151865,0.04103517287748305,0.055326222332972214,0.06464780160712762,0.08036593266803192,0.06621167985455718,0.05084536018489717,0.040831633169998376,0.05561891616499403,0.06571819568160421,0.08604278982202468,0.06832023827503926,0.05067130207372111,0.040490193477160485,0.056626314375652555,0.06773658155297659,0.08284970180300504,0.06792671301065704,0.05153367115448009,0.04148822122863244,0.05684751803237529,0.07334405919729416,0.09348105260775656,0.07327116788838711,0.049187439517435566,0.04009631982434115,0.05895211840183174,0.07289231024219912,0.09291939799843953,0.07320927299117008,0.05276613758675938,0.0431820407743276,0.06067343537343475
2024-01-23,2024-02-05,0.013990652422686963,0.06378595402635237,0.07711317634799954,0.06425905572711794,0.050180817009459054,0.040846928091668434,0.05467337026451241,0.05972480059665231,0.07470672670201997,0.06192185001063991,0.048896984213218815,0.0391704249996665,0.0527812421743037,0.06419648728431629,0.07813808735055336,0.06500846814961858,0.051040848557887486,0.040847110507277365,0.05507417318211854,0.06560705012435082,0.08109192030374233,0.06739520896751645,0.052024522446566836,0.040038959116669534,0.05636655740274934,0.06409926183933527,0.07922968209321749,0.0662294363059207,0.05148490745165067,0.040771075011246605,0.05589922615808138,0.07264658287828114,0.08567770164547703,0.07056631142140793,0.049451407684162986,0.04113963612898317,0.05794293840662035,0.06996436548096303,0.08766108915106584,0.06991383467589643,0.052196000856340186,0.042605421277499674,0.058779415898475594
2024-02-06,2024-02-20,0.014273433856511766,0.06664465906270838,0.08040120206959446,0.06708102441559335,0.05226480780364593,0.04250352807676842,0.05707228434025956,0.0643085307588204,0.07973536376896613,0.06623192856721107,0.05182263629231094,0.04134019747671019,0.05613477862291758,0.06491347593639415,0.07869729292030148,0.06561107951035071,0.05115687532562251,0.040916998143955934,0.05551285176369306,0.06582790992636,0.08022497959041892,0.0669539690807138,0.05161375241246792,0.04105453681899613,0.05634425082125867,0.064876729298188,0.08314557124627803,0.06761747767672316,0.05160319686194705,0.04145484021283073,0.05690061786964169,0.06792657163088035,0.08609893330207592,0.06896313874928375,0.050067202847761096,0.041980140631978406,0.05735398725543949,0.07468108145282558,0.09020925070552979,0.0731374264629108,0.052749417827140654,0.04261367403141235,0.060578934616312814
2024-02-21,2024-03-05,0.020320347184057223,0.059799964470307436,0.07066327324362015,0.06049680762337171,0.04868379057308995,0.039279656023903514,0.05202997702811288,0.0568851216914,0.06766721100174848,0.057375749848945945,0.046222716235276684,0.03797588494721361,0.049477478694089964,0.05648576688474642,0.06732710922023762,0.05686523237463831,0.04531623753084493,0.03718283903104368,0.04891965733026282,0.05986998219760085,0.0706773015855602,0.059768771383013744,0.04742256426159932,0.03719909886559338,0.05083004175418631,0.058415582336121916,0.07050561865755609,0.059334062510649564,0.047093031969161155,0.037211645685987546,0.0503689056952206,0.058074907296005916,0.07505270028810741,0.060704741436058016,0.046637479180250165,0.03747520944892708,0.05073129720576208,0.06366726093750695,0.07369484092232652,0.061966859356520326,0.048626388601427595,0.04037461706380778,0.05300684193256532
2024-03-06,2024-03-19,0.026119422404675487,0.05817184362899901,0.06957017965050895,0.05928135406381472,0.047481548053267215,0.03859174786842826,0.05092582797242539,0.055393355817197364,0.06574254606422242,0.05583523532888285,0.04447562873372298,0.03562734827406071,0.04776346732643185,0.05686436351251009,0.0661831054319578,0.05670725485166476,0.04547805592994187,0.035797253911286984,0.04843405309518395,0.060120662227729334,0.0719336749346779,0.05940492879096219,0.04485113432190067,0.036617690367682136,0.04988785728955943,0.05606078147851925,0.06751112642069096,0.056866457532491706,0.04526596323559172,0.03594285620346396,0.04853766097954096,0.05706010340624985,0.07369059127731524,0.0595564352124308,0.045813140150267995,0.03674912706139987,0.04987591455001933,0.061136952821423576,0.07317165653712472,0.06044990587574272,0.04668265644612029,0.03827805685113834,0.051777665377173265
2024-03-20,2024-04-03,0.015561734905693068,0.052074431956695054,0.06209101336377315,0.05268298811809385,0.04208636237453982,0.03404722833625578,0.045108977711752915,0.04616147134258168,0.05413126211532529,0.04627521703111912,0.03742180236942729,0.02930912878988422,0.03964195745943266,0.047365206528728436,0.05813552335353851,0.048049272554694655,0.037404674781330326,0.029796269446545308,0.040741667246210735,0.04723820872710173,0.059945157232427784,0.04930252354314422,0.03802205952517895,0.029851239128790112,0.04142689461655486,0.047316164668532404,0.059378282819543944,0.049072024765112784,0.03799885567527299,0.02955742053688306,0.041119643514042646,0.05161838299627957,0.06492921092763053,0.05234454516445514,0.04006334174762038,0.029841636928642865,0.04329915923992016,0.052358293494184874,0.06560941828215153,0.05281237720137807,0.04034964157945412,0.03185480524674209,0.04451199012134536
2024-04-04,2024-04-17,-0.034135238163244964,0.05302014798520174,0.06291687083030087,0.05346116154302811,0.04259481426994261,0.03461220868683219,0.04577900999209292,0.04745833209547128,0.05666267192609893,0.047648213274201344,0.03742468470360177,0.030050106242921173,0.04043196686696032,0.04616706361331931,0.055777574080563413,0.04711547406633966,0.03720821806797462,0.03002734807433814,0.04013007347109074,0.04778891679989622,0.05772496241497639,0.04858336972337609,0.03823343545696171,0.029730427134777526,0.04111184368797833,0.047857162865138345,0.058393824040607674,0.04798912556482414,0.03651664623907113,0.029413137194869005,0.04040732220313659,0.0490926071882125,0.06265094374917181,0.05128133659503772,0.03963070523196489,0.030420440143702033,0.042810896544125274,0.052591867769351666,0.06422000503314354,0.05228702006939051,0.040279834266105145,0.03312159349593922,0.04425410042312005
2024-04-18,2024-05-01,0.006896954773311548,0.056076804107121056,0.06651743538917622,0.0570270128590318,0.04612672958898429,0.037360085779038064,0.0491639313838845,0.05125336129227454,0.06217870450091796,0.052388225381532434,0.041343736182292284,0.0330505454509571,0.044660999426468985,0.0524890966493204,0.06214729875254227,0.05258013437914278,0.040842477316000214,0.032875275299994594,0.044457384912324614,0.05281217071332808,0.06509857952067842,0.053984938982704324,0.04134366668451472,0.03303661330481761,0.04537512675511947,0.051379062856352194,0.06297184994433541,0.05264486711055321,0.04148850728006093,0.03303320658962299,0.044793324920400744,0.05310233721637466,0.068168107674336,0.0558812680254964,0.04349340739486579,0.03362577403576285,0.046913986595685096,0.05823674492082119,0.06818452724721254,0.056381070724257625,0.04427846221472522,0.037755276360235214,0.048551183211020046
2024-05-02,2024-05-15,0.05256986299745448,0.05631977773819796,0.06653255272964438,0.057057536606870955,0.04637316383272581,0.037430431220293166,0.04919616339320446,0.049973838093839214,0.06084256995880497,0.05138675762248607,0.040709830073943146,0.03313060106767685,0.04404771205375879,0.05107924306847741,0.060803532866158215,0.0517156777674929,0.04090548136395832,0.03319346361846722,0.0442589042732486,0.05321186349459619,0.06507116113973585,0.054022560767232705,0.04164115671724264,0.033221153563490396,0.04544136504063144,0.05309754062695717,0.06274660846660682,0.05331885852254212,0.04234420157798081,0.03330985428669958,0.04530560044988517,0.051513795644860555,0.06758271360506521,0.055232683558326855,0.041610882692152004,0.03386985192582347,0.046428443789692325,0.05527320682656907,0.06790529713046314,0.0555731549155461,0.043365191269012074,0.03572894138093251,0.04790965539250841
2024-05-16,2024-05-30,-0.025121957632697565,0.05457590716895626,0.06538409340178983,0.05481827314952038,0.04327212740690408,0.03468911746505236,0.04678475685042248,0.046709378314263424,0.05616146376403356,0.047488723788701906,0.03786355784942201,0.029898708745543214,0.040541806923485184,0.04751982936123716,0.05754213317787768,0.048312465292061464,0.03815093789553182,0.03030480296102413,0.04111282194661773,0.04956677973815556,0.06011693112036597,0.04999166513197766,0.03863440237184773,0.030524876598519234,0.04213543681046862,0.0500070250472917,0.06094484262800332,0.050715964880536105,0.039151057650050884,0.030220993289860044,0.04236669919181762,0.0487622310604808,0.06362232916268726,0.0514028089704437,0.040023198892068824,0.031070643880596226,0.04291798477173939,0.05389427191445768,0.06476363669781177,0.05257668397805477,0.0409430950038046,0.034278789149356385,0.044981088663902935
2024-05-31,2024-06-13,0.010723375140295388,0.058095379482123136,0.069654265140024,0.058492336084322395,0.046260585230561424,0.0372821186472309,0.04996261359029407,0.049649409238297894,0.05901621960131104,0.050311932731589265,0.040860006724153415,0.03280702217598197,0.04329143943063504,0.05277430790984046,0.06330572127580698,0.052996625279790946,0.04162479862803175,0.03325467629266745,0.044930507938836246,0.05255558056717275,0.0653207552019216,0.05437573597423519,0.04248969578594646,0.03319554227148163,0.04597302716462766,0.0529483547224162,0.06407238445298642,0.053394814469695136,0.04105331925475602,0.03363539366859231,0.04529389813910656,0.053934554643246084,0.06869455232223926,0.055854007862893254,0.04250082262304028,0.034102073962293644,0.046781320346564695,0.053640973267490066,0.06891749095405068,0.05645347956189599,0.043930445099541304,0.03738167278139424,0.04875809858658309
2024-06-14,2024-06-28,0.004796200508658972,0.054122299443714314,0.06497305554007723,0.054842212688820224,0.04383466440452632,0.03619626594111245,0.04717931614821987,0.04892008990012137,0.05865807876108556,0.04979926206428268,0.0403271902390582,0.032279144411512466,0.042787463441109494,0.05053349424330635,0.06136531009531518,0.05128445811269515,0.04000739521689253,0.03209897112187317,0.04348101171235797,0.050043149101539425,0.06406646604376016,0.05228742229725312,0.040413319543867676,0.032463792818802545,0.04411348966146781,0.05053271337297511,0.061022515241003085,0.051379329679983175,0.04065800297687549,0.031847788330607245,0.04358677508391072,0.04991702880721683,0.06463829913361631,0.05313293140282412,0.041376672139444175,0.03332596647521036,0.044902314275479964,0.05509798427556404,0.06456254287245028,0.053443744731235567,0.04218219391594654,0.03575552268499536,0.046208870455231504
2024-07-01,2024-07-15,0.024964952768969744,0.05170195114664315,0.062063548836056914,0.052397316686801976,0.04194180361119896,0.034562956772398255,0.045061000792373525,0.044893914496990706,0.053657556124176324,0.04561545324639175,0.036640997589431394,0.029534358790470942,0.039235656058907796,0.047410483213776264,0.05615034617923695,0.048029408014157664,0.038437604261415965,0.030091529899504744,0.04084712209778226,0.049238301204066186,0.05900671160028098,0.049425533638979995,0.03858844851962723,0.031027411064883343,0.04194104990905211,0.046414581954574416,0.05600669483214772,0.047489857416512765,0.038445339321498,0.03057382075876376,0.04076433979312962,0.04760523811644943,0.06167755005713697,0.05058584155469393,0.03923481214547923,0.031545095882915486,0.04272555602082951,0.0495373071309265,0.06217365626199284,0.0508307703537432,0.039572149603442165,0.033263519981683275,0.04385940073045532
2024-07-16,2024-07-29,-0.0043425105543127155,0.05204116047709309,0.06055446855056743,0.05219981351440787,0.042303890992447864,0.034153870958815356,0.045036338170183786,0.04760468590014005,0.05560206858709638,0.04749939029639556,0.038189882160787475,0.031060322891283673,0.040897693895428446,0.048322218900028906,0.05896949188846202,0.04959597340972297,0.03880789634622597,0.0313924369806558,0.04204966208215344,0.04885332346501254,0.060986672355815535,0.050362785826391844,0.03863597700547865,0.030896641735841054,0.042370078963676734,0.04909870106044148,0.060715954653408497,0.050424949543861466,0.03934776121126818,0.03090280590932954,0.042576889703127146,0.048928159154367094,0.062151240982523615,0.051138864647954335,0.03882954767411666,0.03175724207719614,0.04311077331715238,0.05221160726565775,0.06187866793795101,0.05172195155801306,0.04069086593920588,0.03477351458692898,0.04473338466656171
2024-07-30,2024-08-12,-0.012202319191827488,0.061188188799778935,0.0713037389562984,0.06142879691860064,0.04995445512959536,0.039992453374545836,0.052963846813445695,0.05544592327887132,0.06604378551624407,0.05661930299887804,0.046498184688013595,0.03713632551382929,0.048976752979838625,0.05709949052543374,0.06899361813702945,0.058462653295215036,0.0466493151695585,0.03716016925349087,0.04988539551185884,0.056800922875182146,0.06880576142544538,0.05806114249819168,0.04605636061749099,0.03715437641868123,0.049567069263183085,0.05733973507501893,0.06797979888071298,0.05791049213049895,0.04606790421928797,0.03658444444276283,0.04945912880246824,0.0552944715476057,0.07058421238023697,0.058687550919484965,0.04603815945500629,0.03735231771266797,0.04978608340127086,0.05825433329208061,0.07326325523047673,0.060595102170203516,0.04817316526576446,0.038378619549365375,0.052196800249962025
2024-08-13,2024-08-26,0.04202733449430843,0.07707677598149636,0.08950153565711955,0.07753354600365578,0.06344803291039454,0.0517474220783156,0.06724192496077366,0.06623389709841193,0.07843864305301021,0.06736926299287938,0.05514695019329085,0.04524467642988069,0.05857718237596339,0.07274842308077453,0.08751316231653603,0.07325117853855051,0.05806402355670575,0.047873912356200844,0.06285900369013532,0.07238245038225408,0.08837495595730456,0.07389141950091635,0.05805063443118019,0.047417383808063616,0.06313162121488167,0.07270357973132084,0.0899172978498451,0.07478901307781655,0.05905291233364385,0.04725798017375454,0.06377516110072566,0.07091791159853378,0.09132488996783547,0.07467829506844144,0.05926072332006592,0.049094538600842993,0.0636811536919493,0.07273700408618064,0.09065853202962795,0.075446102732437,0.06080463555463983,0.04963973768502856,0.06592614952775276
2024-08-27,2024-09-10,-0.018047145538382044,0.06455305735289993,0.0746977400754849,0.06462032382048005,0.0528033609623573,0.0429156313834364,0.055925527731661144,0.059302172265449225,0.07148716880300003,0.060240128469291325,0.048677798058757514,0.038448993237259865,0.05168061104337887,0.05914869870651311,0.0695949412158466,0.059723318727209214,0.04885695790962754,0.039170131640619395,0.05162513308079879,0.06218371972805078,0.07228691933207342,0.062119170142441275,0.049860741859314106,0.03941608310341424,0.053025835262340296,0.059542881270167186,0.07175736407953613,0.06034333181214896,0.04813636172606885,0.038590115908628875,0.051561119750461,0.05899117769958404,0.0742942816749848,0.06144409964843185,0.0487428329069187,0.04046495075586678,0.05261562185107172,0.0652378154409509,0.07408584069971397,0.06304570470858599,0.05077573804160436,0.04426206672434378,0.055131021791224186
2024-09-11,2024-09-24,0.03737199739045465,0.06655608888639371,0.0785539053381181,0.0671598990911944,0.053802091201145284,0.04446156559134767,0.05790967251439164,0.060610360471551834,0.0726456661052589,0.06180017083527067,0.04942848962511443,0.03980874147399883,0.05298290832778279,0.06358081393843146,0.0763540179668011,0.0641770794610941,0.051123181100164096,0.04131520429459085,0.05498326822480594,0.06383090136991536,0.07843999210095748,0.06567631900518066,0.05230751393854551,0.04137998647392043,0.05601432572652172,0.06335056816419289,0.07814405865365641,0.06512271693603475,0.05105708911260928,0.041030707923984944,0.05522962092223193,0.06834876450271843,0.083701565797544,0.06863093818752518,0.05328977612588834,0.04261806891887756,0.05741784210009378,0.06546220174639128,0.0797133830517684,0.06675835374446512,0.053373921662357986,0.043752197741722204,0.057933759978782064
2024-09-25,2024-10-08,0.00637014343573416,0.05991972007270239,0.07094892940884819,0.06070601024119105,0.048316442740699246,0.0399278589316154,0.052222562504965334,0.056097758702130796,0.06590935490989012,0.05636116931032339,0.045103352512758516,0.03635672239558205,0.048265709865179765,0.05665957195931888,0.06710173982591307,0.057342191144962994,0.0463747754916724,0.03611133062323969,0.049018860293755726,0.0558782779503845,0.06837414393325543,0.057663755806198806,0.045522291446682205,0.03662153484048994,0.04918149447690654,0.05684469632426514,0.06793134345668621,0.05792829676203901,0.04653402407710271,0.0371622796772603,0.0496643336065375,0.05995326626979094,0.07538676929926393,0.06074239689537003,0.0454158396961757,0.037018011556030815,0.05063566233855329,0.06050866789799226,0.07124272508240156,0.059476588696219496,0.047417305591722546,0.04130399682650959,0.05172363357983942
2024-10-09,2024-10-22,0.013116737595316142,0.057331928448275296,0.06823558874236846,0.05824002839901866,0.04676334606258421,0.03885241629518653,0.05045794657293176,0.05204313333504475,0.06187611227536911,0.052738769381496936,0.04237680287446932,0.03415642847843678,0.045430731344231784,0.052401880373642844,0.062212302339877804,0.05272008030671324,0.04196067662987291,0.0336476148442592,0.044923835327838335,0.054051022474041775,0.06573006527970823,0.054786097805633205,0.04248986804379792,0.03443869324204686,0.04633760774969649,0.05522575597893663,0.06590310374692664,0.05567653778544915,0.04390556372941108,0.0348684981026118,0.047284559258050904,0.058457757994098504,0.07134916615970305,0.05792037420111339,0.04308850676450983,0.03552698471609599,0.04816770817439763,0.053799087342201714,0.06647429286597181,0.055615433094979586,0.04547471164279426,0.03845964486355837,0.048753338429936
2024-10-23,2024-11-05,-0.01617085639448516,0.05529139627318618,0.06548887142794989,0.05583303902366239,0.044869450555736066,0.037192026898584876,0.04832828420553447,0.05048061143478609,0.05882668946267815,0.050175682558019546,0.039457811086966735,0.03159627191266841,0.042801449664313644,0.05253986591696895,0.06406095401214643,0.05367939617310928,0.042033993532320436,0.03332589167409049,0.04560294586733285,0.05266425513657468,0.06402285702778329,0.053682534271071516,0.04202991931838304,0.033218536380680376,0.04544516943585625,0.05156297484826278,0.06287427889802231,0.052538323745598005,0.041025264379152125,0.03281894076405964,0.04453200897027695,0.05041204822771946,0.06687220258750899,0.05406738419774058,0.04233231761527982,0.034355466561412557,0.04588345990184187,0.05541998787292787,0.06617774393586286,0.05554612048349458,0.04468987482357381,0.035566826308552776,0.047915932389775706
2024-11-06,2024-11-19,0.023791028741754195,0.05752687181631803,0.06708461042632968,0.05803643556554432,0.0477829161832433,0.03874274594601296,0.05048416374021261,0.0528600808108441,0.06470441342827452,0.05435460172599792,0.042429887610924956,0.03387337844658966,0.04614337593021316,0.05163678180333706,0.062143468219344564,0.05342965137319279,0.043387675212997766,0.0350909905349364,0.04610565820091458,0.054930779528609426,0.06485243983723707,0.055165008138471,0.04418020425774404,0.03502728964185034,0.047189253194168716,0.05381723720199543,0.06570714547523797,0.055062042524441995,0.04323913833633286,0.03419406318029687,0.046727507008714954,0.05230385972141466,0.06851533039950118,0.05590231424776205,0.04294668797916902,0.03487330308314039,0.04739786331672283,0.05647003813414321,0.06929723137291748,0.05727454566588388,0.04482406155939408,0.03613664197227444,0.04931526028940727
2024-11-20,2024-12-04,0.014597396993725162,0.06282097187430168,0.07295614600674469,0.0631231601930248,0.05193194757735744,0.042266767177201583,0.054945838909299397,0.05925771778237739,0.06954020625521763,0.05945555331973494,0.04759325233281573,0.037891181503000526,0.05102829697706569,0.058104346337629474,0.06993789156012795,0.05904630761730487,0.047243463319419025,0.037628368846117734,0.050495370665439174,0.060579139456995675,0.07235044723990405,0.06084872279097921,0.04770592239351066,0.03744605540074279,0.05159022231070339,0.057374148695523916,0.0721113519221874,0.059311121059473365,0.04586377253299038,0.03736051627484893,0.05030837175886866,0.056406420661439416,0.07481307973600852,0.060982007569231965,0.047185504778271166,0.03836173180307454,0.05166610922887376,0.05716324436665211,0.07109534408158448,0.05951448493916109,0.04836028843714204,0.03957134084270737,0.05199468006926236
2024-12-05,2024-12-18,-0.06377528671870408,0.05513175144034317,0.06429493439051016,0.05546624769680155,0.04530764142524247,0.03683952688745144,0.0480006122532388,0.050052489684394026,0.05885113061942527,0.05138215072486163,0.04253492486055105,0.033202961204838094,0.044285445815168814,0.0522131080314623,0.06319974072920197,0.05272321662074542,0.041523055432193416,0.033287700561291864,0.044722839045991405,0.05286037311737846,0.06327465056149471,0.052871195405228846,0.04145177626485189,0.033023568279631474,0.04476061314329628,0.053053619519819226,0.0640012312622866,0.05347368491183101,0.0416790845470296,0.03333987144651141,0.045318972088665636,0.05291913269657635,0.06634464774348572,0.054065574780172786,0.040649321513080046,0.03374693909515129,0.04568040761871787,0.050969405145812795,0.06356152354885244,0.05303675909435594,0.042626317645112925,0.03601432913019755,0.04652078328412951
2024-12-19,2025-01-03,0.02535910002333931,0.06632051251730746,0.07686299551153328,0.06642292985838726,0.05418288568428643,0.04422119745672589,0.05758163882639014,0.06246441260736184,0.07398820623024716,0.0619742817824229,0.048682053919512844,0.039304252345340816,0.05275606575382756,0.06280038555475126,0.07546170901627264,0.06348745404684887,0.04983065183678056,0.04029660287604051,0.05399676199988356,0.06228844738971065,0.0766032420012675,0.06380524711554901,0.050293247035487106,0.04100021755319446,0.05454621113152673,0.06362198824020805,0.0787865429601493,0.06519899794213928,0.05033271055784798,0.04085959510877487,0.05510530733777489,0.06310841381041318,0.07910571785366674,0.06483160112658563,0.051178294046219604,0.04265098226829617,0.05515235037099724,0.06439744233326829,0.07943893921243583,0.06569537483428776,0.05153848960145293,0.0429479092936777,0.05674522869062807
2025-01-06,2025-01-21,0.03927479357290072,0.056758818787427605,0.06701817971031285,0.05726321568212265,0.04622220142599755,0.03803807646487866,0.049429240117636164,0.05483791452744751,0.06540690514650421,0.05495628093114203,0.04344382709250952,0.03437385835643504,0.04674240979956177,0.0522117465767311,0.06244167312935774,0.052903890064969365,0.041892202113521675,0.03379714338332895,0.04523235048595743,0.055004762629265465,0.06653091884124092,0.0556037209714857,0.043278002194557165,0.034546878828768925,0.047074363395458986,0.05337927847998967,0.06396366282403812,0.05434008809955861,0.04359694148202219,0.03504122118171273,0.04664742346985518,0.04966777922934931,0.06370504961560391,0.05388301623093835,0.04327873223332741,0.035232743474189435,0.04627359455566713,0.05637741878173207,0.06879591978942684,0.056433917380243316,0.043072668520742485,0.03639188347768095,0.048493915160910506
2025-01-22,2025-02-04,-0.012098344269438371,0.061736271884121834,0.07285057996864601,0.06230761869121359,0.050419956350162796,0.04139795245271593,0.05382712424393547,0.054628642680343,0.06592045197284674,0.056401100787630935,0.045539397763966205,0.03690073573000118,0.04858368730903675,0.057957647177493986,0.06853193033117236,0.058044422619234315,0.045932824533188844,0.03676600178397298,0.04954470688352241,0.05771416589537476,0.07046996954598833,0.05887417538340327,0.046416192375694554,0.03689952254803117,0.04989163257949085,0.05852659309427977,0.07023171916516048,0.05927282884919302,0.04738963011547882,0.03781694034447339,0.05060742395949127,0.05306019045104079,0.0712128103715459,0.05882363869019399,0.04745312395084671,0.03820601767570144,0.05059922508532107,0.060164567774711616,0.07530148480942377,0.061324068546773226,0.047038082958620935,0.03922779179171051,0.052382053220519906
2025-02-05,2025-02-19,0.022262599898607335,0.061162474606246686,0.07240200058673767,0.06187115501681211,0.050767996521906424,0.041059091542576344,0.05362532964692291,0.05804645186504013,0.0682846044717227,0.05842198444747535,0.04668205430325313,0.038287196723372934,0.050254323706096365,0.06059238658336336,0.07161944346874748,0.060879804448773604,0.04857711933551758,0.038882341840178976,0.05190740775784285,0.06012300032538063,0.07350819793590901,0.06181627200514048,0.04931284213578993,0.038896325686235446,0.05255495952978117,0.0608145028054219,0.07249639199380169,0.060969475742473564,0.048002817323549093,0.038197150001341856,0.051850023799511695,0.054903584108790836,0.07521096724348518,0.060915502087858814,0.045965174924755714,0.03909203165734136,0.05180624017495541,0.05890204321903451,0.07399652710743028,0.060957511370843515,0.049062920626841706,0.04006972208431241,0.052903361037117465
2025-02-20,2025-03-05,-0.03988064573803881,0.05433945053796234,0.06442447884596265,0.05505065912615889,0.04502474443239436,0.036420179664070323,0.047716584377981604,0.049961663214423815,0.05891897548670302,0.050270025892688114,0.040552563330348776,0.032711834889240385,0.04340304863643655,0.05353887276361104,0.06610001211441163,0.05471275263280691,0.04261817101825395,0.03349276720238019,0.04610421765011064,0.05382331241801637,0.06558706772418278,0.054704316307629466,0.042140362239133575,0.033761551083800224,0.046144952579685865,0.05328151686662905,0.06490252371658983,0.053954949725673614,0.04121640860559567,0.03336647264632731,0.04548205981421822,0.04828713250932971,0.06500304400750274,0.053327923119114135,0.0412041065766826,0.03466318061198385,0.045575415206432275,0.0548796560881539,0.06823345230592377,0.05511251285823963,0.04270161752924499,0.03514444885887444,0.04732011049413947
2025-03-06,2025-03-19,0.0065036057633665505,0.07066341598901762,0.08309491348766296,0.07143956081239365,0.05831947054361774,0.04854192445089772,0.062262555426803035,0.06493610373340432,0.07902715484133373,0.06652622739760655,0.05301688884850865,0.043338412933068886,0.057024932471716895,0.06646081306034006,0.07901196805730573,0.06709973525753449,0.05371641232701174,0.04316720025828245,0.057545654923779284,0.06888625931527124,0.08400259514467263,0.06959229947318055,0.053425707432137544,0.044118132751101644,0.05904220384484876,0.06667515065440735,0.08097945154018453,0.06841847119964015,0.05381280779957757,0.04391121365415672,0.05845454679646923,0.06075214051691841,0.08353530779182364,0.06803923112083309,0.05241781986216545,0.04463857998374755,0.058134841974736125,0.06738643873753364,0.08451441541843918,0.06897073567320074,0.054483753064156315,0.04656630769943698,0.059886264949820585
2025-03-20,2025-04-02,0.002012480287445124,0.06885467069859601,0.08079615192393608,0.06957961349989653,0.05686571076977998,0.04732880861255051,0.06069536837369952,0.06393847816783842,0.0755409817484026,0.06429153973979668,0.05193995743745492,0.041470039729004385,0.0552678055299273,0.0659091762856556,0.07850008444280714,0.06680496057303759,0.054170056717969275,0.043396793207783294,0.05757277973661995,0.06639999073176743,0.08028557222086309,0.06780845026959159,0.05388119262460589,0.0427621755962732,0.05771939732779786,0.06754083784866712,0.08077020985913111,0.06772543139226253,0.05376721610056867,0.04416811069480106,0.058101520385502925,0.06974492412855313,0.08391891683022462,0.06836509419330342,0.05223196036337816,0.04424902952139738,0.05804985655412138,0.06735851647312244,0.08294976964243539,0.06879098541507266,0.05490142345758838,0.04463302945533246,0.05921363059120985
2025-04-03,2025-04-16,-0.07496776596882626,0.0655411579024522,0.07616140174430597,0.06583517125774811,0.053735812204112374,0.044084139193628545,0.05725403867220718,0.057271917606849645,0.06939458489190554,0.05904723152581171,0.04759510750338033,0.03876742344613806,0.051055472774106644,0.06312113484456035,0.07280763217819847,0.06234078248327733,0.04960160612650507,0.04025530502449472,0.05336090236796792,0.061582891181786004,0.07476963231910631,0.06291138537367644,0.0504176979422632,0.04004661154767339,0.05381893718063722,0.06344631985790053,0.07601192272428745,0.06354143553207324,0.04996358137233744,0.04042211880244207,0.05399997240595205,0.05783066981587732,0.07488844705906737,0.06234469814866052,0.04970345839919607,0.040635507162335015,0.05350063527799816,0.05898265697040426,0.0750669287011589,0.062100621882216274,0.05079783411584425,0.0417843510297907,0.05417507565943599
2025-04-17,2025-05-01,0.04193684688184499,0.1352131590435354,0.15630415965938535,0.135467079935614,0.11151420393301187,0.09122622531600376,0.11808451216673077,0.11937468886031759,0.1380066568148106,0.12010228512468774,0.0990318983089444,0.08144164556511815,0.10472755952200777,0.12068216332475519,0.14071614899920168,0.12236554970249466,0.100761953146221,0.08288135961074529,0.10665116015050186,0.12524940452014993,0.14970413351605433,0.12707457362576172,0.10130138241933656,0.08267123290292135,0.10913421632701273,0.1269694732033774,0.14856766660834386,0.1276057110173315,0.10194806606328514,0.08313575177798262,0.10947920070847983,0.11712448622592476,0.14659053132362895,0.12375717425444094,0.10052430065014338,0.08441270642958552,0.10722518925599663,0.12245072510933706,0.14626384732140849,0.12406637629256986,0.10384751608542385,0.08925926436639633,0.11003683263468642
2025-05-02,2025-05-15,0.04423489178382096,0.10672456457493303,0.1284255569405547,0.10820907028631796,0.0857757842159656,0.07007944548797325,0.09266931307750137,0.09600244293656374,0.11709950002186288,0.09878056099953511,0.08004360489138304,0.06598134452488907,0.0854929888929458,0.1008072191396054,0.12101449920422948,0.10260011088119107,0.08264348316137826,0.06828913608731174,0.08851543274998991,0.10467026443372382,0.1290684190458461,0.10676414648753338,0.08283598078077437,0.06765179528351038,0.09085495261412231,0.10410052521297788,0.12617231054751915,0.10664106885560187,0.08516357186389036,0.06835198306307418,0.09102512740374126,0.10538603501238693,0.14384425699700926,0.11225717816508578,0.08159717303107374,0.06804065645802637,0.09296012140646513,0.10018068325357646,0.13427086194068466,0.10727853453073168,0.0819492130832785,0.06977069625503698,0.09158689890236024
2025-05-16,2025-05-30,-0.006026941760688448,0.09490704686643073,0.11430622082224888,0.09610570812368843,0.07628910478128248,0.06203648684764411,0.08228527512750893,0.09184593325884824,0.1080716940846439,0.09157167516449988,0.0726908215444009,0.05917151066396176,0.0782999810088398,0.09062628182042456,0.10860512639974834,0.09216811676953734,0.07383647384385347,0.06018632112499646,0.07912933391830651,0.09245191158661181,0.11230686920880509,0.09349386647923144,0.07262992414327696,0.05890812117188111,0.07925437167245909,0.09324737408071632,0.11363785019555601,0.09474168727763152,0.07341413380791359,0.05932107192863847,0.08043560913933473,0.0935064006992716,0.12886262539490148,0.09992621666128841,0.07239740710009808,0.05863063321569481,0.08188981937674811,0.10049447642775336,0.12198676857959385,0.09666468208649337,0.07341474744063016,0.06098155884445206,0.08164895690936798
2025-06-02,2025-06-13,0.019291701056880484,0.08092795747548912,0.10021421909715014,0.08277865300894476,0.06444546820819813,0.052881722561372815,0.07062031238054114,0.07556399241940032,0.08894130777724676,0.07634763709256061,0.06243470388604254,0.05116748521578211,0.06634346766011735,0.0797847372998362,0.0963640350198582,0.08135297991945536,0.06380246893491162,0.05235692833518339,0.06943147240701814,0.08121365560340359,0.09910271852430377,0.08287611102575877,0.0647832168670166,0.05150420256362723,0.07013971416570088,0.08064251278608012,0.09667696518021791,0.0820125610329851,0.06483876429028126,0.05202714934131626,0.0698380020317598,0.07939414481134074,0.11373977116307758,0.08627715359386022,0.06420883643278459,0.0508677854454258,0.07080832364814685,0.07830823767777922,0.1080271942098394,0.08430471461898936,0.06243698244311825,0.05357950079417612,0.07110448094783067
2025-06-16,2025-06-30,0.020823518469595237,0.07305252410716156,0.09001309334974465,0.07423248071867536,0.057813252052465354,0.04713026439257258,0.06320204022464954,0.06543310709782504,0.08064785329352367,0.06783290509524935,0.054690649990214966,0.045153180044454226,0.05861863317512352,0.07010788031179722,0.08632110154392315,0.07268935246426875,0.05779663270639669,0.04624559939937954,0.06222359243706782,0.07211965255037026,0.08952561660050277,0.07459622975114516,0.05832589639758983,0.046884797781946534,0.06327795715123335,0.07286702037621148,0.09109230832033502,0.07481569748085588,0.05757153081834101,0.04656465696307728,0.06315180732581854,0.07387471611533747,0.1015594273606123,0.07734335298802593,0.05672065041262464,0.0449213575993824,0.0637994379955101,0.07150664722060376,0.09630941403721431,0.07631326665345213,0.055852843987368325,0.048486214359243066,0.06457012215869946
2025-07-01,2025-07-15,0.005488576925800621,0.06524451904489025,0.07916992962277442,0.065827267966022,0.05086519123288898,0.04101689100402307,0.0556286987044924,0.06030543811965515,0.07105938631531117,0.059941146555840936,0.04772338132971595,0.03923799446711136,0.0515086910920024,0.05818481500905114,0.07007720039761832,0.05904660708422683,0.047822833114725675,0.03811908507050038,0.050557682537021094,0.05992411865847551,0.07406340662525673,0.06149715710115921,0.0479551704031726,0.03820450249189925,0.05196958110379063,0.0617104362753528,0.07707112941615005,0.0633945471267195,0.04900157274062629,0.03851795481991018,0.053261276076155765,0.06086012501557637,0.0886479720684296,0.0660074963903177,0.04629504897791938,0.03685297848063076,0.053153173964867476,0.06478584588978692,0.08388678280251964,0.06525574526111018,0.047310430845361705,0.039777257518554966,0.05407817186375283
2025-07-16,2025-07-29,0.022432019021105188,0.06483961687518901,0.07883212313067688,0.06562858956788822,0.05094406893176713,0.04113308415214166,0.05548084983103674,0.058265797880041194,0.0701879583977317,0.05969156182969957,0.047848039031132106,0.03866117507443571,0.051383349943148166,0.0601280368542618,0.07637341442599137,0.06275140589326993,0.04941438964221057,0.038869513138736475,0.05315589562378138,0.0629015149367188,0.07917505324662534,0.0642906898679895,0.04917613167672194,0.039197383161981736,0.05398280816752711,0.06305956778210779,0.07824566874798916,0.06399074907381043,0.049043073813959996,0.03906790127564637,0.05372630713637892,0.06772767380133034,0.09414887113126932,0.0693679065083658,0.04776389070009389,0.038027730399769775,0.05567003865511792,0.0680587814788565,0.08526191336943277,0.06622512708864264,0.04816954787775125,0.04022332861851932,0.05551028209811453
2025-07-30,2025-08-12,-0.008105875489250194,0.05858687592692311,0.07025307595056132,0.05910854512947344,0.04667922574176636,0.03786722814197894,0.050514541954003324,0.05562161281967876,0.0659884745060429,0.05592127260842905,0.04398149524396787,0.03518216510838567,0.04752520420688705,0.05731300719300103,0.07118720143717908,0.058960594419145126,0.04566488379452933,0.03625083585019787,0.04976257742684651,0.05775568440376572,0.07403439378799959,0.05980035528788213,0.04499522269928104,0.03562781184568266,0.04972228454253489,0.0579108722686607,0.07241453586685022,0.05946506793443825,0.04550488616531298,0.03614002069699755,0.04991939115790437,0.0536828967623186,0.08631045179974553,0.06261141545394876,0.04381950821273023,0.03569789573809786,0.05079594347828831,0.06477585296614856,0.08088436320159151,0.06228192926484766,0.04471668395443378,0.03676519977859151,0.05171191227242916
2025-08-13,2025-08-26,0.014521307616917641,0.06198856834251791,0.07379050779926143,0.06220037307297044,0.049146494188895495,0.03987086166440276,0.05319911005693051,0.05821971382913402,0.06961548023083294,0.05864152781277778,0.04600535207776637,0.037412588136628636,0.050042343514822715,0.05807423178082694,0.07153501793957628,0.05953684901493541,0.04665620518327593,0.037881795209090637,0.050619322357543316,0.062304433871590424,0.07628181490487071,0.06269150594355583,0.047508852464032775,0.03729571332278541,0.05229317350997073,0.060331010351274236,0.07523748991089402,0.061547164827531545,0.04658915743088283,0.037722518192040234,0.051744883203249305,0.05829461214970828,0.08659015311446838,0.06426899045583409,0.045934707231281145,0.036608243605477486,0.05236264532226356,0.06068292341430887,0.08116394976173881,0.062270561615565705,0.045354328024045674,0.03820264586108484,0.05239696053170114
2025-08-27,2025-09-10,0.0017100001752425812,0.05945433851949568,0.07490305962192069,0.061529487815996015,0.04756500115376558,0.037871027663357835,0.051882750413194685,0.0577302401457748,0.06876181749189712,0.058460869774386706,0.046537006620235535,0.03713356686014894,0.049835574424656616,0.057076647579237944,0.07033885658607603,0.058358942002869986,0.04426994466542399,0.03630015487558085,0.04906369422755674,0.05882124632450821,0.07300877440936401,0.060230685835096075,0.04648203760792515,0.03722148072376956,0.050808782248517,0.059310834279207185,0.07371331652494974,0.060562946329913485,0.046368370958764976,0.03658405146453351,0.05088246243074636,0.05805395679364166,0.08684411008365156,0.06373721622733303,0.04368625207168966,0.03515410942444603,0.05130533526429393,0.06446134068167912,0.08155069628991521,0.06306101645787718,0.045696913468979625,0.037590260165093536,0.05228366519816249
2025-09-11,2025-09-24,0.016715375577600416,0.058469765081323594,0.07353080934848158,0.060445247136716763,0.04660208012537974,0.03721330264072854,0.050951954974262796,0.05472844941077508,0.06551943981891938,0.055043097011012905,0.04352943195583203,0.03518333490766956,0.046981669209009244,0.05457987860589542,0.07080889420103388,0.057257613336768404,0.04349626807243259,0.0344782652138818,0.047857569880863676,0.056776550484944184,0.07205257118134864,0.05832150353193829,0.043891117658402215,0.035424691243902115,0.048796533411746806,0.05590857528494149,0.07009554626284675,0.057553572492926794,0.04397848175736276,0.03498948577391222,0.048276768266984106,0.05573486797076478,0.08267505299166324,0.06130671467481295,0.04354473546198687,0.034875697025734995,0.049745321758926916,0.054187674029141375,0.07565724850998254,0.058567295747235786,0.04454348737187038,0.03687718486292413,0.049445073108500597
2025-09-25,2025-10-08,0.026833992876043804,0.053775109745278375,0.06676959433113178,0.055426628259462714,0.043132811893120813,0.03410270835310435,0.046750853833687704,0.05073229093264351,0.06063502304802996,0.051281400619264575,0.04077216348466803,0.0325354387440127,0.04368348010424451,0.05221232816151499,0.0650694888254477,0.054092014217334755,0.042321500404541725,0.03325728867912495,0.045675504265262956,0.05520221034262544,0.06972169909061349,0.05641159405462073,0.04242378911449513,0.03258857706693787,0.04687362698353102,0.05376342220046206,0.06717837056780138,0.055204354314512184,0.042544837591189585,0.033863543011466116,0.04640454656982557,0.05207773201336042,0.07827893684294406,0.05780005532546781,0.041490363026040915,0.03405118776945369,0.047389301175030485,0.05360800668641422,0.07497313079046326,0.05665448316892815,0.04108442883243112,0.03366258596973243,0.04698959374955837
2025-10-09,2025-10-22,-0.01051254306618441,0.055512587229026605,0.06892962384585298,0.05728864785510454,0.04449590581427016,0.035290562533702566,0.04837246825076053,0.05218195362247192,0.0654589209395289,0.05422726886185723,0.04188735684671856,0.03361861189556343,0.04567765076533105,0.05513772908339535,0.06516135798181408,0.05494941848154903,0.043883894902761275,0.03493325305270412,0.046925873017114095,0.056067510632924096,0.06903522871819451,0.05724434158841244,0.04408600033717143,0.03447314201208594,0.04792291356350905,0.05700675513130128,0.07199792647535296,0.05854285587525557,0.04407800297513868,0.03481537072527619,0.04883550782945768,0.05313661113379014,0.08483049845841627,0.06148097036684484,0.04227891288248177,0.03386233978062735,0.049461736096771715,0.05847207601480666,0.07850262929198512,0.0599762836138387,0.042621246852870436,0.03542918600244041,0.04952008323992516
2025-10-23,2025-11-05,0.0025829895859257805,0.06820319157584247,0.08306422071371673,0.06953068937371351,0.0543471854333371,0.04294800283172724,0.05863881111274082,0.06180440165905729,0.0752273002593466,0.06252141337458582,0.04848293166535443,0.03904410195835537,0.052926833155731545,0.061957131321038465,0.07392260335193696,0.06178026352360501,0.047942235147008024,0.03881292979506724,0.05256179121727856,0.06321583902423761,0.077117807380292,0.06420522591225145,0.05005693351158484,0.03901006387435193,0.05396967012660203,0.06499567257056495,0.07827063782024864,0.06555480641101513,0.05120036456938979,0.040666529847378834,0.05539598102305426,0.06356787860590431,0.09057216110359026,0.06824204377425926,0.04952282456517121,0.038704089065119976,0.05552305394239299,0.06634638287938766,0.0866079245605251,0.06742461198310858,0.04990269897626934,0.041215551468232046,0.05647759844888538
2025-11-06,2025-11-19,-0.00276162325027359,0.05974651565127991,0.07378884011684693,0.06167406262123784,0.04856715745255742,0.038074269301849206,0.052018220304375834,0.05548202431093423,0.0649778217564295,0.055518176922751114,0.04461416878719087,0.03601909235403855,0.04769074354618398,0.056741276411233194,0.0707311267343101,0.058198109059840006,0.04510746416176907,0.035440130410326294,0.048984484898924124,0.05851832975079577,0.07212528348143235,0.05961757911145628,0.04528781752162829,0.03520473091152848,0.04972251467892627,0.0595078370518653,0.07223288707461578,0.059912259587212906,0.046134256587936226,0.03703033556740574,0.05064196488130287,0.05527044747600433,0.08464324380446403,0.06225070569271324,0.044669833874144735,0.036352580276784965,0.050813949906237124,0.06136385655666807,0.08170756361614975,0.06285689645008752,0.04660536941173061,0.03700814617405479,0.052291063267270205
2025-11-20,2025-12-04,0.02202383033765354,0.06207808718253006,0.07364417431925173,0.062470845708998024,0.0491343154692113,0.03974130782533185,0.05322104688912612,0.059353404108974016,0.07262041178540023,0.06053516593980385,0.047612149536841765,0.03829196123514344,0.051536598007783076,0.06097945286608938,0.07407226253888693,0.06166498806874199,0.047940143144770846,0.03875041616841121,0.052168466382944784,0.06134499216318793,0.07575439152283614,0.06276101103783101,0.04885279079738703,0.03797491575253095,0.05284124565255077,0.0625228065577339,0.07625385594763653,0.06286492378457374,0.048046693690306945,0.03898259855906061,0.05299075052676335,0.0660525543572545,0.0917171975484475,0.06782650290367462,0.04713983123364836,0.03825606850742384,0.054773831461230715,0.05918454179377491,0.08382170171322978,0.06470124576947026,0.04772048229974855,0.03951023753255342,0.05428951438160299
2025-12-05,2025-12-18,-0.011524759619466573,0.06272860532169798,0.0742169507432457,0.062887655818789,0.04956047752216195,0.040175484926638215,0.05358664530243859,0.058759211831289765,0.06912591651115613,0.05910168580601159,0.04776841889474941,0.03832312674705163,0.05091100898887425,0.06012971457024815,0.07538260328203743,0.06216421508343147,0.04866749266039918,0.038916429028782853,0.052659726794153684,0.06239551898377619,0.07874005591872177,0.06387842612990366,0.04842822611471398,0.03894938683850218,0.05355269974069459,0.06315340476163069,0.0781902732138386,0.06477800385077731,0.0503935901777829,0.03970486563437427,0.05471763697110109,0.06660805450616085,0.09521838357840155,0.06994409512476914,0.04878539147126053,0.03945235281939039,0.05649591694452254,0.07080115256958694,0.0889883692095703,0.06826665614837754,0.04975012561247766,0.03999235845204541,0.05640538148699034
2025-12-19,2026-01-05,0.028925643193694717,0.06316444803261846,0.07743152247712638,0.06488835815128463,0.050894356849683055,0.04083733887884558,0.05519598439827415,0.05839350934886755,0.07103869662508848,0.05957641697167259,0.047459797083200805,0.038897484617035974,0.05111017077646622,0.060540529477731725,0.07487722008184818,0.06248683817791833,0.048851000103690694,0.039065359343533314,0.05298785109459748,0.06328326586947416,0.07734457978794235,0.06416385939436828,0.049679946314206525,0.039021346290357035,0.05406232504748259,0.0630683259932843,0.07691394621532863,0.06442596364793492,0.05028220244687447,0.03996312145410328,0.05449622922342226,0.06012991120633001,0.09292546832524087,0.06837405337454243,0.04922764484277861,0.03915454553586236,0.0560242216852489,0.06037325186438812,0.08579366448489185,0.06550381447554929,0.04732272185324207,0.04032088965884968,0.05466380379784218
2026-01-06,2026-01-20,-0.0041414405560157765,0.0618166674826834,0.07554678526745752,0.06310930781964934,0.04965272874241872,0.039653225332644405,0.05368292293102688,0.0578830071895641,0.07003611211587421,0.05871163430064981,0.04601110036375054,0.03745776096606088,0.050111537726140847,0.05984236548832712,0.07210855792857228,0.06005026078386959,0.04633756900757352,0.037013282576829835,0.050738352805607276,0.05859762725620626,0.072663177456158,0.059873019619101284,0.04633081528736058,0.03710320969928659,0.050600115117351296,0.059840135460172035,0.07376922403504793,0.060744821361743036,0.04634493914763608,0.03692925845014161,0.05096547173323974,0.05973755219786517,0.08652556262929405,0.06463248597369153,0.04647251165733019,0.0366906483314141,0.052886870589441054,0.05679456194648271,0.08350117831935712,0.0633035966312975,0.04672677080445931,0.037346497256689926,0.05258847907645354
2026-01-21,2026-02-03,0.020772347610206975,0.07019870665585554,0.08709435563327918,0.07237789383526774,0.05640974317341407,0.04513771341613407,0.061274045118173984,0.06430250265535944,0.07697385715570033,0.06540763559549814,0.05215777169877992,0.041797008455590055,0.05598908691881229,0.06533952618806464,0.07935991069913295,0.06580391486573751,0.0501441250068014,0.04069934925607142,0.05531144356098062,0.06778188924231728,0.08361200731928449,0.06920768737564459,0.0535084305392585,0.04119287029607032,0.05774202587843538,0.06521032989772457,0.08321264186348216,0.06780447027318964,0.05172071460184314,0.04072769855431727,0.05654049801818746,0.059036242570121994,0.09892928008456199,0.0712745905532651,0.049011535385886575,0.04047325848058211,0.05745925707982556,0.06513185680481154,0.0908147475861074,0.06915409976386885,0.05203734286813625,0.04221109140284254,0.05798042926435309
2026-02-04,2026-02-18,0.024746531225303264,0.06740557455578015,0.08361106920830426,0.06946480004333153,0.054177849162314946,0.043409736235007726,0.058819943873909444,0.05915454167008992,0.07142259707730612,0.06046736855874452,0.04884756457865571,0.03940186073032026,0.05204831088649614,0.06424980224799791,0.07900829531947279,0.0656827971649455,0.050538295194442695,0.0395670672470023,0.055135254195824525,0.06669748059767089,0.0811761853162657,0.06687470046785919,0.05111620202321855,0.039838249218049675,0.05599891604864453,0.06594076536914528,0.08174299461971893,0.06726391167053929,0.05105400478721957,0.03969398943510123,0.05601945781344829,0.05379610290207404,0.09441220618735167,0.06892130148437875,0.04949065566849671,0.03989627981793095,0.056160781416189305,0.0664168105892125,0.08848991871124667,0.06861306458402007,0.05106983168598576,0.04180015330234481,0.05728853930959176
2026-02-19,2026-03-04,0.005865980245205554,0.07096055699723494,0.08692442687004388,0.07254179802807649,0.0566937043324474,0.0453812056586101,0.061498952602785664,0.06523293558015657,0.07941609225314143,0.06629923352865034,0.05171820467775573,0.041661104840247425,0.05620439786105587,0.065103932131651,0.07892294579263365,0.06657637700407147,0.051928398707220026,0.04148622833160901,0.05639332870419048,0.06735686933868765,0.08234368585348535,0.06844154054478199,0.053597836166002284,0.04245442275794415,0.05788087706058748,0.06627818957460825,0.08114131079355275,0.06812453616000741,0.053890844485534085,0.04234342261953774,0.05801794562035945,0.06994327293390254,0.1002105986547121,0.07335719038266998,0.05260353976556445,0.042295783555899885,0.05960902133279584,0.07317502850739796,0.09533105322297387,0.07298791180559536,0.0540347551440599,0.043182908423452224,0.06066613897133658
2026-03-05,2026-03-18,-0.026424578120464406,0.06904480203043872,0.08441174874518333,0.07036565282144953,0.0547953677609457,0.04399598480759076,0.05964409813809886,0.06019097369697669,0.07322363582097258,0.061529336565654714,0.048733713722700515,0.04003104642838129,0.052680102914704145,0.06283211901974305,0.07439645443184377,0.06264619532643677,0.04928515218274583,0.03967981360542,0.05343090693584738,0.06430934494540813,0.07757920650342295,0.06430541323514188,0.0493952951661317,0.0394031621126009,0.0542845376192097,0.06486024962616839,0.07976242235108874,0.06585991796136346,0.05017827153805022,0.03898870486600329,0.055153396168702046,0.05759821166175987,0.09332578974537328,0.06874693391023934,0.049616551525776244,0.03882408580639492,0.05589255384874212,0.06400358102735224,0.08789300574531772,0.06778171078125633,0.050567955876995196,0.04065261247956695,0.05689311835537811
2026-03-19,2026-04-01,0.0016260134874806688,0.06543166254786957,0.07983053090271089,0.06660954876255559,0.052083840319168816,0.04184570246794286,0.05652219320567847,0.0620336659997802,0.07489246345264926,0.06283556819000545,0.0490248534945571,0.03901833668058135,0.05321681333604811,0.06151383398354903,0.0727923365704511,0.06148652122624647,0.048343650441075414,0.03888578449935749,0.05232146303373846,0.063417443733803,0.07663108958579094,0.06371048042554149,0.04942105298668755,0.03974248735776669,0.0539121128029991,0.06219307752036662,0.07806705468932743,0.0643534272336361,0.049642666607476946,0.03887861219289749,0.053909289649039266,0.07034333202379968,0.09253910737465366,0.06871634739027516,0.049759551476801306,0.038895099750991334,0.05587488470097203,0.0706192776050491,0.08757372663530896,0.06712834349466863,0.04801142276130252,0.040126339328377725,0.05565145289720128
2026-04-02,2026-04-16,0.02869803367763117,0.08010281604035878,0.09713779532534399,0.0811492412227397,0.06369468937056691,0.051068330323943784,0.0689609888337838,0.0716207717199884,0.08388577448508032,0.0718047161392525,0.057861128615182764,0.04724649191521791,0.06187713248046323,0.07457188364425861,0.08964659019412012,0.07519758582015033,0.059178941829758226,0.0475715691581966,0.06390924032350534,0.076032205494089,0.0932498545874324,0.07771888339132993,0.06067434412562926,0.04729738929302531,0.06570925305056803,0.07490476313634525,0.09217832872183372,0.07641689891947781,0.059551410484599415,0.04757987736816148,0.06470908896817082,0.06830514850528772,0.11194671604377479,0.08259521103038929,0.059023623732768225,0.047598022545275114,0.06737208738270178,0.08168713103821877,0.10451496049887755,0.08077506166305021,0.05944723763841381,0.048452069851244534,0.06715436379876095
2026-04-17,2026-04-30,0.02281595527007499,0.06928549797338561,0.0842232845138421,0.07070609236774414,0.055888767018877336,0.04509335279504362,0.060330908702280334,0.06151587263054096,0.07537180629552197,0.06365557772900612,0.05104731168192541,0.04251608834335389,0.05505887259507761,0.06504672703447267,0.07806405908316683,0.06561393636003915,0.05163528191993732,0.04135924135729139,0.05584144013136568,0.06628760838746932,0.08013692390534981,0.06780344586450636,0.05374286275539647,0.042218286128609665,0.05767213304592934,0.0662118863644738,0.08201758930744994,0.06798361417230489,0.05286784269776443,0.04194307384446105,0.057274080309974766,0.06948753916719529,0.09720376824139826,0.07261516194354971,0.05228163232313508,0.0432127904191966,0.05919861853899137,0.05890309893312235,0.08996660471941142,0.06925105979412083,0.05089550399612402,0.04332861646852562,0.05834192564795026
2026-05-01,2026-05-14,0.007525180638291382,0.06732657846064556,0.08220520774815435,0.06891163251333626,0.05436417745419216,0.04386840076092763,0.05877968543880663,0.06143771899342926,0.0741839173953287,0.06297231021901004,0.05023528883317269,0.040333671207071556,0.05399286864278424,0.06401420637134651,0.07838276439719469,0.06573663433724192,0.05157293481450931,0.04174627700801262,0.05593618828257538,0.06447474202970331,0.08147017071680748,0.06689317150650435,0.05205405039512914,0.041623976560511804,0.05662774881533465,0.06410866547437007,0.07908807571985906,0.06596559468096103,0.05172437353795338,0.041850137359047565,0.056088533102929085,0.059440198715256985,0.09271839189576912,0.06978426454998275,0.0505918002016483,0.040953046157680244,0.056992935077405237,0.05840757022989824,0.09171176452180636,0.06947070439678621,0.05230908723463843,0.04296343313965921,0.058451501565012554
2026-05-15,2026-05-29,0.00665834357219927,0.06876231278137274,0.08408353025485256,0.06965056115165985,0.0535513592135182,0.04313236164873421,0.05877028062607657,0.06359757737983157,0.07513441301323737,0.06449559364521615,0.05163547027189727,0.041669178164340334,0.05542015949339377,0.060353624620100535,0.07253074699515089,0.06148460530121625,0.049424673411204934,0.03903829262263138,0.05248442020813153,0.06162257219617136,0.07818719522366006,0.063749492914415,0.04861234313782375,0.03885071061661706,0.05340541836445389,0.06468610058638194,0.07882162656802423,0.06497916746629437,0.04965285934083843,0.03915741306260727,0.05449905857585867,0.05664322621138464,0.0924739158992346,0.06843843708108058,0.04837211911603523,0.0403255191539313,0.05589325975836329,0.05776307705271314,0.08544673115125168,0.06571120483818113,0.04883776518270783,0.040331412801036304,0.05514123019428273
2026-06-01,2026-06-12,0.012178782160796658,0.06666003777107761,0.08147843670308878,0.067484024908881,0.05180790570642093,0.04168638584151604,0.05690313133407244,0.06115325020950047,0.072163830183816,0.06113007338093105,0.04781329021915048,0.03951585394902853,0.052134769173481664,0.05940398828467515,0.07423319434680835,0.06160081100894553,0.048229175704909144,0.03902110871830594,0.052496660730476895,0.06222680913614115,0.07773822916779938,0.06308113788352486,0.0473336075565051,0.03852659933561414,0.052742036024111406,0.06320338614247398,0.07949993743131988,0.06446305650332806,0.04867532648509633,0.03904533263789136,0.053869411004925746,0.05463197243830812,0.0884130045610156,0.06629746495611005,0.04687864283545048,0.03815142499953778,0.054534263996258076,0.054879275368067124,0.08272124145064776,0.06387076171972196,0.04818888606665687,0.039263390421328696,0.05356045471227307
2026-06-15,2026-06-29,0.013750814426586398,0.08026766061599332,0.1007258281478932,0.08211299096171538,0.06236535325199727,0.05058243813523452,0.06902965542114893,0.06824337362237695,0.08149726834717345,0.06905865378542816,0.055074277080347435,0.04483364394324163,0.059309841127002966,0.06839492670156694,0.079838119653381,0.06924422742258517,0.05657426964140879,0.04624597301155066,0.06006425064733703,0.07139574951208075,0.08893009665866934,0.07334913687910788,0.056420077774974806,0.044970472312368545,0.0618385911867714,0.07095006216241936,0.08843258279286711,0.07292333271532792,0.05647046235135973,0.045217109581462266,0.06136124856478921,0.06492581201976438,0.09186186449791099,0.0730304153446231,0.055418221394872666,0.045899616770405244,0.061733195530480074,0.06518529029668586,0.09523392984574404,0.07425233397554679,0.0569403135313459,0.04480730789644542,0.062322218496988234
2026-06-30,2026-07-14,0.010663789698824727,0.07541272230950258,0.09452686125157718,0.07704480601560629,0.05843880758922333,0.04732858554550747,0.06479431325204295,0.06571397990016868,0.07785628484153158,0.06600345944842481,0.0521648900376405,0.042265896712375926,0.05632284747665414,0.06352176338010403,0.07761285171927373,0.06495415338704791,0.05115145520965697,0.0419513217318689,0.055457420828390336,0.06815995732193243,0.08395638781325328,0.06934721181510611,0.05325660279995199,0.042834921576674026,0.05865023351869319,0.06555881696437646,0.07909901266928157,0.06689329516256781,0.053142216929413455,0.04192743057746133,0.0568085379015135,0.060894306844929115,0.09228613979200084,0.07104519171000039,0.05203227567189238,0.04466236963680589,0.05927902797454075,0.06012728790597941,0.08732274156643477,0.06814779193803436,0.0524429979761219,0.04223192915858636,0.05782706155549598
2026-07-15,2026-07-28,0.005362755074027702,0.07179905863491601,0.08769443674437351,0.0730879724138431,0.057021053296122934,0.04557780298646639,0.06182647574699373,0.06268131925220613,0.07558312413036776,0.06368555680640295,0.04999966658911323,0.04066787548863386,0.05436517086942388,0.06429304896619104,0.07804987160551798,0.06594641197993585,0.052384650074403516,0.041544979871151994,0.05618477852146163,0.06685338880723415,0.08105532305987115,0.06766280265625577,0.051902575452061415,0.04051484602507026,0.056630544065220265,0.06503721248986424,0.07938388336493257,0.06610160234498315,0.05123339756354296,0.04083580697428626,0.05606115103157875,0.05881832490904356,0.09239294458034568,0.07014842948683776,0.04984646345105753,0.042437861818797384,0.05786767425960272,0.060047835536206955,0.08969108615395373,0.0685244184720016,0.050907749202480125,0.04006954702893412,0.05683751036870123
2026-07-29,2026-08-11,0.021677131183660603,0.06585089287345695,0.08063717613038776,0.06715590183188395,0.05234267764578765,0.04162533504810807,0.056765051908313,0.06017707488232007,0.07126530187407401,0.06005955884957588,0.04723178621644513,0.03830305032394379,0.051182420534267255,0.062050409266225216,0.07452242955341613,0.06195397827018697,0.04769760129946509,0.03795395954234068,0.052210385907293204,0.06202754322931733,0.07749693841695104,0.06382237896279842,0.04825601961663227,0.03816595650857688,0.05317004294127156,0.06007962703713062,0.07374843369078703,0.0614842248558059,0.0480148963626201,0.03745236172205141,0.05183373359121012,0.05552718996873785,0.07719593307591074,0.06157115812353882,0.04537676054022308,0.03852531130502364,0.05196920724126092,0.05636260739553997,0.08296738736975989,0.06431470284702848,0.04904127263798447,0.03820150908090069,0.05377319110617945
2026-08-12,2026-08-25,0.00011323482062199292,0.06833719864275309,0.08292610594345809,0.06975760256706474,0.05483447089234401,0.04420402683200767,0.059290721532085845,0.0605110409864169,0.07242123260288255,0.06108620463324635,0.04820416185757118,0.03866712615168581,0.052044390968615656,0.06415752836069341,0.07801831934614378,0.06475940040319525,0.049859214935114415,0.0408648576688903,0.05488090000189263,0.06768167672433095,0.08237480057155738,0.0680989520826508,0.05214996007749487,0.04068909006449395,0.056759836234701676,0.06286695355249453,0.07689201893631009,0.06410291448368416,0.05006918876325929,0.04057861258769711,0.05432861472351493,0.06051502196601486,0.09071522412248503,0.06973013593598947,0.05060657208520588,0.04218193370878956,0.057797955246271134,0.05700192944563256,0.08894950514138288,0.06754243349240284,0.04963793930682127,0.04149752782072408,0.056539233087088275
2026-08-26,2026-09-09,-0.005103814252882355,0.06417265274969368,0.07789889211891433,0.06553269197667984,0.051510851930785445,0.04114695973706015,0.055680942318278887,0.05866227865256509,0.06826342976478332,0.05820424868797405,0.046730246832141456,0.0374231973641175,0.04990010707596976,0.05858408185361368,0.07078304070404243,0.05922088336780289,0.04635398643876863,0.03688045376399517,0.05020368369672212,0.05921734763884321,0.07288542127553782,0.06061680261534009,0.047458843950718005,0.03686418045701383,0.051230317327351116,0.060214707791242564,0.07320692430684313,0.060337485004118764,0.04646177226449988,0.03692568578274113,0.05073376624274099,0.05555151354637328,0.08671687078156413,0.06578817485408904,0.046579846632047256,0.03768582912549969,0.053659195836169356,0.05305082689914255,0.07547238181508643,0.060140332590371215,0.046456175973561296,0.037094205073970085,0.051130345216483394
2026-09-10,2026-09-23,-0.016100005774945438,0.0603862119064385,0.07508997805001655,0.062047134298139545,0.04782642142833517,0.03838667446717453,0.052255592220569115,0.05388049217083225,0.06233479235969566,0.05382876583260071,0.04356570774424617,0.034967873082428186,0.04641518108349915,0.05449951797749641,0.0670515061863402,0.05577321820263582,0.043646939379271374,0.03527859152304987,0.04743101332597001,0.05589047125970979,0.07086460835613542,0.05817879601321924,0.044729969020718206,0.03458575054592591,0.04863478724384153,0.05455809654954595,0.06927153945430618,0.05677003217683682,0.04306399540736087,0.0338810064447466,0.04747915812944851,0.051832838893564125,0.07625599449806054,0.060075163651390505,0.04372227743470888,0.03535352045360145,0.0493827207037804,0.051294209571526896,0.06881427366221354,0.056240760669456324,0.04462795062937112,0.03520196111646178,0.047974766011785054
